,Unnamed: 0,subj,label,run_num,TR_num,time_point
0,0,0112171_neurosketch,bench,1,10,1
1,1,0112171_neurosketch,bench,1,11,2
2,2,0112171_neurosketch,bench,1,12,3
3,3,0112171_neurosketch,bench,1,13,4
4,4,0112171_neurosketch,bench,1,14,5
5,5,0112171_neurosketch,bench,1,15,6
6,6,0112171_neurosketch,bench,1,16,7
7,7,0112171_neurosketch,bench,1,17,8
8,8,0112171_neurosketch,bench,1,18,9
9,9,0112171_neurosketch,bench,1,19,10
10,10,0112171_neurosketch,bench,1,20,11
11,11,0112171_neurosketch,bench,1,21,12
12,12,0112171_neurosketch,bench,1,22,13
13,13,0112171_neurosketch,bench,1,23,14
14,14,0112171_neurosketch,bench,1,24,15
15,15,0112171_neurosketch,bench,1,25,16
16,16,0112171_neurosketch,bench,1,26,17
17,17,0112171_neurosketch,bench,1,27,18
18,18,0112171_neurosketch,bench,1,28,19
19,19,0112171_neurosketch,bench,1,29,20
20,20,0112171_neurosketch,bench,1,30,21
21,21,0112171_neurosketch,bench,1,31,22
22,22,0112171_neurosketch,bench,1,32,23
23,23,0112171_neurosketch,chair,1,40,1
24,24,0112171_neurosketch,chair,1,41,2
25,25,0112171_neurosketch,chair,1,42,3
26,26,0112171_neurosketch,chair,1,43,4
27,27,0112171_neurosketch,chair,1,44,5
28,28,0112171_neurosketch,chair,1,45,6
29,29,0112171_neurosketch,chair,1,46,7
30,30,0112171_neurosketch,chair,1,47,8
31,31,0112171_neurosketch,chair,1,48,9
32,32,0112171_neurosketch,chair,1,49,10
33,33,0112171_neurosketch,chair,1,50,11
34,34,0112171_neurosketch,chair,1,51,12
35,35,0112171_neurosketch,chair,1,52,13
36,36,0112171_neurosketch,chair,1,53,14
37,37,0112171_neurosketch,chair,1,54,15
38,38,0112171_neurosketch,chair,1,55,16
39,39,0112171_neurosketch,chair,1,56,17
40,40,0112171_neurosketch,chair,1,57,18
41,41,0112171_neurosketch,chair,1,58,19
42,42,0112171_neurosketch,chair,1,59,20
43,43,0112171_neurosketch,chair,1,60,21
44,44,0112171_neurosketch,chair,1,61,22
45,45,0112171_neurosketch,chair,1,62,23
46,46,0112171_neurosketch,bench,1,70,1
47,47,0112171_neurosketch,bench,1,71,2
48,48,0112171_neurosketch,bench,1,72,3
49,49,0112171_neurosketch,bench,1,73,4
50,50,0112171_neurosketch,bench,1,74,5
51,51,0112171_neurosketch,bench,1,75,6
52,52,0112171_neurosketch,bench,1,76,7
53,53,0112171_neurosketch,bench,1,77,8
54,54,0112171_neurosketch,bench,1,78,9
55,55,0112171_neurosketch,bench,1,79,10
56,56,0112171_neurosketch,bench,1,80,11
57,57,0112171_neurosketch,bench,1,81,12
58,58,0112171_neurosketch,bench,1,82,13
59,59,0112171_neurosketch,bench,1,83,14
60,60,0112171_neurosketch,bench,1,84,15
61,61,0112171_neurosketch,bench,1,85,16
62,62,0112171_neurosketch,bench,1,86,17
63,63,0112171_neurosketch,bench,1,87,18
64,64,0112171_neurosketch,bench,1,88,19
65,65,0112171_neurosketch,bench,1,89,20
66,66,0112171_neurosketch,bench,1,90,21
67,67,0112171_neurosketch,bench,1,91,22
68,68,0112171_neurosketch,bench,1,92,23
69,69,0112171_neurosketch,chair,1,100,1
70,70,0112171_neurosketch,chair,1,101,2
71,71,0112171_neurosketch,chair,1,102,3
72,72,0112171_neurosketch,chair,1,103,4
73,73,0112171_neurosketch,chair,1,104,5
74,74,0112171_neurosketch,chair,1,105,6
75,75,0112171_neurosketch,chair,1,106,7
76,76,0112171_neurosketch,chair,1,107,8
77,77,0112171_neurosketch,chair,1,108,9
78,78,0112171_neurosketch,chair,1,109,10
79,79,0112171_neurosketch,chair,1,110,11
80,80,0112171_neurosketch,chair,1,111,12
81,81,0112171_neurosketch,chair,1,112,13
82,82,0112171_neurosketch,chair,1,113,14
83,83,0112171_neurosketch,chair,1,114,15
84,84,0112171_neurosketch,chair,1,115,16
85,85,0112171_neurosketch,chair,1,116,17
86,86,0112171_neurosketch,chair,1,117,18
87,87,0112171_neurosketch,chair,1,118,19
88,88,0112171_neurosketch,chair,1,119,20
89,89,0112171_neurosketch,chair,1,120,21
90,90,0112171_neurosketch,chair,1,121,22
91,91,0112171_neurosketch,chair,1,122,23
92,92,0112171_neurosketch,bench,1,130,1
93,93,0112171_neurosketch,bench,1,131,2
94,94,0112171_neurosketch,bench,1,132,3
95,95,0112171_neurosketch,bench,1,133,4
96,96,0112171_neurosketch,bench,1,134,5
97,97,0112171_neurosketch,bench,1,135,6
98,98,0112171_neurosketch,bench,1,136,7
99,99,0112171_neurosketch,bench,1,137,8
100,100,0112171_neurosketch,bench,1,138,9
101,101,0112171_neurosketch,bench,1,139,10
102,102,0112171_neurosketch,bench,1,140,11
103,103,0112171_neurosketch,bench,1,141,12
104,104,0112171_neurosketch,bench,1,142,13
105,105,0112171_neurosketch,bench,1,143,14
106,106,0112171_neurosketch,bench,1,144,15
107,107,0112171_neurosketch,bench,1,145,16
108,108,0112171_neurosketch,bench,1,146,17
109,109,0112171_neurosketch,bench,1,147,18
110,110,0112171_neurosketch,bench,1,148,19
111,111,0112171_neurosketch,bench,1,149,20
112,112,0112171_neurosketch,bench,1,150,21
113,113,0112171_neurosketch,bench,1,151,22
114,114,0112171_neurosketch,bench,1,152,23
115,115,0112171_neurosketch,chair,1,160,1
116,116,0112171_neurosketch,chair,1,161,2
117,117,0112171_neurosketch,chair,1,162,3
118,118,0112171_neurosketch,chair,1,163,4
119,119,0112171_neurosketch,chair,1,164,5
120,120,0112171_neurosketch,chair,1,165,6
121,121,0112171_neurosketch,chair,1,166,7
122,122,0112171_neurosketch,chair,1,167,8
123,123,0112171_neurosketch,chair,1,168,9
124,124,0112171_neurosketch,chair,1,169,10
125,125,0112171_neurosketch,chair,1,170,11
126,126,0112171_neurosketch,chair,1,171,12
127,127,0112171_neurosketch,chair,1,172,13
128,128,0112171_neurosketch,chair,1,173,14
129,129,0112171_neurosketch,chair,1,174,15
130,130,0112171_neurosketch,chair,1,175,16
131,131,0112171_neurosketch,chair,1,176,17
132,132,0112171_neurosketch,chair,1,177,18
133,133,0112171_neurosketch,chair,1,178,19
134,134,0112171_neurosketch,chair,1,179,20
135,135,0112171_neurosketch,chair,1,180,21
136,136,0112171_neurosketch,chair,1,181,22
137,137,0112171_neurosketch,chair,1,182,23
138,138,0112171_neurosketch,bench,1,190,1
139,139,0112171_neurosketch,bench,1,191,2
140,140,0112171_neurosketch,bench,1,192,3
141,141,0112171_neurosketch,bench,1,193,4
142,142,0112171_neurosketch,bench,1,194,5
143,143,0112171_neurosketch,bench,1,195,6
144,144,0112171_neurosketch,bench,1,196,7
145,145,0112171_neurosketch,bench,1,197,8
146,146,0112171_neurosketch,bench,1,198,9
147,147,0112171_neurosketch,bench,1,199,10
148,148,0112171_neurosketch,bench,1,200,11
149,149,0112171_neurosketch,bench,1,201,12
150,150,0112171_neurosketch,bench,1,202,13
151,151,0112171_neurosketch,bench,1,203,14
152,152,0112171_neurosketch,bench,1,204,15
153,153,0112171_neurosketch,bench,1,205,16
154,154,0112171_neurosketch,bench,1,206,17
155,155,0112171_neurosketch,bench,1,207,18
156,156,0112171_neurosketch,bench,1,208,19
157,157,0112171_neurosketch,bench,1,209,20
158,158,0112171_neurosketch,bench,1,210,21
159,159,0112171_neurosketch,bench,1,211,22
160,160,0112171_neurosketch,bench,1,212,23
161,161,0112171_neurosketch,chair,1,220,1
162,162,0112171_neurosketch,chair,1,221,2
163,163,0112171_neurosketch,chair,1,222,3
164,164,0112171_neurosketch,chair,1,223,4
165,165,0112171_neurosketch,chair,1,224,5
166,166,0112171_neurosketch,chair,1,225,6
167,167,0112171_neurosketch,chair,1,226,7
168,168,0112171_neurosketch,chair,1,227,8
169,169,0112171_neurosketch,chair,1,228,9
170,170,0112171_neurosketch,chair,1,229,10
171,171,0112171_neurosketch,chair,1,230,11
172,172,0112171_neurosketch,chair,1,231,12
173,173,0112171_neurosketch,chair,1,232,13
174,174,0112171_neurosketch,chair,1,233,14
175,175,0112171_neurosketch,chair,1,234,15
176,176,0112171_neurosketch,chair,1,235,16
177,177,0112171_neurosketch,chair,1,236,17
178,178,0112171_neurosketch,chair,1,237,18
179,179,0112171_neurosketch,chair,1,238,19
180,180,0112171_neurosketch,chair,1,239,20
181,181,0112171_neurosketch,chair,1,240,21
182,182,0112171_neurosketch,chair,1,241,22
183,183,0112171_neurosketch,chair,1,242,23
184,184,0112171_neurosketch,bench,1,250,1
185,185,0112171_neurosketch,bench,1,251,2
186,186,0112171_neurosketch,bench,1,252,3
187,187,0112171_neurosketch,bench,1,253,4
188,188,0112171_neurosketch,bench,1,254,5
189,189,0112171_neurosketch,bench,1,255,6
190,190,0112171_neurosketch,bench,1,256,7
191,191,0112171_neurosketch,bench,1,257,8
192,192,0112171_neurosketch,bench,1,258,9
193,193,0112171_neurosketch,bench,1,259,10
194,194,0112171_neurosketch,bench,1,260,11
195,195,0112171_neurosketch,bench,1,261,12
196,196,0112171_neurosketch,bench,1,262,13
197,197,0112171_neurosketch,bench,1,263,14
198,198,0112171_neurosketch,bench,1,264,15
199,199,0112171_neurosketch,bench,1,265,16
200,200,0112171_neurosketch,bench,1,266,17
201,201,0112171_neurosketch,bench,1,267,18
202,202,0112171_neurosketch,bench,1,268,19
203,203,0112171_neurosketch,bench,1,269,20
204,204,0112171_neurosketch,bench,1,270,21
205,205,0112171_neurosketch,bench,1,271,22
206,206,0112171_neurosketch,bench,1,272,23
207,207,0112171_neurosketch,chair,1,280,1
208,208,0112171_neurosketch,chair,1,281,2
209,209,0112171_neurosketch,chair,1,282,3
210,210,0112171_neurosketch,chair,1,283,4
211,211,0112171_neurosketch,chair,1,284,5
212,212,0112171_neurosketch,chair,1,285,6
213,213,0112171_neurosketch,chair,1,286,7
214,214,0112171_neurosketch,chair,1,287,8
215,215,0112171_neurosketch,chair,1,288,9
216,216,0112171_neurosketch,chair,1,289,10
217,217,0112171_neurosketch,chair,1,290,11
218,218,0112171_neurosketch,chair,1,291,12
219,219,0112171_neurosketch,chair,1,292,13
220,220,0112171_neurosketch,chair,1,293,14
221,221,0112171_neurosketch,chair,1,294,15
222,222,0112171_neurosketch,chair,1,295,16
223,223,0112171_neurosketch,chair,1,296,17
224,224,0112171_neurosketch,chair,1,297,18
225,225,0112171_neurosketch,chair,1,298,19
226,226,0112171_neurosketch,chair,1,299,20
227,227,0112171_neurosketch,chair,1,300,21
228,228,0112171_neurosketch,chair,1,301,22
229,229,0112171_neurosketch,chair,1,302,23
230,230,0112171_neurosketch,bench,2,10,1
231,231,0112171_neurosketch,bench,2,11,2
232,232,0112171_neurosketch,bench,2,12,3
233,233,0112171_neurosketch,bench,2,13,4
234,234,0112171_neurosketch,bench,2,14,5
235,235,0112171_neurosketch,bench,2,15,6
236,236,0112171_neurosketch,bench,2,16,7
237,237,0112171_neurosketch,bench,2,17,8
238,238,0112171_neurosketch,bench,2,18,9
239,239,0112171_neurosketch,bench,2,19,10
240,240,0112171_neurosketch,bench,2,20,11
241,241,0112171_neurosketch,bench,2,21,12
242,242,0112171_neurosketch,bench,2,22,13
243,243,0112171_neurosketch,bench,2,23,14
244,244,0112171_neurosketch,bench,2,24,15
245,245,0112171_neurosketch,bench,2,25,16
246,246,0112171_neurosketch,bench,2,26,17
247,247,0112171_neurosketch,bench,2,27,18
248,248,0112171_neurosketch,bench,2,28,19
249,249,0112171_neurosketch,bench,2,29,20
250,250,0112171_neurosketch,bench,2,30,21
251,251,0112171_neurosketch,bench,2,31,22
252,252,0112171_neurosketch,bench,2,32,23
253,253,0112171_neurosketch,chair,2,40,1
254,254,0112171_neurosketch,chair,2,41,2
255,255,0112171_neurosketch,chair,2,42,3
256,256,0112171_neurosketch,chair,2,43,4
257,257,0112171_neurosketch,chair,2,44,5
258,258,0112171_neurosketch,chair,2,45,6
259,259,0112171_neurosketch,chair,2,46,7
260,260,0112171_neurosketch,chair,2,47,8
261,261,0112171_neurosketch,chair,2,48,9
262,262,0112171_neurosketch,chair,2,49,10
263,263,0112171_neurosketch,chair,2,50,11
264,264,0112171_neurosketch,chair,2,51,12
265,265,0112171_neurosketch,chair,2,52,13
266,266,0112171_neurosketch,chair,2,53,14
267,267,0112171_neurosketch,chair,2,54,15
268,268,0112171_neurosketch,chair,2,55,16
269,269,0112171_neurosketch,chair,2,56,17
270,270,0112171_neurosketch,chair,2,57,18
271,271,0112171_neurosketch,chair,2,58,19
272,272,0112171_neurosketch,chair,2,59,20
273,273,0112171_neurosketch,chair,2,60,21
274,274,0112171_neurosketch,chair,2,61,22
275,275,0112171_neurosketch,chair,2,62,23
276,276,0112171_neurosketch,bench,2,70,1
277,277,0112171_neurosketch,bench,2,71,2
278,278,0112171_neurosketch,bench,2,72,3
279,279,0112171_neurosketch,bench,2,73,4
280,280,0112171_neurosketch,bench,2,74,5
281,281,0112171_neurosketch,bench,2,75,6
282,282,0112171_neurosketch,bench,2,76,7
283,283,0112171_neurosketch,bench,2,77,8
284,284,0112171_neurosketch,bench,2,78,9
285,285,0112171_neurosketch,bench,2,79,10
286,286,0112171_neurosketch,bench,2,80,11
287,287,0112171_neurosketch,bench,2,81,12
288,288,0112171_neurosketch,bench,2,82,13
289,289,0112171_neurosketch,bench,2,83,14
290,290,0112171_neurosketch,bench,2,84,15
291,291,0112171_neurosketch,bench,2,85,16
292,292,0112171_neurosketch,bench,2,86,17
293,293,0112171_neurosketch,bench,2,87,18
294,294,0112171_neurosketch,bench,2,88,19
295,295,0112171_neurosketch,bench,2,89,20
296,296,0112171_neurosketch,bench,2,90,21
297,297,0112171_neurosketch,bench,2,91,22
298,298,0112171_neurosketch,bench,2,92,23
299,299,0112171_neurosketch,chair,2,100,1
300,300,0112171_neurosketch,chair,2,101,2
301,301,0112171_neurosketch,chair,2,102,3
302,302,0112171_neurosketch,chair,2,103,4
303,303,0112171_neurosketch,chair,2,104,5
304,304,0112171_neurosketch,chair,2,105,6
305,305,0112171_neurosketch,chair,2,106,7
306,306,0112171_neurosketch,chair,2,107,8
307,307,0112171_neurosketch,chair,2,108,9
308,308,0112171_neurosketch,chair,2,109,10
309,309,0112171_neurosketch,chair,2,110,11
310,310,0112171_neurosketch,chair,2,111,12
311,311,0112171_neurosketch,chair,2,112,13
312,312,0112171_neurosketch,chair,2,113,14
313,313,0112171_neurosketch,chair,2,114,15
314,314,0112171_neurosketch,chair,2,115,16
315,315,0112171_neurosketch,chair,2,116,17
316,316,0112171_neurosketch,chair,2,117,18
317,317,0112171_neurosketch,chair,2,118,19
318,318,0112171_neurosketch,chair,2,119,20
319,319,0112171_neurosketch,chair,2,120,21
320,320,0112171_neurosketch,chair,2,121,22
321,321,0112171_neurosketch,chair,2,122,23
322,322,0112171_neurosketch,bench,2,130,1
323,323,0112171_neurosketch,bench,2,131,2
324,324,0112171_neurosketch,bench,2,132,3
325,325,0112171_neurosketch,bench,2,133,4
326,326,0112171_neurosketch,bench,2,134,5
327,327,0112171_neurosketch,bench,2,135,6
328,328,0112171_neurosketch,bench,2,136,7
329,329,0112171_neurosketch,bench,2,137,8
330,330,0112171_neurosketch,bench,2,138,9
331,331,0112171_neurosketch,bench,2,139,10
332,332,0112171_neurosketch,bench,2,140,11
333,333,0112171_neurosketch,bench,2,141,12
334,334,0112171_neurosketch,bench,2,142,13
335,335,0112171_neurosketch,bench,2,143,14
336,336,0112171_neurosketch,bench,2,144,15
337,337,0112171_neurosketch,bench,2,145,16
338,338,0112171_neurosketch,bench,2,146,17
339,339,0112171_neurosketch,bench,2,147,18
340,340,0112171_neurosketch,bench,2,148,19
341,341,0112171_neurosketch,bench,2,149,20
342,342,0112171_neurosketch,bench,2,150,21
343,343,0112171_neurosketch,bench,2,151,22
344,344,0112171_neurosketch,bench,2,152,23
345,345,0112171_neurosketch,chair,2,160,1
346,346,0112171_neurosketch,chair,2,161,2
347,347,0112171_neurosketch,chair,2,162,3
348,348,0112171_neurosketch,chair,2,163,4
349,349,0112171_neurosketch,chair,2,164,5
350,350,0112171_neurosketch,chair,2,165,6
351,351,0112171_neurosketch,chair,2,166,7
352,352,0112171_neurosketch,chair,2,167,8
353,353,0112171_neurosketch,chair,2,168,9
354,354,0112171_neurosketch,chair,2,169,10
355,355,0112171_neurosketch,chair,2,170,11
356,356,0112171_neurosketch,chair,2,171,12
357,357,0112171_neurosketch,chair,2,172,13
358,358,0112171_neurosketch,chair,2,173,14
359,359,0112171_neurosketch,chair,2,174,15
360,360,0112171_neurosketch,chair,2,175,16
361,361,0112171_neurosketch,chair,2,176,17
362,362,0112171_neurosketch,chair,2,177,18
363,363,0112171_neurosketch,chair,2,178,19
364,364,0112171_neurosketch,chair,2,179,20
365,365,0112171_neurosketch,chair,2,180,21
366,366,0112171_neurosketch,chair,2,181,22
367,367,0112171_neurosketch,chair,2,182,23
368,368,0112171_neurosketch,bench,2,190,1
369,369,0112171_neurosketch,bench,2,191,2
370,370,0112171_neurosketch,bench,2,192,3
371,371,0112171_neurosketch,bench,2,193,4
372,372,0112171_neurosketch,bench,2,194,5
373,373,0112171_neurosketch,bench,2,195,6
374,374,0112171_neurosketch,bench,2,196,7
375,375,0112171_neurosketch,bench,2,197,8
376,376,0112171_neurosketch,bench,2,198,9
377,377,0112171_neurosketch,bench,2,199,10
378,378,0112171_neurosketch,bench,2,200,11
379,379,0112171_neurosketch,bench,2,201,12
380,380,0112171_neurosketch,bench,2,202,13
381,381,0112171_neurosketch,bench,2,203,14
382,382,0112171_neurosketch,bench,2,204,15
383,383,0112171_neurosketch,bench,2,205,16
384,384,0112171_neurosketch,bench,2,206,17
385,385,0112171_neurosketch,bench,2,207,18
386,386,0112171_neurosketch,bench,2,208,19
387,387,0112171_neurosketch,bench,2,209,20
388,388,0112171_neurosketch,bench,2,210,21
389,389,0112171_neurosketch,bench,2,211,22
390,390,0112171_neurosketch,bench,2,212,23
391,391,0112171_neurosketch,chair,2,220,1
392,392,0112171_neurosketch,chair,2,221,2
393,393,0112171_neurosketch,chair,2,222,3
394,394,0112171_neurosketch,chair,2,223,4
395,395,0112171_neurosketch,chair,2,224,5
396,396,0112171_neurosketch,chair,2,225,6
397,397,0112171_neurosketch,chair,2,226,7
398,398,0112171_neurosketch,chair,2,227,8
399,399,0112171_neurosketch,chair,2,228,9
400,400,0112171_neurosketch,chair,2,229,10
401,401,0112171_neurosketch,chair,2,230,11
402,402,0112171_neurosketch,chair,2,231,12
403,403,0112171_neurosketch,chair,2,232,13
404,404,0112171_neurosketch,chair,2,233,14
405,405,0112171_neurosketch,chair,2,234,15
406,406,0112171_neurosketch,chair,2,235,16
407,407,0112171_neurosketch,chair,2,236,17
408,408,0112171_neurosketch,chair,2,237,18
409,409,0112171_neurosketch,chair,2,238,19
410,410,0112171_neurosketch,chair,2,239,20
411,411,0112171_neurosketch,chair,2,240,21
412,412,0112171_neurosketch,chair,2,241,22
413,413,0112171_neurosketch,chair,2,242,23
414,414,0112171_neurosketch,bench,2,250,1
415,415,0112171_neurosketch,bench,2,251,2
416,416,0112171_neurosketch,bench,2,252,3
417,417,0112171_neurosketch,bench,2,253,4
418,418,0112171_neurosketch,bench,2,254,5
419,419,0112171_neurosketch,bench,2,255,6
420,420,0112171_neurosketch,bench,2,256,7
421,421,0112171_neurosketch,bench,2,257,8
422,422,0112171_neurosketch,bench,2,258,9
423,423,0112171_neurosketch,bench,2,259,10
424,424,0112171_neurosketch,bench,2,260,11
425,425,0112171_neurosketch,bench,2,261,12
426,426,0112171_neurosketch,bench,2,262,13
427,427,0112171_neurosketch,bench,2,263,14
428,428,0112171_neurosketch,bench,2,264,15
429,429,0112171_neurosketch,bench,2,265,16
430,430,0112171_neurosketch,bench,2,266,17
431,431,0112171_neurosketch,bench,2,267,18
432,432,0112171_neurosketch,bench,2,268,19
433,433,0112171_neurosketch,bench,2,269,20
434,434,0112171_neurosketch,bench,2,270,21
435,435,0112171_neurosketch,bench,2,271,22
436,436,0112171_neurosketch,bench,2,272,23
437,437,0112171_neurosketch,chair,2,280,1
438,438,0112171_neurosketch,chair,2,281,2
439,439,0112171_neurosketch,chair,2,282,3
440,440,0112171_neurosketch,chair,2,283,4
441,441,0112171_neurosketch,chair,2,284,5
442,442,0112171_neurosketch,chair,2,285,6
443,443,0112171_neurosketch,chair,2,286,7
444,444,0112171_neurosketch,chair,2,287,8
445,445,0112171_neurosketch,chair,2,288,9
446,446,0112171_neurosketch,chair,2,289,10
447,447,0112171_neurosketch,chair,2,290,11
448,448,0112171_neurosketch,chair,2,291,12
449,449,0112171_neurosketch,chair,2,292,13
450,450,0112171_neurosketch,chair,2,293,14
451,451,0112171_neurosketch,chair,2,294,15
452,452,0112171_neurosketch,chair,2,295,16
453,453,0112171_neurosketch,chair,2,296,17
454,454,0112171_neurosketch,chair,2,297,18
455,455,0112171_neurosketch,chair,2,298,19
456,456,0112171_neurosketch,chair,2,299,20
457,457,0112171_neurosketch,chair,2,300,21
458,458,0112171_neurosketch,chair,2,301,22
459,459,0112171_neurosketch,chair,2,302,23
460,460,0112171_neurosketch,bench,3,10,1
461,461,0112171_neurosketch,bench,3,11,2
462,462,0112171_neurosketch,bench,3,12,3
463,463,0112171_neurosketch,bench,3,13,4
464,464,0112171_neurosketch,bench,3,14,5
465,465,0112171_neurosketch,bench,3,15,6
466,466,0112171_neurosketch,bench,3,16,7
467,467,0112171_neurosketch,bench,3,17,8
468,468,0112171_neurosketch,bench,3,18,9
469,469,0112171_neurosketch,bench,3,19,10
470,470,0112171_neurosketch,bench,3,20,11
471,471,0112171_neurosketch,bench,3,21,12
472,472,0112171_neurosketch,bench,3,22,13
473,473,0112171_neurosketch,bench,3,23,14
474,474,0112171_neurosketch,bench,3,24,15
475,475,0112171_neurosketch,bench,3,25,16
476,476,0112171_neurosketch,bench,3,26,17
477,477,0112171_neurosketch,bench,3,27,18
478,478,0112171_neurosketch,bench,3,28,19
479,479,0112171_neurosketch,bench,3,29,20
480,480,0112171_neurosketch,bench,3,30,21
481,481,0112171_neurosketch,bench,3,31,22
482,482,0112171_neurosketch,bench,3,32,23
483,483,0112171_neurosketch,chair,3,40,1
484,484,0112171_neurosketch,chair,3,41,2
485,485,0112171_neurosketch,chair,3,42,3
486,486,0112171_neurosketch,chair,3,43,4
487,487,0112171_neurosketch,chair,3,44,5
488,488,0112171_neurosketch,chair,3,45,6
489,489,0112171_neurosketch,chair,3,46,7
490,490,0112171_neurosketch,chair,3,47,8
491,491,0112171_neurosketch,chair,3,48,9
492,492,0112171_neurosketch,chair,3,49,10
493,493,0112171_neurosketch,chair,3,50,11
494,494,0112171_neurosketch,chair,3,51,12
495,495,0112171_neurosketch,chair,3,52,13
496,496,0112171_neurosketch,chair,3,53,14
497,497,0112171_neurosketch,chair,3,54,15
498,498,0112171_neurosketch,chair,3,55,16
499,499,0112171_neurosketch,chair,3,56,17
500,500,0112171_neurosketch,chair,3,57,18
501,501,0112171_neurosketch,chair,3,58,19
502,502,0112171_neurosketch,chair,3,59,20
503,503,0112171_neurosketch,chair,3,60,21
504,504,0112171_neurosketch,chair,3,61,22
505,505,0112171_neurosketch,chair,3,62,23
506,506,0112171_neurosketch,bench,3,70,1
507,507,0112171_neurosketch,bench,3,71,2
508,508,0112171_neurosketch,bench,3,72,3
509,509,0112171_neurosketch,bench,3,73,4
510,510,0112171_neurosketch,bench,3,74,5
511,511,0112171_neurosketch,bench,3,75,6
512,512,0112171_neurosketch,bench,3,76,7
513,513,0112171_neurosketch,bench,3,77,8
514,514,0112171_neurosketch,bench,3,78,9
515,515,0112171_neurosketch,bench,3,79,10
516,516,0112171_neurosketch,bench,3,80,11
517,517,0112171_neurosketch,bench,3,81,12
518,518,0112171_neurosketch,bench,3,82,13
519,519,0112171_neurosketch,bench,3,83,14
520,520,0112171_neurosketch,bench,3,84,15
521,521,0112171_neurosketch,bench,3,85,16
522,522,0112171_neurosketch,bench,3,86,17
523,523,0112171_neurosketch,bench,3,87,18
524,524,0112171_neurosketch,bench,3,88,19
525,525,0112171_neurosketch,bench,3,89,20
526,526,0112171_neurosketch,bench,3,90,21
527,527,0112171_neurosketch,bench,3,91,22
528,528,0112171_neurosketch,bench,3,92,23
529,529,0112171_neurosketch,chair,3,100,1
530,530,0112171_neurosketch,chair,3,101,2
531,531,0112171_neurosketch,chair,3,102,3
532,532,0112171_neurosketch,chair,3,103,4
533,533,0112171_neurosketch,chair,3,104,5
534,534,0112171_neurosketch,chair,3,105,6
535,535,0112171_neurosketch,chair,3,106,7
536,536,0112171_neurosketch,chair,3,107,8
537,537,0112171_neurosketch,chair,3,108,9
538,538,0112171_neurosketch,chair,3,109,10
539,539,0112171_neurosketch,chair,3,110,11
540,540,0112171_neurosketch,chair,3,111,12
541,541,0112171_neurosketch,chair,3,112,13
542,542,0112171_neurosketch,chair,3,113,14
543,543,0112171_neurosketch,chair,3,114,15
544,544,0112171_neurosketch,chair,3,115,16
545,545,0112171_neurosketch,chair,3,116,17
546,546,0112171_neurosketch,chair,3,117,18
547,547,0112171_neurosketch,chair,3,118,19
548,548,0112171_neurosketch,chair,3,119,20
549,549,0112171_neurosketch,chair,3,120,21
550,550,0112171_neurosketch,chair,3,121,22
551,551,0112171_neurosketch,chair,3,122,23
552,552,0112171_neurosketch,bench,3,130,1
553,553,0112171_neurosketch,bench,3,131,2
554,554,0112171_neurosketch,bench,3,132,3
555,555,0112171_neurosketch,bench,3,133,4
556,556,0112171_neurosketch,bench,3,134,5
557,557,0112171_neurosketch,bench,3,135,6
558,558,0112171_neurosketch,bench,3,136,7
559,559,0112171_neurosketch,bench,3,137,8
560,560,0112171_neurosketch,bench,3,138,9
561,561,0112171_neurosketch,bench,3,139,10
562,562,0112171_neurosketch,bench,3,140,11
563,563,0112171_neurosketch,bench,3,141,12
564,564,0112171_neurosketch,bench,3,142,13
565,565,0112171_neurosketch,bench,3,143,14
566,566,0112171_neurosketch,bench,3,144,15
567,567,0112171_neurosketch,bench,3,145,16
568,568,0112171_neurosketch,bench,3,146,17
569,569,0112171_neurosketch,bench,3,147,18
570,570,0112171_neurosketch,bench,3,148,19
571,571,0112171_neurosketch,bench,3,149,20
572,572,0112171_neurosketch,bench,3,150,21
573,573,0112171_neurosketch,bench,3,151,22
574,574,0112171_neurosketch,bench,3,152,23
575,575,0112171_neurosketch,chair,3,160,1
576,576,0112171_neurosketch,chair,3,161,2
577,577,0112171_neurosketch,chair,3,162,3
578,578,0112171_neurosketch,chair,3,163,4
579,579,0112171_neurosketch,chair,3,164,5
580,580,0112171_neurosketch,chair,3,165,6
581,581,0112171_neurosketch,chair,3,166,7
582,582,0112171_neurosketch,chair,3,167,8
583,583,0112171_neurosketch,chair,3,168,9
584,584,0112171_neurosketch,chair,3,169,10
585,585,0112171_neurosketch,chair,3,170,11
586,586,0112171_neurosketch,chair,3,171,12
587,587,0112171_neurosketch,chair,3,172,13
588,588,0112171_neurosketch,chair,3,173,14
589,589,0112171_neurosketch,chair,3,174,15
590,590,0112171_neurosketch,chair,3,175,16
591,591,0112171_neurosketch,chair,3,176,17
592,592,0112171_neurosketch,chair,3,177,18
593,593,0112171_neurosketch,chair,3,178,19
594,594,0112171_neurosketch,chair,3,179,20
595,595,0112171_neurosketch,chair,3,180,21
596,596,0112171_neurosketch,chair,3,181,22
597,597,0112171_neurosketch,chair,3,182,23
598,598,0112171_neurosketch,bench,3,190,1
599,599,0112171_neurosketch,bench,3,191,2
600,600,0112171_neurosketch,bench,3,192,3
601,601,0112171_neurosketch,bench,3,193,4
602,602,0112171_neurosketch,bench,3,194,5
603,603,0112171_neurosketch,bench,3,195,6
604,604,0112171_neurosketch,bench,3,196,7
605,605,0112171_neurosketch,bench,3,197,8
606,606,0112171_neurosketch,bench,3,198,9
607,607,0112171_neurosketch,bench,3,199,10
608,608,0112171_neurosketch,bench,3,200,11
609,609,0112171_neurosketch,bench,3,201,12
610,610,0112171_neurosketch,bench,3,202,13
611,611,0112171_neurosketch,bench,3,203,14
612,612,0112171_neurosketch,bench,3,204,15
613,613,0112171_neurosketch,bench,3,205,16
614,614,0112171_neurosketch,bench,3,206,17
615,615,0112171_neurosketch,bench,3,207,18
616,616,0112171_neurosketch,bench,3,208,19
617,617,0112171_neurosketch,bench,3,209,20
618,618,0112171_neurosketch,bench,3,210,21
619,619,0112171_neurosketch,bench,3,211,22
620,620,0112171_neurosketch,bench,3,212,23
621,621,0112171_neurosketch,chair,3,220,1
622,622,0112171_neurosketch,chair,3,221,2
623,623,0112171_neurosketch,chair,3,222,3
624,624,0112171_neurosketch,chair,3,223,4
625,625,0112171_neurosketch,chair,3,224,5
626,626,0112171_neurosketch,chair,3,225,6
627,627,0112171_neurosketch,chair,3,226,7
628,628,0112171_neurosketch,chair,3,227,8
629,629,0112171_neurosketch,chair,3,228,9
630,630,0112171_neurosketch,chair,3,229,10
631,631,0112171_neurosketch,chair,3,230,11
632,632,0112171_neurosketch,chair,3,231,12
633,633,0112171_neurosketch,chair,3,232,13
634,634,0112171_neurosketch,chair,3,233,14
635,635,0112171_neurosketch,chair,3,234,15
636,636,0112171_neurosketch,chair,3,235,16
637,637,0112171_neurosketch,chair,3,236,17
638,638,0112171_neurosketch,chair,3,237,18
639,639,0112171_neurosketch,chair,3,238,19
640,640,0112171_neurosketch,chair,3,239,20
641,641,0112171_neurosketch,chair,3,240,21
642,642,0112171_neurosketch,chair,3,241,22
643,643,0112171_neurosketch,chair,3,242,23
644,644,0112171_neurosketch,bench,3,250,1
645,645,0112171_neurosketch,bench,3,251,2
646,646,0112171_neurosketch,bench,3,252,3
647,647,0112171_neurosketch,bench,3,253,4
648,648,0112171_neurosketch,bench,3,254,5
649,649,0112171_neurosketch,bench,3,255,6
650,650,0112171_neurosketch,bench,3,256,7
651,651,0112171_neurosketch,bench,3,257,8
652,652,0112171_neurosketch,bench,3,258,9
653,653,0112171_neurosketch,bench,3,259,10
654,654,0112171_neurosketch,bench,3,260,11
655,655,0112171_neurosketch,bench,3,261,12
656,656,0112171_neurosketch,bench,3,262,13
657,657,0112171_neurosketch,bench,3,263,14
658,658,0112171_neurosketch,bench,3,264,15
659,659,0112171_neurosketch,bench,3,265,16
660,660,0112171_neurosketch,bench,3,266,17
661,661,0112171_neurosketch,bench,3,267,18
662,662,0112171_neurosketch,bench,3,268,19
663,663,0112171_neurosketch,bench,3,269,20
664,664,0112171_neurosketch,bench,3,270,21
665,665,0112171_neurosketch,bench,3,271,22
666,666,0112171_neurosketch,bench,3,272,23
667,667,0112171_neurosketch,chair,3,280,1
668,668,0112171_neurosketch,chair,3,281,2
669,669,0112171_neurosketch,chair,3,282,3
670,670,0112171_neurosketch,chair,3,283,4
671,671,0112171_neurosketch,chair,3,284,5
672,672,0112171_neurosketch,chair,3,285,6
673,673,0112171_neurosketch,chair,3,286,7
674,674,0112171_neurosketch,chair,3,287,8
675,675,0112171_neurosketch,chair,3,288,9
676,676,0112171_neurosketch,chair,3,289,10
677,677,0112171_neurosketch,chair,3,290,11
678,678,0112171_neurosketch,chair,3,291,12
679,679,0112171_neurosketch,chair,3,292,13
680,680,0112171_neurosketch,chair,3,293,14
681,681,0112171_neurosketch,chair,3,294,15
682,682,0112171_neurosketch,chair,3,295,16
683,683,0112171_neurosketch,chair,3,296,17
684,684,0112171_neurosketch,chair,3,297,18
685,685,0112171_neurosketch,chair,3,298,19
686,686,0112171_neurosketch,chair,3,299,20
687,687,0112171_neurosketch,chair,3,300,21
688,688,0112171_neurosketch,chair,3,301,22
689,689,0112171_neurosketch,chair,3,302,23
690,690,0112171_neurosketch,bench,4,10,1
691,691,0112171_neurosketch,bench,4,11,2
692,692,0112171_neurosketch,bench,4,12,3
693,693,0112171_neurosketch,bench,4,13,4
694,694,0112171_neurosketch,bench,4,14,5
695,695,0112171_neurosketch,bench,4,15,6
696,696,0112171_neurosketch,bench,4,16,7
697,697,0112171_neurosketch,bench,4,17,8
698,698,0112171_neurosketch,bench,4,18,9
699,699,0112171_neurosketch,bench,4,19,10
700,700,0112171_neurosketch,bench,4,20,11
701,701,0112171_neurosketch,bench,4,21,12
702,702,0112171_neurosketch,bench,4,22,13
703,703,0112171_neurosketch,bench,4,23,14
704,704,0112171_neurosketch,bench,4,24,15
705,705,0112171_neurosketch,bench,4,25,16
706,706,0112171_neurosketch,bench,4,26,17
707,707,0112171_neurosketch,bench,4,27,18
708,708,0112171_neurosketch,bench,4,28,19
709,709,0112171_neurosketch,bench,4,29,20
710,710,0112171_neurosketch,bench,4,30,21
711,711,0112171_neurosketch,bench,4,31,22
712,712,0112171_neurosketch,bench,4,32,23
713,713,0112171_neurosketch,chair,4,40,1
714,714,0112171_neurosketch,chair,4,41,2
715,715,0112171_neurosketch,chair,4,42,3
716,716,0112171_neurosketch,chair,4,43,4
717,717,0112171_neurosketch,chair,4,44,5
718,718,0112171_neurosketch,chair,4,45,6
719,719,0112171_neurosketch,chair,4,46,7
720,720,0112171_neurosketch,chair,4,47,8
721,721,0112171_neurosketch,chair,4,48,9
722,722,0112171_neurosketch,chair,4,49,10
723,723,0112171_neurosketch,chair,4,50,11
724,724,0112171_neurosketch,chair,4,51,12
725,725,0112171_neurosketch,chair,4,52,13
726,726,0112171_neurosketch,chair,4,53,14
727,727,0112171_neurosketch,chair,4,54,15
728,728,0112171_neurosketch,chair,4,55,16
729,729,0112171_neurosketch,chair,4,56,17
730,730,0112171_neurosketch,chair,4,57,18
731,731,0112171_neurosketch,chair,4,58,19
732,732,0112171_neurosketch,chair,4,59,20
733,733,0112171_neurosketch,chair,4,60,21
734,734,0112171_neurosketch,chair,4,61,22
735,735,0112171_neurosketch,chair,4,62,23
736,736,0112171_neurosketch,bench,4,70,1
737,737,0112171_neurosketch,bench,4,71,2
738,738,0112171_neurosketch,bench,4,72,3
739,739,0112171_neurosketch,bench,4,73,4
740,740,0112171_neurosketch,bench,4,74,5
741,741,0112171_neurosketch,bench,4,75,6
742,742,0112171_neurosketch,bench,4,76,7
743,743,0112171_neurosketch,bench,4,77,8
744,744,0112171_neurosketch,bench,4,78,9
745,745,0112171_neurosketch,bench,4,79,10
746,746,0112171_neurosketch,bench,4,80,11
747,747,0112171_neurosketch,bench,4,81,12
748,748,0112171_neurosketch,bench,4,82,13
749,749,0112171_neurosketch,bench,4,83,14
750,750,0112171_neurosketch,bench,4,84,15
751,751,0112171_neurosketch,bench,4,85,16
752,752,0112171_neurosketch,bench,4,86,17
753,753,0112171_neurosketch,bench,4,87,18
754,754,0112171_neurosketch,bench,4,88,19
755,755,0112171_neurosketch,bench,4,89,20
756,756,0112171_neurosketch,bench,4,90,21
757,757,0112171_neurosketch,bench,4,91,22
758,758,0112171_neurosketch,bench,4,92,23
759,759,0112171_neurosketch,chair,4,100,1
760,760,0112171_neurosketch,chair,4,101,2
761,761,0112171_neurosketch,chair,4,102,3
762,762,0112171_neurosketch,chair,4,103,4
763,763,0112171_neurosketch,chair,4,104,5
764,764,0112171_neurosketch,chair,4,105,6
765,765,0112171_neurosketch,chair,4,106,7
766,766,0112171_neurosketch,chair,4,107,8
767,767,0112171_neurosketch,chair,4,108,9
768,768,0112171_neurosketch,chair,4,109,10
769,769,0112171_neurosketch,chair,4,110,11
770,770,0112171_neurosketch,chair,4,111,12
771,771,0112171_neurosketch,chair,4,112,13
772,772,0112171_neurosketch,chair,4,113,14
773,773,0112171_neurosketch,chair,4,114,15
774,774,0112171_neurosketch,chair,4,115,16
775,775,0112171_neurosketch,chair,4,116,17
776,776,0112171_neurosketch,chair,4,117,18
777,777,0112171_neurosketch,chair,4,118,19
778,778,0112171_neurosketch,chair,4,119,20
779,779,0112171_neurosketch,chair,4,120,21
780,780,0112171_neurosketch,chair,4,121,22
781,781,0112171_neurosketch,chair,4,122,23
782,782,0112171_neurosketch,bench,4,130,1
783,783,0112171_neurosketch,bench,4,131,2
784,784,0112171_neurosketch,bench,4,132,3
785,785,0112171_neurosketch,bench,4,133,4
786,786,0112171_neurosketch,bench,4,134,5
787,787,0112171_neurosketch,bench,4,135,6
788,788,0112171_neurosketch,bench,4,136,7
789,789,0112171_neurosketch,bench,4,137,8
790,790,0112171_neurosketch,bench,4,138,9
791,791,0112171_neurosketch,bench,4,139,10
792,792,0112171_neurosketch,bench,4,140,11
793,793,0112171_neurosketch,bench,4,141,12
794,794,0112171_neurosketch,bench,4,142,13
795,795,0112171_neurosketch,bench,4,143,14
796,796,0112171_neurosketch,bench,4,144,15
797,797,0112171_neurosketch,bench,4,145,16
798,798,0112171_neurosketch,bench,4,146,17
799,799,0112171_neurosketch,bench,4,147,18
800,800,0112171_neurosketch,bench,4,148,19
801,801,0112171_neurosketch,bench,4,149,20
802,802,0112171_neurosketch,bench,4,150,21
803,803,0112171_neurosketch,bench,4,151,22
804,804,0112171_neurosketch,bench,4,152,23
805,805,0112171_neurosketch,chair,4,160,1
806,806,0112171_neurosketch,chair,4,161,2
807,807,0112171_neurosketch,chair,4,162,3
808,808,0112171_neurosketch,chair,4,163,4
809,809,0112171_neurosketch,chair,4,164,5
810,810,0112171_neurosketch,chair,4,165,6
811,811,0112171_neurosketch,chair,4,166,7
812,812,0112171_neurosketch,chair,4,167,8
813,813,0112171_neurosketch,chair,4,168,9
814,814,0112171_neurosketch,chair,4,169,10
815,815,0112171_neurosketch,chair,4,170,11
816,816,0112171_neurosketch,chair,4,171,12
817,817,0112171_neurosketch,chair,4,172,13
818,818,0112171_neurosketch,chair,4,173,14
819,819,0112171_neurosketch,chair,4,174,15
820,820,0112171_neurosketch,chair,4,175,16
821,821,0112171_neurosketch,chair,4,176,17
822,822,0112171_neurosketch,chair,4,177,18
823,823,0112171_neurosketch,chair,4,178,19
824,824,0112171_neurosketch,chair,4,179,20
825,825,0112171_neurosketch,chair,4,180,21
826,826,0112171_neurosketch,chair,4,181,22
827,827,0112171_neurosketch,chair,4,182,23
828,828,0112171_neurosketch,bench,4,190,1
829,829,0112171_neurosketch,bench,4,191,2
830,830,0112171_neurosketch,bench,4,192,3
831,831,0112171_neurosketch,bench,4,193,4
832,832,0112171_neurosketch,bench,4,194,5
833,833,0112171_neurosketch,bench,4,195,6
834,834,0112171_neurosketch,bench,4,196,7
835,835,0112171_neurosketch,bench,4,197,8
836,836,0112171_neurosketch,bench,4,198,9
837,837,0112171_neurosketch,bench,4,199,10
838,838,0112171_neurosketch,bench,4,200,11
839,839,0112171_neurosketch,bench,4,201,12
840,840,0112171_neurosketch,bench,4,202,13
841,841,0112171_neurosketch,bench,4,203,14
842,842,0112171_neurosketch,bench,4,204,15
843,843,0112171_neurosketch,bench,4,205,16
844,844,0112171_neurosketch,bench,4,206,17
845,845,0112171_neurosketch,bench,4,207,18
846,846,0112171_neurosketch,bench,4,208,19
847,847,0112171_neurosketch,bench,4,209,20
848,848,0112171_neurosketch,bench,4,210,21
849,849,0112171_neurosketch,bench,4,211,22
850,850,0112171_neurosketch,bench,4,212,23
851,851,0112171_neurosketch,chair,4,220,1
852,852,0112171_neurosketch,chair,4,221,2
853,853,0112171_neurosketch,chair,4,222,3
854,854,0112171_neurosketch,chair,4,223,4
855,855,0112171_neurosketch,chair,4,224,5
856,856,0112171_neurosketch,chair,4,225,6
857,857,0112171_neurosketch,chair,4,226,7
858,858,0112171_neurosketch,chair,4,227,8
859,859,0112171_neurosketch,chair,4,228,9
860,860,0112171_neurosketch,chair,4,229,10
861,861,0112171_neurosketch,chair,4,230,11
862,862,0112171_neurosketch,chair,4,231,12
863,863,0112171_neurosketch,chair,4,232,13
864,864,0112171_neurosketch,chair,4,233,14
865,865,0112171_neurosketch,chair,4,234,15
866,866,0112171_neurosketch,chair,4,235,16
867,867,0112171_neurosketch,chair,4,236,17
868,868,0112171_neurosketch,chair,4,237,18
869,869,0112171_neurosketch,chair,4,238,19
870,870,0112171_neurosketch,chair,4,239,20
871,871,0112171_neurosketch,chair,4,240,21
872,872,0112171_neurosketch,chair,4,241,22
873,873,0112171_neurosketch,chair,4,242,23
874,874,0112171_neurosketch,bench,4,250,1
875,875,0112171_neurosketch,bench,4,251,2
876,876,0112171_neurosketch,bench,4,252,3
877,877,0112171_neurosketch,bench,4,253,4
878,878,0112171_neurosketch,bench,4,254,5
879,879,0112171_neurosketch,bench,4,255,6
880,880,0112171_neurosketch,bench,4,256,7
881,881,0112171_neurosketch,bench,4,257,8
882,882,0112171_neurosketch,bench,4,258,9
883,883,0112171_neurosketch,bench,4,259,10
884,884,0112171_neurosketch,bench,4,260,11
885,885,0112171_neurosketch,bench,4,261,12
886,886,0112171_neurosketch,bench,4,262,13
887,887,0112171_neurosketch,bench,4,263,14
888,888,0112171_neurosketch,bench,4,264,15
889,889,0112171_neurosketch,bench,4,265,16
890,890,0112171_neurosketch,bench,4,266,17
891,891,0112171_neurosketch,bench,4,267,18
892,892,0112171_neurosketch,bench,4,268,19
893,893,0112171_neurosketch,bench,4,269,20
894,894,0112171_neurosketch,bench,4,270,21
895,895,0112171_neurosketch,bench,4,271,22
896,896,0112171_neurosketch,bench,4,272,23
897,897,0112171_neurosketch,chair,4,280,1
898,898,0112171_neurosketch,chair,4,281,2
899,899,0112171_neurosketch,chair,4,282,3
900,900,0112171_neurosketch,chair,4,283,4
901,901,0112171_neurosketch,chair,4,284,5
902,902,0112171_neurosketch,chair,4,285,6
903,903,0112171_neurosketch,chair,4,286,7
904,904,0112171_neurosketch,chair,4,287,8
905,905,0112171_neurosketch,chair,4,288,9
906,906,0112171_neurosketch,chair,4,289,10
907,907,0112171_neurosketch,chair,4,290,11
908,908,0112171_neurosketch,chair,4,291,12
909,909,0112171_neurosketch,chair,4,292,13
910,910,0112171_neurosketch,chair,4,293,14
911,911,0112171_neurosketch,chair,4,294,15
912,912,0112171_neurosketch,chair,4,295,16
913,913,0112171_neurosketch,chair,4,296,17
914,914,0112171_neurosketch,chair,4,297,18
915,915,0112171_neurosketch,chair,4,298,19
916,916,0112171_neurosketch,chair,4,299,20
917,917,0112171_neurosketch,chair,4,300,21
918,918,0112171_neurosketch,chair,4,301,22
919,919,0112171_neurosketch,chair,4,302,23
