,Unnamed: 0,subj,label,run_num,TR_num,time_point
0,0,1206163_neurosketch,table,1,10,1
1,1,1206163_neurosketch,table,1,11,2
2,2,1206163_neurosketch,table,1,12,3
3,3,1206163_neurosketch,table,1,13,4
4,4,1206163_neurosketch,table,1,14,5
5,5,1206163_neurosketch,table,1,15,6
6,6,1206163_neurosketch,table,1,16,7
7,7,1206163_neurosketch,table,1,17,8
8,8,1206163_neurosketch,table,1,18,9
9,9,1206163_neurosketch,table,1,19,10
10,10,1206163_neurosketch,table,1,20,11
11,11,1206163_neurosketch,table,1,21,12
12,12,1206163_neurosketch,table,1,22,13
13,13,1206163_neurosketch,table,1,23,14
14,14,1206163_neurosketch,table,1,24,15
15,15,1206163_neurosketch,table,1,25,16
16,16,1206163_neurosketch,table,1,26,17
17,17,1206163_neurosketch,table,1,27,18
18,18,1206163_neurosketch,table,1,28,19
19,19,1206163_neurosketch,table,1,29,20
20,20,1206163_neurosketch,table,1,30,21
21,21,1206163_neurosketch,table,1,31,22
22,22,1206163_neurosketch,table,1,32,23
23,23,1206163_neurosketch,bed,1,40,1
24,24,1206163_neurosketch,bed,1,41,2
25,25,1206163_neurosketch,bed,1,42,3
26,26,1206163_neurosketch,bed,1,43,4
27,27,1206163_neurosketch,bed,1,44,5
28,28,1206163_neurosketch,bed,1,45,6
29,29,1206163_neurosketch,bed,1,46,7
30,30,1206163_neurosketch,bed,1,47,8
31,31,1206163_neurosketch,bed,1,48,9
32,32,1206163_neurosketch,bed,1,49,10
33,33,1206163_neurosketch,bed,1,50,11
34,34,1206163_neurosketch,bed,1,51,12
35,35,1206163_neurosketch,bed,1,52,13
36,36,1206163_neurosketch,bed,1,53,14
37,37,1206163_neurosketch,bed,1,54,15
38,38,1206163_neurosketch,bed,1,55,16
39,39,1206163_neurosketch,bed,1,56,17
40,40,1206163_neurosketch,bed,1,57,18
41,41,1206163_neurosketch,bed,1,58,19
42,42,1206163_neurosketch,bed,1,59,20
43,43,1206163_neurosketch,bed,1,60,21
44,44,1206163_neurosketch,bed,1,61,22
45,45,1206163_neurosketch,bed,1,62,23
46,46,1206163_neurosketch,table,1,70,1
47,47,1206163_neurosketch,table,1,71,2
48,48,1206163_neurosketch,table,1,72,3
49,49,1206163_neurosketch,table,1,73,4
50,50,1206163_neurosketch,table,1,74,5
51,51,1206163_neurosketch,table,1,75,6
52,52,1206163_neurosketch,table,1,76,7
53,53,1206163_neurosketch,table,1,77,8
54,54,1206163_neurosketch,table,1,78,9
55,55,1206163_neurosketch,table,1,79,10
56,56,1206163_neurosketch,table,1,80,11
57,57,1206163_neurosketch,table,1,81,12
58,58,1206163_neurosketch,table,1,82,13
59,59,1206163_neurosketch,table,1,83,14
60,60,1206163_neurosketch,table,1,84,15
61,61,1206163_neurosketch,table,1,85,16
62,62,1206163_neurosketch,table,1,86,17
63,63,1206163_neurosketch,table,1,87,18
64,64,1206163_neurosketch,table,1,88,19
65,65,1206163_neurosketch,table,1,89,20
66,66,1206163_neurosketch,table,1,90,21
67,67,1206163_neurosketch,table,1,91,22
68,68,1206163_neurosketch,table,1,92,23
69,69,1206163_neurosketch,bed,1,100,1
70,70,1206163_neurosketch,bed,1,101,2
71,71,1206163_neurosketch,bed,1,102,3
72,72,1206163_neurosketch,bed,1,103,4
73,73,1206163_neurosketch,bed,1,104,5
74,74,1206163_neurosketch,bed,1,105,6
75,75,1206163_neurosketch,bed,1,106,7
76,76,1206163_neurosketch,bed,1,107,8
77,77,1206163_neurosketch,bed,1,108,9
78,78,1206163_neurosketch,bed,1,109,10
79,79,1206163_neurosketch,bed,1,110,11
80,80,1206163_neurosketch,bed,1,111,12
81,81,1206163_neurosketch,bed,1,112,13
82,82,1206163_neurosketch,bed,1,113,14
83,83,1206163_neurosketch,bed,1,114,15
84,84,1206163_neurosketch,bed,1,115,16
85,85,1206163_neurosketch,bed,1,116,17
86,86,1206163_neurosketch,bed,1,117,18
87,87,1206163_neurosketch,bed,1,118,19
88,88,1206163_neurosketch,bed,1,119,20
89,89,1206163_neurosketch,bed,1,120,21
90,90,1206163_neurosketch,bed,1,121,22
91,91,1206163_neurosketch,bed,1,122,23
92,92,1206163_neurosketch,table,1,130,1
93,93,1206163_neurosketch,table,1,131,2
94,94,1206163_neurosketch,table,1,132,3
95,95,1206163_neurosketch,table,1,133,4
96,96,1206163_neurosketch,table,1,134,5
97,97,1206163_neurosketch,table,1,135,6
98,98,1206163_neurosketch,table,1,136,7
99,99,1206163_neurosketch,table,1,137,8
100,100,1206163_neurosketch,table,1,138,9
101,101,1206163_neurosketch,table,1,139,10
102,102,1206163_neurosketch,table,1,140,11
103,103,1206163_neurosketch,table,1,141,12
104,104,1206163_neurosketch,table,1,142,13
105,105,1206163_neurosketch,table,1,143,14
106,106,1206163_neurosketch,table,1,144,15
107,107,1206163_neurosketch,table,1,145,16
108,108,1206163_neurosketch,table,1,146,17
109,109,1206163_neurosketch,table,1,147,18
110,110,1206163_neurosketch,table,1,148,19
111,111,1206163_neurosketch,table,1,149,20
112,112,1206163_neurosketch,table,1,150,21
113,113,1206163_neurosketch,table,1,151,22
114,114,1206163_neurosketch,table,1,152,23
115,115,1206163_neurosketch,bed,1,160,1
116,116,1206163_neurosketch,bed,1,161,2
117,117,1206163_neurosketch,bed,1,162,3
118,118,1206163_neurosketch,bed,1,163,4
119,119,1206163_neurosketch,bed,1,164,5
120,120,1206163_neurosketch,bed,1,165,6
121,121,1206163_neurosketch,bed,1,166,7
122,122,1206163_neurosketch,bed,1,167,8
123,123,1206163_neurosketch,bed,1,168,9
124,124,1206163_neurosketch,bed,1,169,10
125,125,1206163_neurosketch,bed,1,170,11
126,126,1206163_neurosketch,bed,1,171,12
127,127,1206163_neurosketch,bed,1,172,13
128,128,1206163_neurosketch,bed,1,173,14
129,129,1206163_neurosketch,bed,1,174,15
130,130,1206163_neurosketch,bed,1,175,16
131,131,1206163_neurosketch,bed,1,176,17
132,132,1206163_neurosketch,bed,1,177,18
133,133,1206163_neurosketch,bed,1,178,19
134,134,1206163_neurosketch,bed,1,179,20
135,135,1206163_neurosketch,bed,1,180,21
136,136,1206163_neurosketch,bed,1,181,22
137,137,1206163_neurosketch,bed,1,182,23
138,138,1206163_neurosketch,table,1,190,1
139,139,1206163_neurosketch,table,1,191,2
140,140,1206163_neurosketch,table,1,192,3
141,141,1206163_neurosketch,table,1,193,4
142,142,1206163_neurosketch,table,1,194,5
143,143,1206163_neurosketch,table,1,195,6
144,144,1206163_neurosketch,table,1,196,7
145,145,1206163_neurosketch,table,1,197,8
146,146,1206163_neurosketch,table,1,198,9
147,147,1206163_neurosketch,table,1,199,10
148,148,1206163_neurosketch,table,1,200,11
149,149,1206163_neurosketch,table,1,201,12
150,150,1206163_neurosketch,table,1,202,13
151,151,1206163_neurosketch,table,1,203,14
152,152,1206163_neurosketch,table,1,204,15
153,153,1206163_neurosketch,table,1,205,16
154,154,1206163_neurosketch,table,1,206,17
155,155,1206163_neurosketch,table,1,207,18
156,156,1206163_neurosketch,table,1,208,19
157,157,1206163_neurosketch,table,1,209,20
158,158,1206163_neurosketch,table,1,210,21
159,159,1206163_neurosketch,table,1,211,22
160,160,1206163_neurosketch,table,1,212,23
161,161,1206163_neurosketch,bed,1,220,1
162,162,1206163_neurosketch,bed,1,221,2
163,163,1206163_neurosketch,bed,1,222,3
164,164,1206163_neurosketch,bed,1,223,4
165,165,1206163_neurosketch,bed,1,224,5
166,166,1206163_neurosketch,bed,1,225,6
167,167,1206163_neurosketch,bed,1,226,7
168,168,1206163_neurosketch,bed,1,227,8
169,169,1206163_neurosketch,bed,1,228,9
170,170,1206163_neurosketch,bed,1,229,10
171,171,1206163_neurosketch,bed,1,230,11
172,172,1206163_neurosketch,bed,1,231,12
173,173,1206163_neurosketch,bed,1,232,13
174,174,1206163_neurosketch,bed,1,233,14
175,175,1206163_neurosketch,bed,1,234,15
176,176,1206163_neurosketch,bed,1,235,16
177,177,1206163_neurosketch,bed,1,236,17
178,178,1206163_neurosketch,bed,1,237,18
179,179,1206163_neurosketch,bed,1,238,19
180,180,1206163_neurosketch,bed,1,239,20
181,181,1206163_neurosketch,bed,1,240,21
182,182,1206163_neurosketch,bed,1,241,22
183,183,1206163_neurosketch,bed,1,242,23
184,184,1206163_neurosketch,table,1,250,1
185,185,1206163_neurosketch,table,1,251,2
186,186,1206163_neurosketch,table,1,252,3
187,187,1206163_neurosketch,table,1,253,4
188,188,1206163_neurosketch,table,1,254,5
189,189,1206163_neurosketch,table,1,255,6
190,190,1206163_neurosketch,table,1,256,7
191,191,1206163_neurosketch,table,1,257,8
192,192,1206163_neurosketch,table,1,258,9
193,193,1206163_neurosketch,table,1,259,10
194,194,1206163_neurosketch,table,1,260,11
195,195,1206163_neurosketch,table,1,261,12
196,196,1206163_neurosketch,table,1,262,13
197,197,1206163_neurosketch,table,1,263,14
198,198,1206163_neurosketch,table,1,264,15
199,199,1206163_neurosketch,table,1,265,16
200,200,1206163_neurosketch,table,1,266,17
201,201,1206163_neurosketch,table,1,267,18
202,202,1206163_neurosketch,table,1,268,19
203,203,1206163_neurosketch,table,1,269,20
204,204,1206163_neurosketch,table,1,270,21
205,205,1206163_neurosketch,table,1,271,22
206,206,1206163_neurosketch,table,1,272,23
207,207,1206163_neurosketch,bed,1,280,1
208,208,1206163_neurosketch,bed,1,281,2
209,209,1206163_neurosketch,bed,1,282,3
210,210,1206163_neurosketch,bed,1,283,4
211,211,1206163_neurosketch,bed,1,284,5
212,212,1206163_neurosketch,bed,1,285,6
213,213,1206163_neurosketch,bed,1,286,7
214,214,1206163_neurosketch,bed,1,287,8
215,215,1206163_neurosketch,bed,1,288,9
216,216,1206163_neurosketch,bed,1,289,10
217,217,1206163_neurosketch,bed,1,290,11
218,218,1206163_neurosketch,bed,1,291,12
219,219,1206163_neurosketch,bed,1,292,13
220,220,1206163_neurosketch,bed,1,293,14
221,221,1206163_neurosketch,bed,1,294,15
222,222,1206163_neurosketch,bed,1,295,16
223,223,1206163_neurosketch,bed,1,296,17
224,224,1206163_neurosketch,bed,1,297,18
225,225,1206163_neurosketch,bed,1,298,19
226,226,1206163_neurosketch,bed,1,299,20
227,227,1206163_neurosketch,bed,1,300,21
228,228,1206163_neurosketch,bed,1,301,22
229,229,1206163_neurosketch,bed,1,302,23
230,230,1206163_neurosketch,table,2,10,1
231,231,1206163_neurosketch,table,2,11,2
232,232,1206163_neurosketch,table,2,12,3
233,233,1206163_neurosketch,table,2,13,4
234,234,1206163_neurosketch,table,2,14,5
235,235,1206163_neurosketch,table,2,15,6
236,236,1206163_neurosketch,table,2,16,7
237,237,1206163_neurosketch,table,2,17,8
238,238,1206163_neurosketch,table,2,18,9
239,239,1206163_neurosketch,table,2,19,10
240,240,1206163_neurosketch,table,2,20,11
241,241,1206163_neurosketch,table,2,21,12
242,242,1206163_neurosketch,table,2,22,13
243,243,1206163_neurosketch,table,2,23,14
244,244,1206163_neurosketch,table,2,24,15
245,245,1206163_neurosketch,table,2,25,16
246,246,1206163_neurosketch,table,2,26,17
247,247,1206163_neurosketch,table,2,27,18
248,248,1206163_neurosketch,table,2,28,19
249,249,1206163_neurosketch,table,2,29,20
250,250,1206163_neurosketch,table,2,30,21
251,251,1206163_neurosketch,table,2,31,22
252,252,1206163_neurosketch,table,2,32,23
253,253,1206163_neurosketch,bed,2,40,1
254,254,1206163_neurosketch,bed,2,41,2
255,255,1206163_neurosketch,bed,2,42,3
256,256,1206163_neurosketch,bed,2,43,4
257,257,1206163_neurosketch,bed,2,44,5
258,258,1206163_neurosketch,bed,2,45,6
259,259,1206163_neurosketch,bed,2,46,7
260,260,1206163_neurosketch,bed,2,47,8
261,261,1206163_neurosketch,bed,2,48,9
262,262,1206163_neurosketch,bed,2,49,10
263,263,1206163_neurosketch,bed,2,50,11
264,264,1206163_neurosketch,bed,2,51,12
265,265,1206163_neurosketch,bed,2,52,13
266,266,1206163_neurosketch,bed,2,53,14
267,267,1206163_neurosketch,bed,2,54,15
268,268,1206163_neurosketch,bed,2,55,16
269,269,1206163_neurosketch,bed,2,56,17
270,270,1206163_neurosketch,bed,2,57,18
271,271,1206163_neurosketch,bed,2,58,19
272,272,1206163_neurosketch,bed,2,59,20
273,273,1206163_neurosketch,bed,2,60,21
274,274,1206163_neurosketch,bed,2,61,22
275,275,1206163_neurosketch,bed,2,62,23
276,276,1206163_neurosketch,table,2,70,1
277,277,1206163_neurosketch,table,2,71,2
278,278,1206163_neurosketch,table,2,72,3
279,279,1206163_neurosketch,table,2,73,4
280,280,1206163_neurosketch,table,2,74,5
281,281,1206163_neurosketch,table,2,75,6
282,282,1206163_neurosketch,table,2,76,7
283,283,1206163_neurosketch,table,2,77,8
284,284,1206163_neurosketch,table,2,78,9
285,285,1206163_neurosketch,table,2,79,10
286,286,1206163_neurosketch,table,2,80,11
287,287,1206163_neurosketch,table,2,81,12
288,288,1206163_neurosketch,table,2,82,13
289,289,1206163_neurosketch,table,2,83,14
290,290,1206163_neurosketch,table,2,84,15
291,291,1206163_neurosketch,table,2,85,16
292,292,1206163_neurosketch,table,2,86,17
293,293,1206163_neurosketch,table,2,87,18
294,294,1206163_neurosketch,table,2,88,19
295,295,1206163_neurosketch,table,2,89,20
296,296,1206163_neurosketch,table,2,90,21
297,297,1206163_neurosketch,table,2,91,22
298,298,1206163_neurosketch,table,2,92,23
299,299,1206163_neurosketch,bed,2,100,1
300,300,1206163_neurosketch,bed,2,101,2
301,301,1206163_neurosketch,bed,2,102,3
302,302,1206163_neurosketch,bed,2,103,4
303,303,1206163_neurosketch,bed,2,104,5
304,304,1206163_neurosketch,bed,2,105,6
305,305,1206163_neurosketch,bed,2,106,7
306,306,1206163_neurosketch,bed,2,107,8
307,307,1206163_neurosketch,bed,2,108,9
308,308,1206163_neurosketch,bed,2,109,10
309,309,1206163_neurosketch,bed,2,110,11
310,310,1206163_neurosketch,bed,2,111,12
311,311,1206163_neurosketch,bed,2,112,13
312,312,1206163_neurosketch,bed,2,113,14
313,313,1206163_neurosketch,bed,2,114,15
314,314,1206163_neurosketch,bed,2,115,16
315,315,1206163_neurosketch,bed,2,116,17
316,316,1206163_neurosketch,bed,2,117,18
317,317,1206163_neurosketch,bed,2,118,19
318,318,1206163_neurosketch,bed,2,119,20
319,319,1206163_neurosketch,bed,2,120,21
320,320,1206163_neurosketch,bed,2,121,22
321,321,1206163_neurosketch,bed,2,122,23
322,322,1206163_neurosketch,table,2,130,1
323,323,1206163_neurosketch,table,2,131,2
324,324,1206163_neurosketch,table,2,132,3
325,325,1206163_neurosketch,table,2,133,4
326,326,1206163_neurosketch,table,2,134,5
327,327,1206163_neurosketch,table,2,135,6
328,328,1206163_neurosketch,table,2,136,7
329,329,1206163_neurosketch,table,2,137,8
330,330,1206163_neurosketch,table,2,138,9
331,331,1206163_neurosketch,table,2,139,10
332,332,1206163_neurosketch,table,2,140,11
333,333,1206163_neurosketch,table,2,141,12
334,334,1206163_neurosketch,table,2,142,13
335,335,1206163_neurosketch,table,2,143,14
336,336,1206163_neurosketch,table,2,144,15
337,337,1206163_neurosketch,table,2,145,16
338,338,1206163_neurosketch,table,2,146,17
339,339,1206163_neurosketch,table,2,147,18
340,340,1206163_neurosketch,table,2,148,19
341,341,1206163_neurosketch,table,2,149,20
342,342,1206163_neurosketch,table,2,150,21
343,343,1206163_neurosketch,table,2,151,22
344,344,1206163_neurosketch,table,2,152,23
345,345,1206163_neurosketch,bed,2,160,1
346,346,1206163_neurosketch,bed,2,161,2
347,347,1206163_neurosketch,bed,2,162,3
348,348,1206163_neurosketch,bed,2,163,4
349,349,1206163_neurosketch,bed,2,164,5
350,350,1206163_neurosketch,bed,2,165,6
351,351,1206163_neurosketch,bed,2,166,7
352,352,1206163_neurosketch,bed,2,167,8
353,353,1206163_neurosketch,bed,2,168,9
354,354,1206163_neurosketch,bed,2,169,10
355,355,1206163_neurosketch,bed,2,170,11
356,356,1206163_neurosketch,bed,2,171,12
357,357,1206163_neurosketch,bed,2,172,13
358,358,1206163_neurosketch,bed,2,173,14
359,359,1206163_neurosketch,bed,2,174,15
360,360,1206163_neurosketch,bed,2,175,16
361,361,1206163_neurosketch,bed,2,176,17
362,362,1206163_neurosketch,bed,2,177,18
363,363,1206163_neurosketch,bed,2,178,19
364,364,1206163_neurosketch,bed,2,179,20
365,365,1206163_neurosketch,bed,2,180,21
366,366,1206163_neurosketch,bed,2,181,22
367,367,1206163_neurosketch,bed,2,182,23
368,368,1206163_neurosketch,table,2,190,1
369,369,1206163_neurosketch,table,2,191,2
370,370,1206163_neurosketch,table,2,192,3
371,371,1206163_neurosketch,table,2,193,4
372,372,1206163_neurosketch,table,2,194,5
373,373,1206163_neurosketch,table,2,195,6
374,374,1206163_neurosketch,table,2,196,7
375,375,1206163_neurosketch,table,2,197,8
376,376,1206163_neurosketch,table,2,198,9
377,377,1206163_neurosketch,table,2,199,10
378,378,1206163_neurosketch,table,2,200,11
379,379,1206163_neurosketch,table,2,201,12
380,380,1206163_neurosketch,table,2,202,13
381,381,1206163_neurosketch,table,2,203,14
382,382,1206163_neurosketch,table,2,204,15
383,383,1206163_neurosketch,table,2,205,16
384,384,1206163_neurosketch,table,2,206,17
385,385,1206163_neurosketch,table,2,207,18
386,386,1206163_neurosketch,table,2,208,19
387,387,1206163_neurosketch,table,2,209,20
388,388,1206163_neurosketch,table,2,210,21
389,389,1206163_neurosketch,table,2,211,22
390,390,1206163_neurosketch,table,2,212,23
391,391,1206163_neurosketch,bed,2,220,1
392,392,1206163_neurosketch,bed,2,221,2
393,393,1206163_neurosketch,bed,2,222,3
394,394,1206163_neurosketch,bed,2,223,4
395,395,1206163_neurosketch,bed,2,224,5
396,396,1206163_neurosketch,bed,2,225,6
397,397,1206163_neurosketch,bed,2,226,7
398,398,1206163_neurosketch,bed,2,227,8
399,399,1206163_neurosketch,bed,2,228,9
400,400,1206163_neurosketch,bed,2,229,10
401,401,1206163_neurosketch,bed,2,230,11
402,402,1206163_neurosketch,bed,2,231,12
403,403,1206163_neurosketch,bed,2,232,13
404,404,1206163_neurosketch,bed,2,233,14
405,405,1206163_neurosketch,bed,2,234,15
406,406,1206163_neurosketch,bed,2,235,16
407,407,1206163_neurosketch,bed,2,236,17
408,408,1206163_neurosketch,bed,2,237,18
409,409,1206163_neurosketch,bed,2,238,19
410,410,1206163_neurosketch,bed,2,239,20
411,411,1206163_neurosketch,bed,2,240,21
412,412,1206163_neurosketch,bed,2,241,22
413,413,1206163_neurosketch,bed,2,242,23
414,414,1206163_neurosketch,table,2,250,1
415,415,1206163_neurosketch,table,2,251,2
416,416,1206163_neurosketch,table,2,252,3
417,417,1206163_neurosketch,table,2,253,4
418,418,1206163_neurosketch,table,2,254,5
419,419,1206163_neurosketch,table,2,255,6
420,420,1206163_neurosketch,table,2,256,7
421,421,1206163_neurosketch,table,2,257,8
422,422,1206163_neurosketch,table,2,258,9
423,423,1206163_neurosketch,table,2,259,10
424,424,1206163_neurosketch,table,2,260,11
425,425,1206163_neurosketch,table,2,261,12
426,426,1206163_neurosketch,table,2,262,13
427,427,1206163_neurosketch,table,2,263,14
428,428,1206163_neurosketch,table,2,264,15
429,429,1206163_neurosketch,table,2,265,16
430,430,1206163_neurosketch,table,2,266,17
431,431,1206163_neurosketch,table,2,267,18
432,432,1206163_neurosketch,table,2,268,19
433,433,1206163_neurosketch,table,2,269,20
434,434,1206163_neurosketch,table,2,270,21
435,435,1206163_neurosketch,table,2,271,22
436,436,1206163_neurosketch,table,2,272,23
437,437,1206163_neurosketch,bed,2,280,1
438,438,1206163_neurosketch,bed,2,281,2
439,439,1206163_neurosketch,bed,2,282,3
440,440,1206163_neurosketch,bed,2,283,4
441,441,1206163_neurosketch,bed,2,284,5
442,442,1206163_neurosketch,bed,2,285,6
443,443,1206163_neurosketch,bed,2,286,7
444,444,1206163_neurosketch,bed,2,287,8
445,445,1206163_neurosketch,bed,2,288,9
446,446,1206163_neurosketch,bed,2,289,10
447,447,1206163_neurosketch,bed,2,290,11
448,448,1206163_neurosketch,bed,2,291,12
449,449,1206163_neurosketch,bed,2,292,13
450,450,1206163_neurosketch,bed,2,293,14
451,451,1206163_neurosketch,bed,2,294,15
452,452,1206163_neurosketch,bed,2,295,16
453,453,1206163_neurosketch,bed,2,296,17
454,454,1206163_neurosketch,bed,2,297,18
455,455,1206163_neurosketch,bed,2,298,19
456,456,1206163_neurosketch,bed,2,299,20
457,457,1206163_neurosketch,bed,2,300,21
458,458,1206163_neurosketch,bed,2,301,22
459,459,1206163_neurosketch,bed,2,302,23
460,460,1206163_neurosketch,table,3,10,1
461,461,1206163_neurosketch,table,3,11,2
462,462,1206163_neurosketch,table,3,12,3
463,463,1206163_neurosketch,table,3,13,4
464,464,1206163_neurosketch,table,3,14,5
465,465,1206163_neurosketch,table,3,15,6
466,466,1206163_neurosketch,table,3,16,7
467,467,1206163_neurosketch,table,3,17,8
468,468,1206163_neurosketch,table,3,18,9
469,469,1206163_neurosketch,table,3,19,10
470,470,1206163_neurosketch,table,3,20,11
471,471,1206163_neurosketch,table,3,21,12
472,472,1206163_neurosketch,table,3,22,13
473,473,1206163_neurosketch,table,3,23,14
474,474,1206163_neurosketch,table,3,24,15
475,475,1206163_neurosketch,table,3,25,16
476,476,1206163_neurosketch,table,3,26,17
477,477,1206163_neurosketch,table,3,27,18
478,478,1206163_neurosketch,table,3,28,19
479,479,1206163_neurosketch,table,3,29,20
480,480,1206163_neurosketch,table,3,30,21
481,481,1206163_neurosketch,table,3,31,22
482,482,1206163_neurosketch,table,3,32,23
483,483,1206163_neurosketch,bed,3,40,1
484,484,1206163_neurosketch,bed,3,41,2
485,485,1206163_neurosketch,bed,3,42,3
486,486,1206163_neurosketch,bed,3,43,4
487,487,1206163_neurosketch,bed,3,44,5
488,488,1206163_neurosketch,bed,3,45,6
489,489,1206163_neurosketch,bed,3,46,7
490,490,1206163_neurosketch,bed,3,47,8
491,491,1206163_neurosketch,bed,3,48,9
492,492,1206163_neurosketch,bed,3,49,10
493,493,1206163_neurosketch,bed,3,50,11
494,494,1206163_neurosketch,bed,3,51,12
495,495,1206163_neurosketch,bed,3,52,13
496,496,1206163_neurosketch,bed,3,53,14
497,497,1206163_neurosketch,bed,3,54,15
498,498,1206163_neurosketch,bed,3,55,16
499,499,1206163_neurosketch,bed,3,56,17
500,500,1206163_neurosketch,bed,3,57,18
501,501,1206163_neurosketch,bed,3,58,19
502,502,1206163_neurosketch,bed,3,59,20
503,503,1206163_neurosketch,bed,3,60,21
504,504,1206163_neurosketch,bed,3,61,22
505,505,1206163_neurosketch,bed,3,62,23
506,506,1206163_neurosketch,table,3,70,1
507,507,1206163_neurosketch,table,3,71,2
508,508,1206163_neurosketch,table,3,72,3
509,509,1206163_neurosketch,table,3,73,4
510,510,1206163_neurosketch,table,3,74,5
511,511,1206163_neurosketch,table,3,75,6
512,512,1206163_neurosketch,table,3,76,7
513,513,1206163_neurosketch,table,3,77,8
514,514,1206163_neurosketch,table,3,78,9
515,515,1206163_neurosketch,table,3,79,10
516,516,1206163_neurosketch,table,3,80,11
517,517,1206163_neurosketch,table,3,81,12
518,518,1206163_neurosketch,table,3,82,13
519,519,1206163_neurosketch,table,3,83,14
520,520,1206163_neurosketch,table,3,84,15
521,521,1206163_neurosketch,table,3,85,16
522,522,1206163_neurosketch,table,3,86,17
523,523,1206163_neurosketch,table,3,87,18
524,524,1206163_neurosketch,table,3,88,19
525,525,1206163_neurosketch,table,3,89,20
526,526,1206163_neurosketch,table,3,90,21
527,527,1206163_neurosketch,table,3,91,22
528,528,1206163_neurosketch,table,3,92,23
529,529,1206163_neurosketch,bed,3,100,1
530,530,1206163_neurosketch,bed,3,101,2
531,531,1206163_neurosketch,bed,3,102,3
532,532,1206163_neurosketch,bed,3,103,4
533,533,1206163_neurosketch,bed,3,104,5
534,534,1206163_neurosketch,bed,3,105,6
535,535,1206163_neurosketch,bed,3,106,7
536,536,1206163_neurosketch,bed,3,107,8
537,537,1206163_neurosketch,bed,3,108,9
538,538,1206163_neurosketch,bed,3,109,10
539,539,1206163_neurosketch,bed,3,110,11
540,540,1206163_neurosketch,bed,3,111,12
541,541,1206163_neurosketch,bed,3,112,13
542,542,1206163_neurosketch,bed,3,113,14
543,543,1206163_neurosketch,bed,3,114,15
544,544,1206163_neurosketch,bed,3,115,16
545,545,1206163_neurosketch,bed,3,116,17
546,546,1206163_neurosketch,bed,3,117,18
547,547,1206163_neurosketch,bed,3,118,19
548,548,1206163_neurosketch,bed,3,119,20
549,549,1206163_neurosketch,bed,3,120,21
550,550,1206163_neurosketch,bed,3,121,22
551,551,1206163_neurosketch,bed,3,122,23
552,552,1206163_neurosketch,table,3,130,1
553,553,1206163_neurosketch,table,3,131,2
554,554,1206163_neurosketch,table,3,132,3
555,555,1206163_neurosketch,table,3,133,4
556,556,1206163_neurosketch,table,3,134,5
557,557,1206163_neurosketch,table,3,135,6
558,558,1206163_neurosketch,table,3,136,7
559,559,1206163_neurosketch,table,3,137,8
560,560,1206163_neurosketch,table,3,138,9
561,561,1206163_neurosketch,table,3,139,10
562,562,1206163_neurosketch,table,3,140,11
563,563,1206163_neurosketch,table,3,141,12
564,564,1206163_neurosketch,table,3,142,13
565,565,1206163_neurosketch,table,3,143,14
566,566,1206163_neurosketch,table,3,144,15
567,567,1206163_neurosketch,table,3,145,16
568,568,1206163_neurosketch,table,3,146,17
569,569,1206163_neurosketch,table,3,147,18
570,570,1206163_neurosketch,table,3,148,19
571,571,1206163_neurosketch,table,3,149,20
572,572,1206163_neurosketch,table,3,150,21
573,573,1206163_neurosketch,table,3,151,22
574,574,1206163_neurosketch,table,3,152,23
575,575,1206163_neurosketch,bed,3,160,1
576,576,1206163_neurosketch,bed,3,161,2
577,577,1206163_neurosketch,bed,3,162,3
578,578,1206163_neurosketch,bed,3,163,4
579,579,1206163_neurosketch,bed,3,164,5
580,580,1206163_neurosketch,bed,3,165,6
581,581,1206163_neurosketch,bed,3,166,7
582,582,1206163_neurosketch,bed,3,167,8
583,583,1206163_neurosketch,bed,3,168,9
584,584,1206163_neurosketch,bed,3,169,10
585,585,1206163_neurosketch,bed,3,170,11
586,586,1206163_neurosketch,bed,3,171,12
587,587,1206163_neurosketch,bed,3,172,13
588,588,1206163_neurosketch,bed,3,173,14
589,589,1206163_neurosketch,bed,3,174,15
590,590,1206163_neurosketch,bed,3,175,16
591,591,1206163_neurosketch,bed,3,176,17
592,592,1206163_neurosketch,bed,3,177,18
593,593,1206163_neurosketch,bed,3,178,19
594,594,1206163_neurosketch,bed,3,179,20
595,595,1206163_neurosketch,bed,3,180,21
596,596,1206163_neurosketch,bed,3,181,22
597,597,1206163_neurosketch,bed,3,182,23
598,598,1206163_neurosketch,table,3,190,1
599,599,1206163_neurosketch,table,3,191,2
600,600,1206163_neurosketch,table,3,192,3
601,601,1206163_neurosketch,table,3,193,4
602,602,1206163_neurosketch,table,3,194,5
603,603,1206163_neurosketch,table,3,195,6
604,604,1206163_neurosketch,table,3,196,7
605,605,1206163_neurosketch,table,3,197,8
606,606,1206163_neurosketch,table,3,198,9
607,607,1206163_neurosketch,table,3,199,10
608,608,1206163_neurosketch,table,3,200,11
609,609,1206163_neurosketch,table,3,201,12
610,610,1206163_neurosketch,table,3,202,13
611,611,1206163_neurosketch,table,3,203,14
612,612,1206163_neurosketch,table,3,204,15
613,613,1206163_neurosketch,table,3,205,16
614,614,1206163_neurosketch,table,3,206,17
615,615,1206163_neurosketch,table,3,207,18
616,616,1206163_neurosketch,table,3,208,19
617,617,1206163_neurosketch,table,3,209,20
618,618,1206163_neurosketch,table,3,210,21
619,619,1206163_neurosketch,table,3,211,22
620,620,1206163_neurosketch,table,3,212,23
621,621,1206163_neurosketch,bed,3,220,1
622,622,1206163_neurosketch,bed,3,221,2
623,623,1206163_neurosketch,bed,3,222,3
624,624,1206163_neurosketch,bed,3,223,4
625,625,1206163_neurosketch,bed,3,224,5
626,626,1206163_neurosketch,bed,3,225,6
627,627,1206163_neurosketch,bed,3,226,7
628,628,1206163_neurosketch,bed,3,227,8
629,629,1206163_neurosketch,bed,3,228,9
630,630,1206163_neurosketch,bed,3,229,10
631,631,1206163_neurosketch,bed,3,230,11
632,632,1206163_neurosketch,bed,3,231,12
633,633,1206163_neurosketch,bed,3,232,13
634,634,1206163_neurosketch,bed,3,233,14
635,635,1206163_neurosketch,bed,3,234,15
636,636,1206163_neurosketch,bed,3,235,16
637,637,1206163_neurosketch,bed,3,236,17
638,638,1206163_neurosketch,bed,3,237,18
639,639,1206163_neurosketch,bed,3,238,19
640,640,1206163_neurosketch,bed,3,239,20
641,641,1206163_neurosketch,bed,3,240,21
642,642,1206163_neurosketch,bed,3,241,22
643,643,1206163_neurosketch,bed,3,242,23
644,644,1206163_neurosketch,table,3,250,1
645,645,1206163_neurosketch,table,3,251,2
646,646,1206163_neurosketch,table,3,252,3
647,647,1206163_neurosketch,table,3,253,4
648,648,1206163_neurosketch,table,3,254,5
649,649,1206163_neurosketch,table,3,255,6
650,650,1206163_neurosketch,table,3,256,7
651,651,1206163_neurosketch,table,3,257,8
652,652,1206163_neurosketch,table,3,258,9
653,653,1206163_neurosketch,table,3,259,10
654,654,1206163_neurosketch,table,3,260,11
655,655,1206163_neurosketch,table,3,261,12
656,656,1206163_neurosketch,table,3,262,13
657,657,1206163_neurosketch,table,3,263,14
658,658,1206163_neurosketch,table,3,264,15
659,659,1206163_neurosketch,table,3,265,16
660,660,1206163_neurosketch,table,3,266,17
661,661,1206163_neurosketch,table,3,267,18
662,662,1206163_neurosketch,table,3,268,19
663,663,1206163_neurosketch,table,3,269,20
664,664,1206163_neurosketch,table,3,270,21
665,665,1206163_neurosketch,table,3,271,22
666,666,1206163_neurosketch,table,3,272,23
667,667,1206163_neurosketch,bed,3,280,1
668,668,1206163_neurosketch,bed,3,281,2
669,669,1206163_neurosketch,bed,3,282,3
670,670,1206163_neurosketch,bed,3,283,4
671,671,1206163_neurosketch,bed,3,284,5
672,672,1206163_neurosketch,bed,3,285,6
673,673,1206163_neurosketch,bed,3,286,7
674,674,1206163_neurosketch,bed,3,287,8
675,675,1206163_neurosketch,bed,3,288,9
676,676,1206163_neurosketch,bed,3,289,10
677,677,1206163_neurosketch,bed,3,290,11
678,678,1206163_neurosketch,bed,3,291,12
679,679,1206163_neurosketch,bed,3,292,13
680,680,1206163_neurosketch,bed,3,293,14
681,681,1206163_neurosketch,bed,3,294,15
682,682,1206163_neurosketch,bed,3,295,16
683,683,1206163_neurosketch,bed,3,296,17
684,684,1206163_neurosketch,bed,3,297,18
685,685,1206163_neurosketch,bed,3,298,19
686,686,1206163_neurosketch,bed,3,299,20
687,687,1206163_neurosketch,bed,3,300,21
688,688,1206163_neurosketch,bed,3,301,22
689,689,1206163_neurosketch,bed,3,302,23
690,690,1206163_neurosketch,table,4,10,1
691,691,1206163_neurosketch,table,4,11,2
692,692,1206163_neurosketch,table,4,12,3
693,693,1206163_neurosketch,table,4,13,4
694,694,1206163_neurosketch,table,4,14,5
695,695,1206163_neurosketch,table,4,15,6
696,696,1206163_neurosketch,table,4,16,7
697,697,1206163_neurosketch,table,4,17,8
698,698,1206163_neurosketch,table,4,18,9
699,699,1206163_neurosketch,table,4,19,10
700,700,1206163_neurosketch,table,4,20,11
701,701,1206163_neurosketch,table,4,21,12
702,702,1206163_neurosketch,table,4,22,13
703,703,1206163_neurosketch,table,4,23,14
704,704,1206163_neurosketch,table,4,24,15
705,705,1206163_neurosketch,table,4,25,16
706,706,1206163_neurosketch,table,4,26,17
707,707,1206163_neurosketch,table,4,27,18
708,708,1206163_neurosketch,table,4,28,19
709,709,1206163_neurosketch,table,4,29,20
710,710,1206163_neurosketch,table,4,30,21
711,711,1206163_neurosketch,table,4,31,22
712,712,1206163_neurosketch,table,4,32,23
713,713,1206163_neurosketch,bed,4,40,1
714,714,1206163_neurosketch,bed,4,41,2
715,715,1206163_neurosketch,bed,4,42,3
716,716,1206163_neurosketch,bed,4,43,4
717,717,1206163_neurosketch,bed,4,44,5
718,718,1206163_neurosketch,bed,4,45,6
719,719,1206163_neurosketch,bed,4,46,7
720,720,1206163_neurosketch,bed,4,47,8
721,721,1206163_neurosketch,bed,4,48,9
722,722,1206163_neurosketch,bed,4,49,10
723,723,1206163_neurosketch,bed,4,50,11
724,724,1206163_neurosketch,bed,4,51,12
725,725,1206163_neurosketch,bed,4,52,13
726,726,1206163_neurosketch,bed,4,53,14
727,727,1206163_neurosketch,bed,4,54,15
728,728,1206163_neurosketch,bed,4,55,16
729,729,1206163_neurosketch,bed,4,56,17
730,730,1206163_neurosketch,bed,4,57,18
731,731,1206163_neurosketch,bed,4,58,19
732,732,1206163_neurosketch,bed,4,59,20
733,733,1206163_neurosketch,bed,4,60,21
734,734,1206163_neurosketch,bed,4,61,22
735,735,1206163_neurosketch,bed,4,62,23
736,736,1206163_neurosketch,table,4,70,1
737,737,1206163_neurosketch,table,4,71,2
738,738,1206163_neurosketch,table,4,72,3
739,739,1206163_neurosketch,table,4,73,4
740,740,1206163_neurosketch,table,4,74,5
741,741,1206163_neurosketch,table,4,75,6
742,742,1206163_neurosketch,table,4,76,7
743,743,1206163_neurosketch,table,4,77,8
744,744,1206163_neurosketch,table,4,78,9
745,745,1206163_neurosketch,table,4,79,10
746,746,1206163_neurosketch,table,4,80,11
747,747,1206163_neurosketch,table,4,81,12
748,748,1206163_neurosketch,table,4,82,13
749,749,1206163_neurosketch,table,4,83,14
750,750,1206163_neurosketch,table,4,84,15
751,751,1206163_neurosketch,table,4,85,16
752,752,1206163_neurosketch,table,4,86,17
753,753,1206163_neurosketch,table,4,87,18
754,754,1206163_neurosketch,table,4,88,19
755,755,1206163_neurosketch,table,4,89,20
756,756,1206163_neurosketch,table,4,90,21
757,757,1206163_neurosketch,table,4,91,22
758,758,1206163_neurosketch,table,4,92,23
759,759,1206163_neurosketch,bed,4,100,1
760,760,1206163_neurosketch,bed,4,101,2
761,761,1206163_neurosketch,bed,4,102,3
762,762,1206163_neurosketch,bed,4,103,4
763,763,1206163_neurosketch,bed,4,104,5
764,764,1206163_neurosketch,bed,4,105,6
765,765,1206163_neurosketch,bed,4,106,7
766,766,1206163_neurosketch,bed,4,107,8
767,767,1206163_neurosketch,bed,4,108,9
768,768,1206163_neurosketch,bed,4,109,10
769,769,1206163_neurosketch,bed,4,110,11
770,770,1206163_neurosketch,bed,4,111,12
771,771,1206163_neurosketch,bed,4,112,13
772,772,1206163_neurosketch,bed,4,113,14
773,773,1206163_neurosketch,bed,4,114,15
774,774,1206163_neurosketch,bed,4,115,16
775,775,1206163_neurosketch,bed,4,116,17
776,776,1206163_neurosketch,bed,4,117,18
777,777,1206163_neurosketch,bed,4,118,19
778,778,1206163_neurosketch,bed,4,119,20
779,779,1206163_neurosketch,bed,4,120,21
780,780,1206163_neurosketch,bed,4,121,22
781,781,1206163_neurosketch,bed,4,122,23
782,782,1206163_neurosketch,table,4,130,1
783,783,1206163_neurosketch,table,4,131,2
784,784,1206163_neurosketch,table,4,132,3
785,785,1206163_neurosketch,table,4,133,4
786,786,1206163_neurosketch,table,4,134,5
787,787,1206163_neurosketch,table,4,135,6
788,788,1206163_neurosketch,table,4,136,7
789,789,1206163_neurosketch,table,4,137,8
790,790,1206163_neurosketch,table,4,138,9
791,791,1206163_neurosketch,table,4,139,10
792,792,1206163_neurosketch,table,4,140,11
793,793,1206163_neurosketch,table,4,141,12
794,794,1206163_neurosketch,table,4,142,13
795,795,1206163_neurosketch,table,4,143,14
796,796,1206163_neurosketch,table,4,144,15
797,797,1206163_neurosketch,table,4,145,16
798,798,1206163_neurosketch,table,4,146,17
799,799,1206163_neurosketch,table,4,147,18
800,800,1206163_neurosketch,table,4,148,19
801,801,1206163_neurosketch,table,4,149,20
802,802,1206163_neurosketch,table,4,150,21
803,803,1206163_neurosketch,table,4,151,22
804,804,1206163_neurosketch,table,4,152,23
805,805,1206163_neurosketch,bed,4,160,1
806,806,1206163_neurosketch,bed,4,161,2
807,807,1206163_neurosketch,bed,4,162,3
808,808,1206163_neurosketch,bed,4,163,4
809,809,1206163_neurosketch,bed,4,164,5
810,810,1206163_neurosketch,bed,4,165,6
811,811,1206163_neurosketch,bed,4,166,7
812,812,1206163_neurosketch,bed,4,167,8
813,813,1206163_neurosketch,bed,4,168,9
814,814,1206163_neurosketch,bed,4,169,10
815,815,1206163_neurosketch,bed,4,170,11
816,816,1206163_neurosketch,bed,4,171,12
817,817,1206163_neurosketch,bed,4,172,13
818,818,1206163_neurosketch,bed,4,173,14
819,819,1206163_neurosketch,bed,4,174,15
820,820,1206163_neurosketch,bed,4,175,16
821,821,1206163_neurosketch,bed,4,176,17
822,822,1206163_neurosketch,bed,4,177,18
823,823,1206163_neurosketch,bed,4,178,19
824,824,1206163_neurosketch,bed,4,179,20
825,825,1206163_neurosketch,bed,4,180,21
826,826,1206163_neurosketch,bed,4,181,22
827,827,1206163_neurosketch,bed,4,182,23
828,828,1206163_neurosketch,table,4,190,1
829,829,1206163_neurosketch,table,4,191,2
830,830,1206163_neurosketch,table,4,192,3
831,831,1206163_neurosketch,table,4,193,4
832,832,1206163_neurosketch,table,4,194,5
833,833,1206163_neurosketch,table,4,195,6
834,834,1206163_neurosketch,table,4,196,7
835,835,1206163_neurosketch,table,4,197,8
836,836,1206163_neurosketch,table,4,198,9
837,837,1206163_neurosketch,table,4,199,10
838,838,1206163_neurosketch,table,4,200,11
839,839,1206163_neurosketch,table,4,201,12
840,840,1206163_neurosketch,table,4,202,13
841,841,1206163_neurosketch,table,4,203,14
842,842,1206163_neurosketch,table,4,204,15
843,843,1206163_neurosketch,table,4,205,16
844,844,1206163_neurosketch,table,4,206,17
845,845,1206163_neurosketch,table,4,207,18
846,846,1206163_neurosketch,table,4,208,19
847,847,1206163_neurosketch,table,4,209,20
848,848,1206163_neurosketch,table,4,210,21
849,849,1206163_neurosketch,table,4,211,22
850,850,1206163_neurosketch,table,4,212,23
851,851,1206163_neurosketch,bed,4,220,1
852,852,1206163_neurosketch,bed,4,221,2
853,853,1206163_neurosketch,bed,4,222,3
854,854,1206163_neurosketch,bed,4,223,4
855,855,1206163_neurosketch,bed,4,224,5
856,856,1206163_neurosketch,bed,4,225,6
857,857,1206163_neurosketch,bed,4,226,7
858,858,1206163_neurosketch,bed,4,227,8
859,859,1206163_neurosketch,bed,4,228,9
860,860,1206163_neurosketch,bed,4,229,10
861,861,1206163_neurosketch,bed,4,230,11
862,862,1206163_neurosketch,bed,4,231,12
863,863,1206163_neurosketch,bed,4,232,13
864,864,1206163_neurosketch,bed,4,233,14
865,865,1206163_neurosketch,bed,4,234,15
866,866,1206163_neurosketch,bed,4,235,16
867,867,1206163_neurosketch,bed,4,236,17
868,868,1206163_neurosketch,bed,4,237,18
869,869,1206163_neurosketch,bed,4,238,19
870,870,1206163_neurosketch,bed,4,239,20
871,871,1206163_neurosketch,bed,4,240,21
872,872,1206163_neurosketch,bed,4,241,22
873,873,1206163_neurosketch,bed,4,242,23
874,874,1206163_neurosketch,table,4,250,1
875,875,1206163_neurosketch,table,4,251,2
876,876,1206163_neurosketch,table,4,252,3
877,877,1206163_neurosketch,table,4,253,4
878,878,1206163_neurosketch,table,4,254,5
879,879,1206163_neurosketch,table,4,255,6
880,880,1206163_neurosketch,table,4,256,7
881,881,1206163_neurosketch,table,4,257,8
882,882,1206163_neurosketch,table,4,258,9
883,883,1206163_neurosketch,table,4,259,10
884,884,1206163_neurosketch,table,4,260,11
885,885,1206163_neurosketch,table,4,261,12
886,886,1206163_neurosketch,table,4,262,13
887,887,1206163_neurosketch,table,4,263,14
888,888,1206163_neurosketch,table,4,264,15
889,889,1206163_neurosketch,table,4,265,16
890,890,1206163_neurosketch,table,4,266,17
891,891,1206163_neurosketch,table,4,267,18
892,892,1206163_neurosketch,table,4,268,19
893,893,1206163_neurosketch,table,4,269,20
894,894,1206163_neurosketch,table,4,270,21
895,895,1206163_neurosketch,table,4,271,22
896,896,1206163_neurosketch,table,4,272,23
897,897,1206163_neurosketch,bed,4,280,1
898,898,1206163_neurosketch,bed,4,281,2
899,899,1206163_neurosketch,bed,4,282,3
900,900,1206163_neurosketch,bed,4,283,4
901,901,1206163_neurosketch,bed,4,284,5
902,902,1206163_neurosketch,bed,4,285,6
903,903,1206163_neurosketch,bed,4,286,7
904,904,1206163_neurosketch,bed,4,287,8
905,905,1206163_neurosketch,bed,4,288,9
906,906,1206163_neurosketch,bed,4,289,10
907,907,1206163_neurosketch,bed,4,290,11
908,908,1206163_neurosketch,bed,4,291,12
909,909,1206163_neurosketch,bed,4,292,13
910,910,1206163_neurosketch,bed,4,293,14
911,911,1206163_neurosketch,bed,4,294,15
912,912,1206163_neurosketch,bed,4,295,16
913,913,1206163_neurosketch,bed,4,296,17
914,914,1206163_neurosketch,bed,4,297,18
915,915,1206163_neurosketch,bed,4,298,19
916,916,1206163_neurosketch,bed,4,299,20
917,917,1206163_neurosketch,bed,4,300,21
918,918,1206163_neurosketch,bed,4,301,22
919,919,1206163_neurosketch,bed,4,302,23
