,IDs,AnchoredTrainedDiff_V1,AnchoredTrainedDiff_V2,AnchoredTrainedDiff_LOC,AnchoredTrainedDiff_IT,AnchoredTrainedDiff_fusiform,AnchoredTrainedDiff_parahippo,AnchoredTrainedDiff_PRC,AnchoredTrainedDiff_ento,AnchoredTrainedDiff_hipp,AnchoredTrainedDiff_mOFC,AnchoredTrainedDiff_Frontal,AnchoredTrainedDiff_Parietal,AnchoredTrainedDiff_supraMarginal,AnchoredTrainedDiff_Insula,AnchoredTrainedDiff_postCentral,AnchoredTrainedDiff_preCentral,AnchoredControlDiff_V1,AnchoredControlDiff_V2,AnchoredControlDiff_LOC,AnchoredControlDiff_IT,AnchoredControlDiff_fusiform,AnchoredControlDiff_parahippo,AnchoredControlDiff_PRC,AnchoredControlDiff_ento,AnchoredControlDiff_hipp,AnchoredControlDiff_mOFC,AnchoredControlDiff_Frontal,AnchoredControlDiff_Parietal,AnchoredControlDiff_supraMarginal,AnchoredControlDiff_Insula,AnchoredControlDiff_postCentral,AnchoredControlDiff_preCentral,UnanchoredTrainedDiff_V1,UnanchoredTrainedDiff_V2,UnanchoredTrainedDiff_LOC,UnanchoredTrainedDiff_IT,UnanchoredTrainedDiff_fusiform,UnanchoredTrainedDiff_parahippo,UnanchoredTrainedDiff_PRC,UnanchoredTrainedDiff_ento,UnanchoredTrainedDiff_hipp,UnanchoredTrainedDiff_mOFC,UnanchoredTrainedDiff_Frontal,UnanchoredTrainedDiff_Parietal,UnanchoredTrainedDiff_supraMarginal,UnanchoredTrainedDiff_Insula,UnanchoredTrainedDiff_postCentral,UnanchoredTrainedDiff_preCentral,UnanchoredTrainedDiff_V1,UnanchoredTrainedDiff_V2,UnanchoredTrainedDiff_LOC,UnanchoredTrainedDiff_IT,UnanchoredTrainedDiff_fusiform,UnanchoredTrainedDiff_parahippo,UnanchoredTrainedDiff_PRC,UnanchoredTrainedDiff_ento,UnanchoredTrainedDiff_hipp,UnanchoredTrainedDiff_mOFC,UnanchoredTrainedDiff_Frontal,UnanchoredTrainedDiff_Parietal,UnanchoredTrainedDiff_supraMarginal,UnanchoredTrainedDiff_Insula,UnanchoredTrainedDiff_postCentral,UnanchoredTrainedDiff_preCentral
0,0110171_neurosketch,0.013968704883572464,0.026494451030158545,0.02423165493736476,0.0021446048625658742,0.017852904584031493,-0.0661912590889504,-0.03820058437976376,0.026076062153556012,-0.05699278161251159,-0.04560009867622605,-0.08676674529162146,-0.03507401869512708,-0.012364390094217304,-0.2620237539356607,0.018473084332423007,-0.06604479037217131,0.013968704883572464,0.026494451030158545,0.02423165493736476,0.0021446048625658742,0.017852904584031493,-0.0661912590889504,-0.03820058437976376,0.026076062153556012,-0.05699278161251159,-0.04560009867622605,-0.08676674529162146,-0.03507401869512708,-0.012364390094217304,-0.2620237539356607,0.018473084332423007,-0.06604479037217131,-0.041087519247120674,-0.026712008405360643,0.010066231341251619,-0.0069378420220931325,0.004869095589521422,-0.07115229333436801,0.005917277082305494,-0.033891895822089624,-0.1363456400658185,-0.2068243074955678,-0.040246828318825034,-0.11585422513998855,-0.16267219140019135,-0.3184422920951857,0.005925460455618037,-0.022108403240693963,-0.06064250893581585,-0.029043766590418352,-0.0006135307951117275,-0.045378600330643004,-0.0035891324602412844,-0.0064646750668631014,-0.03469988347264852,2.6600765920314906e-05,-0.06408371880257346,-0.08604076409362249,0.012728826724875575,-0.09676586146514876,-0.11452053300080922,0.15853751441556008,-0.11727187107192066,-0.024000561827240974
1,0110172_neurosketch,-0.01025612051007918,-0.0012195994900630058,0.024392649239303704,-0.04556825474497661,-0.019245589687206077,-0.008815757597924578,0.007859239341714286,0.026257817222510138,-0.007712592973827759,-0.1052049444208687,-0.10085134634951987,-0.08930024653271912,-0.027658500304378164,-0.17486833554236414,-0.0720556871403201,-0.05025941989933874,-0.01025612051007918,-0.0012195994900630058,0.024392649239303704,-0.04556825474497661,-0.019245589687206077,-0.008815757597924578,0.007859239341714286,0.026257817222510138,-0.007712592973827759,-0.1052049444208687,-0.10085134634951987,-0.08930024653271912,-0.027658500304378164,-0.17486833554236414,-0.0720556871403201,-0.05025941989933874,-0.042306240756477265,-0.05372533257849338,-0.05386225350723667,-0.18301568773601595,-0.10101331621069887,-0.3499581934029028,-0.13086250332591243,-0.09349589786842993,-0.24205159484046945,-0.19022517678065065,0.13554026180506573,-0.15426038108111917,-0.04847082140197323,-0.3001745596434081,-0.12326499771989602,-0.08988972524728978,0.028184276972001654,0.0033672490224021523,-0.005613015662364718,-0.03831358894348258,-0.02321715757788001,0.017922497024971062,-0.030602161267982653,-0.01759998123494877,-0.1158214954058493,0.012602719347479363,-0.00552353605486644,-0.01678566022164435,-0.020837022156445117,0.11676675765405076,-0.09896116368906183,0.01059660288950559
2,0111171_neurosketch,0.06765891402446633,0.03772071899370377,0.04425285376162369,0.078618730458266,0.021371220932028867,-0.09343221035551169,-0.043942360378610434,-0.033466597898229034,0.0006044109913394546,0.08148115493737929,-0.050641529953527,0.06078974901599912,0.07111064207645607,0.11791928315803754,-0.14393495809259954,-0.04265496980136507,0.06765891402446633,0.03772071899370377,0.04425285376162369,0.078618730458266,0.021371220932028867,-0.09343221035551169,-0.043942360378610434,-0.033466597898229034,0.0006044109913394546,0.08148115493737929,-0.050641529953527,0.06078974901599912,0.07111064207645607,0.11791928315803754,-0.14393495809259954,-0.04265496980136507,0.08694684342040104,0.05326618936287586,0.052864630094221376,0.13356120126842475,0.038545143505478885,-0.005218844556752589,-0.018467560083610945,-0.01100025225916057,0.017315002514378564,-0.011494860950940211,-0.13391346545636584,0.07735814846932099,0.09388080699238821,-0.08836963431154521,-0.08046347983033642,-0.004274515424695702,0.07348084979365677,0.06260094372996172,0.03489268852321503,0.023573677278101668,0.024839969566932907,0.008776858869301796,-0.005794390181120379,-0.050808716377852114,0.009088656139994877,0.05952237677895433,0.007580383226312382,0.08706917755106836,0.08522591341511698,-0.0309739223835781,0.21911319655015626,0.11797929937344842
3,0112171_neurosketch,-0.0008416033598336037,0.002255441844105255,-0.03408743236897635,-0.05269757775905942,-0.05588679881788228,-0.0123477193362177,0.06400326910938309,0.10386678799624638,-0.08204375928272234,0.04998242469993541,-0.0032094622756254076,-0.008233591464068851,0.03897818548550458,0.1647245269606497,0.07005050135218047,-0.005159782914542443,-0.0008416033598336037,0.002255441844105255,-0.03408743236897635,-0.05269757775905942,-0.05588679881788228,-0.0123477193362177,0.06400326910938309,0.10386678799624638,-0.08204375928272234,0.04998242469993541,-0.0032094622756254076,-0.008233591464068851,0.03897818548550458,0.1647245269606497,0.07005050135218047,-0.005159782914542443,-0.032762757529592124,-0.02043338577027065,0.02004339091725471,-0.02118098063999796,-0.07551906890471244,-0.0009168885152198714,0.08022265806721218,0.0864771321708061,-0.06888458707064438,-0.02513435903539407,0.07206318932843314,0.040442191716174636,0.027253039849382876,0.3123748912139095,-0.01959964349241855,-0.005071897677296211,0.1081575722834488,0.10027544067527194,0.024185126849484984,0.02867838934839917,-0.017967812301052155,0.02613813649808938,-0.0154840009858781,0.05412902386999119,-0.05698661438879493,-0.0031925249922947208,-0.007695164937487786,0.025094231117322896,0.12382635892284377,0.3037843930508852,0.152861044215082,0.04487421133955988
4,0112172_neurosketch,0.015041669094789933,0.002949146682696857,0.002315168223880948,-0.00010098856210488671,0.007229709328399836,0.003432313443169077,-0.03373105273010801,-0.010260828473186434,-0.02136191796025466,0.0377813835422911,0.12994371948211458,0.010974864857806688,0.0639371344537027,0.04759064334152624,0.06255028784271582,0.0014257098295129556,0.015041669094789933,0.002949146682696857,0.002315168223880948,-0.00010098856210488671,0.007229709328399836,0.003432313443169077,-0.03373105273010801,-0.010260828473186434,-0.02136191796025466,0.0377813835422911,0.12994371948211458,0.010974864857806688,0.0639371344537027,0.04759064334152624,0.06255028784271582,0.0014257098295129556,-0.046884789146578454,-0.03516594903097425,-0.028634948260208792,-0.026832259123233726,-0.012058948081054677,-0.09090373658655959,-0.07013583472054219,-0.05162178456714728,-0.011614579017752202,0.00579231670047009,0.0877920422930753,-0.05557996935777665,0.03406951332441921,0.17039657666045444,0.0478011837150536,-0.01230928311329993,-0.02909472088030929,0.01373057039572212,0.013986651985572918,0.07264830040748838,-0.0036736832084289794,-0.013140205681634987,-0.029092301099973183,0.007124190522661111,0.039761808251288056,0.03821979209422954,-0.13231831954210072,0.06692331988108946,0.059256478497946574,-0.005312115498669279,0.061465927571575874,-0.0014053305472746525
5,0112173_neurosketch,0.016727939478750925,-0.014799037528696435,-0.022754075933390544,-0.010832462711020396,0.0010408501153962857,0.003861713266153588,-0.04791365471965525,-0.06052048608455041,-0.015561027176323683,-0.011806157014850438,0.011469493003214981,0.018139612065047384,-0.06713673994567307,0.04949196365895775,-0.028735486566341145,0.007752979610190502,0.016727939478750925,-0.014799037528696435,-0.022754075933390544,-0.010832462711020396,0.0010408501153962857,0.003861713266153588,-0.04791365471965525,-0.06052048608455041,-0.015561027176323683,-0.011806157014850438,0.011469493003214981,0.018139612065047384,-0.06713673994567307,0.04949196365895775,-0.028735486566341145,0.007752979610190502,0.010258512478624138,-0.03342430412097375,-0.03609019076161685,-0.051223834455681794,-0.0263119944264687,-0.007551821327065222,-0.0588051678726611,-0.04370118190469785,-0.032144075832588825,-0.018721807251878442,0.0687439202426795,-0.010744242089367584,-0.035493262207233034,-0.015902871940411845,-0.06211225800559339,-0.04869955323458952,0.03826728280625058,0.04636770940959767,0.02258007421996744,-0.04535354054977869,0.04678771686412242,-0.040491253862291465,0.00861334154800908,-0.02628304031171258,0.01317411450453021,-0.03584843267257021,0.004575186585571767,0.025456441143596242,0.034739625260586715,0.012906860412341348,0.008788440427232314,0.00512293480640913
6,0113171_neurosketch,0.005762241015260683,-0.005911226488960503,-0.007162471505087725,0.02232567079874942,-0.005747674752076076,0.03514294182723665,0.042849314650814874,-0.00746935440638985,0.008293509065061322,0.023379901902538414,-0.018183708189338538,0.04027379208955226,-0.01183913742584164,0.3206123879743533,-0.016946178744455587,0.012239450336624352,0.005762241015260683,-0.005911226488960503,-0.007162471505087725,0.02232567079874942,-0.005747674752076076,0.03514294182723665,0.042849314650814874,-0.00746935440638985,0.008293509065061322,0.023379901902538414,-0.018183708189338538,0.04027379208955226,-0.01183913742584164,0.3206123879743533,-0.016946178744455587,0.012239450336624352,-0.05480519908552017,-0.04059796541803734,-0.028682251130625336,0.027405781950000097,-0.015108849111475198,0.03209966300436673,0.0961182219060791,0.046675026446270196,0.06101059510147644,0.04990732161173905,-0.039693152065936654,0.01944321894076312,-0.0040042932656045305,0.40392953077926497,0.026678335128666075,0.018642385972737152,-0.032206670165368156,-0.025496467848319715,0.0007771934048357299,-0.00612909079188062,-0.027947259447956896,-0.05147266721651378,-0.06399120885834764,-0.03324448334156571,-0.026203203892578575,-0.03909520274918876,-0.06236585447113452,-0.023212706578739917,-0.032565504180639415,0.05557598480863768,-0.006337632315882691,-0.0189131491278699
7,0115174_neurosketch,0.014233888906905301,0.04545252526488891,0.041848835761988806,0.08138110383047459,0.08555320199498417,0.13378584581944258,-0.0004194803299327754,0.04512945246400579,0.05992234859283302,-0.023120190921646744,0.062108809711250657,-0.029239865630206252,-0.05223652827478281,0.1307435958911531,-0.11146682422591478,-0.021743271915042772,0.014233888906905301,0.04545252526488891,0.041848835761988806,0.08138110383047459,0.08555320199498417,0.13378584581944258,-0.0004194803299327754,0.04512945246400579,0.05992234859283302,-0.023120190921646744,0.062108809711250657,-0.029239865630206252,-0.05223652827478281,0.1307435958911531,-0.11146682422591478,-0.021743271915042772,-0.024325760258413487,-0.023149087294114135,-0.031859932882338404,-0.06332488854928708,-0.018418800197968543,0.03996525374191673,-0.057618383188967726,-0.021945030022973655,0.00504086400735837,-0.03072578692378014,0.09157262238854302,-0.07282289141342635,-0.030328599690165214,-0.1374264682522715,-0.0855193182267856,-0.03065806224948131,0.016781770618737313,0.008201321334568634,-0.06052910759125579,-0.029277647769631487,-0.024053886956056703,0.13696803329620683,0.04049965424333224,0.021894096776415406,-0.018766383587170532,0.0055164078302730735,-0.009159585848738327,-0.08059014616090332,-0.025491643720689683,0.023902490883822347,-0.03280622011702372,-0.03187186089814131
8,0117171_neurosketch,-0.04165411294836657,-0.045520571373801,-0.12264098689349878,-0.0375043456851652,-0.0629082571033523,0.021395054050494022,0.021777624083029634,-0.05857628921994046,0.009962997686669472,-0.06755680919742796,-0.03544551667510329,-0.09102115960795693,-0.06914727178761582,-0.046356019036446816,-0.05914388688060024,-0.06242151395121093,-0.04165411294836657,-0.045520571373801,-0.12264098689349878,-0.0375043456851652,-0.0629082571033523,0.021395054050494022,0.021777624083029634,-0.05857628921994046,0.009962997686669472,-0.06755680919742796,-0.03544551667510329,-0.09102115960795693,-0.06914727178761582,-0.046356019036446816,-0.05914388688060024,-0.06242151395121093,0.057694255769932035,0.04019166965664378,-0.045396626624418845,0.04976488306582594,-0.007543482964023185,0.055457004964947654,0.03424888090686373,-0.06800110218402056,-0.017456071767438353,-0.03101657234070332,-0.030593512743382845,-0.03646754580204287,0.04996240275219721,-0.18619506012573916,0.14771038112408852,0.009829017978167487,-0.015386633313735354,0.025960819986707073,0.02340891163634845,0.008426211922428983,-0.01649675611706003,-0.10097371781241204,-0.01596171318855566,-0.003247194788562058,-0.006324663302257116,0.01353148550162242,-0.06736653947108318,0.013592247285187598,0.03409008860551155,-0.052836290878432335,-0.04734709058444381,-0.011302559159249492
9,0118171_neurosketch,-0.030962202635752223,-0.025348847433187605,0.0014321406204791387,-0.061912148563735114,-0.04428176388259514,0.014298347405028555,-0.04040284435442143,0.06013399677690229,-0.025998955208991703,-0.025340236233235003,-0.04770181936193535,-0.1813937709584464,-0.04028203177390166,0.11268057557723321,0.015565044800265548,-0.035792504114260826,-0.030962202635752223,-0.025348847433187605,0.0014321406204791387,-0.061912148563735114,-0.04428176388259514,0.014298347405028555,-0.04040284435442143,0.06013399677690229,-0.025998955208991703,-0.025340236233235003,-0.04770181936193535,-0.1813937709584464,-0.04028203177390166,0.11268057557723321,0.015565044800265548,-0.035792504114260826,-0.06147865133859087,-0.03558802184788046,-0.0019814577985269866,-0.019669779593292747,-0.05053716498366334,-0.030749697961682476,-0.12965220059864646,-0.017887796525045685,-0.04253186469821746,-0.01463284501080897,-0.1427589444595052,-0.14555172761027035,0.008975563318783686,0.04884565638534322,-0.01703151483177978,-0.025959543761903126,-0.015787826261632665,-0.021371480138999477,-0.06831339556904975,-0.06436654332491853,-0.011877507176423219,0.06006003033303564,-0.055666207044599236,-0.07017735519722745,-0.012664611245346569,-0.03412788354407803,-0.12458924285363338,-0.09274917595867826,-0.01667831631023109,0.18958405631041386,0.04470855279439112,-0.037431801071821535
10,0118172_neurosketch,-0.08694374840484292,-0.06967835778126205,-0.14277404059437154,-0.06707824388161165,-0.03916789726832093,-0.04342887384249183,0.04092556389934787,-0.03408939911626391,0.04680369271177709,0.026399197290521093,,-0.1192761235149303,-0.13416270178214557,-0.07620854995182266,-0.018433264348006795,-0.09741738294698477,-0.08694374840484292,-0.06967835778126205,-0.14277404059437154,-0.06707824388161165,-0.03916789726832093,-0.04342887384249183,0.04092556389934787,-0.03408939911626391,0.04680369271177709,0.026399197290521093,,-0.1192761235149303,-0.13416270178214557,-0.07620854995182266,-0.018433264348006795,-0.09741738294698477,-0.08015625461050924,-0.08049177205137115,-0.09289609349103733,-0.04544952734051999,-0.03474433926105447,-0.11750583162013484,0.012339918048575815,-0.026766171927957494,0.02284858305467763,-0.04987836148710134,,-0.041649137558015026,-0.03852455799102816,-0.11622663569325886,-0.0022351677759669397,-0.120799638179384,-0.17811362282354642,-0.13597280577725773,-0.025000806902046868,-0.10241173474665877,0.002849187165699485,-0.014937988444874373,-0.023021004062456774,-0.004226947374289525,-0.036120573206998685,0.039341267268938496,,-0.019654916233574293,-0.033536025361593835,-0.301129434734154,-0.08656604908522036,0.03705761809422181
11,0119171_neurosketch,-0.03488416062791555,-0.03337295888255176,-0.013691265159768262,-0.003006960302943784,-0.0002909512584780005,-0.07856608301312074,-0.0061912940095738556,0.024835610832360355,-0.009297368666859596,-0.09050344463297566,0.002014936458001798,-0.0020176962685784505,-0.011596877676770145,-0.011207671038553302,0.015877912226159058,-0.005133467616580872,-0.03488416062791555,-0.03337295888255176,-0.013691265159768262,-0.003006960302943784,-0.0002909512584780005,-0.07856608301312074,-0.0061912940095738556,0.024835610832360355,-0.009297368666859596,-0.09050344463297566,0.002014936458001798,-0.0020176962685784505,-0.011596877676770145,-0.011207671038553302,0.015877912226159058,-0.005133467616580872,-0.01916033386975524,-0.02081039709836957,-0.03111609825960282,-0.007608947240051844,-0.0071457479826625425,0.02155612611718616,0.01732193601656662,0.0027455853478532966,-0.058439558394762336,-0.06777523370890148,0.02360408071967851,-0.011460905229250251,-0.004600901241558264,0.002551508740185615,-0.010640722641549472,-0.0024826254945359283,0.012060754524004347,-0.009511734251849313,0.007057963632629616,0.03047592963829604,0.02092165258668366,0.1273628105470732,0.052590383219953574,0.022581231627827325,-0.0076108837235706606,-0.020602595771048837,0.04105198892124018,0.0026033492438123362,-0.05652463565091875,-0.01004178660520516,0.05023146232840936,-0.013074785514247955
12,0119172_neurosketch,-0.012171054541451731,-0.028047840450647288,-0.02344890425281168,-0.01558890835786414,-0.017868413860245402,-0.060870165118427466,-0.06953059692462266,0.010904558456973523,-0.027207080706048326,-0.013738704121792122,0.03476863347475251,-0.028127839140382194,0.030840828732961012,0.09175849366740263,-0.02651857333435992,-0.02465851984542694,-0.012171054541451731,-0.028047840450647288,-0.02344890425281168,-0.01558890835786414,-0.017868413860245402,-0.060870165118427466,-0.06953059692462266,0.010904558456973523,-0.027207080706048326,-0.013738704121792122,0.03476863347475251,-0.028127839140382194,0.030840828732961012,0.09175849366740263,-0.02651857333435992,-0.02465851984542694,0.015168197244378012,0.007927353854634944,-0.03675128128718713,-0.018577219243495535,0.014997588439124354,0.005176181909484323,-0.06092538631342226,0.03825922177306773,0.0040938741644228616,0.015378254053191931,0.043178906633553504,-0.017510007810157213,0.03372931503883059,0.04435870019187682,0.04349669709360782,-0.01004893095597037,0.012226941956989923,-0.013591155787179732,-0.04968136280697899,-0.12698210770825036,-0.14647355520641814,-0.4285969443314741,-0.24571750059965913,-0.06701386786235297,-0.3030975101254202,-0.09012755815011142,-0.574425870327217,-0.1306367877109209,-0.15521872226838718,-0.328268858675107,-0.06339042512407889,-0.16939523174994697
13,0119173_neurosketch,-0.0751303018838867,-0.04082860153607773,-0.013299484765941255,0.016899171319779305,0.00666636167881407,-0.0006311430802143358,-0.02175529158961853,-0.0394184201365998,0.03609082404152275,0.035584504242352766,0.03902386655529061,-0.06855229337405555,-0.0062251597782292944,-0.083914273829795,-0.045347165691753816,0.019379034431582953,-0.0751303018838867,-0.04082860153607773,-0.013299484765941255,0.016899171319779305,0.00666636167881407,-0.0006311430802143358,-0.02175529158961853,-0.0394184201365998,0.03609082404152275,0.035584504242352766,0.03902386655529061,-0.06855229337405555,-0.0062251597782292944,-0.083914273829795,-0.045347165691753816,0.019379034431582953,-0.015925389962767045,-0.005614833595055102,-0.004785227438550255,0.07069685529811254,0.01959284084699353,0.02179977746924977,-0.020465374498441102,0.0019983685336947277,0.04409883150727312,0.05412784470589671,-0.1356457342253825,-0.005345013334886961,0.062191282092323386,-0.20403800712397557,-0.03803227119430441,0.0018934701506948537,0.023213333303880146,0.015417165261019994,0.011690124501862853,0.060687060668790704,0.032455660827831245,0.027990168706056306,0.06576470970630843,0.09671252386118057,0.04194967722760534,0.024037624096230892,-0.13426481698981763,0.011270490610777784,0.012676317789451108,-0.04277643233842432,0.04569609675862085,0.058407389497518225
14,0119174_neurosketch,0.0076571304623322956,-0.024479194056453935,-0.0013261121035999524,0.014957130952203801,0.014566941847108716,-0.016999536761478307,0.0014139192204356,0.06293035705244521,0.07029888513764226,-0.001503992573859525,-0.04257206840741817,-0.030067415496870475,0.08817073283853069,-0.04594159695219496,0.03044602388359302,-0.05006630810066626,0.0076571304623322956,-0.024479194056453935,-0.0013261121035999524,0.014957130952203801,0.014566941847108716,-0.016999536761478307,0.0014139192204356,0.06293035705244521,0.07029888513764226,-0.001503992573859525,-0.04257206840741817,-0.030067415496870475,0.08817073283853069,-0.04594159695219496,0.03044602388359302,-0.05006630810066626,-0.10736412233181325,-0.09094532274504946,-0.03092440420639303,0.037639550767058605,0.019644199964862608,0.010042635396380284,0.01491466753413484,0.0223090869443337,0.03420423839222553,-0.07554057815880544,-0.032562768009432974,-0.03269441869398171,0.09373479048614675,-0.04606274012961831,0.010277080087920054,-0.05455222416327071,-0.0008896300616534347,-0.015729364733093998,0.001488646142787542,0.055012576387753254,0.006205767914561622,-0.04076286607409185,0.001372135078485992,-0.023667598215005747,0.01976147754225588,-0.0100496517708345,-0.017084275521308367,0.0028978736589648224,-0.0024177306378849184,0.08618103762787954,0.0005892151487823516,0.03182431110529077
15,0120171_neurosketch,0.04149852984249039,0.02353812801961197,0.005835610245886386,-0.029432075849349315,-0.004397904107992151,0.09121403006896245,0.050215643159995604,0.06520345717277043,-0.003406692809392764,0.05013872617410192,-0.01640749434878863,-0.020935287502511724,-0.052765386042444073,-0.10463273286398334,0.009290254593004976,0.013343816054400992,0.04149852984249039,0.02353812801961197,0.005835610245886386,-0.029432075849349315,-0.004397904107992151,0.09121403006896245,0.050215643159995604,0.06520345717277043,-0.003406692809392764,0.05013872617410192,-0.01640749434878863,-0.020935287502511724,-0.052765386042444073,-0.10463273286398334,0.009290254593004976,0.013343816054400992,0.009647832636781928,0.0100660649805131,-0.020929097696560373,-0.03803082086781562,-0.022146187103946557,0.036987407170270714,-0.010747419918194723,-0.02084341880168672,0.04609629534651605,0.04380243651277638,0.16139237614850366,-0.037952257713059434,-0.11185142123554803,-0.2144595575765018,-0.04757365102816091,0.010737680291496687,0.029050972003504483,0.020930340700730354,0.01611619231152006,0.08203440500284798,-0.007520852450773441,-0.016265568002001407,0.04689249090238512,0.11605010131362836,-0.059624874261555494,-0.015917175121169302,0.028601981126316678,0.1143324279631428,0.06965896883339251,0.12854356074746898,0.07992697224761136,0.004446937207315704
16,0120172_neurosketch,0.02917318025995147,0.014392159697471124,0.01564744249326394,0.019034872790843926,-0.013780275634435069,-0.02401078403161122,0.03502883370152449,0.02828352209473689,0.06402236337916195,0.004180630771709382,0.04669308156453808,0.0835829647119517,-0.022294599565605533,0.10176329157581587,0.00045125758143638173,-0.019785075326486046,0.02917318025995147,0.014392159697471124,0.01564744249326394,0.019034872790843926,-0.013780275634435069,-0.02401078403161122,0.03502883370152449,0.02828352209473689,0.06402236337916195,0.004180630771709382,0.04669308156453808,0.0835829647119517,-0.022294599565605533,0.10176329157581587,0.00045125758143638173,-0.019785075326486046,0.055723822222711106,0.03756880006108326,0.02115139436328939,0.021750377042422442,-0.01351421097977279,-0.01794059890026667,0.08604513915776979,0.1358846622572666,0.021216417013252387,0.0404133797673325,0.027306120652136834,0.10907356134850549,-0.025190854689895348,0.008749890572160468,-0.03588405895154845,0.007913301057012045,0.012183272341175944,0.018411826553210164,0.04815840684109818,0.058047776138452356,0.04330795238213325,0.05121198790151271,0.0405753150521615,0.13669867415496761,0.1298334498533784,0.1646259015601368,0.03572899828111231,0.06388825419139704,-0.028356684883100225,0.02452307939516185,0.016692147393323697,0.007251959333953506
17,0120173_neurosketch,-0.4323656925043956,-0.3150217785749656,0.003872135027576329,-0.08042181174733548,-0.04153429592904051,-0.035885565510152095,0.002413758098129104,-0.02780758183943388,-0.0265949061851809,-0.06450255346215444,0.04201220511738091,-0.0752970595849149,-0.07538485455864263,0.09674478172547546,-0.01907497934033564,-0.018040038743020737,-0.4323656925043956,-0.3150217785749656,0.003872135027576329,-0.08042181174733548,-0.04153429592904051,-0.035885565510152095,0.002413758098129104,-0.02780758183943388,-0.0265949061851809,-0.06450255346215444,0.04201220511738091,-0.0752970595849149,-0.07538485455864263,0.09674478172547546,-0.01907497934033564,-0.018040038743020737,-0.45962427445643983,-0.33730517783240044,0.011916176539471968,-0.053723094755568135,-0.03762077132326158,-0.028607800587775234,-0.03299375848734176,-0.022111113475833943,-0.011652201095008752,0.007946202853776008,0.03336108097172774,-0.1026055627564042,-0.18980571341617725,0.07778635122000865,-0.3768785581945425,-0.062082641162930496,-0.10306160356474381,-0.13783132878115933,-0.00744146016188052,-0.016643931585428318,0.03151331392345136,0.049082297032116196,0.03376755820025845,0.0648655020624439,0.01391824363890204,-0.030220711708149106,0.03611627720448829,0.03512314027758867,0.06908189587502478,0.20862397795620236,-0.021147997051756295,-0.04925173910613445
18,0123171_neurosketch,-0.04959915809218213,-0.021766848034033476,0.017924506661243234,0.03412440804570266,0.002453032132418681,-0.02588475108675664,-0.034618394486627735,-0.10419874717858801,-0.01075201270420073,-0.03308760169508662,-0.11965371127450808,-0.009444465828781001,0.17818974992659947,0.05944005673756331,0.2094427795814794,-0.008342123414388447,-0.04959915809218213,-0.021766848034033476,0.017924506661243234,0.03412440804570266,0.002453032132418681,-0.02588475108675664,-0.034618394486627735,-0.10419874717858801,-0.01075201270420073,-0.03308760169508662,-0.11965371127450808,-0.009444465828781001,0.17818974992659947,0.05944005673756331,0.2094427795814794,-0.008342123414388447,-0.00669189140712978,0.00311291371183009,0.003642400990378769,0.0006737216980248206,0.004080181666141436,-0.018271087799627383,0.015706730623409215,-0.14577550893597668,-0.007217120295079704,-0.005933735721233679,0.09158379127539229,-0.007255474040332555,0.12777801912929443,0.042944710104673156,0.02381868375258167,-0.024149521216103365,-0.014846788362756214,0.00700144376591616,0.004159312146982452,-0.03561320361846132,0.022196639777200156,-0.007264473051245335,0.03777601186471213,0.03772578853075981,-0.024012188136253942,-0.07826268051714436,-0.40982473144527176,-0.029984649960802523,-0.05758273748141274,0.08991707856429898,-0.022862129017078292,0.01620835301180501
19,0123173_neurosketch,-0.011611887507143814,-0.008164357489987922,-0.029878176012423874,0.06313855032146054,-0.0007976878995986647,0.057612593864886874,-0.0025882321811364073,-0.05052510016157741,-0.058458297750281996,-0.004984137925099108,0.031336996406339745,0.023658121568181006,0.003175939083679802,0.27116860077724064,0.06848648100205934,0.12822516642979784,-0.011611887507143814,-0.008164357489987922,-0.029878176012423874,0.06313855032146054,-0.0007976878995986647,0.057612593864886874,-0.0025882321811364073,-0.05052510016157741,-0.058458297750281996,-0.004984137925099108,0.031336996406339745,0.023658121568181006,0.003175939083679802,0.27116860077724064,0.06848648100205934,0.12822516642979784,-0.02089648614388495,-0.011979009472067259,-0.026020371424673172,-0.07347857784902834,0.00026513872114897197,0.04991612750370944,-0.0013450199009876762,-0.06428448275032639,-0.09357342199896423,0.01116643077846613,0.02274092329668187,-0.027416419374914625,-0.028125088626675288,0.024206371963903073,0.02756180599115493,0.083624063694139,-0.08611237908500052,-0.062171122091987996,-0.10834609686204544,-0.10489919591850438,-0.02377678686842294,-0.037611754595127,-0.016160126755547788,0.046280550063588666,-0.13796445555214176,-0.03200405914508819,0.32472068352590466,-0.10731071315317481,-0.163043317223451,-0.18614840363375385,-0.10622250129390043,-0.07405034912506059
20,0124171_neurosketch,0.007906916039944867,0.008692728759410712,-0.011076300817268181,-0.014457397953150597,-0.009694777354647827,-0.028988179720029428,0.012793384504584726,0.01083220889833969,-0.006084933858019115,-0.006338295905674252,0.04418589520599869,0.010627757648041275,-0.01166139463419913,0.13105603745579453,0.005173910998694242,0.02028456351537944,0.007906916039944867,0.008692728759410712,-0.011076300817268181,-0.014457397953150597,-0.009694777354647827,-0.028988179720029428,0.012793384504584726,0.01083220889833969,-0.006084933858019115,-0.006338295905674252,0.04418589520599869,0.010627757648041275,-0.01166139463419913,0.13105603745579453,0.005173910998694242,0.02028456351537944,0.012310549051504305,0.0173163999409624,-0.02102219144813061,-0.012526860537255269,-0.02453330211021043,-0.06469199158654226,-0.05408311047560521,-0.05965332406546131,-0.10225291251541702,-0.03948994452109611,-0.03889099391423945,-0.011535531989397163,-0.015844628632602498,0.15149397911838303,0.017453708521329325,-0.06656601105865112,0.033691970967019425,0.01208345544351852,0.005659570582722706,0.0440398558779278,-0.0009136196786579398,-0.01340114045079055,-0.04690940261219634,-0.07345075630727949,-0.08255280458605507,-0.09996233193459247,-0.06686921377016752,0.004400403761069094,-0.031844483234706455,-0.15273347248609048,-0.027015695469307488,-0.10001804672402581
21,0125171_neurosketch,0.04053788425885374,0.03699833965426397,0.03243379233651403,0.07032663537246703,0.03013497342647445,0.04809739269333069,-0.020972599568141237,0.06690970074131075,0.0026023841989504803,-0.0029199226347518814,-0.019720935891551494,0.06086277497743736,-0.04460669291581315,0.019502310502686804,0.038860062625034164,0.03067246897847553,0.04053788425885374,0.03699833965426397,0.03243379233651403,0.07032663537246703,0.03013497342647445,0.04809739269333069,-0.020972599568141237,0.06690970074131075,0.0026023841989504803,-0.0029199226347518814,-0.019720935891551494,0.06086277497743736,-0.04460669291581315,0.019502310502686804,0.038860062625034164,0.03067246897847553,0.027854342500602314,0.03167044331187957,0.05013378011350034,0.11969356859665004,0.03257801691372619,0.06096799139761033,0.012631867438862465,0.0013418790092021293,0.03736258462151271,0.01979419356748413,0.04731520295107766,0.08821898753085,0.010714240202065572,-0.015467864378422402,0.010102730922670333,0.05287182122955092,0.010714991496857174,-0.0046645283298932805,-0.0018738988364983,0.002315880861427977,-0.019694470533846375,-0.04331876371704013,-0.04044931505405014,-0.04244781322922242,0.015200059510908692,-0.02804302482862331,-0.014291802842671397,0.0022472897799605818,-0.011353352148335105,0.15912588602619004,-0.003384090370650683,0.016161049586012388
22,0125172_neurosketch,0.007756484419603915,0.0053633492452618,-0.0006066276901613987,0.0925372864644558,0.015672527887291482,0.03726029209539078,0.03166792879752728,-0.011662060499069704,0.021579864174520458,-0.017111955101492438,0.06592071938193772,0.020162104784573337,0.03613117755148737,-0.1271981240874569,0.08536143774505778,-0.00686874827028866,0.007756484419603915,0.0053633492452618,-0.0006066276901613987,0.0925372864644558,0.015672527887291482,0.03726029209539078,0.03166792879752728,-0.011662060499069704,0.021579864174520458,-0.017111955101492438,0.06592071938193772,0.020162104784573337,0.03613117755148737,-0.1271981240874569,0.08536143774505778,-0.00686874827028866,0.004046288186318359,0.0012558849416606233,-0.0014767168669123087,0.035918921412837146,-0.002654244682543383,0.02278860398106186,0.02339283320802288,0.050130368753510846,0.003752628290816018,0.0025400224778355796,-0.06255620757122815,0.015349698207031637,-0.021786063658938204,-0.07798673484422713,0.07098031822770601,0.03206543615491375,-0.00808876016316562,-0.0014669162835471705,-4.448001900481113e-05,-0.02285559141237914,0.008513264854534353,0.00795210238443056,0.01613455399535546,-0.03443698237027015,0.017032593488370606,0.03540414090793176,-0.040253084582590914,0.011961973253465097,0.026016342003571502,-0.08510595979560187,-0.018712166362082172,0.0012137880027940362
23,1121161_neurosketch,0.0417942206149009,0.0434373603816256,-0.0007538975168001616,0.07938468205265836,0.10871974650367278,0.027755008333377407,0.047064871386587326,0.031249255796579056,0.013301169135769786,-0.058202753737319646,0.15897202438271335,0.024797956032940327,0.031600412824475954,-0.2615392375190221,-0.0034250982573929556,0.08194113905756145,0.0417942206149009,0.0434373603816256,-0.0007538975168001616,0.07938468205265836,0.10871974650367278,0.027755008333377407,0.047064871386587326,0.031249255796579056,0.013301169135769786,-0.058202753737319646,0.15897202438271335,0.024797956032940327,0.031600412824475954,-0.2615392375190221,-0.0034250982573929556,0.08194113905756145,-0.11996344212696342,-0.06529327198482893,-0.05549046218545994,-0.037591671320551856,0.0023146557980039395,-0.042717605918799806,-0.003957419704169185,0.024362687311028086,-0.08410043201791773,-0.06419198465774734,-0.24774485941149893,-0.09674663597835487,0.030545963746580584,-0.09081235689983336,0.032785404512284844,-0.036487617677227524,0.06898562288596433,0.053564864848413996,0.039957506012640365,0.0456287537130039,-0.029567306693069173,0.022918110250083723,-0.1152902527866988,-0.19955292746313202,-0.015520189281884034,-0.018785455266855267,-0.03645993396633118,-0.07786163325997486,-0.22195889874190722,-0.035001841529909816,-0.07908535774555814,-0.0343839493810526
24,1130161_neurosketch,-0.04621799755219691,-0.03790820869133932,-0.010638033699299138,-0.004105002942870528,-0.030301793748826245,-0.043635791240570265,-0.011384038066480973,-0.052519595445139566,-0.08440327922306051,-0.007639854572296878,0.19286911373312599,0.019663455386096484,0.0724345653843062,0.18696241257093493,0.03970080423653788,0.005235081132858421,-0.04621799755219691,-0.03790820869133932,-0.010638033699299138,-0.004105002942870528,-0.030301793748826245,-0.043635791240570265,-0.011384038066480973,-0.052519595445139566,-0.08440327922306051,-0.007639854572296878,0.19286911373312599,0.019663455386096484,0.0724345653843062,0.18696241257093493,0.03970080423653788,0.005235081132858421,-0.14595863182674362,-0.11976021652219715,-0.058800463109880075,-0.05359515658382985,-0.02127454384466465,-0.03861058426893893,-0.02102841813890599,0.010802030398293971,-0.031570876199051745,-0.02429891029608422,0.2297231722173032,-0.009809897982316684,0.18704813750485294,0.21624812369205837,-0.00958483946503308,-0.0383634085711646,-0.14493571018021867,-0.09267286379423978,-0.09375053549222345,-0.12927130956268418,-0.12634597760334687,-0.1107156993645303,-0.0724105479604823,0.012996141993359522,-0.14183320541006306,-0.047994791177084384,-0.020011586938900705,0.0672106838178611,0.07838526878278163,-0.0031194183590068647,0.005243889621806219,-0.035190108015654364
25,1202161_neurosketch,-0.17951943512434132,-0.22103674111981952,-0.03700622178721824,-0.010324849074794584,-0.13274842125220776,0.11640421009729013,-0.08986430237482163,0.05242886238872707,-0.11175599841280859,-0.08955664087313225,-0.43791538092890664,-0.027474911182220896,-0.02823570557456473,0.12065440173100311,0.05991198331556083,-0.07630278256316353,-0.17951943512434132,-0.22103674111981952,-0.03700622178721824,-0.010324849074794584,-0.13274842125220776,0.11640421009729013,-0.08986430237482163,0.05242886238872707,-0.11175599841280859,-0.08955664087313225,-0.43791538092890664,-0.027474911182220896,-0.02823570557456473,0.12065440173100311,0.05991198331556083,-0.07630278256316353,-0.11881550123148976,-0.21113634559416605,-0.05603581522478318,-0.09905775622817337,-0.14618976258387273,-0.0306905939615556,-0.07254872122503364,-0.0027482391219895153,-0.3010119443968603,-0.11071958255899195,-0.6381576169427285,-0.054121988482004335,-0.15398183745736627,0.17919601205708868,0.032136454167618456,-0.19906779726532953,0.07284366039945633,0.039536091510893656,-0.017492256956459173,-0.06456751999952037,-0.03111076491078113,-0.07825469065775015,-0.03623249767662551,0.0010215097283363672,-0.01657355630541646,0.0007851634060243029,-0.02928798099003055,-0.05175071763607886,-0.10257002958582617,-0.04897239384838803,-0.0052924052804025346,-0.02694392480062391
26,1203161_neurosketch,-0.01508656263900049,0.0002303644424008211,0.008267794479578705,0.047819333890838145,0.03934538930653553,0.08671980772649829,0.07020311436653437,0.07198413479480276,0.06215261415898893,0.022459461950193105,0.034115977153858806,0.05101857088132852,-0.024058069072822708,0.08568093669114296,0.05450355187038858,0.049357865994711536,-0.01508656263900049,0.0002303644424008211,0.008267794479578705,0.047819333890838145,0.03934538930653553,0.08671980772649829,0.07020311436653437,0.07198413479480276,0.06215261415898893,0.022459461950193105,0.034115977153858806,0.05101857088132852,-0.024058069072822708,0.08568093669114296,0.05450355187038858,0.049357865994711536,0.003650254556619381,0.0057305268642400264,0.00610251027370029,0.05656988309316158,0.03213197286037661,-0.12097747107542911,-0.01355148289390673,0.04839052860553483,-0.044597223409518216,-0.007339894943943603,0.05770329736409047,0.05862649380589274,-0.031150173469813303,0.4406068964243415,-0.0611477812521285,0.002494866252853445,-0.17512421836265235,-0.062426790716905156,-0.03924318818071837,-0.08908949363519869,-0.06467651703644517,-0.388079221662498,-0.17170046347691348,-0.06730950068555863,-0.061745712186078716,-0.09177748197994962,-0.04987841487893796,-0.031817444815211926,0.0016376839617585626,-0.26396118565997884,-0.02866279124311466,-0.02208538641105018
27,1206161_neurosketch,0.0029731788731857667,-0.009489445396446916,0.008930099958823573,0.012843298000700942,-0.00670675151723088,-0.15329005691809955,0.012425965058065203,-0.06089694654934047,-0.010469331208414812,0.0210735765137805,-0.05484536733644457,0.0009894268144423624,-0.013246546875490983,0.0642703976336203,0.0362774555041529,0.007356852866374219,0.0029731788731857667,-0.009489445396446916,0.008930099958823573,0.012843298000700942,-0.00670675151723088,-0.15329005691809955,0.012425965058065203,-0.06089694654934047,-0.010469331208414812,0.0210735765137805,-0.05484536733644457,0.0009894268144423624,-0.013246546875490983,0.0642703976336203,0.0362774555041529,0.007356852866374219,-0.00921393057856601,-0.03390348305061042,0.012375558841370982,-0.05379208046286832,-0.0499085653320992,0.03267763441537075,-0.0005997295192412544,-0.021565239300028294,-0.0477161506545124,-0.014921991069823282,-0.0032568931506434806,-0.04064750152351526,-0.002414577005501739,0.005868561544069784,0.013043700576776063,-0.03284472461018828,0.026036948065578436,0.02926137747621027,-0.0008980931494634303,-0.003046802746253796,0.023225740590191557,0.10447671362439814,0.09884057550592051,0.0852388975092131,0.008867235209838342,0.06401970511464328,-0.05317424702829343,-0.03707656749469479,-0.09130169702764879,-0.07910578130670554,0.009204394095929103,0.03883579852576258
28,1206162_neurosketch,0.006908328639836647,0.016941989216896602,0.008996669804571283,0.04287996042511777,0.0019017008771892996,-0.0497592161442697,0.028428937958186462,0.055758967125510706,0.00531494414845779,-0.12639919465740856,0.06309597213202511,0.008104749121970983,0.08592170554461798,0.08599275370721893,0.0014349177197397478,-0.029386442995456397,0.006908328639836647,0.016941989216896602,0.008996669804571283,0.04287996042511777,0.0019017008771892996,-0.0497592161442697,0.028428937958186462,0.055758967125510706,0.00531494414845779,-0.12639919465740856,0.06309597213202511,0.008104749121970983,0.08592170554461798,0.08599275370721893,0.0014349177197397478,-0.029386442995456397,0.08543443213397994,0.08075476455737784,0.00910215424429639,0.05459060978093644,0.02953656163766427,-0.09318074772162299,0.01794403232472286,0.06804923700208798,0.04632659129368477,0.026290635657008066,0.07848070526735712,0.06273563990801773,0.21357781266667142,0.09753600432737242,0.03072626907452536,0.04870126271466152,-0.01650181146834906,-0.04314933351856787,-0.013738003432277823,-0.026051637790773574,0.010363016290807714,0.02577166573986489,-0.02059402711241587,-0.021220220533005874,-0.02300801282059084,-0.06102317031253757,-0.030407934716660534,0.006623600179631928,0.023232965810518535,0.1439772425167436,-0.03559128973239423,-0.030709658140591845
29,1206163_neurosketch,-0.1952939433360853,-0.07273445962023109,-0.015405065616952845,0.016922600783033814,-0.006308721191764427,-0.04623568864234162,-0.06078324814458441,0.029419051276830976,0.036703060376284846,0.050271477944299287,-0.010990449270480956,0.02931805727506198,0.002942636694473366,0.06696791826373791,0.0015556163487946972,-0.010354664373382727,-0.1952939433360853,-0.07273445962023109,-0.015405065616952845,0.016922600783033814,-0.006308721191764427,-0.04623568864234162,-0.06078324814458441,0.029419051276830976,0.036703060376284846,0.050271477944299287,-0.010990449270480956,0.02931805727506198,0.002942636694473366,0.06696791826373791,0.0015556163487946972,-0.010354664373382727,-0.14083601796223166,-0.0662357659129062,-0.016920194680134892,0.02549646563335517,0.004717645917976077,0.02510754562320827,0.04038758096770101,0.10915364552780404,-0.008354171423204937,-0.010038450733437676,-0.04610896210781429,0.03841410166255793,0.01614601666054266,0.050332157676457934,-0.0012978163120179187,0.025291017008089334,0.0029773482999462253,-0.04219640977880773,-0.017083006347294094,0.038784433030011556,0.009247815797012782,-0.0120566686341117,-0.020130734100801018,0.001783866447734539,0.036095656539979815,0.026406378353942217,0.028109841834896065,0.01052033153452786,-0.015210696515283006,-0.05881405859204486,-0.039588028519082163,0.04119252168328169
30,1207162_neurosketch,0.006778303296834182,0.006076445049898488,0.014918578662444726,0.06112462508917629,0.011551794190898718,-0.020393219153074793,0.004546130756080402,0.04071597850879971,0.0005529327405387474,0.07186721289652159,-0.10913330140085883,0.0074471825675803405,0.013604072851586824,0.038773981483837094,0.013993394329761794,0.01022751713546119,0.006778303296834182,0.006076445049898488,0.014918578662444726,0.06112462508917629,0.011551794190898718,-0.020393219153074793,0.004546130756080402,0.04071597850879971,0.0005529327405387474,0.07186721289652159,-0.10913330140085883,0.0074471825675803405,0.013604072851586824,0.038773981483837094,0.013993394329761794,0.01022751713546119,0.014806087704613502,0.018457829567188333,0.017885559079019064,0.050629280455309456,0.02014750222921252,-0.04013262591232414,-0.01392827968514887,0.06052088600166183,-0.007964052290768242,0.033120272167746045,-0.15161372004451334,0.010100104454274006,-0.002823911753249475,0.07160197365063492,0.020816024389366028,0.012032138312945417,-0.020505096475904205,-0.005187399300112749,-0.0014980248330305757,-0.0657371726243936,-0.011442092200671217,-0.06202070335163845,0.0193936192488412,-0.07267027685460925,-0.003954725416482119,0.05846257471042149,-0.036747340618609625,-0.0035943279055604682,-0.010452268985563118,-0.0634391407354904,-0.018276873834674467,-0.03205686873279129
