roi_formatted,subj,phase,trained,target_prob_raw,foil_prob_raw
ENT,110171,post,False,0.2477532859980418,0.3036670789424061
ENT,110171,post,True,0.30205280565550624,0.28128362614053154
ENT,110171,pre,False,0.25372417511976014,0.22301462249957898
ENT,110171,pre,True,0.2024163320244153,0.26783326676012686
ENT,110172,post,False,0.2687075943676377,0.22092901084746255
ENT,110172,post,True,0.26851589937085246,0.2253341430730098
ENT,110172,pre,False,0.28959710368739117,0.20987241150723954
ENT,110172,pre,True,0.22900638443763568,0.3074950042463393
ENT,111171,post,False,0.21765186693391053,0.2719285776780367
ENT,111171,post,True,0.25248329043490225,0.23748739726143678
ENT,111171,pre,False,0.2155353123638494,0.25579960361239407
ENT,111171,pre,True,0.22524832650075582,0.2359586781266756
ENT,112171,post,False,0.254795469663024,0.25522561242294073
ENT,112171,post,True,0.24852602624036585,0.26592793088879274
ENT,112171,pre,False,0.26746531221788705,0.2526634915673054
ENT,112171,pre,True,0.2626776471015049,0.24584797751501952
ENT,112172,post,False,0.20205897786869995,0.2876567830920759
ENT,112172,post,True,0.19095390714639524,0.3101251457390301
ENT,112172,pre,False,0.29055520446269034,0.21551683757819423
ENT,112172,pre,True,0.2373150864334852,0.2564426830472642
ENT,112173,post,False,0.2497159441538639,0.2798471282686784
ENT,112173,post,True,0.2756294281470156,0.24420671819384504
ENT,112173,pre,False,0.22855963625273185,0.3212002234088738
ENT,112173,pre,True,0.31042861754137496,0.22366074832076466
ENT,113171,post,False,0.2224104117962554,0.2889784326207788
ENT,113171,post,True,0.22959219271275977,0.2784731516775593
ENT,113171,pre,False,0.25826019083307306,0.2510301233188726
ENT,113171,pre,True,0.24598192252310264,0.23192271078670776
ENT,115174,post,False,0.2834453651934258,0.21981306307462734
ENT,115174,post,True,0.24423217274676423,0.2587803486622945
ENT,115174,pre,False,0.25193950779202395,0.24108732930797833
ENT,115174,pre,True,0.22925761867315445,0.29286724321924373
ENT,117171,post,False,0.22969578853205813,0.29890854714895143
ENT,117171,post,True,0.25078165342453873,0.28036133026095056
ENT,117171,pre,False,0.2315089289399918,0.27641034433223294
ENT,117171,pre,True,0.24080305250714762,0.2669498528505941
ENT,118171,post,False,0.2584283262300324,0.24520125495312425
ENT,118171,post,True,0.24514165295747237,0.25555680660456426
ENT,118171,pre,False,0.27091185813538954,0.2008482916441067
ENT,118171,pre,True,0.2605684187305261,0.21847292947504307
ENT,118172,post,False,0.1931320569765233,0.2955814168418676
ENT,118172,post,True,0.2390186167227613,0.23515846868990725
ENT,118172,pre,False,0.30045456674637877,0.19797687506480272
ENT,118172,pre,True,0.25178611160498354,0.25052275234788646
ENT,119171,post,False,0.2885703094883325,0.20555425789526277
ENT,119171,post,True,0.22562098786280993,0.2806015893357359
ENT,119171,pre,False,0.25853980454149605,0.20583093864572327
ENT,119171,pre,True,0.26189389618843545,0.2036048903581195
ENT,119172,post,False,0.219330778485197,0.2575712991848402
ENT,119172,post,True,0.20706029280374155,0.24990802986454552
ENT,119172,pre,False,0.24072837886169282,0.21397804678204696
ENT,119172,pre,True,0.26230642163861284,0.194017454536754
ENT,119173,post,False,0.2814512390152856,0.2658632827191168
ENT,119173,post,True,0.2730812201458115,0.25529816747884626
ENT,119173,pre,False,0.2511600072137138,0.22165763674109243
ENT,119173,pre,True,0.20154444512208966,0.2768965393171538
ENT,119174,post,False,0.23105678015960013,0.2688309114005108
ENT,119174,post,True,0.25376237037911764,0.2713765670455369
ENT,119174,pre,False,0.2729849493885829,0.25541040206508303
ENT,119174,pre,True,0.2701296216073724,0.24329348619437416
ENT,120171,post,False,0.2258801614385974,0.2825735792880908
ENT,120171,post,True,0.25211077529780124,0.24008733234375707
ENT,120171,pre,False,0.2504981644996282,0.29460572746508873
ENT,120171,pre,True,0.2600780425555283,0.25008887541123714
ENT,120172,post,False,0.270221987209741,0.2578543967654787
ENT,120172,post,True,0.3021126730593979,0.22982269362571625
ENT,120172,pre,False,0.24809996910816232,0.2412014992125938
ENT,120172,pre,True,0.23390093465840084,0.2156421128768385
ENT,120173,post,False,0.2815970517500538,0.2851412168391635
ENT,120173,post,True,0.2802274766709424,0.2861299597612378
ENT,120173,pre,False,0.2876886424088731,0.24556518210141412
ENT,120173,pre,True,0.30367157546158435,0.24382972650825813
ENT,123171,post,False,0.2119079080978473,0.2851293778445608
ENT,123171,post,True,0.22708561991766923,0.25791447074616913
ENT,123171,pre,False,0.22937896362192395,0.2649403364816997
ENT,123171,pre,True,0.24545520574410676,0.21719632078481138
ENT,123173,post,False,0.24683206148992082,0.25259033432813066
ENT,123173,post,True,0.224696557698622,0.2597885452843562
ENT,123173,pre,False,0.24397696615705797,0.27134658795411915
ENT,123173,pre,True,0.28278600728566056,0.25365651043005816
ENT,124171,post,False,0.2920177001995849,0.24239012671228766
ENT,124171,post,True,0.23456838454686038,0.2991441407785097
ENT,124171,pre,False,0.2996353581316152,0.1943107099278104
ENT,124171,pre,True,0.22179988882215856,0.24235530640101383
ENT,125171,post,False,0.22389751061027158,0.2655490314858618
ENT,125171,post,True,0.21753194906943168,0.2408562490724862
ENT,125171,pre,False,0.24430780150936665,0.24741100665024426
ENT,125171,pre,True,0.2714103858066215,0.20281922227418453
ENT,125172,post,False,0.3165280448440437,0.20511724175134236
ENT,125172,post,True,0.31023156453256817,0.18366519248395088
ENT,125172,pre,False,0.2102116341462544,0.24833156521927896
ENT,125172,pre,True,0.219385949836362,0.263845765569542
ENT,1121161,post,False,0.20810862651064488,0.25783477753954376
ENT,1121161,post,True,0.20119531324022363,0.24201276506101926
ENT,1121161,pre,False,0.25796281191029613,0.24473982764114646
ENT,1121161,pre,True,0.21807437641929264,0.2900569260234398
ENT,1130161,post,False,0.25242137292005207,0.2649821079069447
ENT,1130161,post,True,0.28309455477143297,0.2549488630421105
ENT,1130161,pre,False,0.2708016285108395,0.2469706805218818
ENT,1130161,pre,True,0.23748445642588273,0.2741329648678706
ENT,1202161,post,False,0.3053962031892127,0.22015158156173817
ENT,1202161,post,True,0.2638609510748294,0.21788572040689944
ENT,1202161,pre,False,0.2712735908489766,0.27386530448156676
ENT,1202161,pre,True,0.18922064892632046,0.28679840232419085
ENT,1203161,post,False,0.23044023181703066,0.21990219398388694
ENT,1203161,post,True,0.19471190835988905,0.2728937181657778
ENT,1203161,pre,False,0.1896057015611729,0.2743854565602692
ENT,1203161,pre,True,0.21079560202449069,0.25685975640503234
ENT,1206161,post,False,0.2778078505618475,0.26751124839575413
ENT,1206161,post,True,0.3121030603587399,0.20927631304431835
ENT,1206161,pre,False,0.23625510931355653,0.24594317939856664
ENT,1206161,pre,True,0.22873281147243887,0.2876526217896965
ENT,1206162,post,False,0.28622864378635204,0.19502714387558567
ENT,1206162,post,True,0.21809961418884555,0.2640257984879367
ENT,1206162,pre,False,0.2519994076507646,0.2386304968986396
ENT,1206162,pre,True,0.267017264533153,0.25196758558024246
ENT,1206163,post,False,0.23302000504466625,0.27508303401432843
ENT,1206163,post,True,0.2820096025934214,0.2356962639123151
ENT,1206163,pre,False,0.27805533332589516,0.2649150095125175
ENT,1206163,pre,True,0.29705172525499807,0.24949505087828264
ENT,1207162,post,False,0.24422050227740924,0.28702915331381146
ENT,1207162,post,True,0.2856031122052904,0.24124242364945822
ENT,1207162,pre,False,0.2576678680820751,0.29024362277386995
ENT,1207162,pre,True,0.26949506066665824,0.2572262899175148
FUS,110171,post,False,0.22686598165445493,0.2854933894426585
FUS,110171,post,True,0.2815573195627249,0.23705334334123576
FUS,110171,pre,False,0.22740681676336855,0.2810087590255094
FUS,110171,pre,True,0.2544022664510289,0.23984610280917065
FUS,110172,post,False,0.21261892806851918,0.2568186555328136
FUS,110172,post,True,0.18907440711049467,0.28783873583400094
FUS,110172,pre,False,0.2970662635843978,0.27796165196034894
FUS,110172,pre,True,0.288608099419017,0.276800490035212
FUS,111171,post,False,0.2386948937104893,0.24900187238452545
FUS,111171,post,True,0.22923535335736692,0.24705291280122982
FUS,111171,pre,False,0.24812102177175413,0.2800805666398719
FUS,111171,pre,True,0.2330730279865015,0.29214442658994766
FUS,112171,post,False,0.30064822375828115,0.22912411170998342
FUS,112171,post,True,0.27762475893232696,0.2499816477633651
FUS,112171,pre,False,0.23751191442725506,0.25330715868724446
FUS,112171,pre,True,0.22020488396562712,0.2617147404433434
FUS,112172,post,False,0.22042694298164509,0.3183891684724122
FUS,112172,post,True,0.2990001224996561,0.2682582869108517
FUS,112172,pre,False,0.2526127324058503,0.2784333571848089
FUS,112172,pre,True,0.2825123593932763,0.2435082945393093
FUS,112173,post,False,0.24600765214416312,0.26791252829506723
FUS,112173,post,True,0.24583040995868086,0.25030969066948067
FUS,112173,pre,False,0.2528417594943044,0.2663892737252863
FUS,112173,pre,True,0.2983523725200667,0.2222024256129938
FUS,113171,post,False,0.2525604011844915,0.23719634745270582
FUS,113171,post,True,0.28689944536145456,0.21456130582599925
FUS,113171,pre,False,0.25061174042280615,0.25735245886402236
FUS,113171,pre,True,0.25842127498359807,0.25950519729248994
FUS,115174,post,False,0.2522390353086712,0.26722665901531967
FUS,115174,post,True,0.24276377806128208,0.2998910745459976
FUS,115174,pre,False,0.261911726562637,0.20309981317438672
FUS,115174,pre,True,0.20343415516639532,0.2551261804658929
FUS,117171,post,False,0.2503155403165462,0.2461020709036097
FUS,117171,post,True,0.2886588189111741,0.22394182548725522
FUS,117171,pre,False,0.24604274784479344,0.25957121758977697
FUS,117171,pre,True,0.2337460199651289,0.27146082347456263
FUS,118171,post,False,0.2276448595454823,0.24615883332406024
FUS,118171,post,True,0.2524433673807366,0.20652905357599396
FUS,118171,pre,False,0.23653390926663326,0.23835530824354562
FUS,118171,pre,True,0.20722740684853572,0.2597828019843096
FUS,118172,post,False,0.20732751846091885,0.2849343158411863
FUS,118172,post,True,0.2593442670600049,0.22749924144022288
FUS,118172,pre,False,0.27373818254136517,0.20246193771170953
FUS,118172,pre,True,0.2776635813152978,0.22043820192543198
FUS,119171,post,False,0.33008153045395094,0.18126519448632591
FUS,119171,post,True,0.27270199579312454,0.23993814041966308
FUS,119171,pre,False,0.24616937012039647,0.22106180587100738
FUS,119171,pre,True,0.2502416793364242,0.20239597247248003
FUS,119172,post,False,0.22193886304686186,0.25468020963001947
FUS,119172,post,True,0.24570095881798437,0.23549616103326204
FUS,119172,pre,False,0.22994313567583213,0.24166043488503025
FUS,119172,pre,True,0.21182186095149103,0.26246405878334966
FUS,119173,post,False,0.2172882280654727,0.2356341270802318
FUS,119173,post,True,0.2388052943185412,0.2354017214156104
FUS,119173,pre,False,0.2592361107762583,0.26121659233306466
FUS,119173,pre,True,0.2689226502724239,0.24795701901573378
FUS,119174,post,False,0.2723289511661853,0.2290165965915993
FUS,119174,post,True,0.27493651932064767,0.2500745338545657
FUS,119174,pre,False,0.21378819171210287,0.3015292151982427
FUS,119174,pre,True,0.25400642725846717,0.2591965108596741
FUS,120171,post,False,0.25655535218407055,0.2420259622859123
FUS,120171,post,True,0.23783792226107653,0.25721733298966143
FUS,120171,pre,False,0.23173012807435373,0.30619998491342276
FUS,120171,pre,True,0.22515093121874546,0.28360030323729213
FUS,120172,post,False,0.26418974249777716,0.23155529575260295
FUS,120172,post,True,0.2784575420795028,0.2264854270532596
FUS,120172,pre,False,0.23551194072282633,0.26050896738928603
FUS,120172,pre,True,0.24199671730944003,0.2553773163305574
FUS,120173,post,False,0.2773156869385749,0.2582147751781006
FUS,120173,post,True,0.27070192096363144,0.2605584745993363
FUS,120173,pre,False,0.2344559801862464,0.2649037672599232
FUS,120173,pre,True,0.2528091804605861,0.25119120317958193
FUS,123171,post,False,0.24634311102159295,0.25701602985350247
FUS,123171,post,True,0.21797945996372398,0.2915149045617901
FUS,123171,pre,False,0.2803880027542488,0.24486353503069308
FUS,123171,pre,True,0.2674963430637819,0.24167455028986384
FUS,123173,post,False,0.3094758384618308,0.24187285990180682
FUS,123173,post,True,0.2859896546362516,0.24706474987734622
FUS,123173,pre,False,0.2558613892622861,0.23700071038632062
FUS,123173,pre,True,0.2513594554654513,0.2484881665903748
FUS,124171,post,False,0.34109467896235557,0.19624055443201502
FUS,124171,post,True,0.2648608774734469,0.25992552835749433
FUS,124171,pre,False,0.23264611130092944,0.2660608887894399
FUS,124171,pre,True,0.2562347401538366,0.2643988569633253
FUS,125171,post,False,0.2208870229875005,0.28391658547428994
FUS,125171,post,True,0.24064503608344362,0.2521193011629044
FUS,125171,pre,False,0.2547730396526799,0.26328831406273473
FUS,125171,pre,True,0.24688173861029603,0.266750665560865
FUS,125172,post,False,0.2462280245971757,0.23754086222689094
FUS,125172,post,True,0.271515505826468,0.21540235394480675
FUS,125172,pre,False,0.2716705306520236,0.23161331513979316
FUS,125172,pre,True,0.20485101307158843,0.29603701464809407
FUS,1121161,post,False,0.25673115553036135,0.21868081628062486
FUS,1121161,post,True,0.22410021386031462,0.29165792400377305
FUS,1121161,pre,False,0.24251512369913536,0.24439243279138778
FUS,1121161,pre,True,0.25847999216222334,0.23871346842859223
FUS,1130161,post,False,0.25720769562552104,0.2071462969589039
FUS,1130161,post,True,0.24799177941205564,0.24360792052245603
FUS,1130161,pre,False,0.2776263721419428,0.2612273857740443
FUS,1130161,pre,True,0.2760771123708604,0.275180124408798
FUS,1202161,post,False,0.22530168292484398,0.2722297117854978
FUS,1202161,post,True,0.2385482317792353,0.2748889900772778
FUS,1202161,pre,False,0.2812576671774359,0.22609181711400725
FUS,1202161,pre,True,0.2531068417028974,0.2571213611425141
FUS,1203161,post,False,0.23811381153811592,0.2861913747531803
FUS,1203161,post,True,0.2085934666565509,0.284861330367011
FUS,1203161,pre,False,0.28372380202737074,0.19278625095651697
FUS,1203161,pre,True,0.19689581200040682,0.2702661075209315
FUS,1206161,post,False,0.2514192663601308,0.24222533871034507
FUS,1206161,post,True,0.2146446613159862,0.2793801672337095
FUS,1206161,pre,False,0.25631866635763706,0.27629844704755857
FUS,1206161,pre,True,0.29280835910837494,0.23138948477436147
FUS,1206162,post,False,0.23626101653192505,0.24417442456420685
FUS,1206162,post,True,0.2510315017342969,0.22205890463495387
FUS,1206162,pre,False,0.30750957843134585,0.18970662153639345
FUS,1206162,pre,True,0.28064172880972293,0.21636035903277687
FUS,1206163,post,False,0.29904098692130016,0.25289843875583323
FUS,1206163,post,True,0.23584412116474612,0.30438413886869914
FUS,1206163,pre,False,0.2905207577174739,0.23986777249895042
FUS,1206163,pre,True,0.28292022695022223,0.27469961985453106
FUS,1207162,post,False,0.26595600597566477,0.2859676891391487
FUS,1207162,post,True,0.25168653092432797,0.2922553069546151
FUS,1207162,pre,False,0.2383077266917195,0.26929031062356973
FUS,1207162,pre,True,0.24398098892901027,0.2581690633749526
HC,110171,post,False,0.29694579475154076,0.23544297328282351
HC,110171,post,True,0.2586437120475267,0.28278644526559044
HC,110171,pre,False,0.25511587746670916,0.2799414479691399
HC,110171,pre,True,0.2586000553636557,0.27401920032872096
HC,110172,post,False,0.217219770928977,0.2628087002022404
HC,110172,post,True,0.22284659011339536,0.25188254697171714
HC,110172,pre,False,0.2681559383890328,0.21368851947479423
HC,110172,pre,True,0.23041158794297653,0.2546097200318974
HC,111171,post,False,0.26866662276875636,0.2580703328725199
HC,111171,post,True,0.26579284691464755,0.25745191660765865
HC,111171,pre,False,0.21630492088466022,0.2821804313928117
HC,111171,pre,True,0.2318269200517006,0.2600110669574561
HC,112171,post,False,0.2210625281415321,0.30369292828012284
HC,112171,post,True,0.27692669073989656,0.23810060092676366
HC,112171,pre,False,0.24477208794909053,0.2237177078972529
HC,112171,pre,True,0.20981172294407627,0.2422108548989647
HC,112172,post,False,0.23522423464114164,0.2781455885297001
HC,112172,post,True,0.28201942860201773,0.23812595422551736
HC,112172,pre,False,0.22279478758161883,0.32542391894447575
HC,112172,pre,True,0.3096594188322523,0.24587008021457693
HC,112173,post,False,0.20822362717555612,0.31176678204325825
HC,112173,post,True,0.24777044417119792,0.29515931397969786
HC,112173,pre,False,0.22255701416280632,0.2758805028160346
HC,112173,pre,True,0.2606991052445188,0.24855450328298417
HC,113171,post,False,0.26728386537511684,0.2739557724487406
HC,113171,post,True,0.31447034453902745,0.25398863816943124
HC,113171,pre,False,0.2375714380410026,0.27615271241112316
HC,113171,pre,True,0.23074534633501265,0.26918292000954314
HC,115174,post,False,0.16450253119807734,0.3137605040339366
HC,115174,post,True,0.23095642956721915,0.24983773880625865
HC,115174,pre,False,0.27032656175771624,0.27519444376040825
HC,115174,pre,True,0.24919240272420634,0.24641904234550394
HC,117171,post,False,0.27561735635724355,0.2538261824242344
HC,117171,post,True,0.23860862098269298,0.2936201849436466
HC,117171,pre,False,0.2171898155715895,0.28373149763449745
HC,117171,pre,True,0.25666435207978655,0.2199457991400183
HC,118171,post,False,0.23008069470485343,0.247751803122215
HC,118171,post,True,0.25283545583601963,0.23267671296424375
HC,118171,pre,False,0.2676682813750424,0.25389987876689213
HC,118171,pre,True,0.26418941611836727,0.2527721730945639
HC,118172,post,False,0.24585272843400813,0.2931543963459062
HC,118172,post,True,0.2545751711447206,0.23323283419590077
HC,118172,pre,False,0.22967866159472122,0.24217493849541852
HC,118172,pre,True,0.28111475916193035,0.2519444015352965
HC,119171,post,False,0.2909637047559409,0.22399029984731883
HC,119171,post,True,0.22100715748416744,0.28886603298607183
HC,119171,pre,False,0.26328565450175356,0.2728712928205388
HC,119171,pre,True,0.22863670346517434,0.2626430715213166
HC,119172,post,False,0.2630707442481003,0.23624400839928592
HC,119172,post,True,0.24779895774554922,0.24883513815993327
HC,119172,pre,False,0.24715180824191268,0.24253389811629197
HC,119172,pre,True,0.22847998048797136,0.2418252606841313
HC,119173,post,False,0.25292148382961127,0.2220497607607621
HC,119173,post,True,0.2249944843103017,0.23776232462542546
HC,119173,pre,False,0.23805112943600176,0.27760366609708625
HC,119173,pre,True,0.26738202580409304,0.23993636302677007
HC,119174,post,False,0.2554911105547181,0.21180576941847434
HC,119174,post,True,0.20830699972073657,0.26645458381226234
HC,119174,pre,False,0.21982140691599045,0.25742344383739746
HC,119174,pre,True,0.2500462854446678,0.2612484420606774
HC,120171,post,False,0.2371975396127392,0.20261771558848385
HC,120171,post,True,0.25121679917793427,0.2148356591111253
HC,120171,pre,False,0.25779231297481325,0.2978388942696647
HC,120171,pre,True,0.2693031785156983,0.2692110800046789
HC,120172,post,False,0.26514426658907947,0.2568625711884157
HC,120172,post,True,0.2517212125116877,0.24737976360959468
HC,120172,pre,False,0.2185161505976374,0.21742941396029253
HC,120172,pre,True,0.22650708203249964,0.2364547158937742
HC,120173,post,False,0.29101196035237503,0.2814716384341566
HC,120173,post,True,0.2927016347003956,0.29278315922340814
HC,120173,pre,False,0.2700271908123959,0.2292827485356205
HC,120173,pre,True,0.22907871115573258,0.2750473106389164
HC,123171,post,False,0.2161848550252304,0.2589425669223116
HC,123171,post,True,0.233027891908178,0.23820777228657497
HC,123171,pre,False,0.24886898945799327,0.24185204265593158
HC,123171,pre,True,0.2503267331398107,0.25526195314999495
HC,123173,post,False,0.22972805711383537,0.26203462011609724
HC,123173,post,True,0.21256322892363033,0.25677697669698796
HC,123173,pre,False,0.2622102244347583,0.20378218273813276
HC,123173,pre,True,0.2138714180815636,0.2589601690257537
HC,124171,post,False,0.18790718223804712,0.2653863608038244
HC,124171,post,True,0.24433760705152802,0.2207582701138678
HC,124171,pre,False,0.26867987507264823,0.25968305464060537
HC,124171,pre,True,0.28280285378275594,0.2463711477572937
HC,125171,post,False,0.22943053101557856,0.2492587197119113
HC,125171,post,True,0.23157680174996606,0.2449435700725963
HC,125171,pre,False,0.2443617073982549,0.287561651205006
HC,125171,pre,True,0.2886933468600973,0.24985993010941732
HC,125172,post,False,0.25080625294949915,0.25238346879230333
HC,125172,post,True,0.2880534125623976,0.25436305685315375
HC,125172,pre,False,0.26685275739680037,0.25764818348361074
HC,125172,pre,True,0.24341014066288472,0.2742632960655833
HC,1121161,post,False,0.24717738403859682,0.20797555315397515
HC,1121161,post,True,0.20135815330726844,0.2391111785258803
HC,1121161,pre,False,0.2712974569538419,0.25848142810345537
HC,1121161,pre,True,0.2624646971719608,0.2816491976178448
HC,1130161,post,False,0.25507289626278207,0.2911683778281323
HC,1130161,post,True,0.26587304801080186,0.258476105621536
HC,1130161,pre,False,0.26779277857750144,0.22494726187400987
HC,1130161,pre,True,0.27253572123092407,0.2314455418029005
HC,1202161,post,False,0.2468397651618265,0.21846817337510535
HC,1202161,post,True,0.22681911893261875,0.2704535821876893
HC,1202161,pre,False,0.27044629383213564,0.23894921687473078
HC,1202161,pre,True,0.24572380452540932,0.2462042422433998
HC,1203161,post,False,0.2454320799051959,0.28385409287904945
HC,1203161,post,True,0.22027320272516326,0.29602357475838714
HC,1203161,pre,False,0.2427104967711097,0.24603974739988144
HC,1203161,pre,True,0.2575992514643165,0.2357025006113389
HC,1206161,post,False,0.27818878461003277,0.15667111217009694
HC,1206161,post,True,0.22701276159308087,0.22172971958239934
HC,1206161,pre,False,0.24818290162999648,0.23323609337077117
HC,1206161,pre,True,0.23091097481673595,0.30094325975401887
HC,1206162,post,False,0.24312171731493804,0.2406751053007877
HC,1206162,post,True,0.23375877373214032,0.2484584040095467
HC,1206162,pre,False,0.2271931652182581,0.2758562412582652
HC,1206162,pre,True,0.2339758634556627,0.25584978161269134
HC,1206163,post,False,0.24548694731825832,0.2451079310628692
HC,1206163,post,True,0.24220457570977644,0.25560893370507365
HC,1206163,pre,False,0.21085366278400305,0.2603609149726086
HC,1206163,pre,True,0.21966504644565985,0.2629622991910289
HC,1207162,post,False,0.25610550646668173,0.25347420858119707
HC,1207162,post,True,0.22879691798972202,0.27474685130037446
HC,1207162,pre,False,0.2620293499086995,0.21934973634975202
HC,1207162,pre,True,0.22838058869913236,0.2385458115428815
IT,110171,post,False,0.271695027472433,0.24141028417022065
IT,110171,post,True,0.24287507212453635,0.24452367643762157
IT,110171,pre,False,0.25212732504813784,0.2786219096012961
IT,110171,pre,True,0.25897690617887936,0.2624592405268337
IT,110172,post,False,0.23359175824785622,0.3185152283942224
IT,110172,post,True,0.2370305728613523,0.28969760181445586
IT,110172,pre,False,0.29754072309646695,0.2617202430133269
IT,110172,pre,True,0.2611686366621292,0.30122646752956794
IT,111171,post,False,0.29942887166614873,0.18637988511160322
IT,111171,post,True,0.21501505580398222,0.27643528950036184
IT,111171,pre,False,0.2695898713196437,0.26229958496478817
IT,111171,pre,True,0.26400843722993234,0.26758797574150306
IT,112171,post,False,0.28010639045714203,0.2204511345511237
IT,112171,post,True,0.2420688893495931,0.2521555737748485
IT,112171,pre,False,0.27248765152479315,0.27582542161383283
IT,112171,pre,True,0.30410057590953443,0.2375385599381214
IT,112172,post,False,0.2644505106577757,0.22647301063499467
IT,112172,post,True,0.2549425193856614,0.2372101660963922
IT,112172,pre,False,0.26939807207529426,0.20944999319137944
IT,112172,pre,True,0.22825066148555817,0.2665772897016162
IT,112173,post,False,0.19824242696110167,0.2904329631173049
IT,112173,post,True,0.20061758720387038,0.2706800117783078
IT,112173,pre,False,0.21523158668015485,0.2506882257501614
IT,112173,pre,True,0.24206950577540906,0.2208485243459673
IT,113171,post,False,0.23029437063616975,0.30570880089257896
IT,113171,post,True,0.2397337363383874,0.2762969764656115
IT,113171,pre,False,0.24820143008851825,0.20954688824572246
IT,113171,pre,True,0.22841718918921847,0.23869006654916253
IT,115174,post,False,0.2678900273042174,0.18240260282248985
IT,115174,post,True,0.23201079841797184,0.2669865087145473
IT,115174,pre,False,0.26715296591160065,0.22878279035991028
IT,115174,pre,True,0.28480127209249995,0.2840441878798077
IT,117171,post,False,0.2203882580024555,0.23024725171833663
IT,117171,post,True,0.22003296232230932,0.2127815817821584
IT,117171,pre,False,0.19418247567818828,0.31586922253124794
IT,117171,pre,True,0.20042908006455437,0.28529748812736083
IT,118171,post,False,0.2861453809469063,0.2506018107635294
IT,118171,post,True,0.27598910603153026,0.24796491944638227
IT,118171,pre,False,0.24182643285189043,0.2575076123233544
IT,118171,pre,True,0.26215168683571644,0.24499925059294142
IT,118172,post,False,0.19684177742531295,0.2743338863429986
IT,118172,post,True,0.2097694963356605,0.23515605414814464
IT,118172,pre,False,0.2466568262150814,0.2483419250935405
IT,118172,pre,True,0.2663138252794433,0.21000173725449406
IT,119171,post,False,0.22746637517568408,0.2689250307566647
IT,119171,post,True,0.2509749248190294,0.2564997127848011
IT,119171,pre,False,0.2692813317165814,0.23554838817892998
IT,119171,pre,True,0.23619659559517428,0.23832786049970714
IT,119172,post,False,0.23012194273393405,0.25212499180915804
IT,119172,post,True,0.21716989356834934,0.25764693089568474
IT,119172,pre,False,0.26312252367450056,0.21125009701601485
IT,119172,pre,True,0.2978730496162625,0.20135648430574685
IT,119173,post,False,0.2642941952866785,0.23917944682445538
IT,119173,post,True,0.2701660114953018,0.2615534768673484
IT,119173,pre,False,0.24086740091864867,0.22560342780601084
IT,119173,pre,True,0.24560615980289438,0.2402806193992309
IT,119174,post,False,0.23758359027626108,0.28462924685440105
IT,119174,post,True,0.25501371847740084,0.26580242795900944
IT,119174,pre,False,0.2498772702882308,0.2666876315669057
IT,119174,pre,True,0.27706378786968194,0.24465075386053722
IT,120171,post,False,0.16212664888293252,0.334354506459854
IT,120171,post,True,0.24427017735744072,0.23368208742100194
IT,120171,pre,False,0.23873148820439996,0.29469381313231724
IT,120171,pre,True,0.23156821087128837,0.2698121013232705
IT,120172,post,False,0.2682201636297836,0.21052323430542152
IT,120172,post,True,0.24893250749627954,0.22852515999476827
IT,120172,pre,False,0.20396439221318546,0.29273236177196643
IT,120172,pre,True,0.2717391067831309,0.22735978683353078
IT,120173,post,False,0.26849562660162446,0.2612724780957812
IT,120173,post,True,0.27130150042906637,0.23757217335439257
IT,120173,pre,False,0.28394874861105834,0.25589981379961435
IT,120173,pre,True,0.2691902681941728,0.2596125795564726
IT,123171,post,False,0.22024266805329829,0.3035277938557529
IT,123171,post,True,0.2510720408800983,0.2845307658928264
IT,123171,pre,False,0.26714490944466096,0.2142102011623746
IT,123171,pre,True,0.2636129784666158,0.23711258564045473
IT,123173,post,False,0.24606133187593365,0.21374599856333223
IT,123173,post,True,0.2204613988790681,0.2527509210338792
IT,123173,pre,False,0.251108388020114,0.29195235596270724
IT,123173,pre,True,0.26319463321466974,0.2662383912744032
IT,124171,post,False,0.2899373182297716,0.2775174722726613
IT,124171,post,True,0.2954812709261707,0.25870997804031487
IT,124171,pre,False,0.30427612659007025,0.20288671171539607
IT,124171,pre,True,0.27984161968236887,0.2022558389901735
IT,125171,post,False,0.24873208723821558,0.29339032260551273
IT,125171,post,True,0.23032806912232054,0.2618024564285685
IT,125171,pre,False,0.2688859281897231,0.21338663710260986
IT,125171,pre,True,0.2513645279525428,0.2268399002931464
IT,125172,post,False,0.25591052447253765,0.2877896763584227
IT,125172,post,True,0.3047291309765075,0.2550687403694048
IT,125172,pre,False,0.26083284095971004,0.20987671024029608
IT,125172,pre,True,0.21625972564294976,0.26111813048987503
IT,1121161,post,False,0.27077870233869417,0.21779413609345175
IT,1121161,post,True,0.2592691604984872,0.2565820454955131
IT,1121161,pre,False,0.23563589204739546,0.26551968634561646
IT,1121161,pre,True,0.2064691492870976,0.28663830332914497
IT,1130161,post,False,0.2029021278135641,0.24178089831636376
IT,1130161,post,True,0.26026153856601375,0.23055652233044382
IT,1130161,pre,False,0.268898285662697,0.1779464090037507
IT,1130161,pre,True,0.24722666693917303,0.23843355243087663
IT,1202161,post,False,0.25165746916703025,0.23949910653211978
IT,1202161,post,True,0.2523386753925359,0.25953112375732246
IT,1202161,pre,False,0.23320994985829305,0.22468572465417877
IT,1202161,pre,True,0.1848320121307447,0.23632298357913148
IT,1203161,post,False,0.2854161945374437,0.19190496237143345
IT,1203161,post,True,0.2368741390219941,0.2809925924042134
IT,1203161,pre,False,0.22032926775971964,0.2898730427817011
IT,1203161,pre,True,0.286197178255244,0.19472187747670724
IT,1206161,post,False,0.269851326701519,0.22075460322913432
IT,1206161,post,True,0.30877358090978746,0.18606271690304213
IT,1206161,pre,False,0.22010639307464866,0.27841235676341786
IT,1206161,pre,True,0.24724821491206045,0.2525093962769
IT,1206162,post,False,0.30668176188572793,0.17654212229210967
IT,1206162,post,True,0.22645132357316763,0.26158975693684106
IT,1206162,pre,False,0.2309339290997195,0.27888966612524885
IT,1206162,pre,True,0.2623628390005047,0.23467088812621756
IT,1206163,post,False,0.24875833830909738,0.2704956349242308
IT,1206163,post,True,0.27123066275030794,0.21864034036657035
IT,1206163,pre,False,0.23217518051452113,0.2551421476921122
IT,1206163,pre,True,0.27956129064735247,0.24209356020582656
IT,1207162,post,False,0.2169118924552545,0.2954495490825163
IT,1207162,post,True,0.2693809054523577,0.232235339453453
IT,1207162,pre,False,0.297218177795239,0.19403913685491486
IT,1207162,pre,True,0.22257912422956502,0.271916674544057
LOC,110171,post,False,0.34001779687057637,0.1717054569483071
LOC,110171,post,True,0.25508806236141257,0.26177861850005296
LOC,110171,pre,False,0.2787649673390018,0.18614228984639164
LOC,110171,pre,True,0.24123384153693217,0.23009495542105904
LOC,110172,post,False,0.28879316527340615,0.23492679260519375
LOC,110172,post,True,0.24502656000374104,0.2728035789317673
LOC,110172,pre,False,0.32000253173300586,0.2597194829623327
LOC,110172,pre,True,0.28873231625343,0.26301813326839335
LOC,111171,post,False,0.3221686028352701,0.18910506130598545
LOC,111171,post,True,0.32281159481233784,0.19587852844606893
LOC,111171,pre,False,0.26805581164285686,0.2861374865897115
LOC,111171,pre,True,0.2960895530997493,0.24684682888311774
LOC,112171,post,False,0.29007541557657834,0.22446609323423994
LOC,112171,post,True,0.3074127119876487,0.208230162546624
LOC,112171,pre,False,0.307756084157857,0.21535515679833767
LOC,112171,pre,True,0.27865659215592814,0.2347705796828608
LOC,112172,post,False,0.27051204241803267,0.24246080506304776
LOC,112172,post,True,0.2815709711317985,0.2631365875240333
LOC,112172,pre,False,0.2610335886723969,0.258992940470156
LOC,112172,pre,True,0.2858476946323921,0.20817351997594988
LOC,112173,post,False,0.25721918121485776,0.2423604311215309
LOC,112173,post,True,0.3175390040751988,0.19075675156798222
LOC,112173,pre,False,0.282663932998819,0.259347644138187
LOC,112173,pre,True,0.2997909005668604,0.2311982091674424
LOC,113171,post,False,0.2955817562053465,0.27074061826678053
LOC,113171,post,True,0.3257578127907915,0.24848118297145289
LOC,113171,pre,False,0.20564299400582317,0.2737911645743654
LOC,113171,pre,True,0.22736117512848106,0.2445036301841188
LOC,115174,post,False,0.2603214592820327,0.311599076389635
LOC,115174,post,True,0.28417751836107685,0.29847850374385143
LOC,115174,pre,False,0.31415862223548074,0.20539219898372116
LOC,115174,pre,True,0.2039240886741121,0.2723277897006105
LOC,117171,post,False,0.37153876529158564,0.18418607115194655
LOC,117171,post,True,0.33117411877329467,0.23905985334053467
LOC,117171,pre,False,0.28950628298030967,0.29166608285741313
LOC,117171,pre,True,0.3269400046632446,0.2787723802252515
LOC,118171,post,False,0.2964974208729,0.21550489816135832
LOC,118171,post,True,0.2900275356053754,0.23181501866285678
LOC,118171,pre,False,0.3089747212125864,0.24174109643312996
LOC,118171,pre,True,0.3319803872270425,0.20769064601189444
LOC,118172,post,False,0.3147883792314444,0.23817668855507024
LOC,118172,post,True,0.2846420694909432,0.2671658859961549
LOC,118172,pre,False,0.23118130477694723,0.23333093200501592
LOC,118172,pre,True,0.328182683358643,0.19286591974444914
LOC,119171,post,False,0.2963779104360968,0.2083711021755945
LOC,119171,post,True,0.2638554117551108,0.23437659662006888
LOC,119171,pre,False,0.30167432550560636,0.2211292690236109
LOC,119171,pre,True,0.2530103128349156,0.22075487393499427
LOC,119172,post,False,0.2694263751807445,0.26746551391549767
LOC,119172,post,True,0.2394482650533908,0.29331950001882856
LOC,119172,pre,False,0.28821514192435677,0.2650424122164064
LOC,119172,pre,True,0.256517886095353,0.24947223126108287
LOC,119173,post,False,0.30449965666960843,0.22179304156032278
LOC,119173,post,True,0.28304471719936314,0.24990822998768475
LOC,119173,pre,False,0.2797436841050324,0.25066427250160045
LOC,119173,pre,True,0.2738455361457731,0.23233695504249724
LOC,119174,post,False,0.2873736374958774,0.23448078594941682
LOC,119174,post,True,0.26167885810849784,0.22881769928931325
LOC,119174,pre,False,0.2995983969650302,0.2211586377159319
LOC,119174,pre,True,0.30720039332960336,0.24196865163005393
LOC,120171,post,False,0.30951663949030755,0.2345214702288844
LOC,120171,post,True,0.2814262334792751,0.2632288017672665
LOC,120171,pre,False,0.3039503249637049,0.2497934584951123
LOC,120171,pre,True,0.3312059219173641,0.2104773087844462
LOC,120172,post,False,0.3067638930258009,0.24306948835351533
LOC,120172,post,True,0.31647968280138783,0.24801855922541338
LOC,120172,pre,False,0.2925280969800798,0.2405836442173356
LOC,120172,pre,True,0.3016443432756909,0.22323198653479323
LOC,120173,post,False,0.2940552233760383,0.22907861235669982
LOC,120173,post,True,0.2748060538230952,0.2359132753831256
LOC,120173,pre,False,0.30246226719365593,0.23004892901561505
LOC,120173,pre,True,0.28681883696666055,0.24331533674118955
LOC,123171,post,False,0.2690406305835852,0.22472697627909038
LOC,123171,post,True,0.2806620909041834,0.22707749889345502
LOC,123171,pre,False,0.2880169119338921,0.24381827344991805
LOC,123171,pre,True,0.30913017389089015,0.23903500441444825
LOC,123173,post,False,0.26809810888751573,0.23718950907849412
LOC,123173,post,True,0.3300947625878202,0.19829332865328322
LOC,123173,pre,False,0.36250781349322797,0.20913770201666138
LOC,123173,pre,True,0.2703234391050657,0.26949574535839527
LOC,124171,post,False,0.27597729797783455,0.2087769860152362
LOC,124171,post,True,0.27170376345569436,0.23455564912972418
LOC,124171,pre,False,0.29495424949555715,0.2532547336615909
LOC,124171,pre,True,0.31384160899247104,0.20693144542951805
LOC,125171,post,False,0.31022161515076674,0.1816070170421746
LOC,125171,post,True,0.30802457690995527,0.1926227139742794
LOC,125171,pre,False,0.29557217821399934,0.25145298545822536
LOC,125171,pre,True,0.2982569576299731,0.24877041982217216
LOC,125172,post,False,0.27698989425265513,0.2539513610729024
LOC,125172,post,True,0.3092246016044042,0.25606122746884463
LOC,125172,pre,False,0.33071352268534426,0.19958374562897618
LOC,125172,pre,True,0.2966093156878866,0.24139982541007057
LOC,1121161,post,False,0.2730222740551954,0.21164454739991453
LOC,1121161,post,True,0.2695879331312235,0.2431708228801773
LOC,1121161,pre,False,0.27268723125451066,0.26115553519198614
LOC,1121161,pre,True,0.3072692636428475,0.22628002731428332
LOC,1130161,post,False,0.2529056390904689,0.2814854017335811
LOC,1130161,post,True,0.24356110261777336,0.22659091664278086
LOC,1130161,pre,False,0.22317249848641638,0.2472321605859952
LOC,1130161,pre,True,0.2899006485208953,0.21856771792958957
LOC,1202161,post,False,0.2951954247539731,0.268349251068909
LOC,1202161,post,True,0.27179288693568276,0.28505999961104866
LOC,1202161,pre,False,0.2538615329358742,0.24911647373211152
LOC,1202161,pre,True,0.2482823343274525,0.2761243228122964
LOC,1203161,post,False,0.21732758496627164,0.31137456048318096
LOC,1203161,post,True,0.2831592266440169,0.254229248866796
LOC,1203161,pre,False,0.2857210130581308,0.23149104858479824
LOC,1203161,pre,True,0.2923695933932118,0.23523425305993634
LOC,1206161,post,False,0.2551744984002256,0.2566905653110937
LOC,1206161,post,True,0.28071972385229543,0.2450951008660373
LOC,1206161,pre,False,0.27026608906415583,0.24805551273822327
LOC,1206161,pre,True,0.2436080200547542,0.30458204449484516
LOC,1206162,post,False,0.34921697555425635,0.20855237925793468
LOC,1206162,post,True,0.34432260355497635,0.20877632782637137
LOC,1206162,pre,False,0.27902338165073426,0.23742016703856933
LOC,1206162,pre,True,0.2665162918123606,0.2456147456681506
LOC,1206163,post,False,0.2756485513480944,0.23950930957541564
LOC,1206163,post,True,0.2834569766875174,0.24059112899889384
LOC,1206163,pre,False,0.34057013585823986,0.15712368292258042
LOC,1206163,pre,True,0.2837147383909021,0.23524104920063688
LOC,1207162,post,False,0.29102570750662454,0.26430934359997627
LOC,1207162,post,True,0.31658830296378804,0.27087568104891996
LOC,1207162,pre,False,0.2838424322207651,0.28417238280598983
LOC,1207162,pre,True,0.2864896848233965,0.2658366274709479
PHC,110171,post,False,0.26295801471735436,0.24235304393164733
PHC,110171,post,True,0.2914811648082101,0.20895880995102017
PHC,110171,pre,False,0.236103945153933,0.26029013185619315
PHC,110171,pre,True,0.25289341062756526,0.2293036765870864
PHC,110172,post,False,0.26421014068886556,0.2179428090774874
PHC,110172,post,True,0.25342664661394715,0.2624838174408615
PHC,110172,pre,False,0.28492862300036276,0.31529615255734933
PHC,110172,pre,True,0.34067982752744747,0.2550517413109795
PHC,111171,post,False,0.3016784303069386,0.2111503561887317
PHC,111171,post,True,0.251894279487563,0.25766161573911806
PHC,111171,pre,False,0.19759413471709053,0.32943421641133425
PHC,111171,pre,True,0.2617644690977764,0.23621584550387859
PHC,112171,post,False,0.32640413370469595,0.21954996523171114
PHC,112171,post,True,0.255090566346981,0.3042466071232711
PHC,112171,pre,False,0.2615448743920325,0.271667398144114
PHC,112171,pre,True,0.24646141057604026,0.2460491613241606
PHC,112172,post,False,0.24167878154595118,0.28333932496636016
PHC,112172,post,True,0.23503417107240465,0.29622338493019534
PHC,112172,pre,False,0.25837632574543334,0.25361943969531564
PHC,112172,pre,True,0.23922716407558284,0.2838799723862476
PHC,112173,post,False,0.27933218101177465,0.20654221527648678
PHC,112173,post,True,0.1985970088907736,0.27648704158097515
PHC,112173,pre,False,0.22191300055116164,0.3004425578320396
PHC,112173,pre,True,0.3057998111895178,0.217358053306789
PHC,113171,post,False,0.24933742745030218,0.23368997694317328
PHC,113171,post,True,0.2743186092200188,0.21752397732420548
PHC,113171,pre,False,0.21445683895023362,0.2575216895497487
PHC,113171,pre,True,0.265498682085343,0.2198805361118478
PHC,115174,post,False,0.25547714311647585,0.26208878189801726
PHC,115174,post,True,0.2807135406602897,0.26264169413970534
PHC,115174,pre,False,0.28182602455437294,0.2267288072021582
PHC,115174,pre,True,0.28534747193165805,0.25008983733191564
PHC,117171,post,False,0.20923800180430127,0.2798476731030709
PHC,117171,post,True,0.24469154466789073,0.228219619635721
PHC,117171,pre,False,0.23653564825258283,0.2661648156377433
PHC,117171,pre,True,0.2658928019555493,0.2315698217709179
PHC,118171,post,False,0.2872893383238896,0.21346164618334978
PHC,118171,post,True,0.2217880273644781,0.2596103053135196
PHC,118171,pre,False,0.2529817505362781,0.19763555872558417
PHC,118171,pre,True,0.239867584912045,0.21882798204794457
PHC,118172,post,False,0.2297901791512751,0.2786487717401911
PHC,118172,post,True,0.2862680669985593,0.22744827312121724
PHC,118172,pre,False,0.2503396413345968,0.2570392721011199
PHC,118172,pre,True,0.2846161769785,0.22433320530358683
PHC,119171,post,False,0.28894492968627994,0.19627373578974558
PHC,119171,post,True,0.27923809506748126,0.22063164518609688
PHC,119171,pre,False,0.27789918354826726,0.19969936025585341
PHC,119171,pre,True,0.23764429627155487,0.21049880248227507
PHC,119172,post,False,0.2277443664552262,0.2628407288054392
PHC,119172,post,True,0.23810173697458437,0.26091091429648344
PHC,119172,pre,False,0.24273946654243855,0.24009220480884252
PHC,119172,pre,True,0.22544733889082874,0.2382214121253834
PHC,119173,post,False,0.30127094097989476,0.20348775718437473
PHC,119173,post,True,0.2712159690611962,0.2475148770931387
PHC,119173,pre,False,0.24670322997583116,0.2696323415882799
PHC,119173,pre,True,0.2700775295628818,0.2549041490837441
PHC,119174,post,False,0.2592177404988527,0.24384340892335593
PHC,119174,post,True,0.25393272324879257,0.23985296307993456
PHC,119174,pre,False,0.3052337993823101,0.24421179273403326
PHC,119174,pre,True,0.31333727589638893,0.24406884151269895
PHC,120171,post,False,0.27446440558094676,0.22189873958589423
PHC,120171,post,True,0.250384904273565,0.24234199334680323
PHC,120171,pre,False,0.2792346137129059,0.22628445178463089
PHC,120171,pre,True,0.24530343734883786,0.25662248757908174
PHC,120172,post,False,0.2376901200809703,0.27040652523019626
PHC,120172,post,True,0.2777650326712018,0.2434420552102859
PHC,120172,pre,False,0.22309303146029286,0.27195599435349715
PHC,120172,pre,True,0.26212552486726154,0.24152488749292758
PHC,120173,post,False,0.30494266870300646,0.24533267813073323
PHC,120173,post,True,0.2347201836763309,0.30804117876186
PHC,120173,pre,False,0.2764887184300318,0.25147075072120917
PHC,120173,pre,True,0.2308957444008326,0.2950808680534093
PHC,123171,post,False,0.2660686132204162,0.25629006471001115
PHC,123171,post,True,0.2621875334468823,0.26879460238056124
PHC,123171,pre,False,0.2508299036021363,0.2527238222407919
PHC,123171,pre,True,0.23923966399408853,0.2526085092577513
PHC,123173,post,False,0.27183712840662855,0.21656351790624623
PHC,123173,post,True,0.2715497059021442,0.22827184377437373
PHC,123173,pre,False,0.2312194030617774,0.2403739117366372
PHC,123173,pre,True,0.2136745957803829,0.21105189694305793
PHC,124171,post,False,0.31493284258977117,0.19764620462559906
PHC,124171,post,True,0.31260684665327787,0.23350949410943983
PHC,124171,pre,False,0.3590344654838262,0.18702591376444
PHC,124171,pre,True,0.30926152849934263,0.22123398643458878
PHC,125171,post,False,0.2622345764227357,0.22631075207457657
PHC,125171,post,True,0.26266595820267524,0.23338291871937655
PHC,125171,pre,False,0.29283817306797666,0.24172419387947933
PHC,125171,pre,True,0.2457511682923664,0.30219950630149717
PHC,125172,post,False,0.28838983971156834,0.22256332917933225
PHC,125172,post,True,0.31907552237068054,0.20146154900047844
PHC,125172,pre,False,0.20247268900280888,0.2687693450750394
PHC,125172,pre,True,0.22569481244556439,0.2550156242999416
PHC,1121161,post,False,0.24619666355221992,0.22069158244630255
PHC,1121161,post,True,0.21526742212239297,0.265635662204678
PHC,1121161,pre,False,0.2516975889392663,0.24748664952467742
PHC,1121161,pre,True,0.2541380782226184,0.23352580933101058
PHC,1130161,post,False,0.25418675362945514,0.23059265584586258
PHC,1130161,post,True,0.26941018099310826,0.25941339280896203
PHC,1130161,pre,False,0.25331652742578636,0.23190669248812226
PHC,1130161,pre,True,0.2547623388789255,0.2583149843422067
PHC,1202161,post,False,0.2890091814215809,0.24137346336866447
PHC,1202161,post,True,0.2438023941030693,0.2877800041134629
PHC,1202161,pre,False,0.2465010387224877,0.26165850954156467
PHC,1202161,pre,True,0.21914813857890394,0.31622841957187997
PHC,1203161,post,False,0.2439764370331531,0.2548930536908157
PHC,1203161,post,True,0.24862818345815377,0.25056687364477365
PHC,1203161,pre,False,0.29048558285445963,0.23013199285868646
PHC,1203161,pre,True,0.26032445743217303,0.2703526831988797
PHC,1206161,post,False,0.24127936920169826,0.2680980514925587
PHC,1206161,post,True,0.2404331583824033,0.2658762824339677
PHC,1206161,pre,False,0.2533741764314691,0.2519946586736732
PHC,1206161,pre,True,0.2984509976339552,0.23463456466639626
PHC,1206162,post,False,0.29868374712594603,0.21031472670194443
PHC,1206162,post,True,0.2705316121959617,0.23947213994838495
PHC,1206162,pre,False,0.266239318870815,0.22305533015274892
PHC,1206162,pre,True,0.275948575885583,0.22040083858693835
PHC,1206163,post,False,0.2625821102455515,0.2485224671083892
PHC,1206163,post,True,0.293821868127904,0.20877918271448065
PHC,1206163,pre,False,0.2842683543273908,0.21542473611405813
PHC,1206163,pre,True,0.2650548644870173,0.24239982050116718
PHC,1207162,post,False,0.24935384494666746,0.25322704311501576
PHC,1207162,post,True,0.28822409069696336,0.2231377410389948
PHC,1207162,pre,False,0.26383698895332475,0.26787752185516056
PHC,1207162,pre,True,0.2637798960832875,0.2855097310461063
PRC,110171,post,False,0.25291391486550563,0.24951748421947367
PRC,110171,post,True,0.25365037706017285,0.242788141343152
PRC,110171,pre,False,0.24954423003175444,0.2149450420257651
PRC,110171,pre,True,0.21393233403590797,0.23908771798212908
PRC,110172,post,False,0.21494573632219433,0.2637924862380675
PRC,110172,post,True,0.2054055289542393,0.2892915709762649
PRC,110172,pre,False,0.25306726968819376,0.20515438786064905
PRC,110172,pre,True,0.23043957161451326,0.24460101486529678
PRC,111171,post,False,0.19541395761289235,0.3272626170835954
PRC,111171,post,True,0.23648934735934804,0.26605673669460345
PRC,111171,pre,False,0.2625631627018092,0.28880533252559315
PRC,111171,pre,True,0.27528327892189375,0.24635845360621927
PRC,112171,post,False,0.27183866190582784,0.23783098901318614
PRC,112171,post,True,0.27960596348956984,0.24810768607721972
PRC,112171,pre,False,0.2252428742791917,0.2903404394447092
PRC,112171,pre,True,0.2685705457337661,0.2592884037416555
PRC,112172,post,False,0.22010221479629113,0.2480935907178468
PRC,112172,post,True,0.16518090727495338,0.31209424735178354
PRC,112172,pre,False,0.2754590854564551,0.2527956870613949
PRC,112172,pre,True,0.2807441725221461,0.2324895935322609
PRC,112173,post,False,0.285550916192608,0.2332135871150481
PRC,112173,post,True,0.2760839635767684,0.24313325342950692
PRC,112173,pre,False,0.2683981199816258,0.28529455371574325
PRC,112173,pre,True,0.29897220294269033,0.24462265394197275
PRC,113171,post,False,0.22079846379170848,0.1867252582808912
PRC,113171,post,True,0.23659957243372962,0.19635740703861446
PRC,113171,pre,False,0.2445933321427311,0.26391540641228894
PRC,113171,pre,True,0.2524810600820319,0.2559214110457329
PRC,115174,post,False,0.22137482805002956,0.25047448045011517
PRC,115174,post,True,0.2263570009642492,0.2658281189074119
PRC,115174,pre,False,0.24620829448776393,0.23259590563884452
PRC,115174,pre,True,0.26518990357667277,0.3015597128108974
PRC,117171,post,False,0.2336900583949329,0.26545872881247135
PRC,117171,post,True,0.19117492531927563,0.3010277373539114
PRC,117171,pre,False,0.2646212303898614,0.22495768116163245
PRC,117171,pre,True,0.2552958388162498,0.2523216571167785
PRC,118171,post,False,0.2602366984279699,0.23453756143540314
PRC,118171,post,True,0.25872827855472513,0.24597552271660783
PRC,118171,pre,False,0.27254387261827845,0.2428988395990057
PRC,118171,pre,True,0.23093335521927444,0.2745279920160405
PRC,118172,post,False,0.22752481983059702,0.28945743400707097
PRC,118172,post,True,0.24372832044083842,0.2565060961263942
PRC,118172,pre,False,0.2843085392872959,0.16820415931681545
PRC,118172,pre,True,0.2229221759953734,0.26878453649753564
PRC,119171,post,False,0.2935612814574748,0.23531129011993435
PRC,119171,post,True,0.2659671010562044,0.2743313337172019
PRC,119171,pre,False,0.226065404238793,0.2616373121333866
PRC,119171,pre,True,0.27182307020588387,0.21887463532624984
PRC,119172,post,False,0.25024694510944717,0.25837669937653285
PRC,119172,post,True,0.23586639801745773,0.2516500033476911
PRC,119172,pre,False,0.2100707165919981,0.2906030769632396
PRC,119172,pre,True,0.20626738974993578,0.2516060975669422
PRC,119173,post,False,0.23151480185316883,0.30638303096409325
PRC,119173,post,True,0.23544737418128903,0.2919796019995744
PRC,119173,pre,False,0.24589354405256972,0.262306730358399
PRC,119173,pre,True,0.21123891328542146,0.30316879647263084
PRC,119174,post,False,0.28239631667706744,0.2143870862681457
PRC,119174,post,True,0.25322877055572435,0.2209162637499536
PRC,119174,pre,False,0.2802133094090386,0.2630728699390161
PRC,119174,pre,True,0.2924820175800361,0.22767315658597864
PRC,120171,post,False,0.2087867835781462,0.2864388379807496
PRC,120171,post,True,0.2765733382921555,0.2234216970188596
PRC,120171,pre,False,0.25760198456146716,0.264507097463924
PRC,120171,pre,True,0.24766481538248097,0.2759941008494722
PRC,120172,post,False,0.23846262247098457,0.28570331082307787
PRC,120172,post,True,0.27259096188750365,0.265407168885101
PRC,120172,pre,False,0.2119033714519037,0.28823652829043467
PRC,120172,pre,True,0.2641071146349114,0.22977546826104586
PRC,120173,post,False,0.2651698463800525,0.267287177093601
PRC,120173,post,True,0.2675353136298952,0.2829267348806927
PRC,120173,pre,False,0.24724096882177699,0.24174852072149902
PRC,120173,pre,True,0.29592533655356806,0.21661832414263107
PRC,123171,post,False,0.2011764449953941,0.3043130840209528
PRC,123171,post,True,0.20769936432107888,0.30256920174463714
PRC,123171,pre,False,0.1830103221047443,0.25508712714479387
PRC,123171,pre,True,0.249142858563477,0.19919791124774153
PRC,123173,post,False,0.2227475222966094,0.26873756623940676
PRC,123173,post,True,0.2099400004921954,0.2629618439655966
PRC,123173,pre,False,0.22535741248094637,0.2860389850881667
PRC,123173,pre,True,0.2865187197603475,0.26031432439166646
PRC,124171,post,False,0.23891332561724302,0.2572582627762664
PRC,124171,post,True,0.22993753869119965,0.25213613905421833
PRC,124171,pre,False,0.24599473388854767,0.24829404590255214
PRC,124171,pre,True,0.21282388403271885,0.2934023703965792
PRC,125171,post,False,0.24042640575125343,0.27655414540470125
PRC,125171,post,True,0.27530940341449556,0.2308241446258545
PRC,125171,pre,False,0.2177160716933587,0.24069830260296113
PRC,125171,pre,True,0.2317438642363852,0.24162756011230885
PRC,125172,post,False,0.2990823407612787,0.23557953125275405
PRC,125172,post,True,0.3332240145960604,0.20215287040425736
PRC,125172,pre,False,0.2636247300551412,0.22413392282924255
PRC,125172,pre,True,0.2558990198618293,0.2503229775689413
PRC,1121161,post,False,0.24827130272735007,0.23494468167834595
PRC,1121161,post,True,0.23553091114755698,0.2573063683978985
PRC,1121161,pre,False,0.25815685382813347,0.2441477147692735
PRC,1121161,pre,True,0.24850164868378966,0.251867892846598
PRC,1130161,post,False,0.25892708497950295,0.25713630964020184
PRC,1130161,post,True,0.2949489631459832,0.23600290420675826
PRC,1130161,pre,False,0.24369688941753456,0.26128834892807473
PRC,1130161,pre,True,0.27866153151778483,0.2350944454405242
PRC,1202161,post,False,0.28786473633661436,0.2580173349402286
PRC,1202161,post,True,0.2764942429840035,0.2323125949903011
PRC,1202161,pre,False,0.2335081118420416,0.23719220564306598
PRC,1202161,pre,True,0.2003833366068218,0.3119671780505109
PRC,1203161,post,False,0.21422088667117184,0.24808586286919612
PRC,1203161,post,True,0.22513441264273798,0.2628656538294557
PRC,1203161,pre,False,0.21364236869020026,0.24960784656161383
PRC,1203161,pre,True,0.20689658628116048,0.24736700100349757
PRC,1206161,post,False,0.31919011572241257,0.19709652244112005
PRC,1206161,post,True,0.2313293728017633,0.23630889749337944
PRC,1206161,pre,False,0.2734159366026018,0.22298971933049963
PRC,1206161,pre,True,0.23327210694899753,0.24380454898007997
PRC,1206162,post,False,0.26268201785241896,0.2265369444768932
PRC,1206162,post,True,0.23298028339683094,0.2690138742967255
PRC,1206162,pre,False,0.2401208817821801,0.27381746542068963
PRC,1206162,pre,True,0.2886140203623442,0.25223289409766203
PRC,1206163,post,False,0.21337769025796102,0.2536534960893547
PRC,1206163,post,True,0.2613253534359148,0.20009615408388975
PRC,1206163,pre,False,0.2504395942284734,0.2988206692431531
PRC,1206163,pre,True,0.3430362201144684,0.19518842498879263
PRC,1207162,post,False,0.21632472864675095,0.31749909785943065
PRC,1207162,post,True,0.25401440027924316,0.2563217680270071
PRC,1207162,pre,False,0.2227569672874054,0.2825229908921326
PRC,1207162,pre,True,0.27498761774655744,0.23216296395480934
V1,110171,post,False,0.36443638405521434,0.21013194583021105
V1,110171,post,True,0.3113006059335698,0.2408206657141146
V1,110171,pre,False,0.31427578363066394,0.21843284188990855
V1,110171,pre,True,0.28122582133047314,0.22422940078660542
V1,110172,post,False,0.2997944138821883,0.25109078675668994
V1,110172,post,True,0.29743571791374845,0.2593058429872949
V1,110172,pre,False,0.3093805323652882,0.27227119920076803
V1,110172,pre,True,0.3283466898969983,0.25211469380539364
V1,111171,post,False,0.2969274799942321,0.26397967310387643
V1,111171,post,True,0.25203931134855945,0.26975289931517576
V1,111171,pre,False,0.2963256390487854,0.26235548215365684
V1,111171,pre,True,0.29369916368324644,0.24173948549882113
V1,112171,post,False,0.3340213940066333,0.22708064941440426
V1,112171,post,True,0.32132656666169895,0.21606888608486238
V1,112171,pre,False,0.2197020778653449,0.27343373832795426
V1,112171,pre,True,0.26472142594907455,0.21537254143446
V1,112172,post,False,0.32886200213453126,0.2258603037519845
V1,112172,post,True,0.2667123986217652,0.2781307556803531
V1,112172,pre,False,0.33239583129325156,0.1887210352446173
V1,112172,pre,True,0.29009777535194786,0.2258584977938242
V1,112173,post,False,0.2590399128113187,0.28169645766280216
V1,112173,post,True,0.3445514811184175,0.19357170424683587
V1,112173,pre,False,0.26664141131984764,0.2947545377510652
V1,112173,pre,True,0.36454925392009835,0.19980201568956346
V1,113171,post,False,0.33207979131707915,0.224438489410638
V1,113171,post,True,0.380525788450335,0.19685937776031293
V1,113171,pre,False,0.3015618035983278,0.23974107246953108
V1,113171,pre,True,0.3141433599665514,0.24772549308566777
V1,115174,post,False,0.35170606428615947,0.19452229514881164
V1,115174,post,True,0.36626139202997465,0.20612469432793853
V1,115174,pre,False,0.2821051220820264,0.24002612629069256
V1,115174,pre,True,0.3999187767669451,0.12555903115949468
V1,117171,post,False,0.3321941084293329,0.21566152148966983
V1,117171,post,True,0.336390001922208,0.24068974871209087
V1,117171,pre,False,0.32647838456851475,0.21042960855629694
V1,117171,pre,True,0.2790749698317213,0.24470759568002026
V1,118171,post,False,0.24272860751926592,0.2547368856324407
V1,118171,post,True,0.256847157594032,0.22520929401893747
V1,118171,pre,False,0.2888767472961309,0.2168351661574881
V1,118171,pre,True,0.34423321288046915,0.18516716095800476
V1,118172,post,False,0.2455008825415573,0.29460404281838276
V1,118172,post,True,0.36706758990409394,0.17677875492456627
V1,118172,pre,False,0.2963051192971928,0.20175575759549522
V1,118172,pre,True,0.4027574957202532,0.15062543156084385
V1,119171,post,False,0.3354361762554534,0.23399919001330005
V1,119171,post,True,0.3161263148258658,0.25018078302239904
V1,119171,pre,False,0.3568564511176577,0.2127809850140881
V1,119171,pre,True,0.30550014444668805,0.26891257726016426
V1,119172,post,False,0.30531633184437584,0.23868906440067855
V1,119172,post,True,0.3082145127267246,0.22852810314001873
V1,119172,pre,False,0.2619714519544453,0.2404311892606307
V1,119172,pre,True,0.25158793107782473,0.2156776101799521
V1,119173,post,False,0.381543924614787,0.19237108044813356
V1,119173,post,True,0.38798271672309936,0.17343449968164432
V1,119173,pre,False,0.3671227546659693,0.21020679116036942
V1,119173,pre,True,0.34123036685002744,0.21526888480546874
V1,119174,post,False,0.24293021635430537,0.31004138006147797
V1,119174,post,True,0.28345276900447003,0.2388870265809541
V1,119174,pre,False,0.23345700108951153,0.2605540471492707
V1,119174,pre,True,0.29052373402597254,0.2210483536816596
V1,120171,post,False,0.3225152282895213,0.22395765424831643
V1,120171,post,True,0.29070991224900966,0.26856239286782785
V1,120171,pre,False,0.31909749613196076,0.26462480985539183
V1,120171,pre,True,0.32736970864745973,0.2598150691336027
V1,120172,post,False,0.24797814016052397,0.23458040488066137
V1,120172,post,True,0.25046959607969244,0.24443829651768584
V1,120172,pre,False,0.26086198276912875,0.24360527037276025
V1,120172,pre,True,0.2766986524639851,0.2229534342769635
V1,120173,post,False,0.39127382774721664,0.18895899907232944
V1,120173,post,True,0.33456399562783073,0.21457864000157256
V1,120173,pre,False,0.40121647276650724,0.14825100922653944
V1,120173,pre,True,0.2525761994586488,0.2843062745484748
V1,123171,post,False,0.3553833964707183,0.21010035839039737
V1,123171,post,True,0.28207371970445067,0.2570981301567541
V1,123171,pre,False,0.33595899322596906,0.21402175550621264
V1,123171,pre,True,0.27812235137952646,0.28107198266502087
V1,123173,post,False,0.32713766240467784,0.23084898939076695
V1,123173,post,True,0.3494696035911189,0.21359202425221469
V1,123173,pre,False,0.3498144498411497,0.24598964927108846
V1,123173,pre,True,0.2891572431424556,0.2914773966132732
V1,124171,post,False,0.2776273183778843,0.22442702320952468
V1,124171,post,True,0.3592018627574093,0.16175901006171617
V1,124171,pre,False,0.3103595284201504,0.2350503135079624
V1,124171,pre,True,0.3894084554778187,0.1661841041308418
V1,125171,post,False,0.32565003783982094,0.24328535417090502
V1,125171,post,True,0.4301367902801256,0.17969487167194062
V1,125171,pre,False,0.37354977765540515,0.22080069879059105
V1,125171,pre,True,0.3993388837266597,0.19558197799977922
V1,125172,post,False,0.26136914900233915,0.31315414709501527
V1,125172,post,True,0.29466194221269165,0.2344737881168212
V1,125172,pre,False,0.28484645692322746,0.2899358882479819
V1,125172,pre,True,0.30989737156405567,0.2656271157648745
V1,1121161,post,False,0.31343133473943746,0.20419849025500553
V1,1121161,post,True,0.24654921370530744,0.2663533619336666
V1,1121161,pre,False,0.31080475278992503,0.23458854144834312
V1,1121161,pre,True,0.25083447109965695,0.2547029572807485
V1,1130161,post,False,0.23227896163475692,0.2683490570845098
V1,1130161,post,True,0.2866604772526224,0.2291052197614436
V1,1130161,pre,False,0.2899784707894158,0.22017765404249232
V1,1130161,pre,True,0.3627161932550993,0.18743299914342093
V1,1202161,post,False,0.28461894808876487,0.25838675129941613
V1,1202161,post,True,0.35897861925123825,0.22719067990268388
V1,1202161,pre,False,0.3041013119638751,0.2702593525897929
V1,1202161,pre,True,0.34676409870398006,0.20517804229194198
V1,1203161,post,False,0.23580874016614226,0.24608638526999918
V1,1203161,post,True,0.27678366573609653,0.23006258786903183
V1,1203161,pre,False,0.2868065854944756,0.2254507246099713
V1,1203161,pre,True,0.26321343983690143,0.23524345063886729
V1,1206161,post,False,0.2645741393948951,0.20255032827512842
V1,1206161,post,True,0.27151706949699383,0.21849353792124498
V1,1206161,pre,False,0.21017293384142915,0.3017508762139731
V1,1206161,pre,True,0.2795669912819518,0.2213210414681281
V1,1206162,post,False,0.3197645710253641,0.25766547315247956
V1,1206162,post,True,0.3564104833135629,0.21297507501880966
V1,1206162,pre,False,0.28861812158541034,0.24398042449705307
V1,1206162,pre,True,0.2700660891981674,0.24787811589914086
V1,1206163,post,False,0.34035014341811043,0.1750223847584124
V1,1206163,post,True,0.2531211246944428,0.24863286886606742
V1,1206163,pre,False,0.3989968133331444,0.13245978831219402
V1,1206163,pre,True,0.3374031479682792,0.19867038280947105
V1,1207162,post,False,0.3141108083839623,0.24979206097083595
V1,1207162,post,True,0.26269594701107973,0.29149013322091905
V1,1207162,pre,False,0.32776743917922346,0.2772555472199887
V1,1207162,pre,True,0.32075890492623216,0.25500843160648207
V2,110171,post,False,0.39845170959023357,0.144971887444725
V2,110171,post,True,0.30689249785072675,0.23065487208168306
V2,110171,pre,False,0.31138419446011345,0.18892049751699946
V2,110171,pre,True,0.2849309851790743,0.23713112218577231
V2,110172,post,False,0.30596041977153277,0.25491051616389315
V2,110172,post,True,0.2802888207464361,0.24881494376497373
V2,110172,pre,False,0.35296044039431085,0.22732517553775372
V2,110172,pre,True,0.3100729340845909,0.2779471547722736
V2,111171,post,False,0.31932833904380864,0.2424290376305082
V2,111171,post,True,0.21711187563477666,0.3027159223329026
V2,111171,pre,False,0.3360031152403778,0.2484837620122259
V2,111171,pre,True,0.2701975094882553,0.2554484893524317
V2,112171,post,False,0.3381848406563952,0.22721838291521274
V2,112171,post,True,0.3462553222143714,0.20375314763582528
V2,112171,pre,False,0.23859875498787986,0.2648070401728277
V2,112171,pre,True,0.2868414375221703,0.2062955981508346
V2,112172,post,False,0.3128692735042883,0.24086740201081777
V2,112172,post,True,0.2551006376295485,0.2919745721678325
V2,112172,pre,False,0.3282721094120745,0.21801938488764
V2,112172,pre,True,0.29135515275995444,0.2451235698192204
V2,112173,post,False,0.2654713078169349,0.24873124657696938
V2,112173,post,True,0.3308716171024399,0.16625631308197536
V2,112173,pre,False,0.295609042070202,0.27419888785343743
V2,112173,pre,True,0.3703613395590951,0.21006973386816158
V2,113171,post,False,0.3392388935120463,0.23108159207028237
V2,113171,post,True,0.34393182627513263,0.2162780781065142
V2,113171,pre,False,0.3230777376657833,0.22594013507905406
V2,113171,pre,True,0.31355226955816573,0.22895608350721158
V2,115174,post,False,0.3446502880709915,0.220450244444984
V2,115174,post,True,0.3799916949748928,0.2115966351917189
V2,115174,pre,False,0.2675113493500071,0.25868551782495686
V2,115174,pre,True,0.3882325008465458,0.15518865315727462
V2,117171,post,False,0.3557605332446429,0.22572407437150432
V2,117171,post,True,0.3670747636498919,0.25944776997829144
V2,117171,pre,False,0.28850216187191746,0.24757191386948985
V2,117171,pre,True,0.29883310191661694,0.2277630804028481
V2,118171,post,False,0.3074239039261386,0.21314690860112867
V2,118171,post,True,0.28566848458364047,0.24817755195451063
V2,118171,pre,False,0.2716209398657069,0.25451747145120046
V2,118171,pre,True,0.3034847516622474,0.21711848381595394
V2,118172,post,False,0.2806815251843043,0.27344896288437115
V2,118172,post,True,0.3841533017899731,0.1717466662206047
V2,118172,pre,False,0.3206540299672437,0.1976357270302525
V2,118172,pre,True,0.37505288610960996,0.19016709871021148
V2,119171,post,False,0.3233286211515938,0.22614453597566797
V2,119171,post,True,0.3311722484123088,0.236048657556598
V2,119171,pre,False,0.35340986371048666,0.22186907352689972
V2,119171,pre,True,0.3247088688155696,0.25218067234504876
V2,119172,post,False,0.2905387207940081,0.22580697108319883
V2,119172,post,True,0.2700199549078563,0.25376496819577404
V2,119172,pre,False,0.27221069848768975,0.2522141250237002
V2,119172,pre,True,0.2804427913254769,0.22902235893621165
V2,119173,post,False,0.39341348597446485,0.19588705523003622
V2,119173,post,True,0.38414195222189795,0.19883331140842042
V2,119173,pre,False,0.37268395489153516,0.2126515635747485
V2,119173,pre,True,0.3698600693225883,0.2083808001640138
V2,119174,post,False,0.25107406988437525,0.31963145860441106
V2,119174,post,True,0.31619627201172956,0.2551192644200957
V2,119174,pre,False,0.2691355615509046,0.2334309447037088
V2,119174,pre,True,0.31345501063200903,0.2112322944500185
V2,120171,post,False,0.31170252573065993,0.22378750358487393
V2,120171,post,True,0.3300252951136368,0.2347497598525603
V2,120171,pre,False,0.3140012192286986,0.24759047528641606
V2,120171,pre,True,0.34808553822616534,0.2341456336758713
V2,120172,post,False,0.26854684791273475,0.20351819774993857
V2,120172,post,True,0.25529538146900027,0.22314404794887466
V2,120172,pre,False,0.28190916518189,0.23783380297862586
V2,120172,pre,True,0.27518911247224076,0.22105172288360309
V2,120173,post,False,0.39889606995310767,0.1658282204144335
V2,120173,post,True,0.33651668193089007,0.21706114270333235
V2,120173,pre,False,0.3523511917106219,0.20218202353613984
V2,120173,pre,True,0.24748399340964933,0.2688068428355587
V2,123171,post,False,0.36279840751864656,0.21290633014808527
V2,123171,post,True,0.31603870303780596,0.24674451314595075
V2,123171,pre,False,0.3612503108996003,0.18435985459688273
V2,123171,pre,True,0.27842812916723614,0.27037317575318526
V2,123173,post,False,0.2902762839678804,0.26501848292554364
V2,123173,post,True,0.3381112370673457,0.21130635003481485
V2,123173,pre,False,0.3351622952852475,0.2239295914773304
V2,123173,pre,True,0.2961198461485283,0.2692582274736641
V2,124171,post,False,0.28993807557461754,0.21145015472860149
V2,124171,post,True,0.31815285041698765,0.19937545029634438
V2,124171,pre,False,0.3331543456848224,0.22944123271792397
V2,124171,pre,True,0.38330476149902737,0.17202910323445206
V2,125171,post,False,0.3350965894156603,0.25714630439747155
V2,125171,post,True,0.4048062972866198,0.21814158947400766
V2,125171,pre,False,0.3511227509495608,0.27342303600709184
V2,125171,pre,True,0.3853927886531448,0.23474434343796807
V2,125172,post,False,0.2960506346747181,0.22741177200074386
V2,125172,post,True,0.2904329270153011,0.23914264877918295
V2,125172,pre,False,0.2873431201257756,0.25988409242763366
V2,125172,pre,True,0.31789842564423576,0.24586782318301034
V2,1121161,post,False,0.3219499542015825,0.20152835603099667
V2,1121161,post,True,0.24172321513788816,0.2958218606392472
V2,1121161,pre,False,0.33424543439737586,0.2357380143202598
V2,1121161,pre,True,0.24066235964746702,0.27822976752540285
V2,1130161,post,False,0.2665655605326955,0.28859945936773246
V2,1130161,post,True,0.27978018608147975,0.2607209915223892
V2,1130161,pre,False,0.2711890758592647,0.23824753942188956
V2,1130161,pre,True,0.356642915618843,0.1813672470954884
V2,1202161,post,False,0.27362941902939797,0.2942407450989564
V2,1202161,post,True,0.35111008509813857,0.264041560335421
V2,1202161,pre,False,0.27791181535181386,0.24003532515076514
V2,1202161,pre,True,0.40013294329414995,0.188942684057181
V2,1203161,post,False,0.2536866044981515,0.23519629441198528
V2,1203161,post,True,0.2560657589069848,0.21497137920685416
V2,1203161,pre,False,0.2811853662490027,0.25009655725753677
V2,1203161,pre,True,0.26377693268805225,0.2325987906363139
V2,1206161,post,False,0.26624859788775224,0.24652313754470062
V2,1206161,post,True,0.28797357257312994,0.24157629650027285
V2,1206161,pre,False,0.23642146406136702,0.2919680607599978
V2,1206161,pre,True,0.30019217820563276,0.22117464249165208
V2,1206162,post,False,0.32305969121181227,0.23982638136081486
V2,1206162,post,True,0.3538141532953444,0.20110366178184846
V2,1206162,pre,False,0.32550039339398484,0.2126829964472888
V2,1206162,pre,True,0.29020839558502254,0.2460037248236407
V2,1206163,post,False,0.35168979843504766,0.18980658377876763
V2,1206163,post,True,0.29647732300097046,0.24339898478903255
V2,1206163,pre,False,0.38482700645143,0.1563512138540279
V2,1206163,pre,True,0.33264930884705485,0.21886769562485636
V2,1207162,post,False,0.3211593878648242,0.234708125679472
V2,1207162,post,True,0.318790273025171,0.21767933633270742
V2,1207162,pre,False,0.3266180786837235,0.273509266773398
V2,1207162,pre,True,0.3262420915938595,0.24577194959038584
