,roi_formatted,subj,phase,trained,correct
0,ENT,0110171,post,False,0.2375
1,ENT,0110171,post,True,0.325
2,ENT,0110171,pre,False,0.225
3,ENT,0110171,pre,True,0.25
4,ENT,0110172,post,False,0.3
5,ENT,0110172,post,True,0.3375
6,ENT,0110172,pre,False,0.3375
7,ENT,0110172,pre,True,0.175
8,ENT,0111171,post,False,0.2375
9,ENT,0111171,post,True,0.275
10,ENT,0111171,pre,False,0.2125
11,ENT,0111171,pre,True,0.2375
12,ENT,0112171,post,False,0.3
13,ENT,0112171,post,True,0.2875
14,ENT,0112171,pre,False,0.25
15,ENT,0112171,pre,True,0.25
16,ENT,0112172,post,False,0.2625
17,ENT,0112172,post,True,0.3125
18,ENT,0112172,pre,False,0.2
19,ENT,0112172,pre,True,0.1625
20,ENT,0112173,post,False,0.275
21,ENT,0112173,post,True,0.2625
22,ENT,0112173,pre,False,0.225
23,ENT,0112173,pre,True,0.25
24,ENT,0113171,post,False,0.225
25,ENT,0113171,post,True,0.225
26,ENT,0113171,pre,False,0.1625
27,ENT,0113171,pre,True,0.3125
28,ENT,0115174,post,False,0.2
29,ENT,0115174,post,True,0.2375
30,ENT,0115174,pre,False,0.25
31,ENT,0115174,pre,True,0.225
32,ENT,0117171,post,False,0.3625
33,ENT,0117171,post,True,0.2875
34,ENT,0117171,pre,False,0.2375
35,ENT,0117171,pre,True,0.1375
36,ENT,0118171,post,False,0.325
37,ENT,0118171,post,True,0.2
38,ENT,0118171,pre,False,0.2875
39,ENT,0118171,pre,True,0.2125
40,ENT,0118172,post,False,0.3
41,ENT,0118172,post,True,0.25
42,ENT,0118172,pre,False,0.2375
43,ENT,0118172,pre,True,0.225
44,ENT,0119171,post,False,0.175
45,ENT,0119171,post,True,0.275
46,ENT,0119171,pre,False,0.3375
47,ENT,0119171,pre,True,0.2375
48,ENT,0119172,post,False,0.3
49,ENT,0119172,post,True,0.15
50,ENT,0119172,pre,False,0.325
51,ENT,0119172,pre,True,0.2
52,ENT,0119173,post,False,0.2375
53,ENT,0119173,post,True,0.2375
54,ENT,0119173,pre,False,0.2125
55,ENT,0119173,pre,True,0.2375
56,ENT,0119174,post,False,0.35
57,ENT,0119174,post,True,0.2875
58,ENT,0119174,pre,False,0.2625
59,ENT,0119174,pre,True,0.225
60,ENT,0120171,post,False,0.2625
61,ENT,0120171,post,True,0.2375
62,ENT,0120171,pre,False,0.225
63,ENT,0120171,pre,True,0.2375
64,ENT,0120172,post,False,0.2875
65,ENT,0120172,post,True,0.2625
66,ENT,0120172,pre,False,0.25
67,ENT,0120172,pre,True,0.225
68,ENT,0120173,post,False,0.3125
69,ENT,0120173,post,True,0.2625
70,ENT,0120173,pre,False,0.15
71,ENT,0120173,pre,True,0.2125
72,ENT,0123171,post,False,0.3
73,ENT,0123171,post,True,0.2625
74,ENT,0123171,pre,False,0.2625
75,ENT,0123171,pre,True,0.2125
76,ENT,0123173,post,False,0.3125
77,ENT,0123173,post,True,0.25
78,ENT,0123173,pre,False,0.275
79,ENT,0123173,pre,True,0.325
80,ENT,0124171,post,False,0.2125
81,ENT,0124171,post,True,0.1875
82,ENT,0124171,pre,False,0.3
83,ENT,0124171,pre,True,0.2625
84,ENT,0125171,post,False,0.2375
85,ENT,0125171,post,True,0.2875
86,ENT,0125171,pre,False,0.2625
87,ENT,0125171,pre,True,0.2625
88,ENT,0125172,post,False,0.2875
89,ENT,0125172,post,True,0.225
90,ENT,0125172,pre,False,0.1875
91,ENT,0125172,pre,True,0.25
92,ENT,1121161,post,False,0.225
93,ENT,1121161,post,True,0.15
94,ENT,1121161,pre,False,0.175
95,ENT,1121161,pre,True,0.25
96,ENT,1130161,post,False,0.2125
97,ENT,1130161,post,True,0.325
98,ENT,1130161,pre,False,0.2125
99,ENT,1130161,pre,True,0.2875
100,ENT,1202161,post,False,0.2
101,ENT,1202161,post,True,0.225
102,ENT,1202161,pre,False,0.0875
103,ENT,1202161,pre,True,0.3625
104,ENT,1203161,post,False,0.1875
105,ENT,1203161,post,True,0.275
106,ENT,1203161,pre,False,0.2375
107,ENT,1203161,pre,True,0.3125
108,ENT,1206161,post,False,0.225
109,ENT,1206161,post,True,0.3
110,ENT,1206161,pre,False,0.2
111,ENT,1206161,pre,True,0.2375
112,ENT,1206162,post,False,0.325
113,ENT,1206162,post,True,0.225
114,ENT,1206162,pre,False,0.2
115,ENT,1206162,pre,True,0.325
116,ENT,1206163,post,False,0.2
117,ENT,1206163,post,True,0.2625
118,ENT,1206163,pre,False,0.3
119,ENT,1206163,pre,True,0.275
120,ENT,1207162,post,False,0.175
121,ENT,1207162,post,True,0.1875
122,ENT,1207162,pre,False,0.325
123,ENT,1207162,pre,True,0.15
124,FUS,0110171,post,False,0.25
125,FUS,0110171,post,True,0.175
126,FUS,0110171,pre,False,0.2875
127,FUS,0110171,pre,True,0.425
128,FUS,0110172,post,False,0.2
129,FUS,0110172,post,True,0.225
130,FUS,0110172,pre,False,0.275
131,FUS,0110172,pre,True,0.325
132,FUS,0111171,post,False,0.1375
133,FUS,0111171,post,True,0.325
134,FUS,0111171,pre,False,0.2125
135,FUS,0111171,pre,True,0.2875
136,FUS,0112171,post,False,0.4
137,FUS,0112171,post,True,0.2125
138,FUS,0112171,pre,False,0.2375
139,FUS,0112171,pre,True,0.3625
140,FUS,0112172,post,False,0.2625
141,FUS,0112172,post,True,0.25
142,FUS,0112172,pre,False,0.2625
143,FUS,0112172,pre,True,0.2375
144,FUS,0112173,post,False,0.2625
145,FUS,0112173,post,True,0.275
146,FUS,0112173,pre,False,0.2125
147,FUS,0112173,pre,True,0.3
148,FUS,0113171,post,False,0.2625
149,FUS,0113171,post,True,0.3
150,FUS,0113171,pre,False,0.2625
151,FUS,0113171,pre,True,0.2875
152,FUS,0115174,post,False,0.175
153,FUS,0115174,post,True,0.2
154,FUS,0115174,pre,False,0.3125
155,FUS,0115174,pre,True,0.325
156,FUS,0117171,post,False,0.225
157,FUS,0117171,post,True,0.2
158,FUS,0117171,pre,False,0.2375
159,FUS,0117171,pre,True,0.2375
160,FUS,0118171,post,False,0.275
161,FUS,0118171,post,True,0.325
162,FUS,0118171,pre,False,0.2875
163,FUS,0118171,pre,True,0.2
164,FUS,0118172,post,False,0.2625
165,FUS,0118172,post,True,0.375
166,FUS,0118172,pre,False,0.2
167,FUS,0118172,pre,True,0.4
168,FUS,0119171,post,False,0.225
169,FUS,0119171,post,True,0.3125
170,FUS,0119171,pre,False,0.3
171,FUS,0119171,pre,True,0.2875
172,FUS,0119172,post,False,0.25
173,FUS,0119172,post,True,0.275
174,FUS,0119172,pre,False,0.175
175,FUS,0119172,pre,True,0.35
176,FUS,0119173,post,False,0.25
177,FUS,0119173,post,True,0.35
178,FUS,0119173,pre,False,0.2625
179,FUS,0119173,pre,True,0.2375
180,FUS,0119174,post,False,0.2
181,FUS,0119174,post,True,0.375
182,FUS,0119174,pre,False,0.2375
183,FUS,0119174,pre,True,0.2125
184,FUS,0120171,post,False,0.25
185,FUS,0120171,post,True,0.225
186,FUS,0120171,pre,False,0.275
187,FUS,0120171,pre,True,0.2375
188,FUS,0120172,post,False,0.2875
189,FUS,0120172,post,True,0.3
190,FUS,0120172,pre,False,0.2125
191,FUS,0120172,pre,True,0.3375
192,FUS,0120173,post,False,0.225
193,FUS,0120173,post,True,0.3125
194,FUS,0120173,pre,False,0.275
195,FUS,0120173,pre,True,0.3
196,FUS,0123171,post,False,0.2125
197,FUS,0123171,post,True,0.375
198,FUS,0123171,pre,False,0.225
199,FUS,0123171,pre,True,0.3125
200,FUS,0123173,post,False,0.2
201,FUS,0123173,post,True,0.2
202,FUS,0123173,pre,False,0.1625
203,FUS,0123173,pre,True,0.2
204,FUS,0124171,post,False,0.2875
205,FUS,0124171,post,True,0.25
206,FUS,0124171,pre,False,0.2125
207,FUS,0124171,pre,True,0.2875
208,FUS,0125171,post,False,0.2125
209,FUS,0125171,post,True,0.35
210,FUS,0125171,pre,False,0.1375
211,FUS,0125171,pre,True,0.2625
212,FUS,0125172,post,False,0.2875
213,FUS,0125172,post,True,0.2625
214,FUS,0125172,pre,False,0.25
215,FUS,0125172,pre,True,0.2375
216,FUS,1121161,post,False,0.2625
217,FUS,1121161,post,True,0.25
218,FUS,1121161,pre,False,0.225
219,FUS,1121161,pre,True,0.2
220,FUS,1130161,post,False,0.175
221,FUS,1130161,post,True,0.4
222,FUS,1130161,pre,False,0.325
223,FUS,1130161,pre,True,0.2
224,FUS,1202161,post,False,0.2375
225,FUS,1202161,post,True,0.175
226,FUS,1202161,pre,False,0.25
227,FUS,1202161,pre,True,0.2375
228,FUS,1203161,post,False,0.3
229,FUS,1203161,post,True,0.2375
230,FUS,1203161,pre,False,0.225
231,FUS,1203161,pre,True,0.2125
232,FUS,1206161,post,False,0.15
233,FUS,1206161,post,True,0.3
234,FUS,1206161,pre,False,0.275
235,FUS,1206161,pre,True,0.175
236,FUS,1206162,post,False,0.275
237,FUS,1206162,post,True,0.2125
238,FUS,1206162,pre,False,0.3125
239,FUS,1206162,pre,True,0.25
240,FUS,1206163,post,False,0.3
241,FUS,1206163,post,True,0.275
242,FUS,1206163,pre,False,0.275
243,FUS,1206163,pre,True,0.275
244,FUS,1207162,post,False,0.225
245,FUS,1207162,post,True,0.2625
246,FUS,1207162,pre,False,0.3625
247,FUS,1207162,pre,True,0.2125
248,HC,0110171,post,False,0.2
249,HC,0110171,post,True,0.3
250,HC,0110171,pre,False,0.2625
251,HC,0110171,pre,True,0.3
252,HC,0110172,post,False,0.2625
253,HC,0110172,post,True,0.25
254,HC,0110172,pre,False,0.275
255,HC,0110172,pre,True,0.2875
256,HC,0111171,post,False,0.225
257,HC,0111171,post,True,0.225
258,HC,0111171,pre,False,0.275
259,HC,0111171,pre,True,0.2375
260,HC,0112171,post,False,0.225
261,HC,0112171,post,True,0.3625
262,HC,0112171,pre,False,0.15
263,HC,0112171,pre,True,0.2
264,HC,0112172,post,False,0.3
265,HC,0112172,post,True,0.2875
266,HC,0112172,pre,False,0.275
267,HC,0112172,pre,True,0.2625
268,HC,0112173,post,False,0.2
269,HC,0112173,post,True,0.275
270,HC,0112173,pre,False,0.25
271,HC,0112173,pre,True,0.15
272,HC,0113171,post,False,0.275
273,HC,0113171,post,True,0.2375
274,HC,0113171,pre,False,0.225
275,HC,0113171,pre,True,0.275
276,HC,0115174,post,False,0.2125
277,HC,0115174,post,True,0.225
278,HC,0115174,pre,False,0.25
279,HC,0115174,pre,True,0.2125
280,HC,0117171,post,False,0.2375
281,HC,0117171,post,True,0.2375
282,HC,0117171,pre,False,0.1875
283,HC,0117171,pre,True,0.3125
284,HC,0118171,post,False,0.225
285,HC,0118171,post,True,0.275
286,HC,0118171,pre,False,0.225
287,HC,0118171,pre,True,0.2375
288,HC,0118172,post,False,0.2125
289,HC,0118172,post,True,0.2875
290,HC,0118172,pre,False,0.275
291,HC,0118172,pre,True,0.275
292,HC,0119171,post,False,0.275
293,HC,0119171,post,True,0.3375
294,HC,0119171,pre,False,0.1625
295,HC,0119171,pre,True,0.1875
296,HC,0119172,post,False,0.175
297,HC,0119172,post,True,0.25
298,HC,0119172,pre,False,0.2625
299,HC,0119172,pre,True,0.3
300,HC,0119173,post,False,0.2
301,HC,0119173,post,True,0.2875
302,HC,0119173,pre,False,0.2875
303,HC,0119173,pre,True,0.1875
304,HC,0119174,post,False,0.25
305,HC,0119174,post,True,0.25
306,HC,0119174,pre,False,0.1625
307,HC,0119174,pre,True,0.4
308,HC,0120171,post,False,0.175
309,HC,0120171,post,True,0.2875
310,HC,0120171,pre,False,0.2125
311,HC,0120171,pre,True,0.2625
312,HC,0120172,post,False,0.175
313,HC,0120172,post,True,0.2875
314,HC,0120172,pre,False,0.2
315,HC,0120172,pre,True,0.275
316,HC,0120173,post,False,0.275
317,HC,0120173,post,True,0.3
318,HC,0120173,pre,False,0.2125
319,HC,0120173,pre,True,0.1875
320,HC,0123171,post,False,0.2375
321,HC,0123171,post,True,0.2375
322,HC,0123171,pre,False,0.2125
323,HC,0123171,pre,True,0.1625
324,HC,0123173,post,False,0.3125
325,HC,0123173,post,True,0.2875
326,HC,0123173,pre,False,0.225
327,HC,0123173,pre,True,0.2125
328,HC,0124171,post,False,0.25
329,HC,0124171,post,True,0.2
330,HC,0124171,pre,False,0.2375
331,HC,0124171,pre,True,0.2125
332,HC,0125171,post,False,0.2875
333,HC,0125171,post,True,0.1875
334,HC,0125171,pre,False,0.25
335,HC,0125171,pre,True,0.2875
336,HC,0125172,post,False,0.2
337,HC,0125172,post,True,0.2375
338,HC,0125172,pre,False,0.2875
339,HC,0125172,pre,True,0.2
340,HC,1121161,post,False,0.3
341,HC,1121161,post,True,0.2125
342,HC,1121161,pre,False,0.275
343,HC,1121161,pre,True,0.2625
344,HC,1130161,post,False,0.1875
345,HC,1130161,post,True,0.25
346,HC,1130161,pre,False,0.2625
347,HC,1130161,pre,True,0.3
348,HC,1202161,post,False,0.2
349,HC,1202161,post,True,0.2625
350,HC,1202161,pre,False,0.2625
351,HC,1202161,pre,True,0.1625
352,HC,1203161,post,False,0.3
353,HC,1203161,post,True,0.2875
354,HC,1203161,pre,False,0.275
355,HC,1203161,pre,True,0.3
356,HC,1206161,post,False,0.3
357,HC,1206161,post,True,0.2875
358,HC,1206161,pre,False,0.275
359,HC,1206161,pre,True,0.275
360,HC,1206162,post,False,0.25
361,HC,1206162,post,True,0.225
362,HC,1206162,pre,False,0.2125
363,HC,1206162,pre,True,0.25
364,HC,1206163,post,False,0.2875
365,HC,1206163,post,True,0.2
366,HC,1206163,pre,False,0.2125
367,HC,1206163,pre,True,0.2125
368,HC,1207162,post,False,0.225
369,HC,1207162,post,True,0.2375
370,HC,1207162,pre,False,0.225
371,HC,1207162,pre,True,0.2
372,IT,0110171,post,False,0.3125
373,IT,0110171,post,True,0.275
374,IT,0110171,pre,False,0.225
375,IT,0110171,pre,True,0.2375
376,IT,0110172,post,False,0.25
377,IT,0110172,post,True,0.2375
378,IT,0110172,pre,False,0.175
379,IT,0110172,pre,True,0.2125
380,IT,0111171,post,False,0.3125
381,IT,0111171,post,True,0.2125
382,IT,0111171,pre,False,0.2375
383,IT,0111171,pre,True,0.2625
384,IT,0112171,post,False,0.375
385,IT,0112171,post,True,0.325
386,IT,0112171,pre,False,0.275
387,IT,0112171,pre,True,0.275
388,IT,0112172,post,False,0.2875
389,IT,0112172,post,True,0.3375
390,IT,0112172,pre,False,0.25
391,IT,0112172,pre,True,0.2
392,IT,0112173,post,False,0.3
393,IT,0112173,post,True,0.25
394,IT,0112173,pre,False,0.3375
395,IT,0112173,pre,True,0.2625
396,IT,0113171,post,False,0.1625
397,IT,0113171,post,True,0.2375
398,IT,0113171,pre,False,0.2375
399,IT,0113171,pre,True,0.25
400,IT,0115174,post,False,0.25
401,IT,0115174,post,True,0.2
402,IT,0115174,pre,False,0.1625
403,IT,0115174,pre,True,0.2375
404,IT,0117171,post,False,0.25
405,IT,0117171,post,True,0.3125
406,IT,0117171,pre,False,0.1375
407,IT,0117171,pre,True,0.2125
408,IT,0118171,post,False,0.2125
409,IT,0118171,post,True,0.2375
410,IT,0118171,pre,False,0.175
411,IT,0118171,pre,True,0.2
412,IT,0118172,post,False,0.2625
413,IT,0118172,post,True,0.3
414,IT,0118172,pre,False,0.25
415,IT,0118172,pre,True,0.2625
416,IT,0119171,post,False,0.3
417,IT,0119171,post,True,0.3
418,IT,0119171,pre,False,0.225
419,IT,0119171,pre,True,0.2875
420,IT,0119172,post,False,0.2625
421,IT,0119172,post,True,0.175
422,IT,0119172,pre,False,0.3
423,IT,0119172,pre,True,0.2375
424,IT,0119173,post,False,0.2875
425,IT,0119173,post,True,0.25
426,IT,0119173,pre,False,0.25
427,IT,0119173,pre,True,0.25
428,IT,0119174,post,False,0.2875
429,IT,0119174,post,True,0.375
430,IT,0119174,pre,False,0.2625
431,IT,0119174,pre,True,0.2875
432,IT,0120171,post,False,0.2
433,IT,0120171,post,True,0.275
434,IT,0120171,pre,False,0.2625
435,IT,0120171,pre,True,0.225
436,IT,0120172,post,False,0.35
437,IT,0120172,post,True,0.2625
438,IT,0120172,pre,False,0.25
439,IT,0120172,pre,True,0.125
440,IT,0120173,post,False,0.2875
441,IT,0120173,post,True,0.25
442,IT,0120173,pre,False,0.225
443,IT,0120173,pre,True,0.2875
444,IT,0123171,post,False,0.2875
445,IT,0123171,post,True,0.275
446,IT,0123171,pre,False,0.2625
447,IT,0123171,pre,True,0.3
448,IT,0123173,post,False,0.2625
449,IT,0123173,post,True,0.1875
450,IT,0123173,pre,False,0.2625
451,IT,0123173,pre,True,0.35
452,IT,0124171,post,False,0.175
453,IT,0124171,post,True,0.1625
454,IT,0124171,pre,False,0.225
455,IT,0124171,pre,True,0.2
456,IT,0125171,post,False,0.2375
457,IT,0125171,post,True,0.225
458,IT,0125171,pre,False,0.2625
459,IT,0125171,pre,True,0.2875
460,IT,0125172,post,False,0.2
461,IT,0125172,post,True,0.325
462,IT,0125172,pre,False,0.2125
463,IT,0125172,pre,True,0.2875
464,IT,1121161,post,False,0.2375
465,IT,1121161,post,True,0.2375
466,IT,1121161,pre,False,0.2625
467,IT,1121161,pre,True,0.2375
468,IT,1130161,post,False,0.3875
469,IT,1130161,post,True,0.25
470,IT,1130161,pre,False,0.3125
471,IT,1130161,pre,True,0.2125
472,IT,1202161,post,False,0.2625
473,IT,1202161,post,True,0.2375
474,IT,1202161,pre,False,0.1875
475,IT,1202161,pre,True,0.375
476,IT,1203161,post,False,0.2125
477,IT,1203161,post,True,0.275
478,IT,1203161,pre,False,0.2625
479,IT,1203161,pre,True,0.3625
480,IT,1206161,post,False,0.25
481,IT,1206161,post,True,0.3375
482,IT,1206161,pre,False,0.2875
483,IT,1206161,pre,True,0.2625
484,IT,1206162,post,False,0.175
485,IT,1206162,post,True,0.2375
486,IT,1206162,pre,False,0.1875
487,IT,1206162,pre,True,0.3375
488,IT,1206163,post,False,0.1625
489,IT,1206163,post,True,0.275
490,IT,1206163,pre,False,0.225
491,IT,1206163,pre,True,0.275
492,IT,1207162,post,False,0.325
493,IT,1207162,post,True,0.2125
494,IT,1207162,pre,False,0.2625
495,IT,1207162,pre,True,0.25
496,LOC,0110171,post,False,0.325
497,LOC,0110171,post,True,0.275
498,LOC,0110171,pre,False,0.2375
499,LOC,0110171,pre,True,0.3625
500,LOC,0110172,post,False,0.2
501,LOC,0110172,post,True,0.35
502,LOC,0110172,pre,False,0.2375
503,LOC,0110172,pre,True,0.3
504,LOC,0111171,post,False,0.3875
505,LOC,0111171,post,True,0.4
506,LOC,0111171,pre,False,0.35
507,LOC,0111171,pre,True,0.3125
508,LOC,0112171,post,False,0.375
509,LOC,0112171,post,True,0.2875
510,LOC,0112171,pre,False,0.2875
511,LOC,0112171,pre,True,0.275
512,LOC,0112172,post,False,0.3375
513,LOC,0112172,post,True,0.3375
514,LOC,0112172,pre,False,0.2625
515,LOC,0112172,pre,True,0.275
516,LOC,0112173,post,False,0.3125
517,LOC,0112173,post,True,0.3875
518,LOC,0112173,pre,False,0.325
519,LOC,0112173,pre,True,0.2125
520,LOC,0113171,post,False,0.35
521,LOC,0113171,post,True,0.3875
522,LOC,0113171,pre,False,0.2875
523,LOC,0113171,pre,True,0.3
524,LOC,0115174,post,False,0.3875
525,LOC,0115174,post,True,0.3
526,LOC,0115174,pre,False,0.2875
527,LOC,0115174,pre,True,0.4
528,LOC,0117171,post,False,0.3125
529,LOC,0117171,post,True,0.3375
530,LOC,0117171,pre,False,0.375
531,LOC,0117171,pre,True,0.3125
532,LOC,0118171,post,False,0.2625
533,LOC,0118171,post,True,0.35
534,LOC,0118171,pre,False,0.2625
535,LOC,0118171,pre,True,0.2125
536,LOC,0118172,post,False,0.2375
537,LOC,0118172,post,True,0.3
538,LOC,0118172,pre,False,0.2375
539,LOC,0118172,pre,True,0.3625
540,LOC,0119171,post,False,0.225
541,LOC,0119171,post,True,0.375
542,LOC,0119171,pre,False,0.275
543,LOC,0119171,pre,True,0.325
544,LOC,0119172,post,False,0.275
545,LOC,0119172,post,True,0.225
546,LOC,0119172,pre,False,0.275
547,LOC,0119172,pre,True,0.35
548,LOC,0119173,post,False,0.325
549,LOC,0119173,post,True,0.3375
550,LOC,0119173,pre,False,0.375
551,LOC,0119173,pre,True,0.2375
552,LOC,0119174,post,False,0.4125
553,LOC,0119174,post,True,0.25
554,LOC,0119174,pre,False,0.3
555,LOC,0119174,pre,True,0.375
556,LOC,0120171,post,False,0.3625
557,LOC,0120171,post,True,0.3625
558,LOC,0120171,pre,False,0.3
559,LOC,0120171,pre,True,0.3
560,LOC,0120172,post,False,0.25
561,LOC,0120172,post,True,0.325
562,LOC,0120172,pre,False,0.25
563,LOC,0120172,pre,True,0.2875
564,LOC,0120173,post,False,0.3
565,LOC,0120173,post,True,0.2875
566,LOC,0120173,pre,False,0.3125
567,LOC,0120173,pre,True,0.2
568,LOC,0123171,post,False,0.25
569,LOC,0123171,post,True,0.4
570,LOC,0123171,pre,False,0.325
571,LOC,0123171,pre,True,0.3125
572,LOC,0123173,post,False,0.2875
573,LOC,0123173,post,True,0.3
574,LOC,0123173,pre,False,0.175
575,LOC,0123173,pre,True,0.2375
576,LOC,0124171,post,False,0.4125
577,LOC,0124171,post,True,0.375
578,LOC,0124171,pre,False,0.3
579,LOC,0124171,pre,True,0.4375
580,LOC,0125171,post,False,0.3375
581,LOC,0125171,post,True,0.25
582,LOC,0125171,pre,False,0.2875
583,LOC,0125171,pre,True,0.325
584,LOC,0125172,post,False,0.3
585,LOC,0125172,post,True,0.4
586,LOC,0125172,pre,False,0.3625
587,LOC,0125172,pre,True,0.2375
588,LOC,1121161,post,False,0.2375
589,LOC,1121161,post,True,0.4
590,LOC,1121161,pre,False,0.2625
591,LOC,1121161,pre,True,0.3375
592,LOC,1130161,post,False,0.3
593,LOC,1130161,post,True,0.275
594,LOC,1130161,pre,False,0.3
595,LOC,1130161,pre,True,0.2625
596,LOC,1202161,post,False,0.3125
597,LOC,1202161,post,True,0.35
598,LOC,1202161,pre,False,0.25
599,LOC,1202161,pre,True,0.3375
600,LOC,1203161,post,False,0.325
601,LOC,1203161,post,True,0.275
602,LOC,1203161,pre,False,0.2625
603,LOC,1203161,pre,True,0.3875
604,LOC,1206161,post,False,0.1875
605,LOC,1206161,post,True,0.25
606,LOC,1206161,pre,False,0.2125
607,LOC,1206161,pre,True,0.3
608,LOC,1206162,post,False,0.225
609,LOC,1206162,post,True,0.35
610,LOC,1206162,pre,False,0.225
611,LOC,1206162,pre,True,0.4
612,LOC,1206163,post,False,0.3375
613,LOC,1206163,post,True,0.2625
614,LOC,1206163,pre,False,0.3
615,LOC,1206163,pre,True,0.2625
616,LOC,1207162,post,False,0.35
617,LOC,1207162,post,True,0.3375
618,LOC,1207162,pre,False,0.4375
619,LOC,1207162,pre,True,0.35
620,PHC,0110171,post,False,0.2
621,PHC,0110171,post,True,0.3125
622,PHC,0110171,pre,False,0.3125
623,PHC,0110171,pre,True,0.3
624,PHC,0110172,post,False,0.125
625,PHC,0110172,post,True,0.375
626,PHC,0110172,pre,False,0.3375
627,PHC,0110172,pre,True,0.2875
628,PHC,0111171,post,False,0.275
629,PHC,0111171,post,True,0.275
630,PHC,0111171,pre,False,0.2875
631,PHC,0111171,pre,True,0.3875
632,PHC,0112171,post,False,0.35
633,PHC,0112171,post,True,0.3125
634,PHC,0112171,pre,False,0.275
635,PHC,0112171,pre,True,0.2
636,PHC,0112172,post,False,0.125
637,PHC,0112172,post,True,0.275
638,PHC,0112172,pre,False,0.2125
639,PHC,0112172,pre,True,0.2625
640,PHC,0112173,post,False,0.2875
641,PHC,0112173,post,True,0.325
642,PHC,0112173,pre,False,0.3
643,PHC,0112173,pre,True,0.2625
644,PHC,0113171,post,False,0.325
645,PHC,0113171,post,True,0.325
646,PHC,0113171,pre,False,0.3
647,PHC,0113171,pre,True,0.3125
648,PHC,0115174,post,False,0.2875
649,PHC,0115174,post,True,0.3125
650,PHC,0115174,pre,False,0.35
651,PHC,0115174,pre,True,0.4
652,PHC,0117171,post,False,0.3375
653,PHC,0117171,post,True,0.15
654,PHC,0117171,pre,False,0.2125
655,PHC,0117171,pre,True,0.2625
656,PHC,0118171,post,False,0.2125
657,PHC,0118171,post,True,0.3375
658,PHC,0118171,pre,False,0.125
659,PHC,0118171,pre,True,0.3375
660,PHC,0118172,post,False,0.225
661,PHC,0118172,post,True,0.2625
662,PHC,0118172,pre,False,0.325
663,PHC,0118172,pre,True,0.275
664,PHC,0119171,post,False,0.1875
665,PHC,0119171,post,True,0.35
666,PHC,0119171,pre,False,0.3125
667,PHC,0119171,pre,True,0.3125
668,PHC,0119172,post,False,0.3125
669,PHC,0119172,post,True,0.275
670,PHC,0119172,pre,False,0.3
671,PHC,0119172,pre,True,0.25
672,PHC,0119173,post,False,0.35
673,PHC,0119173,post,True,0.3
674,PHC,0119173,pre,False,0.3625
675,PHC,0119173,pre,True,0.1625
676,PHC,0119174,post,False,0.1875
677,PHC,0119174,post,True,0.325
678,PHC,0119174,pre,False,0.1625
679,PHC,0119174,pre,True,0.35
680,PHC,0120171,post,False,0.325
681,PHC,0120171,post,True,0.275
682,PHC,0120171,pre,False,0.2875
683,PHC,0120171,pre,True,0.2625
684,PHC,0120172,post,False,0.2625
685,PHC,0120172,post,True,0.275
686,PHC,0120172,pre,False,0.275
687,PHC,0120172,pre,True,0.2625
688,PHC,0120173,post,False,0.2375
689,PHC,0120173,post,True,0.3375
690,PHC,0120173,pre,False,0.2
691,PHC,0120173,pre,True,0.275
692,PHC,0123171,post,False,0.25
693,PHC,0123171,post,True,0.375
694,PHC,0123171,pre,False,0.275
695,PHC,0123171,pre,True,0.3375
696,PHC,0123173,post,False,0.25
697,PHC,0123173,post,True,0.275
698,PHC,0123173,pre,False,0.2125
699,PHC,0123173,pre,True,0.25
700,PHC,0124171,post,False,0.4125
701,PHC,0124171,post,True,0.35
702,PHC,0124171,pre,False,0.3
703,PHC,0124171,pre,True,0.35
704,PHC,0125171,post,False,0.3
705,PHC,0125171,post,True,0.225
706,PHC,0125171,pre,False,0.175
707,PHC,0125171,pre,True,0.3125
708,PHC,0125172,post,False,0.175
709,PHC,0125172,post,True,0.2375
710,PHC,0125172,pre,False,0.3
711,PHC,0125172,pre,True,0.3375
712,PHC,1121161,post,False,0.2875
713,PHC,1121161,post,True,0.2
714,PHC,1121161,pre,False,0.225
715,PHC,1121161,pre,True,0.3125
716,PHC,1130161,post,False,0.325
717,PHC,1130161,post,True,0.275
718,PHC,1130161,pre,False,0.2875
719,PHC,1130161,pre,True,0.3875
720,PHC,1202161,post,False,0.375
721,PHC,1202161,post,True,0.2375
722,PHC,1202161,pre,False,0.1625
723,PHC,1202161,pre,True,0.3
724,PHC,1203161,post,False,0.275
725,PHC,1203161,post,True,0.25
726,PHC,1203161,pre,False,0.2375
727,PHC,1203161,pre,True,0.3
728,PHC,1206161,post,False,0.2
729,PHC,1206161,post,True,0.275
730,PHC,1206161,pre,False,0.2375
731,PHC,1206161,pre,True,0.2375
732,PHC,1206162,post,False,0.25
733,PHC,1206162,post,True,0.2875
734,PHC,1206162,pre,False,0.2625
735,PHC,1206162,pre,True,0.2125
736,PHC,1206163,post,False,0.3125
737,PHC,1206163,post,True,0.325
738,PHC,1206163,pre,False,0.2875
739,PHC,1206163,pre,True,0.3625
740,PHC,1207162,post,False,0.2875
741,PHC,1207162,post,True,0.2625
742,PHC,1207162,pre,False,0.275
743,PHC,1207162,pre,True,0.3375
744,PRC,0110171,post,False,0.25
745,PRC,0110171,post,True,0.375
746,PRC,0110171,pre,False,0.3
747,PRC,0110171,pre,True,0.275
748,PRC,0110172,post,False,0.25
749,PRC,0110172,post,True,0.3125
750,PRC,0110172,pre,False,0.2875
751,PRC,0110172,pre,True,0.275
752,PRC,0111171,post,False,0.2375
753,PRC,0111171,post,True,0.3125
754,PRC,0111171,pre,False,0.2375
755,PRC,0111171,pre,True,0.3125
756,PRC,0112171,post,False,0.3125
757,PRC,0112171,post,True,0.2875
758,PRC,0112171,pre,False,0.275
759,PRC,0112171,pre,True,0.25
760,PRC,0112172,post,False,0.275
761,PRC,0112172,post,True,0.25
762,PRC,0112172,pre,False,0.2125
763,PRC,0112172,pre,True,0.2
764,PRC,0112173,post,False,0.2875
765,PRC,0112173,post,True,0.3
766,PRC,0112173,pre,False,0.2625
767,PRC,0112173,pre,True,0.3
768,PRC,0113171,post,False,0.2
769,PRC,0113171,post,True,0.175
770,PRC,0113171,pre,False,0.2625
771,PRC,0113171,pre,True,0.225
772,PRC,0115174,post,False,0.2875
773,PRC,0115174,post,True,0.1875
774,PRC,0115174,pre,False,0.2375
775,PRC,0115174,pre,True,0.35
776,PRC,0117171,post,False,0.3125
777,PRC,0117171,post,True,0.3125
778,PRC,0117171,pre,False,0.2625
779,PRC,0117171,pre,True,0.125
780,PRC,0118171,post,False,0.2875
781,PRC,0118171,post,True,0.2125
782,PRC,0118171,pre,False,0.225
783,PRC,0118171,pre,True,0.2
784,PRC,0118172,post,False,0.3125
785,PRC,0118172,post,True,0.225
786,PRC,0118172,pre,False,0.2875
787,PRC,0118172,pre,True,0.1875
788,PRC,0119171,post,False,0.2125
789,PRC,0119171,post,True,0.1875
790,PRC,0119171,pre,False,0.25
791,PRC,0119171,pre,True,0.25
792,PRC,0119172,post,False,0.2625
793,PRC,0119172,post,True,0.15
794,PRC,0119172,pre,False,0.25
795,PRC,0119172,pre,True,0.1875
796,PRC,0119173,post,False,0.225
797,PRC,0119173,post,True,0.3125
798,PRC,0119173,pre,False,0.3125
799,PRC,0119173,pre,True,0.225
800,PRC,0119174,post,False,0.35
801,PRC,0119174,post,True,0.275
802,PRC,0119174,pre,False,0.4
803,PRC,0119174,pre,True,0.1125
804,PRC,0120171,post,False,0.2125
805,PRC,0120171,post,True,0.3
806,PRC,0120171,pre,False,0.2625
807,PRC,0120171,pre,True,0.2
808,PRC,0120172,post,False,0.3625
809,PRC,0120172,post,True,0.25
810,PRC,0120172,pre,False,0.25
811,PRC,0120172,pre,True,0.325
812,PRC,0120173,post,False,0.2
813,PRC,0120173,post,True,0.225
814,PRC,0120173,pre,False,0.3625
815,PRC,0120173,pre,True,0.3375
816,PRC,0123171,post,False,0.2625
817,PRC,0123171,post,True,0.2125
818,PRC,0123171,pre,False,0.2875
819,PRC,0123171,pre,True,0.2125
820,PRC,0123173,post,False,0.3125
821,PRC,0123173,post,True,0.3
822,PRC,0123173,pre,False,0.3375
823,PRC,0123173,pre,True,0.225
824,PRC,0124171,post,False,0.275
825,PRC,0124171,post,True,0.2125
826,PRC,0124171,pre,False,0.3
827,PRC,0124171,pre,True,0.225
828,PRC,0125171,post,False,0.2875
829,PRC,0125171,post,True,0.2125
830,PRC,0125171,pre,False,0.2625
831,PRC,0125171,pre,True,0.2875
832,PRC,0125172,post,False,0.3125
833,PRC,0125172,post,True,0.3125
834,PRC,0125172,pre,False,0.3
835,PRC,0125172,pre,True,0.3
836,PRC,1121161,post,False,0.2875
837,PRC,1121161,post,True,0.2375
838,PRC,1121161,pre,False,0.1625
839,PRC,1121161,pre,True,0.2375
840,PRC,1130161,post,False,0.2625
841,PRC,1130161,post,True,0.2
842,PRC,1130161,pre,False,0.275
843,PRC,1130161,pre,True,0.25
844,PRC,1202161,post,False,0.225
845,PRC,1202161,post,True,0.2625
846,PRC,1202161,pre,False,0.2875
847,PRC,1202161,pre,True,0.2375
848,PRC,1203161,post,False,0.225
849,PRC,1203161,post,True,0.2375
850,PRC,1203161,pre,False,0.2375
851,PRC,1203161,pre,True,0.2375
852,PRC,1206161,post,False,0.2375
853,PRC,1206161,post,True,0.15
854,PRC,1206161,pre,False,0.2125
855,PRC,1206161,pre,True,0.2875
856,PRC,1206162,post,False,0.175
857,PRC,1206162,post,True,0.225
858,PRC,1206162,pre,False,0.2
859,PRC,1206162,pre,True,0.3625
860,PRC,1206163,post,False,0.15
861,PRC,1206163,post,True,0.3
862,PRC,1206163,pre,False,0.2125
863,PRC,1206163,pre,True,0.1875
864,PRC,1207162,post,False,0.2375
865,PRC,1207162,post,True,0.2125
866,PRC,1207162,pre,False,0.25
867,PRC,1207162,pre,True,0.3
868,V1,0110171,post,False,0.375
869,V1,0110171,post,True,0.425
870,V1,0110171,pre,False,0.4625
871,V1,0110171,pre,True,0.45
872,V1,0110172,post,False,0.4
873,V1,0110172,post,True,0.3
874,V1,0110172,pre,False,0.4125
875,V1,0110172,pre,True,0.4
876,V1,0111171,post,False,0.4
877,V1,0111171,post,True,0.4
878,V1,0111171,pre,False,0.4
879,V1,0111171,pre,True,0.325
880,V1,0112171,post,False,0.3
881,V1,0112171,post,True,0.3
882,V1,0112171,pre,False,0.3
883,V1,0112171,pre,True,0.3625
884,V1,0112172,post,False,0.3
885,V1,0112172,post,True,0.4125
886,V1,0112172,pre,False,0.3375
887,V1,0112172,pre,True,0.3125
888,V1,0112173,post,False,0.3
889,V1,0112173,post,True,0.5125
890,V1,0112173,pre,False,0.35
891,V1,0112173,pre,True,0.375
892,V1,0113171,post,False,0.325
893,V1,0113171,post,True,0.575
894,V1,0113171,pre,False,0.425
895,V1,0113171,pre,True,0.55
896,V1,0115174,post,False,0.3125
897,V1,0115174,post,True,0.55
898,V1,0115174,pre,False,0.275
899,V1,0115174,pre,True,0.4625
900,V1,0117171,post,False,0.475
901,V1,0117171,post,True,0.3375
902,V1,0117171,pre,False,0.425
903,V1,0117171,pre,True,0.3375
904,V1,0118171,post,False,0.225
905,V1,0118171,post,True,0.4
906,V1,0118171,pre,False,0.25
907,V1,0118171,pre,True,0.3
908,V1,0118172,post,False,0.2625
909,V1,0118172,post,True,0.525
910,V1,0118172,pre,False,0.325
911,V1,0118172,pre,True,0.4625
912,V1,0119171,post,False,0.4375
913,V1,0119171,post,True,0.2375
914,V1,0119171,pre,False,0.4875
915,V1,0119171,pre,True,0.325
916,V1,0119172,post,False,0.125
917,V1,0119172,post,True,0.4625
918,V1,0119172,pre,False,0.25
919,V1,0119172,pre,True,0.325
920,V1,0119173,post,False,0.5
921,V1,0119173,post,True,0.375
922,V1,0119173,pre,False,0.4875
923,V1,0119173,pre,True,0.25
924,V1,0119174,post,False,0.25
925,V1,0119174,post,True,0.475
926,V1,0119174,pre,False,0.275
927,V1,0119174,pre,True,0.3625
928,V1,0120171,post,False,0.5375
929,V1,0120171,post,True,0.35
930,V1,0120171,pre,False,0.4625
931,V1,0120171,pre,True,0.35
932,V1,0120172,post,False,0.375
933,V1,0120172,post,True,0.4
934,V1,0120172,pre,False,0.3125
935,V1,0120172,pre,True,0.3125
936,V1,0120173,post,False,0.4
937,V1,0120173,post,True,0.4
938,V1,0120173,pre,False,0.325
939,V1,0120173,pre,True,0.3
940,V1,0123171,post,False,0.3875
941,V1,0123171,post,True,0.4375
942,V1,0123171,pre,False,0.35
943,V1,0123171,pre,True,0.325
944,V1,0123173,post,False,0.375
945,V1,0123173,post,True,0.425
946,V1,0123173,pre,False,0.425
947,V1,0123173,pre,True,0.475
948,V1,0124171,post,False,0.3875
949,V1,0124171,post,True,0.4375
950,V1,0124171,pre,False,0.35
951,V1,0124171,pre,True,0.4375
952,V1,0125171,post,False,0.45
953,V1,0125171,post,True,0.475
954,V1,0125171,pre,False,0.3375
955,V1,0125171,pre,True,0.525
956,V1,0125172,post,False,0.35
957,V1,0125172,post,True,0.2875
958,V1,0125172,pre,False,0.275
959,V1,0125172,pre,True,0.325
960,V1,1121161,post,False,0.35
961,V1,1121161,post,True,0.2625
962,V1,1121161,pre,False,0.3125
963,V1,1121161,pre,True,0.35
964,V1,1130161,post,False,0.3375
965,V1,1130161,post,True,0.3875
966,V1,1130161,pre,False,0.2625
967,V1,1130161,pre,True,0.4125
968,V1,1202161,post,False,0.325
969,V1,1202161,post,True,0.3
970,V1,1202161,pre,False,0.2875
971,V1,1202161,pre,True,0.2
972,V1,1203161,post,False,0.225
973,V1,1203161,post,True,0.4625
974,V1,1203161,pre,False,0.25
975,V1,1203161,pre,True,0.375
976,V1,1206161,post,False,0.225
977,V1,1206161,post,True,0.3625
978,V1,1206161,pre,False,0.3625
979,V1,1206161,pre,True,0.25
980,V1,1206162,post,False,0.2875
981,V1,1206162,post,True,0.45
982,V1,1206162,pre,False,0.1625
983,V1,1206162,pre,True,0.4125
984,V1,1206163,post,False,0.4875
985,V1,1206163,post,True,0.2625
986,V1,1206163,pre,False,0.3875
987,V1,1206163,pre,True,0.2875
988,V1,1207162,post,False,0.3
989,V1,1207162,post,True,0.2625
990,V1,1207162,pre,False,0.3375
991,V1,1207162,pre,True,0.375
992,V2,0110171,post,False,0.475
993,V2,0110171,post,True,0.375
994,V2,0110171,pre,False,0.45
995,V2,0110171,pre,True,0.4
996,V2,0110172,post,False,0.3375
997,V2,0110172,post,True,0.3125
998,V2,0110172,pre,False,0.4
999,V2,0110172,pre,True,0.425
1000,V2,0111171,post,False,0.475
1001,V2,0111171,post,True,0.425
1002,V2,0111171,pre,False,0.4375
1003,V2,0111171,pre,True,0.3
1004,V2,0112171,post,False,0.275
1005,V2,0112171,post,True,0.3375
1006,V2,0112171,pre,False,0.2625
1007,V2,0112171,pre,True,0.3
1008,V2,0112172,post,False,0.4375
1009,V2,0112172,post,True,0.35
1010,V2,0112172,pre,False,0.3375
1011,V2,0112172,pre,True,0.35
1012,V2,0112173,post,False,0.35
1013,V2,0112173,post,True,0.5125
1014,V2,0112173,pre,False,0.2875
1015,V2,0112173,pre,True,0.4625
1016,V2,0113171,post,False,0.475
1017,V2,0113171,post,True,0.5125
1018,V2,0113171,pre,False,0.4875
1019,V2,0113171,pre,True,0.55
1020,V2,0115174,post,False,0.35
1021,V2,0115174,post,True,0.45
1022,V2,0115174,pre,False,0.3125
1023,V2,0115174,pre,True,0.5
1024,V2,0117171,post,False,0.5125
1025,V2,0117171,post,True,0.4
1026,V2,0117171,pre,False,0.4625
1027,V2,0117171,pre,True,0.3875
1028,V2,0118171,post,False,0.2375
1029,V2,0118171,post,True,0.4125
1030,V2,0118171,pre,False,0.2875
1031,V2,0118171,pre,True,0.25
1032,V2,0118172,post,False,0.2625
1033,V2,0118172,post,True,0.525
1034,V2,0118172,pre,False,0.325
1035,V2,0118172,pre,True,0.45
1036,V2,0119171,post,False,0.3375
1037,V2,0119171,post,True,0.325
1038,V2,0119171,pre,False,0.5
1039,V2,0119171,pre,True,0.425
1040,V2,0119172,post,False,0.2
1041,V2,0119172,post,True,0.4375
1042,V2,0119172,pre,False,0.2125
1043,V2,0119172,pre,True,0.3375
1044,V2,0119173,post,False,0.525
1045,V2,0119173,post,True,0.35
1046,V2,0119173,pre,False,0.5
1047,V2,0119173,pre,True,0.275
1048,V2,0119174,post,False,0.3625
1049,V2,0119174,post,True,0.4375
1050,V2,0119174,pre,False,0.2875
1051,V2,0119174,pre,True,0.35
1052,V2,0120171,post,False,0.525
1053,V2,0120171,post,True,0.5
1054,V2,0120171,pre,False,0.5
1055,V2,0120171,pre,True,0.3625
1056,V2,0120172,post,False,0.325
1057,V2,0120172,post,True,0.4625
1058,V2,0120172,pre,False,0.3125
1059,V2,0120172,pre,True,0.3125
1060,V2,0120173,post,False,0.4625
1061,V2,0120173,post,True,0.3
1062,V2,0120173,pre,False,0.375
1063,V2,0120173,pre,True,0.3
1064,V2,0123171,post,False,0.375
1065,V2,0123171,post,True,0.3875
1066,V2,0123171,pre,False,0.45
1067,V2,0123171,pre,True,0.3875
1068,V2,0123173,post,False,0.4125
1069,V2,0123173,post,True,0.475
1070,V2,0123173,pre,False,0.4
1071,V2,0123173,pre,True,0.45
1072,V2,0124171,post,False,0.425
1073,V2,0124171,post,True,0.4375
1074,V2,0124171,pre,False,0.2875
1075,V2,0124171,pre,True,0.425
1076,V2,0125171,post,False,0.5
1077,V2,0125171,post,True,0.4125
1078,V2,0125171,pre,False,0.4625
1079,V2,0125171,pre,True,0.5375
1080,V2,0125172,post,False,0.175
1081,V2,0125172,post,True,0.3375
1082,V2,0125172,pre,False,0.3125
1083,V2,0125172,pre,True,0.2875
1084,V2,1121161,post,False,0.3625
1085,V2,1121161,post,True,0.3125
1086,V2,1121161,pre,False,0.4375
1087,V2,1121161,pre,True,0.35
1088,V2,1130161,post,False,0.3
1089,V2,1130161,post,True,0.4375
1090,V2,1130161,pre,False,0.2375
1091,V2,1130161,pre,True,0.425
1092,V2,1202161,post,False,0.2875
1093,V2,1202161,post,True,0.4
1094,V2,1202161,pre,False,0.3125
1095,V2,1202161,pre,True,0.2375
1096,V2,1203161,post,False,0.2625
1097,V2,1203161,post,True,0.3875
1098,V2,1203161,pre,False,0.2
1099,V2,1203161,pre,True,0.3625
1100,V2,1206161,post,False,0.1375
1101,V2,1206161,post,True,0.3625
1102,V2,1206161,pre,False,0.325
1103,V2,1206161,pre,True,0.2875
1104,V2,1206162,post,False,0.2875
1105,V2,1206162,post,True,0.525
1106,V2,1206162,pre,False,0.25
1107,V2,1206162,pre,True,0.4125
1108,V2,1206163,post,False,0.35
1109,V2,1206163,post,True,0.325
1110,V2,1206163,pre,False,0.5125
1111,V2,1206163,pre,True,0.325
1112,V2,1207162,post,False,0.3375
1113,V2,1207162,post,True,0.4
1114,V2,1207162,pre,False,0.3125
1115,V2,1207162,pre,True,0.4125
