wID,versionNum,category,object,trial,TRnum,condition,onset_time,run_num,viewpoint,response,onset
0110172_neurosketch,21,furniture,table,0,0,-1,0.0,1,4,,0
0110172_neurosketch,21,furniture,table,0,1,-1,0.0,1,4,,0
0110172_neurosketch,21,furniture,table,0,2,-1,0.0,1,4,,0
0110172_neurosketch,21,furniture,table,0,3,-1,0.0,1,4,,0
0110172_neurosketch,21,furniture,table,0,4,-1,0.0,1,4,,0
0110172_neurosketch,21,furniture,table,0,5,-1,0.0,1,4,,0
0110172_neurosketch,21,furniture,table,0,6,-1,0.0,1,4,,0
0110172_neurosketch,21,furniture,table,0,7,-1,0.0,1,4,,0
0110172_neurosketch,21,furniture,table,0,8,1,12003.24,1,4,,1
0110172_neurosketch,21,furniture,table,0,9,1,12003.24,1,4,,0
0110172_neurosketch,21,furniture,table,0,10,1,12003.24,1,4,,0
0110172_neurosketch,21,furniture,table,0,11,1,12003.24,1,4,,0
0110172_neurosketch,21,furniture,table,0,12,1,12003.24,1,4,,0
0110172_neurosketch,21,furniture,table,0,13,1,12003.24,1,4,,0
0110172_neurosketch,21,furniture,bench,1,14,1,21003.16,1,31,bench,1
0110172_neurosketch,21,furniture,bench,1,15,1,21003.16,1,31,bench,0
0110172_neurosketch,21,furniture,chair,2,16,0,24002.95,1,2,,1
0110172_neurosketch,21,furniture,chair,2,17,0,24002.95,1,2,,0
0110172_neurosketch,21,furniture,chair,2,18,0,24002.95,1,2,,0
0110172_neurosketch,21,furniture,chair,2,19,0,24002.95,1,2,,0
0110172_neurosketch,21,furniture,bed,3,20,0,30002.84,1,29,bed,1
0110172_neurosketch,21,furniture,bed,3,21,0,30002.84,1,29,bed,0
0110172_neurosketch,21,furniture,bed,4,22,0,33003.92,1,11,bed,1
0110172_neurosketch,21,furniture,bed,4,23,0,33003.92,1,11,bed,0
0110172_neurosketch,21,furniture,bed,4,24,0,33003.92,1,11,bed,0
0110172_neurosketch,21,furniture,chair,5,25,0,37501.93,1,10,chair,1
0110172_neurosketch,21,furniture,chair,5,26,0,37501.93,1,10,chair,0
0110172_neurosketch,21,furniture,chair,5,27,0,37501.93,1,10,chair,0
0110172_neurosketch,21,furniture,bench,6,28,1,42002.15,1,2,bench,1
0110172_neurosketch,21,furniture,bench,6,29,1,42002.15,1,2,bench,0
0110172_neurosketch,21,furniture,bench,6,30,1,42002.15,1,2,bench,0
0110172_neurosketch,21,furniture,bench,6,31,1,42002.15,1,2,bench,0
0110172_neurosketch,21,furniture,table,7,32,1,48003.58,1,9,table,1
0110172_neurosketch,21,furniture,table,7,33,1,48003.58,1,9,table,0
0110172_neurosketch,21,furniture,chair,8,34,0,51002.75,1,33,chair,1
0110172_neurosketch,21,furniture,chair,8,35,0,51002.75,1,33,chair,0
0110172_neurosketch,21,furniture,chair,8,36,0,51002.75,1,33,chair,0
0110172_neurosketch,21,2,bench,9,37,1,55505.07,1,13,bench,1
0110172_neurosketch,21,2,bench,9,38,1,55505.07,1,13,bench,0
0110172_neurosketch,21,2,bench,9,39,1,55505.07,1,13,bench,0
0110172_neurosketch,21,furniture,table,10,40,1,60002.03,1,0,table,1
0110172_neurosketch,21,furniture,table,10,41,1,60002.03,1,0,table,0
0110172_neurosketch,21,furniture,table,10,42,1,60002.03,1,0,table,0
0110172_neurosketch,21,furniture,bed,11,43,0,64502.15,1,31,chair,1
0110172_neurosketch,21,furniture,bed,11,44,0,64502.15,1,31,chair,0
0110172_neurosketch,21,furniture,chair,12,45,0,67502.91,1,7,chair,1
0110172_neurosketch,21,furniture,chair,12,46,0,67502.91,1,7,chair,0
0110172_neurosketch,21,furniture,chair,12,47,0,67502.91,1,7,chair,0
0110172_neurosketch,21,furniture,bench,13,48,1,72003.11,1,20,bench,1
0110172_neurosketch,21,furniture,bench,13,49,1,72003.11,1,20,bench,0
0110172_neurosketch,21,furniture,bench,13,50,1,72003.11,1,20,bench,0
0110172_neurosketch,21,furniture,bed,14,51,0,76503.29,1,22,bed,1
0110172_neurosketch,21,furniture,bed,14,52,0,76503.29,1,22,bed,0
0110172_neurosketch,21,furniture,table,15,53,1,79502.6,1,30,table,1
0110172_neurosketch,21,furniture,table,15,54,1,79502.6,1,30,table,0
0110172_neurosketch,21,furniture,table,15,55,1,79502.6,1,30,table,0
0110172_neurosketch,21,furniture,table,16,56,1,84002.93,1,21,table,1
0110172_neurosketch,21,furniture,table,16,57,1,84002.93,1,21,table,0
0110172_neurosketch,21,furniture,bench,17,58,1,87002.65,1,32,bench,1
0110172_neurosketch,21,furniture,bench,17,59,1,87002.65,1,32,bench,0
0110172_neurosketch,21,furniture,bed,18,60,0,90003.29,1,39,bed,1
0110172_neurosketch,21,furniture,bed,18,61,0,90003.29,1,39,bed,0
0110172_neurosketch,21,2,chair,19,62,0,93003.44,1,4,chair,1
0110172_neurosketch,21,2,chair,19,63,0,93003.44,1,4,chair,0
0110172_neurosketch,21,2,chair,19,64,0,93003.44,1,4,chair,0
0110172_neurosketch,21,2,chair,19,65,0,93003.44,1,4,chair,0
0110172_neurosketch,21,furniture,bed,20,66,0,99002.28,1,3,bed,1
0110172_neurosketch,21,furniture,bed,20,67,0,99002.28,1,3,bed,0
0110172_neurosketch,21,furniture,chair,21,68,0,102004.39,1,16,chair,1
0110172_neurosketch,21,furniture,chair,21,69,0,102004.39,1,16,chair,0
0110172_neurosketch,21,furniture,bench,22,70,1,105002.33,1,14,bench,1
0110172_neurosketch,21,furniture,bench,22,71,1,105002.33,1,14,bench,0
0110172_neurosketch,21,furniture,bench,22,72,1,105002.33,1,14,bench,0
0110172_neurosketch,21,furniture,table,23,73,1,109502.56,1,7,table,1
0110172_neurosketch,21,furniture,table,23,74,1,109502.56,1,7,table,0
0110172_neurosketch,21,furniture,table,23,75,1,109502.56,1,7,table,0
0110172_neurosketch,21,furniture,bed,24,76,0,114002.84,1,38,bed,1
0110172_neurosketch,21,furniture,bed,24,77,0,114002.84,1,38,bed,0
0110172_neurosketch,21,furniture,bed,24,78,0,114002.84,1,38,bed,0
0110172_neurosketch,21,furniture,chair,25,79,0,118504.05,1,9,chair,1
0110172_neurosketch,21,furniture,chair,25,80,0,118504.05,1,9,chair,0
0110172_neurosketch,21,furniture,chair,25,81,0,118504.05,1,9,chair,0
0110172_neurosketch,21,furniture,table,26,82,1,123002.52,1,18,table,1
0110172_neurosketch,21,furniture,table,26,83,1,123002.52,1,18,table,0
0110172_neurosketch,21,furniture,table,26,84,1,123002.52,1,18,table,0
0110172_neurosketch,21,furniture,table,26,85,1,123002.52,1,18,table,0
0110172_neurosketch,21,furniture,bench,27,86,1,129003.06,1,24,bench,1
0110172_neurosketch,21,furniture,bench,27,87,1,129003.06,1,24,bench,0
0110172_neurosketch,21,furniture,table,28,88,1,132003.54,1,37,table,1
0110172_neurosketch,21,furniture,table,28,89,1,132003.54,1,37,table,0
0110172_neurosketch,21,2,bench,29,90,1,135002.48,1,35,bench,1
0110172_neurosketch,21,2,bench,29,91,1,135002.48,1,35,bench,0
0110172_neurosketch,21,furniture,bed,30,92,0,138004.08,1,33,bed,1
0110172_neurosketch,21,furniture,bed,30,93,0,138004.08,1,33,bed,0
0110172_neurosketch,21,furniture,bed,30,94,0,138004.08,1,33,bed,0
0110172_neurosketch,21,furniture,chair,31,95,0,142502.12,1,8,,1
0110172_neurosketch,21,furniture,chair,31,96,0,142502.12,1,8,,0
0110172_neurosketch,21,furniture,chair,31,97,0,142502.12,1,8,,0
0110172_neurosketch,21,furniture,chair,31,98,0,142502.12,1,8,,0
0110172_neurosketch,21,furniture,bed,32,99,0,148502.59,1,9,bed,1
0110172_neurosketch,21,furniture,bed,32,100,0,148502.59,1,9,bed,0
0110172_neurosketch,21,furniture,bed,32,101,0,148502.59,1,9,bed,0
0110172_neurosketch,21,furniture,bed,32,102,0,148502.59,1,9,bed,0
0110172_neurosketch,21,furniture,chair,33,103,0,154502.68,1,23,chair,1
0110172_neurosketch,21,furniture,chair,33,104,0,154502.68,1,23,chair,0
0110172_neurosketch,21,furniture,chair,33,105,0,154502.68,1,23,chair,0
0110172_neurosketch,21,furniture,bench,34,106,1,159002.68,1,26,,1
0110172_neurosketch,21,furniture,bench,34,107,1,159002.68,1,26,,0
0110172_neurosketch,21,furniture,table,35,108,1,162002.64,1,10,table,1
0110172_neurosketch,21,furniture,table,35,109,1,162002.64,1,10,table,0
0110172_neurosketch,21,furniture,bench,36,110,1,165002.77,1,3,bench,1
0110172_neurosketch,21,furniture,bench,36,111,1,165002.77,1,3,bench,0
0110172_neurosketch,21,furniture,bench,36,112,1,165002.77,1,3,bench,0
0110172_neurosketch,21,furniture,bed,37,113,0,169502.21,1,12,bed,1
0110172_neurosketch,21,furniture,bed,37,114,0,169502.21,1,12,bed,0
0110172_neurosketch,21,furniture,bed,37,115,0,169502.21,1,12,bed,0
0110172_neurosketch,21,furniture,chair,38,116,0,174002.53,1,15,chair,1
0110172_neurosketch,21,furniture,chair,38,117,0,174002.53,1,15,chair,0
0110172_neurosketch,21,furniture,chair,38,118,0,174002.53,1,15,chair,0
0110172_neurosketch,21,furniture,chair,38,119,0,174002.53,1,15,chair,0
0110172_neurosketch,21,2,table,39,120,1,180002.49,1,19,table,1
0110172_neurosketch,21,2,table,39,121,1,180002.49,1,19,table,0
0110172_neurosketch,21,furniture,table,40,122,1,183003.16,1,2,table,1
0110172_neurosketch,21,furniture,table,40,123,1,183003.16,1,2,table,0
0110172_neurosketch,21,furniture,table,40,124,1,183003.16,1,2,table,0
0110172_neurosketch,21,furniture,table,40,125,1,183003.16,1,2,table,0
0110172_neurosketch,21,furniture,bench,41,126,1,189002.62,1,9,bench,1
0110172_neurosketch,21,furniture,bench,41,127,1,189002.62,1,9,bench,0
0110172_neurosketch,21,furniture,bed,42,128,0,192003.63,1,28,bed,1
0110172_neurosketch,21,furniture,bed,42,129,0,192003.63,1,28,bed,0
0110172_neurosketch,21,furniture,bed,42,130,0,192003.63,1,28,bed,0
0110172_neurosketch,21,furniture,bed,42,131,0,192003.63,1,28,bed,0
0110172_neurosketch,21,furniture,chair,43,132,0,198002.53,1,28,chair,1
0110172_neurosketch,21,furniture,chair,43,133,0,198002.53,1,28,chair,0
0110172_neurosketch,21,furniture,bench,44,134,1,201002.58,1,18,bench,1
0110172_neurosketch,21,furniture,bench,44,135,1,201002.58,1,18,bench,0
0110172_neurosketch,21,furniture,bench,44,136,1,201002.58,1,18,bench,0
0110172_neurosketch,21,furniture,chair,45,137,0,205502.49,1,38,bed,1
0110172_neurosketch,21,furniture,chair,45,138,0,205502.49,1,38,bed,0
0110172_neurosketch,21,furniture,chair,45,139,0,205502.49,1,38,bed,0
0110172_neurosketch,21,furniture,table,46,140,1,210002.91,1,33,table,1
0110172_neurosketch,21,furniture,table,46,141,1,210002.91,1,33,table,0
0110172_neurosketch,21,furniture,table,46,142,1,210002.91,1,33,table,0
0110172_neurosketch,21,furniture,table,46,143,1,210002.91,1,33,table,0
0110172_neurosketch,21,furniture,bed,47,144,0,216003.38,1,6,bed,1
0110172_neurosketch,21,furniture,bed,47,145,0,216003.38,1,6,bed,0
0110172_neurosketch,21,furniture,bench,48,146,1,219002.21,1,4,bench,1
0110172_neurosketch,21,furniture,bench,48,147,1,219002.21,1,4,bench,0
0110172_neurosketch,21,furniture,bench,48,148,1,219002.21,1,4,bench,0
0110172_neurosketch,21,2,chair,49,149,0,223502.54,1,18,chair,1
0110172_neurosketch,21,2,chair,49,150,0,223502.54,1,18,chair,0
0110172_neurosketch,21,2,chair,49,151,0,223502.54,1,18,chair,0
0110172_neurosketch,21,furniture,bed,50,152,0,228002.48,1,16,bed,1
0110172_neurosketch,21,furniture,bed,50,153,0,228002.48,1,16,bed,0
0110172_neurosketch,21,furniture,bed,50,154,0,228002.48,1,16,bed,0
0110172_neurosketch,21,furniture,table,51,155,1,232502.45,1,39,table,1
0110172_neurosketch,21,furniture,table,51,156,1,232502.45,1,39,table,0
0110172_neurosketch,21,furniture,chair,52,157,0,235502.67,1,17,chair,1
0110172_neurosketch,21,furniture,chair,52,158,0,235502.67,1,17,chair,0
0110172_neurosketch,21,furniture,chair,52,159,0,235502.67,1,17,chair,0
0110172_neurosketch,21,furniture,bed,53,160,0,240003.62,1,30,bed,1
0110172_neurosketch,21,furniture,bed,53,161,0,240003.62,1,30,bed,0
0110172_neurosketch,21,furniture,bed,53,162,0,240003.62,1,30,bed,0
0110172_neurosketch,21,furniture,bench,54,163,1,244503.23,1,11,bench,1
0110172_neurosketch,21,furniture,bench,54,164,1,244503.23,1,11,bench,0
0110172_neurosketch,21,furniture,table,55,165,1,247503.93,1,26,table,1
0110172_neurosketch,21,furniture,table,55,166,1,247503.93,1,26,table,0
0110172_neurosketch,21,furniture,table,55,167,1,247503.93,1,26,table,0
0110172_neurosketch,21,furniture,bench,56,168,1,252001.91,1,7,bench,1
0110172_neurosketch,21,furniture,bench,56,169,1,252001.91,1,7,bench,0
0110172_neurosketch,21,furniture,bed,57,170,0,255002.78,1,35,bed,1
0110172_neurosketch,21,furniture,bed,57,171,0,255002.78,1,35,bed,0
0110172_neurosketch,21,furniture,table,58,172,1,258005.38,1,13,table,1
0110172_neurosketch,21,furniture,table,58,173,1,258005.38,1,13,table,0
0110172_neurosketch,21,2,chair,59,174,0,261003.61,1,6,chair,1
0110172_neurosketch,21,2,chair,59,175,0,261003.61,1,6,chair,0
0110172_neurosketch,21,2,chair,59,176,0,261003.61,1,6,chair,0
0110172_neurosketch,21,2,chair,59,177,0,261003.61,1,6,chair,0
0110172_neurosketch,21,furniture,chair,60,178,0,267002.57,1,27,chair,1
0110172_neurosketch,21,furniture,chair,60,179,0,267002.57,1,27,chair,0
0110172_neurosketch,21,furniture,bed,61,180,0,270002.25,1,5,bed,1
0110172_neurosketch,21,furniture,bed,61,181,0,270002.25,1,5,bed,0
0110172_neurosketch,21,furniture,bench,62,182,1,273002.76,1,22,bench,1
0110172_neurosketch,21,furniture,bench,62,183,1,273002.76,1,22,bench,0
0110172_neurosketch,21,furniture,bench,62,184,1,273002.76,1,22,bench,0
0110172_neurosketch,21,furniture,table,63,185,1,277502.4,1,16,table,1
0110172_neurosketch,21,furniture,table,63,186,1,277502.4,1,16,table,0
0110172_neurosketch,21,furniture,table,63,187,1,277502.4,1,16,table,0
0110172_neurosketch,21,furniture,table,64,188,1,282004.64,1,1,table,1
0110172_neurosketch,21,furniture,table,64,189,1,282004.64,1,1,table,0
0110172_neurosketch,21,furniture,table,64,190,1,282004.64,1,1,table,0
0110172_neurosketch,21,furniture,chair,65,191,0,286501.99,1,35,chair,1
0110172_neurosketch,21,furniture,chair,65,192,0,286501.99,1,35,chair,0
0110172_neurosketch,21,furniture,chair,65,193,0,286501.99,1,35,chair,0
0110172_neurosketch,21,furniture,bench,66,194,1,291001.66,1,37,bench,1
0110172_neurosketch,21,furniture,bench,66,195,1,291001.66,1,37,bench,0
0110172_neurosketch,21,furniture,bench,66,196,1,291001.66,1,37,bench,0
0110172_neurosketch,21,furniture,bench,66,197,1,291001.66,1,37,bench,0
0110172_neurosketch,21,furniture,bed,67,198,0,297001.66,1,25,,1
0110172_neurosketch,21,furniture,bed,67,199,0,297001.66,1,25,,0
0110172_neurosketch,21,furniture,chair,68,200,0,300005.65,1,37,chair,1
0110172_neurosketch,21,furniture,chair,68,201,0,300005.65,1,37,chair,0
0110172_neurosketch,21,2,bed,69,202,0,303002.78,1,27,bed,1
0110172_neurosketch,21,2,bed,69,203,0,303002.78,1,27,bed,0
0110172_neurosketch,21,furniture,bench,70,204,1,306002.15,1,28,bench,1
0110172_neurosketch,21,furniture,bench,70,205,1,306002.15,1,28,bench,0
0110172_neurosketch,21,furniture,bench,70,206,1,306002.15,1,28,bench,0
0110172_neurosketch,21,furniture,table,71,207,1,310502.1,1,6,table,1
0110172_neurosketch,21,furniture,table,71,208,1,310502.1,1,6,table,0
0110172_neurosketch,21,furniture,table,71,209,1,310502.1,1,6,table,0
0110172_neurosketch,21,furniture,table,71,210,1,310502.1,1,6,table,0
0110172_neurosketch,21,furniture,chair,72,211,0,316502.06,1,22,chair,1
0110172_neurosketch,21,furniture,chair,72,212,0,316502.06,1,22,chair,0
0110172_neurosketch,21,furniture,chair,72,213,0,316502.06,1,22,chair,0
0110172_neurosketch,21,furniture,chair,72,214,0,316502.06,1,22,chair,0
0110172_neurosketch,21,furniture,bed,73,215,0,322501.29,1,10,bed,1
0110172_neurosketch,21,furniture,bed,73,216,0,322501.29,1,10,bed,0
0110172_neurosketch,21,furniture,bed,73,217,0,322501.29,1,10,bed,0
0110172_neurosketch,21,furniture,bench,74,218,1,327001.77,1,17,bench,1
0110172_neurosketch,21,furniture,bench,74,219,1,327001.77,1,17,bench,0
0110172_neurosketch,21,furniture,table,75,220,1,330001.04,1,5,table,1
0110172_neurosketch,21,furniture,table,75,221,1,330001.04,1,5,table,0
0110172_neurosketch,21,furniture,chair,76,222,0,333001.12,1,34,chair,1
0110172_neurosketch,21,furniture,chair,76,223,0,333001.12,1,34,chair,0
0110172_neurosketch,21,furniture,chair,76,224,0,333001.12,1,34,chair,0
0110172_neurosketch,21,furniture,bed,77,225,0,337501.06,1,2,bed,1
0110172_neurosketch,21,furniture,bed,77,226,0,337501.06,1,2,bed,0
0110172_neurosketch,21,furniture,bed,77,227,0,337501.06,1,2,bed,0
0110172_neurosketch,21,furniture,bench,78,228,1,342002.08,1,15,,1
0110172_neurosketch,21,furniture,bench,78,229,1,342002.08,1,15,,0
0110172_neurosketch,21,furniture,bench,78,230,1,342002.08,1,15,,0
0110172_neurosketch,21,furniture,bench,78,231,1,342002.08,1,15,,0
0110172_neurosketch,21,2,table,79,232,1,348002.08,1,14,table,1
0110172_neurosketch,21,2,table,79,233,1,348002.08,1,14,table,0
0110172_neurosketch,21,2,table,79,234,1,348002.08,1,14,table,0
0110172_neurosketch,21,2,table,79,235,1,348002.08,1,14,table,0
0110172_neurosketch,21,2,table,79,236,1,348002.08,1,14,table,0
0110172_neurosketch,21,2,table,79,237,1,348002.08,1,14,table,0
0110172_neurosketch,21,2,table,79,238,1,348002.08,1,14,table,0
0110172_neurosketch,21,2,table,79,239,1,348002.08,1,14,table,0
0110172_neurosketch,21,furniture,bench,80,0,-1,0.0,2,25,bench,0
0110172_neurosketch,21,furniture,bench,80,1,-1,0.0,2,25,bench,0
0110172_neurosketch,21,furniture,bench,80,2,-1,0.0,2,25,bench,0
0110172_neurosketch,21,furniture,bench,80,3,-1,0.0,2,25,bench,0
0110172_neurosketch,21,furniture,bench,80,4,-1,0.0,2,25,bench,0
0110172_neurosketch,21,furniture,bench,80,5,-1,0.0,2,25,bench,0
0110172_neurosketch,21,furniture,bench,80,6,-1,0.0,2,25,bench,0
0110172_neurosketch,21,furniture,bench,80,7,-1,0.0,2,25,bench,0
0110172_neurosketch,21,furniture,bench,80,8,1,12001.67,2,25,bench,1
0110172_neurosketch,21,furniture,bench,80,9,1,12001.67,2,25,bench,0
0110172_neurosketch,21,furniture,bench,80,10,1,12001.67,2,25,bench,0
0110172_neurosketch,21,furniture,bench,80,11,1,12001.67,2,25,bench,0
0110172_neurosketch,21,furniture,chair,81,12,0,18002.05,2,25,chair,1
0110172_neurosketch,21,furniture,chair,81,13,0,18002.05,2,25,chair,0
0110172_neurosketch,21,furniture,bed,82,14,0,21001.34,2,37,bed,1
0110172_neurosketch,21,furniture,bed,82,15,0,21001.34,2,37,bed,0
0110172_neurosketch,21,furniture,bed,82,16,0,21001.34,2,37,bed,0
0110172_neurosketch,21,furniture,bed,82,17,0,21001.34,2,37,bed,0
0110172_neurosketch,21,furniture,table,83,18,1,27001.4,2,35,table,1
0110172_neurosketch,21,furniture,table,83,19,1,27001.4,2,35,table,0
0110172_neurosketch,21,furniture,bench,84,20,1,30002.41,2,27,bench,1
0110172_neurosketch,21,furniture,bench,84,21,1,30002.41,2,27,bench,0
0110172_neurosketch,21,furniture,bench,84,22,1,30002.41,2,27,bench,0
0110172_neurosketch,21,furniture,chair,85,23,0,34501.83,2,0,chair,1
0110172_neurosketch,21,furniture,chair,85,24,0,34501.83,2,0,chair,0
0110172_neurosketch,21,furniture,chair,85,25,0,34501.83,2,0,chair,0
0110172_neurosketch,21,furniture,bed,86,26,0,39001.44,2,19,bed,1
0110172_neurosketch,21,furniture,bed,86,27,0,39001.44,2,19,bed,0
0110172_neurosketch,21,furniture,bed,86,28,0,39001.44,2,19,bed,0
0110172_neurosketch,21,furniture,bed,86,29,0,39001.44,2,19,bed,0
0110172_neurosketch,21,furniture,table,87,30,1,45002.52,2,27,table,1
0110172_neurosketch,21,furniture,table,87,31,1,45002.52,2,27,table,0
0110172_neurosketch,21,furniture,bench,88,32,1,48002.42,2,33,bench,1
0110172_neurosketch,21,furniture,bench,88,33,1,48002.42,2,33,bench,0
0110172_neurosketch,21,furniture,bench,88,34,1,48002.42,2,33,bench,0
0110172_neurosketch,21,2,bed,89,35,0,52502.01,2,17,bed,1
0110172_neurosketch,21,2,bed,89,36,0,52502.01,2,17,bed,0
0110172_neurosketch,21,2,bed,89,37,0,52502.01,2,17,bed,0
0110172_neurosketch,21,furniture,chair,90,38,0,57001.72,2,32,chair,1
0110172_neurosketch,21,furniture,chair,90,39,0,57001.72,2,32,chair,0
0110172_neurosketch,21,furniture,chair,90,40,0,57001.72,2,32,chair,0
0110172_neurosketch,21,furniture,table,91,41,1,61502.4,2,20,table,1
0110172_neurosketch,21,furniture,table,91,42,1,61502.4,2,20,table,0
0110172_neurosketch,21,furniture,bed,92,43,0,64502.04,2,18,bed,1
0110172_neurosketch,21,furniture,bed,92,44,0,64502.04,2,18,bed,0
0110172_neurosketch,21,furniture,bed,92,45,0,64502.04,2,18,bed,0
0110172_neurosketch,21,furniture,bench,93,46,1,69002.58,2,10,bench,1
0110172_neurosketch,21,furniture,bench,93,47,1,69002.58,2,10,bench,0
0110172_neurosketch,21,furniture,bench,93,48,1,69002.58,2,10,bench,0
0110172_neurosketch,21,furniture,table,94,49,1,73501.9,2,22,table,1
0110172_neurosketch,21,furniture,table,94,50,1,73501.9,2,22,table,0
0110172_neurosketch,21,furniture,chair,95,51,0,76502.68,2,31,chair,1
0110172_neurosketch,21,furniture,chair,95,52,0,76502.68,2,31,chair,0
0110172_neurosketch,21,furniture,chair,95,53,0,76502.68,2,31,chair,0
0110172_neurosketch,21,furniture,bed,96,54,0,81002.43,2,13,bed,1
0110172_neurosketch,21,furniture,bed,96,55,0,81002.43,2,13,bed,0
0110172_neurosketch,21,furniture,chair,97,56,0,84003.21,2,30,chair,1
0110172_neurosketch,21,furniture,chair,97,57,0,84003.21,2,30,chair,0
0110172_neurosketch,21,furniture,table,98,58,1,87001.85,2,12,bench,1
0110172_neurosketch,21,furniture,table,98,59,1,87001.85,2,12,bench,0
0110172_neurosketch,21,2,bench,99,60,1,90001.96,2,36,bench,1
0110172_neurosketch,21,2,bench,99,61,1,90001.96,2,36,bench,0
0110172_neurosketch,21,2,bench,99,62,1,90001.96,2,36,bench,0
0110172_neurosketch,21,2,bench,99,63,1,90001.96,2,36,bench,0
0110172_neurosketch,21,furniture,chair,100,64,0,96002.47,2,39,chair,1
0110172_neurosketch,21,furniture,chair,100,65,0,96002.47,2,39,chair,0
0110172_neurosketch,21,furniture,bed,101,66,0,99003.24,2,32,bed,1
0110172_neurosketch,21,furniture,bed,101,67,0,99003.24,2,32,bed,0
0110172_neurosketch,21,furniture,bench,102,68,1,102003.14,2,12,bench,1
0110172_neurosketch,21,furniture,bench,102,69,1,102003.14,2,12,bench,0
0110172_neurosketch,21,furniture,bench,102,70,1,102003.14,2,12,bench,0
0110172_neurosketch,21,furniture,table,103,71,1,106502.59,2,17,table,1
0110172_neurosketch,21,furniture,table,103,72,1,106502.59,2,17,table,0
0110172_neurosketch,21,furniture,table,103,73,1,106502.59,2,17,table,0
0110172_neurosketch,21,furniture,chair,104,74,0,111002.41,2,3,chair,1
0110172_neurosketch,21,furniture,chair,104,75,0,111002.41,2,3,chair,0
0110172_neurosketch,21,furniture,chair,104,76,0,111002.41,2,3,chair,0
0110172_neurosketch,21,furniture,table,105,77,1,115501.85,2,15,table,1
0110172_neurosketch,21,furniture,table,105,78,1,115501.85,2,15,table,0
0110172_neurosketch,21,furniture,table,105,79,1,115501.85,2,15,table,0
0110172_neurosketch,21,furniture,bench,106,80,1,120002.84,2,30,bench,1
0110172_neurosketch,21,furniture,bench,106,81,1,120002.84,2,30,bench,0
0110172_neurosketch,21,furniture,bench,106,82,1,120002.84,2,30,bench,0
0110172_neurosketch,21,furniture,bench,106,83,1,120002.84,2,30,bench,0
0110172_neurosketch,21,furniture,bed,107,84,0,126004.73,2,34,bed,1
0110172_neurosketch,21,furniture,bed,107,85,0,126004.73,2,34,bed,0
0110172_neurosketch,21,furniture,bed,108,86,0,129001.99,2,4,,1
0110172_neurosketch,21,furniture,bed,108,87,0,129001.99,2,4,,0
0110172_neurosketch,21,2,bench,109,88,1,132003.19,2,5,bench,1
0110172_neurosketch,21,2,bench,109,89,1,132003.19,2,5,bench,0
0110172_neurosketch,21,furniture,chair,110,90,0,135002.37,2,14,chair,1
0110172_neurosketch,21,furniture,chair,110,91,0,135002.37,2,14,chair,0
0110172_neurosketch,21,furniture,chair,110,92,0,135002.37,2,14,chair,0
0110172_neurosketch,21,furniture,table,111,93,1,139502.25,2,31,table,1
0110172_neurosketch,21,furniture,table,111,94,1,139502.25,2,31,table,0
0110172_neurosketch,21,furniture,table,111,95,1,139502.25,2,31,table,0
0110172_neurosketch,21,furniture,table,111,96,1,139502.25,2,31,table,0
0110172_neurosketch,21,furniture,table,112,97,1,145502.96,2,32,table,1
0110172_neurosketch,21,furniture,table,112,98,1,145502.96,2,32,table,0
0110172_neurosketch,21,furniture,table,112,99,1,145502.96,2,32,table,0
0110172_neurosketch,21,furniture,table,112,100,1,145502.96,2,32,table,0
0110172_neurosketch,21,furniture,chair,113,101,0,151504.75,2,5,chair,1
0110172_neurosketch,21,furniture,chair,113,102,0,151504.75,2,5,chair,0
0110172_neurosketch,21,furniture,chair,113,103,0,151504.75,2,5,chair,0
0110172_neurosketch,21,furniture,bench,114,104,1,156002.46,2,34,bench,1
0110172_neurosketch,21,furniture,bench,114,105,1,156002.46,2,34,bench,0
0110172_neurosketch,21,furniture,bed,115,106,0,159002.9,2,8,bed,1
0110172_neurosketch,21,furniture,bed,115,107,0,159002.9,2,8,bed,0
0110172_neurosketch,21,furniture,table,116,108,1,162002.82,2,28,table,1
0110172_neurosketch,21,furniture,table,116,109,1,162002.82,2,28,table,0
0110172_neurosketch,21,furniture,table,116,110,1,162002.82,2,28,table,0
0110172_neurosketch,21,furniture,chair,117,111,0,166502.34,2,12,chair,1
0110172_neurosketch,21,furniture,chair,117,112,0,166502.34,2,12,chair,0
0110172_neurosketch,21,furniture,chair,117,113,0,166502.34,2,12,chair,0
0110172_neurosketch,21,furniture,bed,118,114,0,171004.59,2,23,bed,1
0110172_neurosketch,21,furniture,bed,118,115,0,171004.59,2,23,bed,0
0110172_neurosketch,21,furniture,bed,118,116,0,171004.59,2,23,bed,0
0110172_neurosketch,21,furniture,bed,118,117,0,171004.59,2,23,bed,0
0110172_neurosketch,21,2,bench,119,118,1,177002.24,2,39,bench,1
0110172_neurosketch,21,2,bench,119,119,1,177002.24,2,39,bench,0
0110172_neurosketch,21,furniture,bed,120,120,0,180002.31,2,20,bed,1
0110172_neurosketch,21,furniture,bed,120,121,0,180002.31,2,20,bed,0
0110172_neurosketch,21,furniture,bed,120,122,0,180002.31,2,20,bed,0
0110172_neurosketch,21,furniture,bed,120,123,0,180002.31,2,20,bed,0
0110172_neurosketch,21,furniture,chair,121,124,0,186002.49,2,36,chair,1
0110172_neurosketch,21,furniture,chair,121,125,0,186002.49,2,36,chair,0
0110172_neurosketch,21,furniture,bench,122,126,1,189003.04,2,1,bench,1
0110172_neurosketch,21,furniture,bench,122,127,1,189003.04,2,1,bench,0
0110172_neurosketch,21,furniture,bench,122,128,1,189003.04,2,1,bench,0
0110172_neurosketch,21,furniture,bench,122,129,1,189003.04,2,1,bench,0
0110172_neurosketch,21,furniture,table,123,130,1,195004.26,2,38,table,1
0110172_neurosketch,21,furniture,table,123,131,1,195004.26,2,38,table,0
0110172_neurosketch,21,furniture,table,124,132,1,198002.27,2,8,table,1
0110172_neurosketch,21,furniture,table,124,133,1,198002.27,2,8,table,0
0110172_neurosketch,21,furniture,table,124,134,1,198002.27,2,8,table,0
0110172_neurosketch,21,furniture,chair,125,135,0,202502.43,2,21,,1
0110172_neurosketch,21,furniture,chair,125,136,0,202502.43,2,21,,0
0110172_neurosketch,21,furniture,chair,125,137,0,202502.43,2,21,,0
0110172_neurosketch,21,furniture,bench,126,138,1,207002.53,2,38,bench,1
0110172_neurosketch,21,furniture,bench,126,139,1,207002.53,2,38,bench,0
0110172_neurosketch,21,furniture,bench,126,140,1,207002.53,2,38,bench,0
0110172_neurosketch,21,furniture,bench,126,141,1,207002.53,2,38,bench,0
0110172_neurosketch,21,furniture,bed,127,142,0,213002.94,2,14,bed,1
0110172_neurosketch,21,furniture,bed,127,143,0,213002.94,2,14,bed,0
0110172_neurosketch,21,furniture,bench,128,144,1,216002.7,2,16,bench,1
0110172_neurosketch,21,furniture,bench,128,145,1,216002.7,2,16,bench,0
0110172_neurosketch,21,furniture,bench,128,146,1,216002.7,2,16,bench,0
0110172_neurosketch,21,2,chair,129,147,0,220504.94,2,19,chair,1
0110172_neurosketch,21,2,chair,129,148,0,220504.94,2,19,chair,0
0110172_neurosketch,21,2,chair,129,149,0,220504.94,2,19,chair,0
0110172_neurosketch,21,furniture,bed,130,150,0,225002.68,2,15,bed,1
0110172_neurosketch,21,furniture,bed,130,151,0,225002.68,2,15,bed,0
0110172_neurosketch,21,furniture,bed,130,152,0,225002.68,2,15,bed,0
0110172_neurosketch,21,furniture,table,131,153,1,229503.37,2,3,table,1
0110172_neurosketch,21,furniture,table,131,154,1,229503.37,2,3,table,0
0110172_neurosketch,21,furniture,bed,132,155,0,232502.35,2,7,,1
0110172_neurosketch,21,furniture,bed,132,156,0,232502.35,2,7,,0
0110172_neurosketch,21,furniture,bed,132,157,0,232502.35,2,7,,0
0110172_neurosketch,21,furniture,table,133,158,1,237003.69,2,25,,1
0110172_neurosketch,21,furniture,table,133,159,1,237003.69,2,25,,0
0110172_neurosketch,21,furniture,table,133,160,1,237003.69,2,25,,0
0110172_neurosketch,21,furniture,bench,134,161,1,241502.42,2,6,bench,1
0110172_neurosketch,21,furniture,bench,134,162,1,241502.42,2,6,bench,0
0110172_neurosketch,21,furniture,chair,135,163,0,244502.75,2,26,chair,1
0110172_neurosketch,21,furniture,chair,135,164,0,244502.75,2,26,chair,0
0110172_neurosketch,21,furniture,chair,135,165,0,244502.75,2,26,chair,0
0110172_neurosketch,21,furniture,bed,136,166,0,249003.47,2,36,bed,1
0110172_neurosketch,21,furniture,bed,136,167,0,249003.47,2,36,bed,0
0110172_neurosketch,21,furniture,table,137,168,1,252002.41,2,24,table,1
0110172_neurosketch,21,furniture,table,137,169,1,252002.41,2,24,table,0
0110172_neurosketch,21,furniture,chair,138,170,0,255003.18,2,29,chair,1
0110172_neurosketch,21,furniture,chair,138,171,0,255003.18,2,29,chair,0
0110172_neurosketch,21,2,bench,139,172,1,258002.28,2,0,bench,1
0110172_neurosketch,21,2,bench,139,173,1,258002.28,2,0,bench,0
0110172_neurosketch,21,2,bench,139,174,1,258002.28,2,0,bench,0
0110172_neurosketch,21,2,bench,139,175,1,258002.28,2,0,bench,0
0110172_neurosketch,21,furniture,bench,140,176,1,264003.15,2,29,bench,1
0110172_neurosketch,21,furniture,bench,140,177,1,264003.15,2,29,bench,0
0110172_neurosketch,21,furniture,table,141,178,1,267002.53,2,23,table,1
0110172_neurosketch,21,furniture,table,141,179,1,267002.53,2,23,table,0
0110172_neurosketch,21,furniture,chair,142,180,0,270002.31,2,11,chair,1
0110172_neurosketch,21,furniture,chair,142,181,0,270002.31,2,11,chair,0
0110172_neurosketch,21,furniture,chair,142,182,0,270002.31,2,11,chair,0
0110172_neurosketch,21,furniture,bed,143,183,0,274503.02,2,1,bed,1
0110172_neurosketch,21,furniture,bed,143,184,0,274503.02,2,1,bed,0
0110172_neurosketch,21,furniture,bed,143,185,0,274503.02,2,1,bed,0
0110172_neurosketch,21,furniture,bench,144,186,1,279002.48,2,8,bench,1
0110172_neurosketch,21,furniture,bench,144,187,1,279002.48,2,8,bench,0
0110172_neurosketch,21,furniture,bench,144,188,1,279002.48,2,8,bench,0
0110172_neurosketch,21,furniture,bed,145,189,0,283503.04,2,21,bed,1
0110172_neurosketch,21,furniture,bed,145,190,0,283503.04,2,21,bed,0
0110172_neurosketch,21,furniture,bed,145,191,0,283503.04,2,21,bed,0
0110172_neurosketch,21,furniture,table,146,192,1,288002.49,2,36,table,1
0110172_neurosketch,21,furniture,table,146,193,1,288002.49,2,36,table,0
0110172_neurosketch,21,furniture,table,146,194,1,288002.49,2,36,table,0
0110172_neurosketch,21,furniture,table,146,195,1,288002.49,2,36,table,0
0110172_neurosketch,21,furniture,chair,147,196,0,294002.38,2,1,chair,1
0110172_neurosketch,21,furniture,chair,147,197,0,294002.38,2,1,chair,0
0110172_neurosketch,21,furniture,bed,148,198,0,297002.6,2,24,bed,1
0110172_neurosketch,21,furniture,bed,148,199,0,297002.6,2,24,bed,0
0110172_neurosketch,21,2,table,149,200,1,300002.2,2,29,table,1
0110172_neurosketch,21,2,table,149,201,1,300002.2,2,29,table,0
0110172_neurosketch,21,furniture,bench,150,202,1,303002.2,2,21,bench,1
0110172_neurosketch,21,furniture,bench,150,203,1,303002.2,2,21,bench,0
0110172_neurosketch,21,furniture,bench,150,204,1,303002.2,2,21,bench,0
0110172_neurosketch,21,furniture,chair,151,205,0,307503.8,2,13,chair,1
0110172_neurosketch,21,furniture,chair,151,206,0,307503.8,2,13,chair,0
0110172_neurosketch,21,furniture,chair,151,207,0,307503.8,2,13,chair,0
0110172_neurosketch,21,furniture,chair,151,208,0,307503.8,2,13,chair,0
0110172_neurosketch,21,furniture,bench,152,209,1,313505.12,2,19,bench,1
0110172_neurosketch,21,furniture,bench,152,210,1,313505.12,2,19,bench,0
0110172_neurosketch,21,furniture,bench,152,211,1,313505.12,2,19,bench,0
0110172_neurosketch,21,furniture,bench,152,212,1,313505.12,2,19,bench,0
0110172_neurosketch,21,furniture,chair,153,213,0,319502.14,2,20,chair,1
0110172_neurosketch,21,furniture,chair,153,214,0,319502.14,2,20,chair,0
0110172_neurosketch,21,furniture,chair,153,215,0,319502.14,2,20,chair,0
0110172_neurosketch,21,furniture,table,154,216,1,324003.38,2,34,table,1
0110172_neurosketch,21,furniture,table,154,217,1,324003.38,2,34,table,0
0110172_neurosketch,21,furniture,bed,155,218,0,327002.27,2,26,bed,1
0110172_neurosketch,21,furniture,bed,155,219,0,327002.27,2,26,bed,0
0110172_neurosketch,21,furniture,table,156,220,1,330002.82,2,11,table,1
0110172_neurosketch,21,furniture,table,156,221,1,330002.82,2,11,table,0
0110172_neurosketch,21,furniture,table,156,222,1,330002.82,2,11,table,0
0110172_neurosketch,21,furniture,bench,157,223,1,334502.4,2,23,,1
0110172_neurosketch,21,furniture,bench,157,224,1,334502.4,2,23,,0
0110172_neurosketch,21,furniture,bench,157,225,1,334502.4,2,23,,0
0110172_neurosketch,21,furniture,chair,158,226,0,339002.49,2,24,chair,1
0110172_neurosketch,21,furniture,chair,158,227,0,339002.49,2,24,chair,0
0110172_neurosketch,21,furniture,chair,158,228,0,339002.49,2,24,chair,0
0110172_neurosketch,21,furniture,chair,158,229,0,339002.49,2,24,chair,0
0110172_neurosketch,21,2,bed,159,230,0,345003.06,2,0,bed,1
0110172_neurosketch,21,2,bed,159,231,0,345003.06,2,0,bed,0
0110172_neurosketch,21,2,bed,159,232,0,345003.06,2,0,bed,0
0110172_neurosketch,21,2,bed,159,233,0,345003.06,2,0,bed,0
0110172_neurosketch,21,2,bed,159,234,0,345003.06,2,0,bed,0
0110172_neurosketch,21,2,bed,159,235,0,345003.06,2,0,bed,0
0110172_neurosketch,21,2,bed,159,236,0,345003.06,2,0,bed,0
0110172_neurosketch,21,2,bed,159,237,0,345003.06,2,0,bed,0
0110172_neurosketch,21,2,bed,159,238,0,345003.06,2,0,bed,0
0110172_neurosketch,21,2,bed,159,239,0,345003.06,2,0,bed,0
0110172_neurosketch,21,furniture,bed,160,0,-1,0.0,3,0,bed,0
0110172_neurosketch,21,furniture,bed,160,1,-1,0.0,3,0,bed,0
0110172_neurosketch,21,furniture,bed,160,2,-1,0.0,3,0,bed,0
0110172_neurosketch,21,furniture,bed,160,3,-1,0.0,3,0,bed,0
0110172_neurosketch,21,furniture,bed,160,4,-1,0.0,3,0,bed,0
0110172_neurosketch,21,furniture,bed,160,5,-1,0.0,3,0,bed,0
0110172_neurosketch,21,furniture,bed,160,6,-1,0.0,3,0,bed,0
0110172_neurosketch,21,furniture,bed,160,7,-1,0.0,3,0,bed,0
0110172_neurosketch,21,furniture,bed,160,8,0,12001.75,3,0,bed,1
0110172_neurosketch,21,furniture,bed,160,9,0,12001.75,3,0,bed,0
0110172_neurosketch,21,furniture,bed,160,10,0,12001.75,3,0,bed,0
0110172_neurosketch,21,furniture,bed,160,11,0,12001.75,3,0,bed,0
0110172_neurosketch,21,furniture,chair,161,12,0,18001.76,3,24,,1
0110172_neurosketch,21,furniture,chair,161,13,0,18001.76,3,24,,0
0110172_neurosketch,21,furniture,bench,162,14,1,21001.63,3,23,bench,1
0110172_neurosketch,21,furniture,bench,162,15,1,21001.63,3,23,bench,0
0110172_neurosketch,21,furniture,bench,162,16,1,21001.63,3,23,bench,0
0110172_neurosketch,21,furniture,bench,162,17,1,21001.63,3,23,bench,0
0110172_neurosketch,21,furniture,table,163,18,1,27002.25,3,11,table,1
0110172_neurosketch,21,furniture,table,163,19,1,27002.25,3,11,table,0
0110172_neurosketch,21,furniture,bed,164,20,0,30003.45,3,26,bed,1
0110172_neurosketch,21,furniture,bed,164,21,0,30003.45,3,26,bed,0
0110172_neurosketch,21,furniture,bed,164,22,0,30003.45,3,26,bed,0
0110172_neurosketch,21,furniture,table,165,23,1,34501.5,3,34,table,1
0110172_neurosketch,21,furniture,table,165,24,1,34501.5,3,34,table,0
0110172_neurosketch,21,furniture,table,165,25,1,34501.5,3,34,table,0
0110172_neurosketch,21,furniture,chair,166,26,0,39002.04,3,20,chair,1
0110172_neurosketch,21,furniture,chair,166,27,0,39002.04,3,20,chair,0
0110172_neurosketch,21,furniture,chair,166,28,0,39002.04,3,20,chair,0
0110172_neurosketch,21,furniture,chair,166,29,0,39002.04,3,20,chair,0
0110172_neurosketch,21,furniture,bench,167,30,1,45001.33,3,19,bench,1
0110172_neurosketch,21,furniture,bench,167,31,1,45001.33,3,19,bench,0
0110172_neurosketch,21,furniture,chair,168,32,0,48001.51,3,13,chair,1
0110172_neurosketch,21,furniture,chair,168,33,0,48001.51,3,13,chair,0
0110172_neurosketch,21,furniture,chair,168,34,0,48001.51,3,13,chair,0
0110172_neurosketch,21,2,bench,169,35,1,52501.69,3,21,bench,1
0110172_neurosketch,21,2,bench,169,36,1,52501.69,3,21,bench,0
0110172_neurosketch,21,2,bench,169,37,1,52501.69,3,21,bench,0
0110172_neurosketch,21,furniture,table,170,38,1,57002.04,3,29,table,1
0110172_neurosketch,21,furniture,table,170,39,1,57002.04,3,29,table,0
0110172_neurosketch,21,furniture,table,170,40,1,57002.04,3,29,table,0
0110172_neurosketch,21,furniture,bed,171,41,0,61502.12,3,24,bed,1
0110172_neurosketch,21,furniture,bed,171,42,0,61502.12,3,24,bed,0
0110172_neurosketch,21,furniture,chair,172,43,0,64502.59,3,1,chair,1
0110172_neurosketch,21,furniture,chair,172,44,0,64502.59,3,1,chair,0
0110172_neurosketch,21,furniture,chair,172,45,0,64502.59,3,1,chair,0
0110172_neurosketch,21,furniture,table,173,46,1,69002.85,3,36,table,1
0110172_neurosketch,21,furniture,table,173,47,1,69002.85,3,36,table,0
0110172_neurosketch,21,furniture,table,173,48,1,69002.85,3,36,table,0
0110172_neurosketch,21,furniture,bed,174,49,0,73502.08,3,21,bed,1
0110172_neurosketch,21,furniture,bed,174,50,0,73502.08,3,21,bed,0
0110172_neurosketch,21,furniture,bench,175,51,1,76502.71,3,8,bench,1
0110172_neurosketch,21,furniture,bench,175,52,1,76502.71,3,8,bench,0
0110172_neurosketch,21,furniture,bench,175,53,1,76502.71,3,8,bench,0
0110172_neurosketch,21,furniture,bed,176,54,0,81002.06,3,1,bed,1
0110172_neurosketch,21,furniture,bed,176,55,0,81002.06,3,1,bed,0
0110172_neurosketch,21,furniture,chair,177,56,0,84002.67,3,11,chair,1
0110172_neurosketch,21,furniture,chair,177,57,0,84002.67,3,11,chair,0
0110172_neurosketch,21,furniture,table,178,58,1,87002.13,3,23,table,1
0110172_neurosketch,21,furniture,table,178,59,1,87002.13,3,23,table,0
0110172_neurosketch,21,2,bench,179,60,1,90001.9,3,29,bench,1
0110172_neurosketch,21,2,bench,179,61,1,90001.9,3,29,bench,0
0110172_neurosketch,21,2,bench,179,62,1,90001.9,3,29,bench,0
0110172_neurosketch,21,2,bench,179,63,1,90001.9,3,29,bench,0
0110172_neurosketch,21,furniture,bench,180,64,1,96002.44,3,0,bench,1
0110172_neurosketch,21,furniture,bench,180,65,1,96002.44,3,0,bench,0
0110172_neurosketch,21,furniture,chair,181,66,0,99002.75,3,29,chair,1
0110172_neurosketch,21,furniture,chair,181,67,0,99002.75,3,29,chair,0
0110172_neurosketch,21,furniture,table,182,68,1,102002.71,3,24,table,1
0110172_neurosketch,21,furniture,table,182,69,1,102002.71,3,24,table,0
0110172_neurosketch,21,furniture,table,182,70,1,102002.71,3,24,table,0
0110172_neurosketch,21,furniture,bed,183,71,0,106501.84,3,36,bed,1
0110172_neurosketch,21,furniture,bed,183,72,0,106501.84,3,36,bed,0
0110172_neurosketch,21,furniture,bed,183,73,0,106501.84,3,36,bed,0
0110172_neurosketch,21,furniture,chair,184,74,0,111004.57,3,26,chair,1
0110172_neurosketch,21,furniture,chair,184,75,0,111004.57,3,26,chair,0
0110172_neurosketch,21,furniture,chair,184,76,0,111004.57,3,26,chair,0
0110172_neurosketch,21,furniture,bench,185,77,1,115502.44,3,6,bench,1
0110172_neurosketch,21,furniture,bench,185,78,1,115502.44,3,6,bench,0
0110172_neurosketch,21,furniture,bench,185,79,1,115502.44,3,6,bench,0
0110172_neurosketch,21,furniture,table,186,80,1,120002.66,3,25,table,1
0110172_neurosketch,21,furniture,table,186,81,1,120002.66,3,25,table,0
0110172_neurosketch,21,furniture,table,186,82,1,120002.66,3,25,table,0
0110172_neurosketch,21,furniture,table,186,83,1,120002.66,3,25,table,0
0110172_neurosketch,21,furniture,bed,187,84,0,126002.35,3,7,bed,1
0110172_neurosketch,21,furniture,bed,187,85,0,126002.35,3,7,bed,0
0110172_neurosketch,21,furniture,table,188,86,1,129002.17,3,3,table,1
0110172_neurosketch,21,furniture,table,188,87,1,129002.17,3,3,table,0
0110172_neurosketch,21,2,bed,189,88,0,132002.34,3,15,bed,1
0110172_neurosketch,21,2,bed,189,89,0,132002.34,3,15,bed,0
0110172_neurosketch,21,furniture,chair,190,90,0,135002.54,3,19,chair,1
0110172_neurosketch,21,furniture,chair,190,91,0,135002.54,3,19,chair,0
0110172_neurosketch,21,furniture,chair,190,92,0,135002.54,3,19,chair,0
0110172_neurosketch,21,furniture,bench,191,93,1,139502.51,3,16,bench,1
0110172_neurosketch,21,furniture,bench,191,94,1,139502.51,3,16,bench,0
0110172_neurosketch,21,furniture,bench,191,95,1,139502.51,3,16,bench,0
0110172_neurosketch,21,furniture,bench,191,96,1,139502.51,3,16,bench,0
0110172_neurosketch,21,furniture,bed,192,97,0,145502.27,3,14,bed,1
0110172_neurosketch,21,furniture,bed,192,98,0,145502.27,3,14,bed,0
0110172_neurosketch,21,furniture,bed,192,99,0,145502.27,3,14,bed,0
0110172_neurosketch,21,furniture,bed,192,100,0,145502.27,3,14,bed,0
0110172_neurosketch,21,furniture,bench,193,101,1,151503.12,3,38,bench,1
0110172_neurosketch,21,furniture,bench,193,102,1,151503.12,3,38,bench,0
0110172_neurosketch,21,furniture,bench,193,103,1,151503.12,3,38,bench,0
0110172_neurosketch,21,furniture,chair,194,104,0,156002.95,3,21,bed,1
0110172_neurosketch,21,furniture,chair,194,105,0,156002.95,3,21,bed,0
0110172_neurosketch,21,furniture,table,195,106,1,159002.33,3,8,,1
0110172_neurosketch,21,furniture,table,195,107,1,159002.33,3,8,,0
0110172_neurosketch,21,furniture,table,196,108,1,162002.04,3,38,table,1
0110172_neurosketch,21,furniture,table,196,109,1,162002.04,3,38,table,0
0110172_neurosketch,21,furniture,table,196,110,1,162002.04,3,38,table,0
0110172_neurosketch,21,furniture,bench,197,111,1,166502.44,3,1,bench,1
0110172_neurosketch,21,furniture,bench,197,112,1,166502.44,3,1,bench,0
0110172_neurosketch,21,furniture,bench,197,113,1,166502.44,3,1,bench,0
0110172_neurosketch,21,furniture,chair,198,114,0,171003.05,3,36,chair,1
0110172_neurosketch,21,furniture,chair,198,115,0,171003.05,3,36,chair,0
0110172_neurosketch,21,furniture,chair,198,116,0,171003.05,3,36,chair,0
0110172_neurosketch,21,furniture,chair,198,117,0,171003.05,3,36,chair,0
0110172_neurosketch,21,2,bed,199,118,0,177002.15,3,20,bed,1
0110172_neurosketch,21,2,bed,199,119,0,177002.15,3,20,bed,0
0110172_neurosketch,21,furniture,bench,200,120,1,180002.19,3,39,bench,1
0110172_neurosketch,21,furniture,bench,200,121,1,180002.19,3,39,bench,0
0110172_neurosketch,21,furniture,bench,200,122,1,180002.19,3,39,bench,0
0110172_neurosketch,21,furniture,bench,200,123,1,180002.19,3,39,bench,0
0110172_neurosketch,21,furniture,bed,201,124,0,186003.02,3,23,bed,1
0110172_neurosketch,21,furniture,bed,201,125,0,186003.02,3,23,bed,0
0110172_neurosketch,21,furniture,chair,202,126,0,189002.9,3,12,chair,1
0110172_neurosketch,21,furniture,chair,202,127,0,189002.9,3,12,chair,0
0110172_neurosketch,21,furniture,chair,202,128,0,189002.9,3,12,chair,0
0110172_neurosketch,21,furniture,chair,202,129,0,189002.9,3,12,chair,0
0110172_neurosketch,21,furniture,table,203,130,1,195002.91,3,28,table,1
0110172_neurosketch,21,furniture,table,203,131,1,195002.91,3,28,table,0
0110172_neurosketch,21,furniture,bed,204,132,0,198002.19,3,8,,1
0110172_neurosketch,21,furniture,bed,204,133,0,198002.19,3,8,,0
0110172_neurosketch,21,furniture,bed,204,134,0,198002.19,3,8,,0
0110172_neurosketch,21,furniture,bench,205,135,1,202501.98,3,34,bench,1
0110172_neurosketch,21,furniture,bench,205,136,1,202501.98,3,34,bench,0
0110172_neurosketch,21,furniture,bench,205,137,1,202501.98,3,34,bench,0
0110172_neurosketch,21,furniture,chair,206,138,0,207002.88,3,5,chair,1
0110172_neurosketch,21,furniture,chair,206,139,0,207002.88,3,5,chair,0
0110172_neurosketch,21,furniture,chair,206,140,0,207002.88,3,5,chair,0
0110172_neurosketch,21,furniture,chair,206,141,0,207002.88,3,5,chair,0
0110172_neurosketch,21,furniture,table,207,142,1,213002.63,3,32,table,1
0110172_neurosketch,21,furniture,table,207,143,1,213002.63,3,32,table,0
0110172_neurosketch,21,furniture,table,208,144,1,216002.96,3,31,,1
0110172_neurosketch,21,furniture,table,208,145,1,216002.96,3,31,,0
0110172_neurosketch,21,furniture,table,208,146,1,216002.96,3,31,,0
0110172_neurosketch,21,2,chair,209,147,0,220502.3,3,14,chair,1
0110172_neurosketch,21,2,chair,209,148,0,220502.3,3,14,chair,0
0110172_neurosketch,21,2,chair,209,149,0,220502.3,3,14,chair,0
0110172_neurosketch,21,furniture,bench,210,150,1,225003.15,3,5,bench,1
0110172_neurosketch,21,furniture,bench,210,151,1,225003.15,3,5,bench,0
0110172_neurosketch,21,furniture,bench,210,152,1,225003.15,3,5,bench,0
0110172_neurosketch,21,furniture,bed,211,153,0,229502.83,3,4,bed,1
0110172_neurosketch,21,furniture,bed,211,154,0,229502.83,3,4,bed,0
0110172_neurosketch,21,furniture,bed,212,155,0,232503.17,3,34,bed,1
0110172_neurosketch,21,furniture,bed,212,156,0,232503.17,3,34,bed,0
0110172_neurosketch,21,furniture,bed,212,157,0,232503.17,3,34,bed,0
0110172_neurosketch,21,furniture,bench,213,158,1,237002.27,3,30,bench,1
0110172_neurosketch,21,furniture,bench,213,159,1,237002.27,3,30,bench,0
0110172_neurosketch,21,furniture,bench,213,160,1,237002.27,3,30,bench,0
0110172_neurosketch,21,furniture,table,214,161,1,241502.79,3,15,table,1
0110172_neurosketch,21,furniture,table,214,162,1,241502.79,3,15,table,0
0110172_neurosketch,21,furniture,chair,215,163,0,244502.79,3,3,chair,1
0110172_neurosketch,21,furniture,chair,215,164,0,244502.79,3,3,chair,0
0110172_neurosketch,21,furniture,chair,215,165,0,244502.79,3,3,chair,0
0110172_neurosketch,21,furniture,table,216,166,1,249003.08,3,17,table,1
0110172_neurosketch,21,furniture,table,216,167,1,249003.08,3,17,table,0
0110172_neurosketch,21,furniture,bench,217,168,1,252002.57,3,12,bench,1
0110172_neurosketch,21,furniture,bench,217,169,1,252002.57,3,12,bench,0
0110172_neurosketch,21,furniture,bed,218,170,0,255002.27,3,32,,1
0110172_neurosketch,21,furniture,bed,218,171,0,255002.27,3,32,,0
0110172_neurosketch,21,2,chair,219,172,0,258001.96,3,39,chair,1
0110172_neurosketch,21,2,chair,219,173,0,258001.96,3,39,chair,0
0110172_neurosketch,21,2,chair,219,174,0,258001.96,3,39,chair,0
0110172_neurosketch,21,2,chair,219,175,0,258001.96,3,39,chair,0
0110172_neurosketch,21,furniture,bench,220,176,1,264003.25,3,36,bench,1
0110172_neurosketch,21,furniture,bench,220,177,1,264003.25,3,36,bench,0
0110172_neurosketch,21,furniture,table,221,178,1,267002.23,3,12,table,1
0110172_neurosketch,21,furniture,table,221,179,1,267002.23,3,12,table,0
0110172_neurosketch,21,furniture,chair,222,180,0,270002.2,3,30,chair,1
0110172_neurosketch,21,furniture,chair,222,181,0,270002.2,3,30,chair,0
0110172_neurosketch,21,furniture,chair,222,182,0,270002.2,3,30,chair,0
0110172_neurosketch,21,furniture,bed,223,183,0,274502.88,3,13,bed,1
0110172_neurosketch,21,furniture,bed,223,184,0,274502.88,3,13,bed,0
0110172_neurosketch,21,furniture,bed,223,185,0,274502.88,3,13,bed,0
0110172_neurosketch,21,furniture,chair,224,186,0,279003.01,3,31,,1
0110172_neurosketch,21,furniture,chair,224,187,0,279003.01,3,31,,0
0110172_neurosketch,21,furniture,chair,224,188,0,279003.01,3,31,,0
0110172_neurosketch,21,furniture,table,225,189,1,283502.85,3,22,table,1
0110172_neurosketch,21,furniture,table,225,190,1,283502.85,3,22,table,0
0110172_neurosketch,21,furniture,table,225,191,1,283502.85,3,22,table,0
0110172_neurosketch,21,furniture,bench,226,192,1,288003.09,3,10,bench,1
0110172_neurosketch,21,furniture,bench,226,193,1,288003.09,3,10,bench,0
0110172_neurosketch,21,furniture,bench,226,194,1,288003.09,3,10,bench,0
0110172_neurosketch,21,furniture,bench,226,195,1,288003.09,3,10,bench,0
0110172_neurosketch,21,furniture,bed,227,196,0,294002.81,3,18,bed,1
0110172_neurosketch,21,furniture,bed,227,197,0,294002.81,3,18,bed,0
0110172_neurosketch,21,furniture,table,228,198,1,297002.15,3,20,table,1
0110172_neurosketch,21,furniture,table,228,199,1,297002.15,3,20,table,0
0110172_neurosketch,21,2,chair,229,200,0,300002.92,3,32,,1
0110172_neurosketch,21,2,chair,229,201,0,300002.92,3,32,,0
0110172_neurosketch,21,furniture,bed,230,202,0,303002.83,3,17,bed,1
0110172_neurosketch,21,furniture,bed,230,203,0,303002.83,3,17,bed,0
0110172_neurosketch,21,furniture,bed,230,204,0,303002.83,3,17,bed,0
0110172_neurosketch,21,furniture,bench,231,205,1,307504.84,3,33,bench,1
0110172_neurosketch,21,furniture,bench,231,206,1,307504.84,3,33,bench,0
0110172_neurosketch,21,furniture,bench,231,207,1,307504.84,3,33,bench,0
0110172_neurosketch,21,furniture,bench,231,208,1,307504.84,3,33,bench,0
0110172_neurosketch,21,furniture,table,232,209,1,313503.09,3,27,table,1
0110172_neurosketch,21,furniture,table,232,210,1,313503.09,3,27,table,0
0110172_neurosketch,21,furniture,table,232,211,1,313503.09,3,27,table,0
0110172_neurosketch,21,furniture,table,232,212,1,313503.09,3,27,table,0
0110172_neurosketch,21,furniture,bed,233,213,0,319502.25,3,19,bed,1
0110172_neurosketch,21,furniture,bed,233,214,0,319502.25,3,19,bed,0
0110172_neurosketch,21,furniture,bed,233,215,0,319502.25,3,19,bed,0
0110172_neurosketch,21,furniture,chair,234,216,0,324002.36,3,0,chair,1
0110172_neurosketch,21,furniture,chair,234,217,0,324002.36,3,0,chair,0
0110172_neurosketch,21,furniture,bench,235,218,1,327002.48,3,27,bench,1
0110172_neurosketch,21,furniture,bench,235,219,1,327002.48,3,27,bench,0
0110172_neurosketch,21,furniture,table,236,220,1,330003.16,3,35,table,1
0110172_neurosketch,21,furniture,table,236,221,1,330003.16,3,35,table,0
0110172_neurosketch,21,furniture,table,236,222,1,330003.16,3,35,table,0
0110172_neurosketch,21,furniture,bed,237,223,0,334502.87,3,37,bed,1
0110172_neurosketch,21,furniture,bed,237,224,0,334502.87,3,37,bed,0
0110172_neurosketch,21,furniture,bed,237,225,0,334502.87,3,37,bed,0
0110172_neurosketch,21,furniture,chair,238,226,0,339001.59,3,25,chair,1
0110172_neurosketch,21,furniture,chair,238,227,0,339001.59,3,25,chair,0
0110172_neurosketch,21,furniture,chair,238,228,0,339001.59,3,25,chair,0
0110172_neurosketch,21,furniture,chair,238,229,0,339001.59,3,25,chair,0
0110172_neurosketch,21,2,bench,239,230,1,345003.38,3,25,bench,1
0110172_neurosketch,21,2,bench,239,231,1,345003.38,3,25,bench,0
0110172_neurosketch,21,2,bench,239,232,1,345003.38,3,25,bench,0
0110172_neurosketch,21,2,bench,239,233,1,345003.38,3,25,bench,0
0110172_neurosketch,21,2,bench,239,234,1,345003.38,3,25,bench,0
0110172_neurosketch,21,2,bench,239,235,1,345003.38,3,25,bench,0
0110172_neurosketch,21,2,bench,239,236,1,345003.38,3,25,bench,0
0110172_neurosketch,21,2,bench,239,237,1,345003.38,3,25,bench,0
0110172_neurosketch,21,2,bench,239,238,1,345003.38,3,25,bench,0
0110172_neurosketch,21,2,bench,239,239,1,345003.38,3,25,bench,0
0110172_neurosketch,21,furniture,table,240,0,-1,0.0,4,14,table,0
0110172_neurosketch,21,furniture,table,240,1,-1,0.0,4,14,table,0
0110172_neurosketch,21,furniture,table,240,2,-1,0.0,4,14,table,0
0110172_neurosketch,21,furniture,table,240,3,-1,0.0,4,14,table,0
0110172_neurosketch,21,furniture,table,240,4,-1,0.0,4,14,table,0
0110172_neurosketch,21,furniture,table,240,5,-1,0.0,4,14,table,0
0110172_neurosketch,21,furniture,table,240,6,-1,0.0,4,14,table,0
0110172_neurosketch,21,furniture,table,240,7,-1,0.0,4,14,table,0
0110172_neurosketch,21,furniture,table,240,8,1,12002.2,4,14,table,1
0110172_neurosketch,21,furniture,table,240,9,1,12002.2,4,14,table,0
0110172_neurosketch,21,furniture,table,240,10,1,12002.2,4,14,table,0
0110172_neurosketch,21,furniture,table,240,11,1,12002.2,4,14,table,0
0110172_neurosketch,21,furniture,bench,241,12,1,18001.94,4,15,bench,1
0110172_neurosketch,21,furniture,bench,241,13,1,18001.94,4,15,bench,0
0110172_neurosketch,21,furniture,bed,242,14,0,21001.86,4,2,bed,1
0110172_neurosketch,21,furniture,bed,242,15,0,21001.86,4,2,bed,0
0110172_neurosketch,21,furniture,bed,242,16,0,21001.86,4,2,bed,0
0110172_neurosketch,21,furniture,bed,242,17,0,21001.86,4,2,bed,0
0110172_neurosketch,21,furniture,chair,243,18,0,27003.21,4,34,chair,1
0110172_neurosketch,21,furniture,chair,243,19,0,27003.21,4,34,chair,0
0110172_neurosketch,21,furniture,table,244,20,1,30002.04,4,5,table,1
0110172_neurosketch,21,furniture,table,244,21,1,30002.04,4,5,table,0
0110172_neurosketch,21,furniture,table,244,22,1,30002.04,4,5,table,0
0110172_neurosketch,21,furniture,bench,245,23,1,34501.42,4,17,bench,1
0110172_neurosketch,21,furniture,bench,245,24,1,34501.42,4,17,bench,0
0110172_neurosketch,21,furniture,bench,245,25,1,34501.42,4,17,bench,0
0110172_neurosketch,21,furniture,bed,246,26,0,39002.09,4,10,bed,1
0110172_neurosketch,21,furniture,bed,246,27,0,39002.09,4,10,bed,0
0110172_neurosketch,21,furniture,bed,246,28,0,39002.09,4,10,bed,0
0110172_neurosketch,21,furniture,bed,246,29,0,39002.09,4,10,bed,0
0110172_neurosketch,21,furniture,chair,247,30,0,45001.54,4,22,chair,1
0110172_neurosketch,21,furniture,chair,247,31,0,45001.54,4,22,chair,0
0110172_neurosketch,21,furniture,table,248,32,1,48001.24,4,6,table,1
0110172_neurosketch,21,furniture,table,248,33,1,48001.24,4,6,table,0
0110172_neurosketch,21,furniture,table,248,34,1,48001.24,4,6,table,0
0110172_neurosketch,21,2,bench,249,35,1,52503.02,4,28,bench,1
0110172_neurosketch,21,2,bench,249,36,1,52503.02,4,28,bench,0
0110172_neurosketch,21,2,bench,249,37,1,52503.02,4,28,bench,0
0110172_neurosketch,21,furniture,bed,250,38,0,57003.0,4,27,bed,1
0110172_neurosketch,21,furniture,bed,250,39,0,57003.0,4,27,bed,0
0110172_neurosketch,21,furniture,bed,250,40,0,57003.0,4,27,bed,0
0110172_neurosketch,21,furniture,chair,251,41,0,61502.27,4,37,chair,1
0110172_neurosketch,21,furniture,chair,251,42,0,61502.27,4,37,chair,0
0110172_neurosketch,21,furniture,bed,252,43,0,64502.04,4,25,,1
0110172_neurosketch,21,furniture,bed,252,44,0,64502.04,4,25,,0
0110172_neurosketch,21,furniture,bed,252,45,0,64502.04,4,25,,0
0110172_neurosketch,21,furniture,bench,253,46,1,69002.12,4,37,bench,1
0110172_neurosketch,21,furniture,bench,253,47,1,69002.12,4,37,bench,0
0110172_neurosketch,21,furniture,bench,253,48,1,69002.12,4,37,bench,0
0110172_neurosketch,21,furniture,chair,254,49,0,73502.07,4,35,chair,1
0110172_neurosketch,21,furniture,chair,254,50,0,73502.07,4,35,chair,0
0110172_neurosketch,21,furniture,table,255,51,1,76503.15,4,1,table,1
0110172_neurosketch,21,furniture,table,255,52,1,76503.15,4,1,table,0
0110172_neurosketch,21,furniture,table,255,53,1,76503.15,4,1,table,0
0110172_neurosketch,21,furniture,table,256,54,1,81002.08,4,16,table,1
0110172_neurosketch,21,furniture,table,256,55,1,81002.08,4,16,table,0
0110172_neurosketch,21,furniture,bench,257,56,1,84002.2,4,22,bench,1
0110172_neurosketch,21,furniture,bench,257,57,1,84002.2,4,22,bench,0
0110172_neurosketch,21,furniture,bed,258,58,0,87002.71,4,5,bed,1
0110172_neurosketch,21,furniture,bed,258,59,0,87002.71,4,5,bed,0
0110172_neurosketch,21,2,chair,259,60,0,90002.23,4,27,,1
0110172_neurosketch,21,2,chair,259,61,0,90002.23,4,27,,0
0110172_neurosketch,21,2,chair,259,62,0,90002.23,4,27,,0
0110172_neurosketch,21,2,chair,259,63,0,90002.23,4,27,,0
0110172_neurosketch,21,furniture,chair,260,64,0,96002.59,4,6,chair,1
0110172_neurosketch,21,furniture,chair,260,65,0,96002.59,4,6,chair,0
0110172_neurosketch,21,furniture,table,261,66,1,99001.8,4,13,,1
0110172_neurosketch,21,furniture,table,261,67,1,99001.8,4,13,,0
0110172_neurosketch,21,furniture,bed,262,68,0,102002.04,4,35,bed,1
0110172_neurosketch,21,furniture,bed,262,69,0,102002.04,4,35,bed,0
0110172_neurosketch,21,furniture,bed,262,70,0,102002.04,4,35,bed,0
0110172_neurosketch,21,furniture,bench,263,71,1,106503.66,4,7,bench,1
0110172_neurosketch,21,furniture,bench,263,72,1,106503.66,4,7,bench,0
0110172_neurosketch,21,furniture,bench,263,73,1,106503.66,4,7,bench,0
0110172_neurosketch,21,furniture,table,264,74,1,111002.73,4,26,table,1
0110172_neurosketch,21,furniture,table,264,75,1,111002.73,4,26,table,0
0110172_neurosketch,21,furniture,table,264,76,1,111002.73,4,26,table,0
0110172_neurosketch,21,furniture,bench,265,77,1,115502.15,4,11,bench,1
0110172_neurosketch,21,furniture,bench,265,78,1,115502.15,4,11,bench,0
0110172_neurosketch,21,furniture,bench,265,79,1,115502.15,4,11,bench,0
0110172_neurosketch,21,furniture,bed,266,80,0,120002.76,4,30,bed,1
0110172_neurosketch,21,furniture,bed,266,81,0,120002.76,4,30,bed,0
0110172_neurosketch,21,furniture,bed,266,82,0,120002.76,4,30,bed,0
0110172_neurosketch,21,furniture,bed,266,83,0,120002.76,4,30,bed,0
0110172_neurosketch,21,furniture,chair,267,84,0,126001.89,4,17,chair,1
0110172_neurosketch,21,furniture,chair,267,85,0,126001.89,4,17,chair,0
0110172_neurosketch,21,furniture,table,268,86,1,129002.42,4,39,table,1
0110172_neurosketch,21,furniture,table,268,87,1,129002.42,4,39,table,0
0110172_neurosketch,21,2,bed,269,88,0,132001.98,4,16,bed,1
0110172_neurosketch,21,2,bed,269,89,0,132001.98,4,16,bed,0
0110172_neurosketch,21,furniture,chair,270,90,0,135003.0,4,18,,1
0110172_neurosketch,21,furniture,chair,270,91,0,135003.0,4,18,,0
0110172_neurosketch,21,furniture,chair,270,92,0,135003.0,4,18,,0
0110172_neurosketch,21,furniture,bench,271,93,1,139502.16,4,4,bench,1
0110172_neurosketch,21,furniture,bench,271,94,1,139502.16,4,4,bench,0
0110172_neurosketch,21,furniture,bench,271,95,1,139502.16,4,4,bench,0
0110172_neurosketch,21,furniture,bench,271,96,1,139502.16,4,4,bench,0
0110172_neurosketch,21,furniture,bed,272,97,0,145502.69,4,6,bed,1
0110172_neurosketch,21,furniture,bed,272,98,0,145502.69,4,6,bed,0
0110172_neurosketch,21,furniture,bed,272,99,0,145502.69,4,6,bed,0
0110172_neurosketch,21,furniture,bed,272,100,0,145502.69,4,6,bed,0
0110172_neurosketch,21,furniture,table,273,101,1,151503.24,4,33,table,1
0110172_neurosketch,21,furniture,table,273,102,1,151503.24,4,33,table,0
0110172_neurosketch,21,furniture,table,273,103,1,151503.24,4,33,table,0
0110172_neurosketch,21,furniture,chair,274,104,0,156002.21,4,38,chair,1
0110172_neurosketch,21,furniture,chair,274,105,0,156002.21,4,38,chair,0
0110172_neurosketch,21,furniture,bench,275,106,1,159002.95,4,18,bench,1
0110172_neurosketch,21,furniture,bench,275,107,1,159002.95,4,18,bench,0
0110172_neurosketch,21,furniture,chair,276,108,0,162002.89,4,28,chair,1
0110172_neurosketch,21,furniture,chair,276,109,0,162002.89,4,28,chair,0
0110172_neurosketch,21,furniture,chair,276,110,0,162002.89,4,28,chair,0
0110172_neurosketch,21,furniture,bed,277,111,0,166501.94,4,28,bed,1
0110172_neurosketch,21,furniture,bed,277,112,0,166501.94,4,28,bed,0
0110172_neurosketch,21,furniture,bed,277,113,0,166501.94,4,28,bed,0
0110172_neurosketch,21,furniture,bench,278,114,1,171003.09,4,9,bench,1
0110172_neurosketch,21,furniture,bench,278,115,1,171003.09,4,9,bench,0
0110172_neurosketch,21,furniture,bench,278,116,1,171003.09,4,9,bench,0
0110172_neurosketch,21,furniture,bench,278,117,1,171003.09,4,9,bench,0
0110172_neurosketch,21,2,table,279,118,1,177002.12,4,2,table,1
0110172_neurosketch,21,2,table,279,119,1,177002.12,4,2,table,0
0110172_neurosketch,21,furniture,table,280,120,1,180002.14,4,19,,1
0110172_neurosketch,21,furniture,table,280,121,1,180002.14,4,19,,0
0110172_neurosketch,21,furniture,table,280,122,1,180002.14,4,19,,0
0110172_neurosketch,21,furniture,table,280,123,1,180002.14,4,19,,0
0110172_neurosketch,21,furniture,chair,281,124,0,186002.9,4,15,chair,1
0110172_neurosketch,21,furniture,chair,281,125,0,186002.9,4,15,chair,0
0110172_neurosketch,21,furniture,bed,282,126,0,189002.11,4,12,bed,1
0110172_neurosketch,21,furniture,bed,282,127,0,189002.11,4,12,bed,0
0110172_neurosketch,21,furniture,bed,282,128,0,189002.11,4,12,bed,0
0110172_neurosketch,21,furniture,bed,282,129,0,189002.11,4,12,bed,0
0110172_neurosketch,21,furniture,bench,283,130,1,195004.4,4,3,bench,1
0110172_neurosketch,21,furniture,bench,283,131,1,195004.4,4,3,bench,0
0110172_neurosketch,21,furniture,table,284,132,1,198002.27,4,10,bench,1
0110172_neurosketch,21,furniture,table,284,133,1,198002.27,4,10,bench,0
0110172_neurosketch,21,furniture,table,284,134,1,198002.27,4,10,bench,0
0110172_neurosketch,21,furniture,bench,285,135,1,202502.62,4,26,bench,1
0110172_neurosketch,21,furniture,bench,285,136,1,202502.62,4,26,bench,0
0110172_neurosketch,21,furniture,bench,285,137,1,202502.62,4,26,bench,0
0110172_neurosketch,21,furniture,chair,286,138,0,207002.78,4,23,chair,1
0110172_neurosketch,21,furniture,chair,286,139,0,207002.78,4,23,chair,0
0110172_neurosketch,21,furniture,chair,286,140,0,207002.78,4,23,chair,0
0110172_neurosketch,21,furniture,chair,286,141,0,207002.78,4,23,chair,0
0110172_neurosketch,21,furniture,bed,287,142,0,213002.24,4,9,bed,1
0110172_neurosketch,21,furniture,bed,287,143,0,213002.24,4,9,bed,0
0110172_neurosketch,21,furniture,chair,288,144,0,216004.87,4,8,chair,1
0110172_neurosketch,21,furniture,chair,288,145,0,216004.87,4,8,chair,0
0110172_neurosketch,21,furniture,chair,288,146,0,216004.87,4,8,chair,0
0110172_neurosketch,21,2,bed,289,147,0,220502.08,4,33,bed,1
0110172_neurosketch,21,2,bed,289,148,0,220502.08,4,33,bed,0
0110172_neurosketch,21,2,bed,289,149,0,220502.08,4,33,bed,0
0110172_neurosketch,21,furniture,bench,290,150,1,225003.89,4,35,bench,1
0110172_neurosketch,21,furniture,bench,290,151,1,225003.89,4,35,bench,0
0110172_neurosketch,21,furniture,bench,290,152,1,225003.89,4,35,bench,0
0110172_neurosketch,21,furniture,table,291,153,1,229503.15,4,37,table,1
0110172_neurosketch,21,furniture,table,291,154,1,229503.15,4,37,table,0
0110172_neurosketch,21,furniture,bench,292,155,1,232503.29,4,24,bench,1
0110172_neurosketch,21,furniture,bench,292,156,1,232503.29,4,24,bench,0
0110172_neurosketch,21,furniture,bench,292,157,1,232503.29,4,24,bench,0
0110172_neurosketch,21,furniture,table,293,158,1,237002.94,4,18,table,1
0110172_neurosketch,21,furniture,table,293,159,1,237002.94,4,18,table,0
0110172_neurosketch,21,furniture,table,293,160,1,237002.94,4,18,table,0
0110172_neurosketch,21,furniture,chair,294,161,0,241503.04,4,9,chair,1
0110172_neurosketch,21,furniture,chair,294,162,0,241503.04,4,9,chair,0
0110172_neurosketch,21,furniture,bed,295,163,0,244503.97,4,38,bed,1
0110172_neurosketch,21,furniture,bed,295,164,0,244503.97,4,38,bed,0
0110172_neurosketch,21,furniture,bed,295,165,0,244503.97,4,38,bed,0
0110172_neurosketch,21,furniture,table,296,166,1,249002.43,4,7,table,1
0110172_neurosketch,21,furniture,table,296,167,1,249002.43,4,7,table,0
0110172_neurosketch,21,furniture,bench,297,168,1,252002.82,4,14,bench,1
0110172_neurosketch,21,furniture,bench,297,169,1,252002.82,4,14,bench,0
0110172_neurosketch,21,furniture,chair,298,170,0,255002.74,4,16,chair,1
0110172_neurosketch,21,furniture,chair,298,171,0,255002.74,4,16,chair,0
0110172_neurosketch,21,2,bed,299,172,0,258002.59,4,3,bed,1
0110172_neurosketch,21,2,bed,299,173,0,258002.59,4,3,bed,0
0110172_neurosketch,21,2,bed,299,174,0,258002.59,4,3,bed,0
0110172_neurosketch,21,2,bed,299,175,0,258002.59,4,3,bed,0
0110172_neurosketch,21,furniture,chair,300,176,0,264002.48,4,4,chair,1
0110172_neurosketch,21,furniture,chair,300,177,0,264002.48,4,4,chair,0
0110172_neurosketch,21,furniture,bed,301,178,0,267002.37,4,39,,1
0110172_neurosketch,21,furniture,bed,301,179,0,267002.37,4,39,,0
0110172_neurosketch,21,furniture,bench,302,180,1,270002.71,4,32,bench,1
0110172_neurosketch,21,furniture,bench,302,181,1,270002.71,4,32,bench,0
0110172_neurosketch,21,furniture,bench,302,182,1,270002.71,4,32,bench,0
0110172_neurosketch,21,furniture,table,303,183,1,274503.48,4,21,table,1
0110172_neurosketch,21,furniture,table,303,184,1,274503.48,4,21,table,0
0110172_neurosketch,21,furniture,table,303,185,1,274503.48,4,21,table,0
0110172_neurosketch,21,furniture,table,304,186,1,279002.22,4,30,table,1
0110172_neurosketch,21,furniture,table,304,187,1,279002.22,4,30,table,0
0110172_neurosketch,21,furniture,table,304,188,1,279002.22,4,30,table,0
0110172_neurosketch,21,furniture,bed,305,189,0,283502.37,4,22,bed,1
0110172_neurosketch,21,furniture,bed,305,190,0,283502.37,4,22,bed,0
0110172_neurosketch,21,furniture,bed,305,191,0,283502.37,4,22,bed,0
0110172_neurosketch,21,furniture,bench,306,192,1,288002.48,4,20,bench,1
0110172_neurosketch,21,furniture,bench,306,193,1,288002.48,4,20,bench,0
0110172_neurosketch,21,furniture,bench,306,194,1,288002.48,4,20,bench,0
0110172_neurosketch,21,furniture,bench,306,195,1,288002.48,4,20,bench,0
0110172_neurosketch,21,furniture,chair,307,196,0,294004.37,4,7,chair,1
0110172_neurosketch,21,furniture,chair,307,197,0,294004.37,4,7,chair,0
0110172_neurosketch,21,furniture,bed,308,198,0,297002.31,4,31,bed,1
0110172_neurosketch,21,furniture,bed,308,199,0,297002.31,4,31,bed,0
0110172_neurosketch,21,2,table,309,200,1,300002.18,4,0,table,1
0110172_neurosketch,21,2,table,309,201,1,300002.18,4,0,table,0
0110172_neurosketch,21,furniture,bench,310,202,1,303002.23,4,13,bench,1
0110172_neurosketch,21,furniture,bench,310,203,1,303002.23,4,13,bench,0
0110172_neurosketch,21,furniture,bench,310,204,1,303002.23,4,13,bench,0
0110172_neurosketch,21,furniture,chair,311,205,0,307502.12,4,33,chair,1
0110172_neurosketch,21,furniture,chair,311,206,0,307502.12,4,33,chair,0
0110172_neurosketch,21,furniture,chair,311,207,0,307502.12,4,33,chair,0
0110172_neurosketch,21,furniture,chair,311,208,0,307502.12,4,33,chair,0
0110172_neurosketch,21,furniture,table,312,209,1,313502.25,4,9,table,1
0110172_neurosketch,21,furniture,table,312,210,1,313502.25,4,9,table,0
0110172_neurosketch,21,furniture,table,312,211,1,313502.25,4,9,table,0
0110172_neurosketch,21,furniture,table,312,212,1,313502.25,4,9,table,0
0110172_neurosketch,21,furniture,bench,313,213,1,319502.57,4,2,bench,1
0110172_neurosketch,21,furniture,bench,313,214,1,319502.57,4,2,bench,0
0110172_neurosketch,21,furniture,bench,313,215,1,319502.57,4,2,bench,0
0110172_neurosketch,21,furniture,chair,314,216,0,324002.06,4,10,chair,1
0110172_neurosketch,21,furniture,chair,314,217,0,324002.06,4,10,chair,0
0110172_neurosketch,21,furniture,bed,315,218,0,327002.95,4,11,bed,1
0110172_neurosketch,21,furniture,bed,315,219,0,327002.95,4,11,bed,0
0110172_neurosketch,21,furniture,bed,316,220,0,330002.27,4,29,bed,1
0110172_neurosketch,21,furniture,bed,316,221,0,330002.27,4,29,bed,0
0110172_neurosketch,21,furniture,bed,316,222,0,330002.27,4,29,bed,0
0110172_neurosketch,21,furniture,chair,317,223,0,334502.04,4,2,chair,1
0110172_neurosketch,21,furniture,chair,317,224,0,334502.04,4,2,chair,0
0110172_neurosketch,21,furniture,chair,317,225,0,334502.04,4,2,chair,0
0110172_neurosketch,21,furniture,bench,318,226,1,339002.15,4,31,bench,1
0110172_neurosketch,21,furniture,bench,318,227,1,339002.15,4,31,bench,0
0110172_neurosketch,21,furniture,bench,318,228,1,339002.15,4,31,bench,0
0110172_neurosketch,21,furniture,bench,318,229,1,339002.15,4,31,bench,0
0110172_neurosketch,21,2,table,319,230,1,345003.94,4,4,table,1
0110172_neurosketch,21,2,table,319,231,1,345003.94,4,4,table,0
0110172_neurosketch,21,2,table,319,232,1,345003.94,4,4,table,0
0110172_neurosketch,21,2,table,319,233,1,345003.94,4,4,table,0
0110172_neurosketch,21,2,table,319,234,1,345003.94,4,4,table,0
0110172_neurosketch,21,2,table,319,235,1,345003.94,4,4,table,0
0110172_neurosketch,21,2,table,319,236,1,345003.94,4,4,table,0
0110172_neurosketch,21,2,table,319,237,1,345003.94,4,4,table,0
0110172_neurosketch,21,2,table,319,238,1,345003.94,4,4,table,0
0110172_neurosketch,21,2,table,319,239,1,345003.94,4,4,table,0
0110172_neurosketch,21,furniture,table,360,0,-1,0.0,9,4,,0
0110172_neurosketch,21,furniture,table,360,1,-1,0.0,9,4,,0
0110172_neurosketch,21,furniture,table,360,2,-1,0.0,9,4,,0
0110172_neurosketch,21,furniture,table,360,3,-1,0.0,9,4,,0
0110172_neurosketch,21,furniture,table,360,4,-1,0.0,9,4,,0
0110172_neurosketch,21,furniture,table,360,5,-1,0.0,9,4,,0
0110172_neurosketch,21,furniture,table,360,6,-1,0.0,9,4,,0
0110172_neurosketch,21,furniture,table,360,7,-1,0.0,9,4,,0
0110172_neurosketch,21,furniture,table,360,8,1,12003.63,9,4,,1
0110172_neurosketch,21,furniture,table,360,9,1,12003.63,9,4,,0
0110172_neurosketch,21,furniture,table,360,10,1,12003.63,9,4,,0
0110172_neurosketch,21,furniture,table,360,11,1,12003.63,9,4,,0
0110172_neurosketch,21,furniture,bench,361,12,1,18001.97,9,31,bench,1
0110172_neurosketch,21,furniture,bench,361,13,1,18001.97,9,31,bench,0
0110172_neurosketch,21,furniture,chair,362,14,0,21002.51,9,2,chair,1
0110172_neurosketch,21,furniture,chair,362,15,0,21002.51,9,2,chair,0
0110172_neurosketch,21,furniture,chair,362,16,0,21002.51,9,2,chair,0
0110172_neurosketch,21,furniture,chair,362,17,0,21002.51,9,2,chair,0
0110172_neurosketch,21,furniture,bed,363,18,0,27001.41,9,29,bed,1
0110172_neurosketch,21,furniture,bed,363,19,0,27001.41,9,29,bed,0
0110172_neurosketch,21,furniture,bed,364,20,0,30005.28,9,11,bed,1
0110172_neurosketch,21,furniture,bed,364,21,0,30005.28,9,11,bed,0
0110172_neurosketch,21,furniture,bed,364,22,0,30005.28,9,11,bed,0
0110172_neurosketch,21,furniture,chair,365,23,0,34502.69,9,10,chair,1
0110172_neurosketch,21,furniture,chair,365,24,0,34502.69,9,10,chair,0
0110172_neurosketch,21,furniture,chair,365,25,0,34502.69,9,10,chair,0
0110172_neurosketch,21,furniture,bench,366,26,1,39002.12,9,2,bench,1
0110172_neurosketch,21,furniture,bench,366,27,1,39002.12,9,2,bench,0
0110172_neurosketch,21,furniture,bench,366,28,1,39002.12,9,2,bench,0
0110172_neurosketch,21,furniture,bench,366,29,1,39002.12,9,2,bench,0
0110172_neurosketch,21,furniture,table,367,30,1,45002.54,9,9,table,1
0110172_neurosketch,21,furniture,table,367,31,1,45002.54,9,9,table,0
0110172_neurosketch,21,furniture,chair,368,32,0,48001.63,9,33,chair,1
0110172_neurosketch,21,furniture,chair,368,33,0,48001.63,9,33,chair,0
0110172_neurosketch,21,furniture,chair,368,34,0,48001.63,9,33,chair,0
0110172_neurosketch,21,2,bench,369,35,1,52501.64,9,13,bench,1
0110172_neurosketch,21,2,bench,369,36,1,52501.64,9,13,bench,0
0110172_neurosketch,21,2,bench,369,37,1,52501.64,9,13,bench,0
0110172_neurosketch,21,furniture,table,370,38,1,57001.68,9,0,table,1
0110172_neurosketch,21,furniture,table,370,39,1,57001.68,9,0,table,0
0110172_neurosketch,21,furniture,table,370,40,1,57001.68,9,0,table,0
0110172_neurosketch,21,furniture,bed,371,41,0,61502.47,9,31,bed,1
0110172_neurosketch,21,furniture,bed,371,42,0,61502.47,9,31,bed,0
0110172_neurosketch,21,furniture,chair,372,43,0,64501.68,9,7,chair,1
0110172_neurosketch,21,furniture,chair,372,44,0,64501.68,9,7,chair,0
0110172_neurosketch,21,furniture,chair,372,45,0,64501.68,9,7,chair,0
0110172_neurosketch,21,furniture,bench,373,46,1,69001.77,9,20,bench,1
0110172_neurosketch,21,furniture,bench,373,47,1,69001.77,9,20,bench,0
0110172_neurosketch,21,furniture,bench,373,48,1,69001.77,9,20,bench,0
0110172_neurosketch,21,furniture,bed,374,49,0,73502.6,9,22,chair,1
0110172_neurosketch,21,furniture,bed,374,50,0,73502.6,9,22,chair,0
0110172_neurosketch,21,furniture,table,375,51,1,76502.98,9,30,table,1
0110172_neurosketch,21,furniture,table,375,52,1,76502.98,9,30,table,0
0110172_neurosketch,21,furniture,table,375,53,1,76502.98,9,30,table,0
0110172_neurosketch,21,furniture,table,376,54,1,81002.08,9,21,table,1
0110172_neurosketch,21,furniture,table,376,55,1,81002.08,9,21,table,0
0110172_neurosketch,21,furniture,bench,377,56,1,84002.24,9,32,bench,1
0110172_neurosketch,21,furniture,bench,377,57,1,84002.24,9,32,bench,0
0110172_neurosketch,21,furniture,bed,378,58,0,87001.7,9,39,,1
0110172_neurosketch,21,furniture,bed,378,59,0,87001.7,9,39,,0
0110172_neurosketch,21,2,chair,379,60,0,90003.11,9,4,chair,1
0110172_neurosketch,21,2,chair,379,61,0,90003.11,9,4,chair,0
0110172_neurosketch,21,2,chair,379,62,0,90003.11,9,4,chair,0
0110172_neurosketch,21,2,chair,379,63,0,90003.11,9,4,chair,0
0110172_neurosketch,21,furniture,bed,380,64,0,96002.48,9,3,bed,1
0110172_neurosketch,21,furniture,bed,380,65,0,96002.48,9,3,bed,0
0110172_neurosketch,21,furniture,chair,381,66,0,99002.83,9,16,chair,1
0110172_neurosketch,21,furniture,chair,381,67,0,99002.83,9,16,chair,0
0110172_neurosketch,21,furniture,bench,382,68,1,102002.75,9,14,bench,1
0110172_neurosketch,21,furniture,bench,382,69,1,102002.75,9,14,bench,0
0110172_neurosketch,21,furniture,bench,382,70,1,102002.75,9,14,bench,0
0110172_neurosketch,21,furniture,table,383,71,1,106502.31,9,7,table,1
0110172_neurosketch,21,furniture,table,383,72,1,106502.31,9,7,table,0
0110172_neurosketch,21,furniture,table,383,73,1,106502.31,9,7,table,0
0110172_neurosketch,21,furniture,bed,384,74,0,111002.86,9,38,bed,1
0110172_neurosketch,21,furniture,bed,384,75,0,111002.86,9,38,bed,0
0110172_neurosketch,21,furniture,bed,384,76,0,111002.86,9,38,bed,0
0110172_neurosketch,21,furniture,chair,385,77,0,115502.99,9,9,chair,1
0110172_neurosketch,21,furniture,chair,385,78,0,115502.99,9,9,chair,0
0110172_neurosketch,21,furniture,chair,385,79,0,115502.99,9,9,chair,0
0110172_neurosketch,21,furniture,table,386,80,1,120002.07,9,18,table,1
0110172_neurosketch,21,furniture,table,386,81,1,120002.07,9,18,table,0
0110172_neurosketch,21,furniture,table,386,82,1,120002.07,9,18,table,0
0110172_neurosketch,21,furniture,table,386,83,1,120002.07,9,18,table,0
0110172_neurosketch,21,furniture,bench,387,84,1,126002.86,9,24,bench,1
0110172_neurosketch,21,furniture,bench,387,85,1,126002.86,9,24,bench,0
0110172_neurosketch,21,furniture,table,388,86,1,129002.2,9,37,table,1
0110172_neurosketch,21,furniture,table,388,87,1,129002.2,9,37,table,0
0110172_neurosketch,21,2,bench,389,88,1,132001.85,9,35,bench,1
0110172_neurosketch,21,2,bench,389,89,1,132001.85,9,35,bench,0
0110172_neurosketch,21,furniture,bed,390,90,0,135002.61,9,33,bed,1
0110172_neurosketch,21,furniture,bed,390,91,0,135002.61,9,33,bed,0
0110172_neurosketch,21,furniture,bed,390,92,0,135002.61,9,33,bed,0
0110172_neurosketch,21,furniture,chair,391,93,0,139502.09,9,8,chair,1
0110172_neurosketch,21,furniture,chair,391,94,0,139502.09,9,8,chair,0
0110172_neurosketch,21,furniture,chair,391,95,0,139502.09,9,8,chair,0
0110172_neurosketch,21,furniture,chair,391,96,0,139502.09,9,8,chair,0
0110172_neurosketch,21,furniture,bed,392,97,0,145502.22,9,9,bed,1
0110172_neurosketch,21,furniture,bed,392,98,0,145502.22,9,9,bed,0
0110172_neurosketch,21,furniture,bed,392,99,0,145502.22,9,9,bed,0
0110172_neurosketch,21,furniture,bed,392,100,0,145502.22,9,9,bed,0
0110172_neurosketch,21,furniture,chair,393,101,0,151502.39,9,23,chair,1
0110172_neurosketch,21,furniture,chair,393,102,0,151502.39,9,23,chair,0
0110172_neurosketch,21,furniture,chair,393,103,0,151502.39,9,23,chair,0
0110172_neurosketch,21,furniture,bench,394,104,1,156002.04,9,26,bench,1
0110172_neurosketch,21,furniture,bench,394,105,1,156002.04,9,26,bench,0
0110172_neurosketch,21,furniture,table,395,106,1,159002.52,9,10,,1
0110172_neurosketch,21,furniture,table,395,107,1,159002.52,9,10,,0
0110172_neurosketch,21,furniture,bench,396,108,1,162002.02,9,3,bench,1
0110172_neurosketch,21,furniture,bench,396,109,1,162002.02,9,3,bench,0
0110172_neurosketch,21,furniture,bench,396,110,1,162002.02,9,3,bench,0
0110172_neurosketch,21,furniture,bed,397,111,0,166504.8,9,12,bed,1
0110172_neurosketch,21,furniture,bed,397,112,0,166504.8,9,12,bed,0
0110172_neurosketch,21,furniture,bed,397,113,0,166504.8,9,12,bed,0
0110172_neurosketch,21,furniture,chair,398,114,0,171002.38,9,15,chair,1
0110172_neurosketch,21,furniture,chair,398,115,0,171002.38,9,15,chair,0
0110172_neurosketch,21,furniture,chair,398,116,0,171002.38,9,15,chair,0
0110172_neurosketch,21,furniture,chair,398,117,0,171002.38,9,15,chair,0
0110172_neurosketch,21,2,table,399,118,1,177002.63,9,19,table,1
0110172_neurosketch,21,2,table,399,119,1,177002.63,9,19,table,0
0110172_neurosketch,21,furniture,table,400,120,1,180002.57,9,2,table,1
0110172_neurosketch,21,furniture,table,400,121,1,180002.57,9,2,table,0
0110172_neurosketch,21,furniture,table,400,122,1,180002.57,9,2,table,0
0110172_neurosketch,21,furniture,table,400,123,1,180002.57,9,2,table,0
0110172_neurosketch,21,furniture,bench,401,124,1,186002.41,9,9,bench,1
0110172_neurosketch,21,furniture,bench,401,125,1,186002.41,9,9,bench,0
0110172_neurosketch,21,furniture,bed,402,126,0,189003.56,9,28,bed,1
0110172_neurosketch,21,furniture,bed,402,127,0,189003.56,9,28,bed,0
0110172_neurosketch,21,furniture,bed,402,128,0,189003.56,9,28,bed,0
0110172_neurosketch,21,furniture,bed,402,129,0,189003.56,9,28,bed,0
0110172_neurosketch,21,furniture,chair,403,130,0,195003.13,9,28,chair,1
0110172_neurosketch,21,furniture,chair,403,131,0,195003.13,9,28,chair,0
0110172_neurosketch,21,furniture,bench,404,132,1,198002.18,9,18,bench,1
0110172_neurosketch,21,furniture,bench,404,133,1,198002.18,9,18,bench,0
0110172_neurosketch,21,furniture,bench,404,134,1,198002.18,9,18,bench,0
0110172_neurosketch,21,furniture,chair,405,135,0,202504.21,9,38,chair,1
0110172_neurosketch,21,furniture,chair,405,136,0,202504.21,9,38,chair,0
0110172_neurosketch,21,furniture,chair,405,137,0,202504.21,9,38,chair,0
0110172_neurosketch,21,furniture,table,406,138,1,207003.11,9,33,table,1
0110172_neurosketch,21,furniture,table,406,139,1,207003.11,9,33,table,0
0110172_neurosketch,21,furniture,table,406,140,1,207003.11,9,33,table,0
0110172_neurosketch,21,furniture,table,406,141,1,207003.11,9,33,table,0
0110172_neurosketch,21,furniture,bed,407,142,0,213002.33,9,6,bed,1
0110172_neurosketch,21,furniture,bed,407,143,0,213002.33,9,6,bed,0
0110172_neurosketch,21,furniture,bench,408,144,1,216002.2,9,4,bench,1
0110172_neurosketch,21,furniture,bench,408,145,1,216002.2,9,4,bench,0
0110172_neurosketch,21,furniture,bench,408,146,1,216002.2,9,4,bench,0
0110172_neurosketch,21,2,chair,409,147,0,220503.3,9,18,chair,1
0110172_neurosketch,21,2,chair,409,148,0,220503.3,9,18,chair,0
0110172_neurosketch,21,2,chair,409,149,0,220503.3,9,18,chair,0
0110172_neurosketch,21,furniture,bed,410,150,0,225002.7,9,16,bed,1
0110172_neurosketch,21,furniture,bed,410,151,0,225002.7,9,16,bed,0
0110172_neurosketch,21,furniture,bed,410,152,0,225002.7,9,16,bed,0
0110172_neurosketch,21,furniture,table,411,153,1,229502.98,9,39,bench,1
0110172_neurosketch,21,furniture,table,411,154,1,229502.98,9,39,bench,0
0110172_neurosketch,21,furniture,chair,412,155,0,232502.87,9,17,chair,1
0110172_neurosketch,21,furniture,chair,412,156,0,232502.87,9,17,chair,0
0110172_neurosketch,21,furniture,chair,412,157,0,232502.87,9,17,chair,0
0110172_neurosketch,21,furniture,bed,413,158,0,237001.98,9,30,bed,1
0110172_neurosketch,21,furniture,bed,413,159,0,237001.98,9,30,bed,0
0110172_neurosketch,21,furniture,bed,413,160,0,237001.98,9,30,bed,0
0110172_neurosketch,21,furniture,bench,414,161,1,241503.69,9,11,bench,1
0110172_neurosketch,21,furniture,bench,414,162,1,241503.69,9,11,bench,0
0110172_neurosketch,21,furniture,table,415,163,1,244502.68,9,26,table,1
0110172_neurosketch,21,furniture,table,415,164,1,244502.68,9,26,table,0
0110172_neurosketch,21,furniture,table,415,165,1,244502.68,9,26,table,0
0110172_neurosketch,21,furniture,bench,416,166,1,249002.85,9,7,bench,1
0110172_neurosketch,21,furniture,bench,416,167,1,249002.85,9,7,bench,0
0110172_neurosketch,21,furniture,bed,417,168,0,252002.43,9,35,bed,1
0110172_neurosketch,21,furniture,bed,417,169,0,252002.43,9,35,bed,0
0110172_neurosketch,21,furniture,table,418,170,1,255002.87,9,13,table,1
0110172_neurosketch,21,furniture,table,418,171,1,255002.87,9,13,table,0
0110172_neurosketch,21,2,chair,419,172,0,258002.85,9,6,chair,1
0110172_neurosketch,21,2,chair,419,173,0,258002.85,9,6,chair,0
0110172_neurosketch,21,2,chair,419,174,0,258002.85,9,6,chair,0
0110172_neurosketch,21,2,chair,419,175,0,258002.85,9,6,chair,0
0110172_neurosketch,21,furniture,chair,420,176,0,264002.52,9,27,chair,1
0110172_neurosketch,21,furniture,chair,420,177,0,264002.52,9,27,chair,0
0110172_neurosketch,21,furniture,bed,421,178,0,267002.01,9,5,bed,1
0110172_neurosketch,21,furniture,bed,421,179,0,267002.01,9,5,bed,0
0110172_neurosketch,21,furniture,bench,422,180,1,270002.94,9,22,bench,1
0110172_neurosketch,21,furniture,bench,422,181,1,270002.94,9,22,bench,0
0110172_neurosketch,21,furniture,bench,422,182,1,270002.94,9,22,bench,0
0110172_neurosketch,21,furniture,table,423,183,1,274502.92,9,16,table,1
0110172_neurosketch,21,furniture,table,423,184,1,274502.92,9,16,table,0
0110172_neurosketch,21,furniture,table,423,185,1,274502.92,9,16,table,0
0110172_neurosketch,21,furniture,table,424,186,1,279002.05,9,1,table,1
0110172_neurosketch,21,furniture,table,424,187,1,279002.05,9,1,table,0
0110172_neurosketch,21,furniture,table,424,188,1,279002.05,9,1,table,0
0110172_neurosketch,21,furniture,chair,425,189,0,283503.71,9,35,chair,1
0110172_neurosketch,21,furniture,chair,425,190,0,283503.71,9,35,chair,0
0110172_neurosketch,21,furniture,chair,425,191,0,283503.71,9,35,chair,0
0110172_neurosketch,21,furniture,bench,426,192,1,288002.48,9,37,bench,1
0110172_neurosketch,21,furniture,bench,426,193,1,288002.48,9,37,bench,0
0110172_neurosketch,21,furniture,bench,426,194,1,288002.48,9,37,bench,0
0110172_neurosketch,21,furniture,bench,426,195,1,288002.48,9,37,bench,0
0110172_neurosketch,21,furniture,bed,427,196,0,294002.94,9,25,bed,1
0110172_neurosketch,21,furniture,bed,427,197,0,294002.94,9,25,bed,0
0110172_neurosketch,21,furniture,chair,428,198,0,297002.14,9,37,chair,1
0110172_neurosketch,21,furniture,chair,428,199,0,297002.14,9,37,chair,0
0110172_neurosketch,21,2,bed,429,200,0,300002.35,9,27,bed,1
0110172_neurosketch,21,2,bed,429,201,0,300002.35,9,27,bed,0
0110172_neurosketch,21,furniture,bench,430,202,1,303002.84,9,28,table,1
0110172_neurosketch,21,furniture,bench,430,203,1,303002.84,9,28,table,0
0110172_neurosketch,21,furniture,bench,430,204,1,303002.84,9,28,table,0
0110172_neurosketch,21,furniture,table,431,205,1,307503.57,9,6,table,1
0110172_neurosketch,21,furniture,table,431,206,1,307503.57,9,6,table,0
0110172_neurosketch,21,furniture,table,431,207,1,307503.57,9,6,table,0
0110172_neurosketch,21,furniture,table,431,208,1,307503.57,9,6,table,0
0110172_neurosketch,21,furniture,chair,432,209,0,313504.55,9,22,chair,1
0110172_neurosketch,21,furniture,chair,432,210,0,313504.55,9,22,chair,0
0110172_neurosketch,21,furniture,chair,432,211,0,313504.55,9,22,chair,0
0110172_neurosketch,21,furniture,chair,432,212,0,313504.55,9,22,chair,0
0110172_neurosketch,21,furniture,bed,433,213,0,319503.31,9,10,bed,1
0110172_neurosketch,21,furniture,bed,433,214,0,319503.31,9,10,bed,0
0110172_neurosketch,21,furniture,bed,433,215,0,319503.31,9,10,bed,0
0110172_neurosketch,21,furniture,bench,434,216,1,324002.14,9,17,bench,1
0110172_neurosketch,21,furniture,bench,434,217,1,324002.14,9,17,bench,0
0110172_neurosketch,21,furniture,table,435,218,1,327002.64,9,5,table,1
0110172_neurosketch,21,furniture,table,435,219,1,327002.64,9,5,table,0
0110172_neurosketch,21,furniture,chair,436,220,0,330002.82,9,34,chair,1
0110172_neurosketch,21,furniture,chair,436,221,0,330002.82,9,34,chair,0
0110172_neurosketch,21,furniture,chair,436,222,0,330002.82,9,34,chair,0
0110172_neurosketch,21,furniture,bed,437,223,0,334503.42,9,2,bed,1
0110172_neurosketch,21,furniture,bed,437,224,0,334503.42,9,2,bed,0
0110172_neurosketch,21,furniture,bed,437,225,0,334503.42,9,2,bed,0
0110172_neurosketch,21,furniture,bench,438,226,1,339001.84,9,15,bench,1
0110172_neurosketch,21,furniture,bench,438,227,1,339001.84,9,15,bench,0
0110172_neurosketch,21,furniture,bench,438,228,1,339001.84,9,15,bench,0
0110172_neurosketch,21,furniture,bench,438,229,1,339001.84,9,15,bench,0
0110172_neurosketch,21,2,table,439,230,1,345001.94,9,14,table,1
0110172_neurosketch,21,2,table,439,231,1,345001.94,9,14,table,0
0110172_neurosketch,21,2,table,439,232,1,345001.94,9,14,table,0
0110172_neurosketch,21,2,table,439,233,1,345001.94,9,14,table,0
0110172_neurosketch,21,2,table,439,234,1,345001.94,9,14,table,0
0110172_neurosketch,21,2,table,439,235,1,345001.94,9,14,table,0
0110172_neurosketch,21,2,table,439,236,1,345001.94,9,14,table,0
0110172_neurosketch,21,2,table,439,237,1,345001.94,9,14,table,0
0110172_neurosketch,21,2,table,439,238,1,345001.94,9,14,table,0
0110172_neurosketch,21,2,table,439,239,1,345001.94,9,14,table,0
0110172_neurosketch,21,furniture,bench,440,0,-1,0.0,10,25,bench,0
0110172_neurosketch,21,furniture,bench,440,1,-1,0.0,10,25,bench,0
0110172_neurosketch,21,furniture,bench,440,2,-1,0.0,10,25,bench,0
0110172_neurosketch,21,furniture,bench,440,3,-1,0.0,10,25,bench,0
0110172_neurosketch,21,furniture,bench,440,4,-1,0.0,10,25,bench,0
0110172_neurosketch,21,furniture,bench,440,5,-1,0.0,10,25,bench,0
0110172_neurosketch,21,furniture,bench,440,6,-1,0.0,10,25,bench,0
0110172_neurosketch,21,furniture,bench,440,7,-1,0.0,10,25,bench,0
0110172_neurosketch,21,furniture,bench,440,8,1,12001.52,10,25,bench,1
0110172_neurosketch,21,furniture,bench,440,9,1,12001.52,10,25,bench,0
0110172_neurosketch,21,furniture,bench,440,10,1,12001.52,10,25,bench,0
0110172_neurosketch,21,furniture,bench,440,11,1,12001.52,10,25,bench,0
0110172_neurosketch,21,furniture,chair,441,12,0,18002.09,10,25,chair,1
0110172_neurosketch,21,furniture,chair,441,13,0,18002.09,10,25,chair,0
0110172_neurosketch,21,furniture,bed,442,14,0,21002.04,10,37,bed,1
0110172_neurosketch,21,furniture,bed,442,15,0,21002.04,10,37,bed,0
0110172_neurosketch,21,furniture,bed,442,16,0,21002.04,10,37,bed,0
0110172_neurosketch,21,furniture,bed,442,17,0,21002.04,10,37,bed,0
0110172_neurosketch,21,furniture,table,443,18,1,27002.16,10,35,table,1
0110172_neurosketch,21,furniture,table,443,19,1,27002.16,10,35,table,0
0110172_neurosketch,21,furniture,bench,444,20,1,30001.54,10,27,bench,1
0110172_neurosketch,21,furniture,bench,444,21,1,30001.54,10,27,bench,0
0110172_neurosketch,21,furniture,bench,444,22,1,30001.54,10,27,bench,0
0110172_neurosketch,21,furniture,chair,445,23,0,34501.89,10,0,chair,1
0110172_neurosketch,21,furniture,chair,445,24,0,34501.89,10,0,chair,0
0110172_neurosketch,21,furniture,chair,445,25,0,34501.89,10,0,chair,0
0110172_neurosketch,21,furniture,bed,446,26,0,39001.61,10,19,bed,1
0110172_neurosketch,21,furniture,bed,446,27,0,39001.61,10,19,bed,0
0110172_neurosketch,21,furniture,bed,446,28,0,39001.61,10,19,bed,0
0110172_neurosketch,21,furniture,bed,446,29,0,39001.61,10,19,bed,0
0110172_neurosketch,21,furniture,table,447,30,1,45002.19,10,27,table,1
0110172_neurosketch,21,furniture,table,447,31,1,45002.19,10,27,table,0
0110172_neurosketch,21,furniture,bench,448,32,1,48003.8,10,33,bench,1
0110172_neurosketch,21,furniture,bench,448,33,1,48003.8,10,33,bench,0
0110172_neurosketch,21,furniture,bench,448,34,1,48003.8,10,33,bench,0
0110172_neurosketch,21,2,bed,449,35,0,52502.37,10,17,bed,1
0110172_neurosketch,21,2,bed,449,36,0,52502.37,10,17,bed,0
0110172_neurosketch,21,2,bed,449,37,0,52502.37,10,17,bed,0
0110172_neurosketch,21,furniture,chair,450,38,0,57002.33,10,32,chair,1
0110172_neurosketch,21,furniture,chair,450,39,0,57002.33,10,32,chair,0
0110172_neurosketch,21,furniture,chair,450,40,0,57002.33,10,32,chair,0
0110172_neurosketch,21,furniture,table,451,41,1,61502.13,10,20,table,1
0110172_neurosketch,21,furniture,table,451,42,1,61502.13,10,20,table,0
0110172_neurosketch,21,furniture,bed,452,43,0,64501.79,10,18,bed,1
0110172_neurosketch,21,furniture,bed,452,44,0,64501.79,10,18,bed,0
0110172_neurosketch,21,furniture,bed,452,45,0,64501.79,10,18,bed,0
0110172_neurosketch,21,furniture,bench,453,46,1,69001.85,10,10,bench,1
0110172_neurosketch,21,furniture,bench,453,47,1,69001.85,10,10,bench,0
0110172_neurosketch,21,furniture,bench,453,48,1,69001.85,10,10,bench,0
0110172_neurosketch,21,furniture,table,454,49,1,73501.92,10,22,table,1
0110172_neurosketch,21,furniture,table,454,50,1,73501.92,10,22,table,0
0110172_neurosketch,21,furniture,chair,455,51,0,76501.91,10,31,chair,1
0110172_neurosketch,21,furniture,chair,455,52,0,76501.91,10,31,chair,0
0110172_neurosketch,21,furniture,chair,455,53,0,76501.91,10,31,chair,0
0110172_neurosketch,21,furniture,bed,456,54,0,81002.66,10,13,bed,1
0110172_neurosketch,21,furniture,bed,456,55,0,81002.66,10,13,bed,0
0110172_neurosketch,21,furniture,chair,457,56,0,84001.92,10,30,,1
0110172_neurosketch,21,furniture,chair,457,57,0,84001.92,10,30,,0
0110172_neurosketch,21,furniture,table,458,58,1,87001.55,10,12,table,1
0110172_neurosketch,21,furniture,table,458,59,1,87001.55,10,12,table,0
0110172_neurosketch,21,2,bench,459,60,1,90002.9,10,36,bench,1
0110172_neurosketch,21,2,bench,459,61,1,90002.9,10,36,bench,0
0110172_neurosketch,21,2,bench,459,62,1,90002.9,10,36,bench,0
0110172_neurosketch,21,2,bench,459,63,1,90002.9,10,36,bench,0
0110172_neurosketch,21,furniture,chair,460,64,0,96001.9,10,39,,1
0110172_neurosketch,21,furniture,chair,460,65,0,96001.9,10,39,,0
0110172_neurosketch,21,furniture,bed,461,66,0,99002.21,10,32,bed,1
0110172_neurosketch,21,furniture,bed,461,67,0,99002.21,10,32,bed,0
0110172_neurosketch,21,furniture,bench,462,68,1,102003.91,10,12,bench,1
0110172_neurosketch,21,furniture,bench,462,69,1,102003.91,10,12,bench,0
0110172_neurosketch,21,furniture,bench,462,70,1,102003.91,10,12,bench,0
0110172_neurosketch,21,furniture,table,463,71,1,106502.66,10,17,,1
0110172_neurosketch,21,furniture,table,463,72,1,106502.66,10,17,,0
0110172_neurosketch,21,furniture,table,463,73,1,106502.66,10,17,,0
0110172_neurosketch,21,furniture,chair,464,74,0,111002.96,10,3,,1
0110172_neurosketch,21,furniture,chair,464,75,0,111002.96,10,3,,0
0110172_neurosketch,21,furniture,chair,464,76,0,111002.96,10,3,,0
0110172_neurosketch,21,furniture,table,465,77,1,115502.85,10,15,table,1
0110172_neurosketch,21,furniture,table,465,78,1,115502.85,10,15,table,0
0110172_neurosketch,21,furniture,table,465,79,1,115502.85,10,15,table,0
0110172_neurosketch,21,furniture,bench,466,80,1,120002.38,10,30,bench,1
0110172_neurosketch,21,furniture,bench,466,81,1,120002.38,10,30,bench,0
0110172_neurosketch,21,furniture,bench,466,82,1,120002.38,10,30,bench,0
0110172_neurosketch,21,furniture,bench,466,83,1,120002.38,10,30,bench,0
0110172_neurosketch,21,furniture,bed,467,84,0,126002.75,10,34,bed,1
0110172_neurosketch,21,furniture,bed,467,85,0,126002.75,10,34,bed,0
0110172_neurosketch,21,furniture,bed,468,86,0,129002.42,10,4,bed,1
0110172_neurosketch,21,furniture,bed,468,87,0,129002.42,10,4,bed,0
0110172_neurosketch,21,2,bench,469,88,1,132002.87,10,5,bench,1
0110172_neurosketch,21,2,bench,469,89,1,132002.87,10,5,bench,0
0110172_neurosketch,21,furniture,chair,470,90,0,135003.32,10,14,chair,1
0110172_neurosketch,21,furniture,chair,470,91,0,135003.32,10,14,chair,0
0110172_neurosketch,21,furniture,chair,470,92,0,135003.32,10,14,chair,0
0110172_neurosketch,21,furniture,table,471,93,1,139502.08,10,31,table,1
0110172_neurosketch,21,furniture,table,471,94,1,139502.08,10,31,table,0
0110172_neurosketch,21,furniture,table,471,95,1,139502.08,10,31,table,0
0110172_neurosketch,21,furniture,table,471,96,1,139502.08,10,31,table,0
0110172_neurosketch,21,furniture,table,472,97,1,145504.49,10,32,table,1
0110172_neurosketch,21,furniture,table,472,98,1,145504.49,10,32,table,0
0110172_neurosketch,21,furniture,table,472,99,1,145504.49,10,32,table,0
0110172_neurosketch,21,furniture,table,472,100,1,145504.49,10,32,table,0
0110172_neurosketch,21,furniture,chair,473,101,0,151503.3,10,5,chair,1
0110172_neurosketch,21,furniture,chair,473,102,0,151503.3,10,5,chair,0
0110172_neurosketch,21,furniture,chair,473,103,0,151503.3,10,5,chair,0
0110172_neurosketch,21,furniture,bench,474,104,1,156002.23,10,34,bench,1
0110172_neurosketch,21,furniture,bench,474,105,1,156002.23,10,34,bench,0
0110172_neurosketch,21,furniture,bed,475,106,0,159003.16,10,8,bed,1
0110172_neurosketch,21,furniture,bed,475,107,0,159003.16,10,8,bed,0
0110172_neurosketch,21,furniture,table,476,108,1,162002.42,10,28,table,1
0110172_neurosketch,21,furniture,table,476,109,1,162002.42,10,28,table,0
0110172_neurosketch,21,furniture,table,476,110,1,162002.42,10,28,table,0
0110172_neurosketch,21,furniture,chair,477,111,0,166502.86,10,12,chair,1
0110172_neurosketch,21,furniture,chair,477,112,0,166502.86,10,12,chair,0
0110172_neurosketch,21,furniture,chair,477,113,0,166502.86,10,12,chair,0
0110172_neurosketch,21,furniture,bed,478,114,0,171002.76,10,23,bed,1
0110172_neurosketch,21,furniture,bed,478,115,0,171002.76,10,23,bed,0
0110172_neurosketch,21,furniture,bed,478,116,0,171002.76,10,23,bed,0
0110172_neurosketch,21,furniture,bed,478,117,0,171002.76,10,23,bed,0
0110172_neurosketch,21,2,bench,479,118,1,177002.43,10,39,bench,1
0110172_neurosketch,21,2,bench,479,119,1,177002.43,10,39,bench,0
0110172_neurosketch,21,furniture,bed,480,120,0,180002.95,10,20,bed,1
0110172_neurosketch,21,furniture,bed,480,121,0,180002.95,10,20,bed,0
0110172_neurosketch,21,furniture,bed,480,122,0,180002.95,10,20,bed,0
0110172_neurosketch,21,furniture,bed,480,123,0,180002.95,10,20,bed,0
0110172_neurosketch,21,furniture,chair,481,124,0,186002.45,10,36,chair,1
0110172_neurosketch,21,furniture,chair,481,125,0,186002.45,10,36,chair,0
0110172_neurosketch,21,furniture,bench,482,126,1,189002.38,10,1,bench,1
0110172_neurosketch,21,furniture,bench,482,127,1,189002.38,10,1,bench,0
0110172_neurosketch,21,furniture,bench,482,128,1,189002.38,10,1,bench,0
0110172_neurosketch,21,furniture,bench,482,129,1,189002.38,10,1,bench,0
0110172_neurosketch,21,furniture,table,483,130,1,195002.17,10,38,table,1
0110172_neurosketch,21,furniture,table,483,131,1,195002.17,10,38,table,0
0110172_neurosketch,21,furniture,table,484,132,1,198002.7,10,8,table,1
0110172_neurosketch,21,furniture,table,484,133,1,198002.7,10,8,table,0
0110172_neurosketch,21,furniture,table,484,134,1,198002.7,10,8,table,0
0110172_neurosketch,21,furniture,chair,485,135,0,202502.76,10,21,chair,1
0110172_neurosketch,21,furniture,chair,485,136,0,202502.76,10,21,chair,0
0110172_neurosketch,21,furniture,chair,485,137,0,202502.76,10,21,chair,0
0110172_neurosketch,21,furniture,bench,486,138,1,207002.42,10,38,bench,1
0110172_neurosketch,21,furniture,bench,486,139,1,207002.42,10,38,bench,0
0110172_neurosketch,21,furniture,bench,486,140,1,207002.42,10,38,bench,0
0110172_neurosketch,21,furniture,bench,486,141,1,207002.42,10,38,bench,0
0110172_neurosketch,21,furniture,bed,487,142,0,213002.37,10,14,bed,1
0110172_neurosketch,21,furniture,bed,487,143,0,213002.37,10,14,bed,0
0110172_neurosketch,21,furniture,bench,488,144,1,216002.22,10,16,bench,1
0110172_neurosketch,21,furniture,bench,488,145,1,216002.22,10,16,bench,0
0110172_neurosketch,21,furniture,bench,488,146,1,216002.22,10,16,bench,0
0110172_neurosketch,21,2,chair,489,147,0,220502.05,10,19,chair,1
0110172_neurosketch,21,2,chair,489,148,0,220502.05,10,19,chair,0
0110172_neurosketch,21,2,chair,489,149,0,220502.05,10,19,chair,0
0110172_neurosketch,21,furniture,bed,490,150,0,225002.56,10,15,bed,1
0110172_neurosketch,21,furniture,bed,490,151,0,225002.56,10,15,bed,0
0110172_neurosketch,21,furniture,bed,490,152,0,225002.56,10,15,bed,0
0110172_neurosketch,21,furniture,table,491,153,1,229502.8,10,3,table,1
0110172_neurosketch,21,furniture,table,491,154,1,229502.8,10,3,table,0
0110172_neurosketch,21,furniture,bed,492,155,0,232503.46,10,7,chair,1
0110172_neurosketch,21,furniture,bed,492,156,0,232503.46,10,7,chair,0
0110172_neurosketch,21,furniture,bed,492,157,0,232503.46,10,7,chair,0
0110172_neurosketch,21,furniture,table,493,158,1,237002.25,10,25,table,1
0110172_neurosketch,21,furniture,table,493,159,1,237002.25,10,25,table,0
0110172_neurosketch,21,furniture,table,493,160,1,237002.25,10,25,table,0
0110172_neurosketch,21,furniture,bench,494,161,1,241503.12,10,6,bench,1
0110172_neurosketch,21,furniture,bench,494,162,1,241503.12,10,6,bench,0
0110172_neurosketch,21,furniture,chair,495,163,0,244504.15,10,26,chair,1
0110172_neurosketch,21,furniture,chair,495,164,0,244504.15,10,26,chair,0
0110172_neurosketch,21,furniture,chair,495,165,0,244504.15,10,26,chair,0
0110172_neurosketch,21,furniture,bed,496,166,0,249002.47,10,36,bed,1
0110172_neurosketch,21,furniture,bed,496,167,0,249002.47,10,36,bed,0
0110172_neurosketch,21,furniture,table,497,168,1,252002.21,10,24,,1
0110172_neurosketch,21,furniture,table,497,169,1,252002.21,10,24,,0
0110172_neurosketch,21,furniture,chair,498,170,0,255002.4,10,29,chair,1
0110172_neurosketch,21,furniture,chair,498,171,0,255002.4,10,29,chair,0
0110172_neurosketch,21,2,bench,499,172,1,258002.68,10,0,bench,1
0110172_neurosketch,21,2,bench,499,173,1,258002.68,10,0,bench,0
0110172_neurosketch,21,2,bench,499,174,1,258002.68,10,0,bench,0
0110172_neurosketch,21,2,bench,499,175,1,258002.68,10,0,bench,0
0110172_neurosketch,21,furniture,bench,500,176,1,264002.91,10,29,bench,1
0110172_neurosketch,21,furniture,bench,500,177,1,264002.91,10,29,bench,0
0110172_neurosketch,21,furniture,table,501,178,1,267002.11,10,23,table,1
0110172_neurosketch,21,furniture,table,501,179,1,267002.11,10,23,table,0
0110172_neurosketch,21,furniture,chair,502,180,0,270002.61,10,11,chair,1
0110172_neurosketch,21,furniture,chair,502,181,0,270002.61,10,11,chair,0
0110172_neurosketch,21,furniture,chair,502,182,0,270002.61,10,11,chair,0
0110172_neurosketch,21,furniture,bed,503,183,0,274502.36,10,1,bed,1
0110172_neurosketch,21,furniture,bed,503,184,0,274502.36,10,1,bed,0
0110172_neurosketch,21,furniture,bed,503,185,0,274502.36,10,1,bed,0
0110172_neurosketch,21,furniture,bench,504,186,1,279002.67,10,8,bench,1
0110172_neurosketch,21,furniture,bench,504,187,1,279002.67,10,8,bench,0
0110172_neurosketch,21,furniture,bench,504,188,1,279002.67,10,8,bench,0
0110172_neurosketch,21,furniture,bed,505,189,0,283502.8,10,21,bed,1
0110172_neurosketch,21,furniture,bed,505,190,0,283502.8,10,21,bed,0
0110172_neurosketch,21,furniture,bed,505,191,0,283502.8,10,21,bed,0
0110172_neurosketch,21,furniture,table,506,192,1,288002.94,10,36,table,1
0110172_neurosketch,21,furniture,table,506,193,1,288002.94,10,36,table,0
0110172_neurosketch,21,furniture,table,506,194,1,288002.94,10,36,table,0
0110172_neurosketch,21,furniture,table,506,195,1,288002.94,10,36,table,0
0110172_neurosketch,21,furniture,chair,507,196,0,294002.45,10,1,chair,1
0110172_neurosketch,21,furniture,chair,507,197,0,294002.45,10,1,chair,0
0110172_neurosketch,21,furniture,bed,508,198,0,297002.42,10,24,bed,1
0110172_neurosketch,21,furniture,bed,508,199,0,297002.42,10,24,bed,0
0110172_neurosketch,21,2,table,509,200,1,300002.9,10,29,table,1
0110172_neurosketch,21,2,table,509,201,1,300002.9,10,29,table,0
0110172_neurosketch,21,furniture,bench,510,202,1,303002.58,10,21,bench,1
0110172_neurosketch,21,furniture,bench,510,203,1,303002.58,10,21,bench,0
0110172_neurosketch,21,furniture,bench,510,204,1,303002.58,10,21,bench,0
0110172_neurosketch,21,furniture,chair,511,205,0,307503.57,10,13,chair,1
0110172_neurosketch,21,furniture,chair,511,206,0,307503.57,10,13,chair,0
0110172_neurosketch,21,furniture,chair,511,207,0,307503.57,10,13,chair,0
0110172_neurosketch,21,furniture,chair,511,208,0,307503.57,10,13,chair,0
0110172_neurosketch,21,furniture,bench,512,209,1,313504.5,10,19,bench,1
0110172_neurosketch,21,furniture,bench,512,210,1,313504.5,10,19,bench,0
0110172_neurosketch,21,furniture,bench,512,211,1,313504.5,10,19,bench,0
0110172_neurosketch,21,furniture,bench,512,212,1,313504.5,10,19,bench,0
0110172_neurosketch,21,furniture,chair,513,213,0,319503.02,10,20,chair,1
0110172_neurosketch,21,furniture,chair,513,214,0,319503.02,10,20,chair,0
0110172_neurosketch,21,furniture,chair,513,215,0,319503.02,10,20,chair,0
0110172_neurosketch,21,furniture,table,514,216,1,324004.35,10,34,table,1
0110172_neurosketch,21,furniture,table,514,217,1,324004.35,10,34,table,0
0110172_neurosketch,21,furniture,bed,515,218,0,327002.78,10,26,chair,1
0110172_neurosketch,21,furniture,bed,515,219,0,327002.78,10,26,chair,0
0110172_neurosketch,21,furniture,table,516,220,1,330002.96,10,11,table,1
0110172_neurosketch,21,furniture,table,516,221,1,330002.96,10,11,table,0
0110172_neurosketch,21,furniture,table,516,222,1,330002.96,10,11,table,0
0110172_neurosketch,21,furniture,bench,517,223,1,334503.13,10,23,bench,1
0110172_neurosketch,21,furniture,bench,517,224,1,334503.13,10,23,bench,0
0110172_neurosketch,21,furniture,bench,517,225,1,334503.13,10,23,bench,0
0110172_neurosketch,21,furniture,chair,518,226,0,339002.48,10,24,chair,1
0110172_neurosketch,21,furniture,chair,518,227,0,339002.48,10,24,chair,0
0110172_neurosketch,21,furniture,chair,518,228,0,339002.48,10,24,chair,0
0110172_neurosketch,21,furniture,chair,518,229,0,339002.48,10,24,chair,0
0110172_neurosketch,21,2,bed,519,230,0,345002.02,10,0,bed,1
0110172_neurosketch,21,2,bed,519,231,0,345002.02,10,0,bed,0
0110172_neurosketch,21,2,bed,519,232,0,345002.02,10,0,bed,0
0110172_neurosketch,21,2,bed,519,233,0,345002.02,10,0,bed,0
0110172_neurosketch,21,2,bed,519,234,0,345002.02,10,0,bed,0
0110172_neurosketch,21,2,bed,519,235,0,345002.02,10,0,bed,0
0110172_neurosketch,21,2,bed,519,236,0,345002.02,10,0,bed,0
0110172_neurosketch,21,2,bed,519,237,0,345002.02,10,0,bed,0
0110172_neurosketch,21,2,bed,519,238,0,345002.02,10,0,bed,0
0110172_neurosketch,21,2,bed,519,239,0,345002.02,10,0,bed,0
