wID,versionNum,category,object,trial,TRnum,condition,onset_time,run_num,viewpoint,response,onset
0111171_neurosketch,24,furniture,table,0,0,-1,0.0,1,2,,0
0111171_neurosketch,24,furniture,table,0,1,-1,0.0,1,2,,0
0111171_neurosketch,24,furniture,table,0,2,-1,0.0,1,2,,0
0111171_neurosketch,24,furniture,table,0,3,-1,0.0,1,2,,0
0111171_neurosketch,24,furniture,table,0,4,-1,0.0,1,2,,0
0111171_neurosketch,24,furniture,table,0,5,-1,0.0,1,2,,0
0111171_neurosketch,24,furniture,table,0,6,-1,0.0,1,2,,0
0111171_neurosketch,24,furniture,table,0,7,-1,0.0,1,2,,0
0111171_neurosketch,24,furniture,table,0,8,0,12004.23,1,2,,1
0111171_neurosketch,24,furniture,table,0,9,0,12004.23,1,2,,0
0111171_neurosketch,24,furniture,table,0,10,0,12004.23,1,2,,0
0111171_neurosketch,24,furniture,table,0,11,0,12004.23,1,2,,0
0111171_neurosketch,24,furniture,table,0,12,0,12004.23,1,2,,0
0111171_neurosketch,24,furniture,table,0,13,0,12004.23,1,2,,0
0111171_neurosketch,24,furniture,chair,1,14,1,21002.5,1,26,chair,1
0111171_neurosketch,24,furniture,chair,1,15,1,21002.5,1,26,chair,0
0111171_neurosketch,24,furniture,bed,2,16,0,24002.59,1,24,bed,1
0111171_neurosketch,24,furniture,bed,2,17,0,24002.59,1,24,bed,0
0111171_neurosketch,24,furniture,bed,2,18,0,24002.59,1,24,bed,0
0111171_neurosketch,24,furniture,bench,3,19,1,28502.3,1,0,bench,1
0111171_neurosketch,24,furniture,bench,3,20,1,28502.3,1,0,bench,0
0111171_neurosketch,24,furniture,chair,4,21,1,31503.75,1,34,chair,1
0111171_neurosketch,24,furniture,chair,4,22,1,31503.75,1,34,chair,0
0111171_neurosketch,24,furniture,chair,4,23,1,31503.75,1,34,chair,0
0111171_neurosketch,24,furniture,bed,5,24,0,36001.86,1,28,bed,1
0111171_neurosketch,24,furniture,bed,5,25,0,36001.86,1,28,bed,0
0111171_neurosketch,24,furniture,bed,5,26,0,36001.86,1,28,bed,0
0111171_neurosketch,24,furniture,bench,6,27,1,40502.71,1,27,bench,1
0111171_neurosketch,24,furniture,bench,6,28,1,40502.71,1,27,bench,0
0111171_neurosketch,24,furniture,bench,6,29,1,40502.71,1,27,bench,0
0111171_neurosketch,24,furniture,table,7,30,0,45001.78,1,13,table,1
0111171_neurosketch,24,furniture,table,7,31,0,45001.78,1,13,table,0
0111171_neurosketch,24,furniture,table,7,32,0,45001.78,1,13,table,0
0111171_neurosketch,24,furniture,chair,8,33,1,49501.79,1,3,chair,1
0111171_neurosketch,24,furniture,chair,8,34,1,49501.79,1,3,chair,0
0111171_neurosketch,24,furniture,chair,8,35,1,49501.79,1,3,chair,0
0111171_neurosketch,24,2,bed,9,36,0,54001.97,1,31,bed,1
0111171_neurosketch,24,2,bed,9,37,0,54001.97,1,31,bed,0
0111171_neurosketch,24,furniture,table,10,38,0,57002.61,1,17,table,1
0111171_neurosketch,24,furniture,table,10,39,0,57002.61,1,17,table,0
0111171_neurosketch,24,furniture,table,10,40,0,57002.61,1,17,table,0
0111171_neurosketch,24,furniture,table,10,41,0,57002.61,1,17,table,0
0111171_neurosketch,24,furniture,bench,11,42,1,63002.21,1,20,bench,1
0111171_neurosketch,24,furniture,bench,11,43,1,63002.21,1,20,bench,0
0111171_neurosketch,24,furniture,bench,11,44,1,63002.21,1,20,bench,0
0111171_neurosketch,24,furniture,chair,12,45,1,67501.89,1,1,chair,1
0111171_neurosketch,24,furniture,chair,12,46,1,67501.89,1,1,chair,0
0111171_neurosketch,24,furniture,chair,12,47,1,67501.89,1,1,chair,0
0111171_neurosketch,24,furniture,bed,13,48,0,72001.78,1,38,bed,1
0111171_neurosketch,24,furniture,bed,13,49,0,72001.78,1,38,bed,0
0111171_neurosketch,24,furniture,table,14,50,0,75002.63,1,19,,1
0111171_neurosketch,24,furniture,table,14,51,0,75002.63,1,19,,0
0111171_neurosketch,24,furniture,bench,15,52,1,78001.95,1,8,bench,1
0111171_neurosketch,24,furniture,bench,15,53,1,78001.95,1,8,bench,0
0111171_neurosketch,24,furniture,bench,15,54,1,78001.95,1,8,bench,0
0111171_neurosketch,24,furniture,chair,16,55,1,82501.95,1,33,chair,1
0111171_neurosketch,24,furniture,chair,16,56,1,82501.95,1,33,chair,0
0111171_neurosketch,24,furniture,chair,16,57,1,82501.95,1,33,chair,0
0111171_neurosketch,24,furniture,chair,16,58,1,82501.95,1,33,chair,0
0111171_neurosketch,24,furniture,bed,17,59,0,88502.66,1,15,bed,1
0111171_neurosketch,24,furniture,bed,17,60,0,88502.66,1,15,bed,0
0111171_neurosketch,24,furniture,bed,17,61,0,88502.66,1,15,bed,0
0111171_neurosketch,24,furniture,bed,17,62,0,88502.66,1,15,bed,0
0111171_neurosketch,24,furniture,bench,18,63,1,94502.71,1,3,,1
0111171_neurosketch,24,furniture,bench,18,64,1,94502.71,1,3,,0
0111171_neurosketch,24,2,table,19,65,0,97502.52,1,11,table,1
0111171_neurosketch,24,2,table,19,66,0,97502.52,1,11,table,0
0111171_neurosketch,24,2,table,19,67,0,97502.52,1,11,table,0
0111171_neurosketch,24,furniture,chair,20,68,1,102002.39,1,0,chair,1
0111171_neurosketch,24,furniture,chair,20,69,1,102002.39,1,0,chair,0
0111171_neurosketch,24,furniture,chair,20,70,1,102002.39,1,0,chair,0
0111171_neurosketch,24,furniture,chair,20,71,1,102002.39,1,0,chair,0
0111171_neurosketch,24,furniture,bed,21,72,0,108004.38,1,0,bed,1
0111171_neurosketch,24,furniture,bed,21,73,0,108004.38,1,0,bed,0
0111171_neurosketch,24,furniture,table,22,74,0,111003.14,1,26,table,1
0111171_neurosketch,24,furniture,table,22,75,0,111003.14,1,26,table,0
0111171_neurosketch,24,furniture,bench,23,76,1,114002.95,1,37,bench,1
0111171_neurosketch,24,furniture,bench,23,77,1,114002.95,1,37,bench,0
0111171_neurosketch,24,furniture,table,24,78,0,117003.43,1,3,table,1
0111171_neurosketch,24,furniture,table,24,79,0,117003.43,1,3,table,0
0111171_neurosketch,24,furniture,table,24,80,0,117003.43,1,3,table,0
0111171_neurosketch,24,furniture,bench,25,81,1,121503.23,1,26,bench,1
0111171_neurosketch,24,furniture,bench,25,82,1,121503.23,1,26,bench,0
0111171_neurosketch,24,furniture,bench,25,83,1,121503.23,1,26,bench,0
0111171_neurosketch,24,furniture,chair,26,84,1,126004.66,1,39,chair,1
0111171_neurosketch,24,furniture,chair,26,85,1,126004.66,1,39,chair,0
0111171_neurosketch,24,furniture,chair,26,86,1,126004.66,1,39,chair,0
0111171_neurosketch,24,furniture,chair,26,87,1,126004.66,1,39,chair,0
0111171_neurosketch,24,furniture,bed,27,88,0,132003.07,1,23,bed,1
0111171_neurosketch,24,furniture,bed,27,89,0,132003.07,1,23,bed,0
0111171_neurosketch,24,furniture,bed,27,90,0,132003.07,1,23,bed,0
0111171_neurosketch,24,furniture,bed,27,91,0,132003.07,1,23,bed,0
0111171_neurosketch,24,furniture,bed,28,92,0,138001.75,1,9,bed,1
0111171_neurosketch,24,furniture,bed,28,93,0,138001.75,1,9,bed,0
0111171_neurosketch,24,furniture,bed,28,94,0,138001.75,1,9,bed,0
0111171_neurosketch,24,2,table,29,95,0,142504.55,1,27,bed,1
0111171_neurosketch,24,2,table,29,96,0,142504.55,1,27,bed,0
0111171_neurosketch,24,furniture,bench,30,97,1,145501.94,1,16,bench,1
0111171_neurosketch,24,furniture,bench,30,98,1,145501.94,1,16,bench,0
0111171_neurosketch,24,furniture,bench,30,99,1,145501.94,1,16,bench,0
0111171_neurosketch,24,furniture,bench,30,100,1,145501.94,1,16,bench,0
0111171_neurosketch,24,furniture,chair,31,101,1,151502.45,1,36,chair,1
0111171_neurosketch,24,furniture,chair,31,102,1,151502.45,1,36,chair,0
0111171_neurosketch,24,furniture,table,32,103,0,154502.83,1,20,,1
0111171_neurosketch,24,furniture,table,32,104,0,154502.83,1,20,,0
0111171_neurosketch,24,furniture,chair,33,105,1,157502.75,1,35,chair,1
0111171_neurosketch,24,furniture,chair,33,106,1,157502.75,1,35,chair,0
0111171_neurosketch,24,furniture,bed,34,107,0,160501.95,1,6,table,1
0111171_neurosketch,24,furniture,bed,34,108,0,160501.95,1,6,table,0
0111171_neurosketch,24,furniture,bed,34,109,0,160501.95,1,6,table,0
0111171_neurosketch,24,furniture,bench,35,110,1,165003.19,1,6,bench,1
0111171_neurosketch,24,furniture,bench,35,111,1,165003.19,1,6,bench,0
0111171_neurosketch,24,furniture,bench,35,112,1,165003.19,1,6,bench,0
0111171_neurosketch,24,furniture,bed,36,113,0,169502.79,1,22,bed,1
0111171_neurosketch,24,furniture,bed,36,114,0,169502.79,1,22,bed,0
0111171_neurosketch,24,furniture,bench,37,115,1,172503.37,1,24,bench,1
0111171_neurosketch,24,furniture,bench,37,116,1,172503.37,1,24,bench,0
0111171_neurosketch,24,furniture,bench,37,117,1,172503.37,1,24,bench,0
0111171_neurosketch,24,furniture,table,38,118,0,177002.47,1,21,table,1
0111171_neurosketch,24,furniture,table,38,119,0,177002.47,1,21,table,0
0111171_neurosketch,24,2,chair,39,120,1,180002.34,1,30,chair,1
0111171_neurosketch,24,2,chair,39,121,1,180002.34,1,30,chair,0
0111171_neurosketch,24,furniture,bed,40,122,0,183002.53,1,21,bed,1
0111171_neurosketch,24,furniture,bed,40,123,0,183002.53,1,21,bed,0
0111171_neurosketch,24,furniture,bed,40,124,0,183002.53,1,21,bed,0
0111171_neurosketch,24,furniture,bed,40,125,0,183002.53,1,21,bed,0
0111171_neurosketch,24,furniture,chair,41,126,1,189002.18,1,22,chair,1
0111171_neurosketch,24,furniture,chair,41,127,1,189002.18,1,22,chair,0
0111171_neurosketch,24,furniture,bench,42,128,1,192001.72,1,12,bench,1
0111171_neurosketch,24,furniture,bench,42,129,1,192001.72,1,12,bench,0
0111171_neurosketch,24,furniture,bench,42,130,1,192001.72,1,12,bench,0
0111171_neurosketch,24,furniture,table,43,131,0,196502.25,1,14,table,1
0111171_neurosketch,24,furniture,table,43,132,0,196502.25,1,14,table,0
0111171_neurosketch,24,furniture,chair,44,133,1,199503.18,1,20,chair,1
0111171_neurosketch,24,furniture,chair,44,134,1,199503.18,1,20,chair,0
0111171_neurosketch,24,furniture,chair,44,135,1,199503.18,1,20,chair,0
0111171_neurosketch,24,furniture,bed,45,136,0,204002.97,1,11,bed,1
0111171_neurosketch,24,furniture,bed,45,137,0,204002.97,1,11,bed,0
0111171_neurosketch,24,furniture,bed,45,138,0,204002.97,1,11,bed,0
0111171_neurosketch,24,furniture,bench,46,139,1,208502.51,1,39,bench,1
0111171_neurosketch,24,furniture,bench,46,140,1,208502.51,1,39,bench,0
0111171_neurosketch,24,furniture,bench,46,141,1,208502.51,1,39,bench,0
0111171_neurosketch,24,furniture,table,47,142,0,213002.18,1,29,table,1
0111171_neurosketch,24,furniture,table,47,143,0,213002.18,1,29,table,0
0111171_neurosketch,24,furniture,table,47,144,0,213002.18,1,29,table,0
0111171_neurosketch,24,furniture,chair,48,145,1,217503.06,1,25,chair,1
0111171_neurosketch,24,furniture,chair,48,146,1,217503.06,1,25,chair,0
0111171_neurosketch,24,furniture,chair,48,147,1,217503.06,1,25,chair,0
0111171_neurosketch,24,2,table,49,148,0,222003.12,1,5,table,1
0111171_neurosketch,24,2,table,49,149,0,222003.12,1,5,table,0
0111171_neurosketch,24,furniture,bed,50,150,0,225002.52,1,26,bed,1
0111171_neurosketch,24,furniture,bed,50,151,0,225002.52,1,26,bed,0
0111171_neurosketch,24,furniture,bed,50,152,0,225002.52,1,26,bed,0
0111171_neurosketch,24,furniture,bed,50,153,0,225002.52,1,26,bed,0
0111171_neurosketch,24,furniture,bench,51,154,1,231003.12,1,7,bench,1
0111171_neurosketch,24,furniture,bench,51,155,1,231003.12,1,7,bench,0
0111171_neurosketch,24,furniture,bench,51,156,1,231003.12,1,7,bench,0
0111171_neurosketch,24,furniture,chair,52,157,1,235502.46,1,5,chair,1
0111171_neurosketch,24,furniture,chair,52,158,1,235502.46,1,5,chair,0
0111171_neurosketch,24,furniture,chair,52,159,1,235502.46,1,5,chair,0
0111171_neurosketch,24,furniture,bench,53,160,1,240002.03,1,13,bench,1
0111171_neurosketch,24,furniture,bench,53,161,1,240002.03,1,13,bench,0
0111171_neurosketch,24,furniture,bed,54,162,0,243002.47,1,37,bed,1
0111171_neurosketch,24,furniture,bed,54,163,0,243002.47,1,37,bed,0
0111171_neurosketch,24,furniture,table,55,164,0,246004.64,1,22,table,1
0111171_neurosketch,24,furniture,table,55,165,0,246004.64,1,22,table,0
0111171_neurosketch,24,furniture,table,55,166,0,246004.64,1,22,table,0
0111171_neurosketch,24,furniture,table,56,167,0,250502.58,1,7,table,1
0111171_neurosketch,24,furniture,table,56,168,0,250502.58,1,7,table,0
0111171_neurosketch,24,furniture,table,56,169,0,250502.58,1,7,table,0
0111171_neurosketch,24,furniture,table,56,170,0,250502.58,1,7,table,0
0111171_neurosketch,24,furniture,bench,57,171,1,256502.66,1,2,bench,1
0111171_neurosketch,24,furniture,bench,57,172,1,256502.66,1,2,bench,0
0111171_neurosketch,24,furniture,bench,57,173,1,256502.66,1,2,bench,0
0111171_neurosketch,24,furniture,bench,57,174,1,256502.66,1,2,bench,0
0111171_neurosketch,24,furniture,bed,58,175,0,262504.08,1,14,bed,1
0111171_neurosketch,24,furniture,bed,58,176,0,262504.08,1,14,bed,0
0111171_neurosketch,24,2,chair,59,177,1,265503.12,1,27,,1
0111171_neurosketch,24,2,chair,59,178,1,265503.12,1,27,,0
0111171_neurosketch,24,2,chair,59,179,1,265503.12,1,27,,0
0111171_neurosketch,24,furniture,chair,60,180,1,270002.46,1,13,chair,1
0111171_neurosketch,24,furniture,chair,60,181,1,270002.46,1,13,chair,0
0111171_neurosketch,24,furniture,chair,60,182,1,270002.46,1,13,chair,0
0111171_neurosketch,24,furniture,chair,60,183,1,270002.46,1,13,chair,0
0111171_neurosketch,24,furniture,bench,61,184,1,276004.98,1,14,chair,1
0111171_neurosketch,24,furniture,bench,61,185,1,276004.98,1,14,chair,0
0111171_neurosketch,24,furniture,bed,62,186,0,279004.11,1,30,bed,1
0111171_neurosketch,24,furniture,bed,62,187,0,279004.11,1,30,bed,0
0111171_neurosketch,24,furniture,table,63,188,0,282002.39,1,1,table,1
0111171_neurosketch,24,furniture,table,63,189,0,282002.39,1,1,table,0
0111171_neurosketch,24,furniture,bed,64,190,0,285005.04,1,19,bed,1
0111171_neurosketch,24,furniture,bed,64,191,0,285005.04,1,19,bed,0
0111171_neurosketch,24,furniture,bed,64,192,0,285005.04,1,19,bed,0
0111171_neurosketch,24,furniture,bench,65,193,1,289503.57,1,21,bench,1
0111171_neurosketch,24,furniture,bench,65,194,1,289503.57,1,21,bench,0
0111171_neurosketch,24,furniture,bench,65,195,1,289503.57,1,21,bench,0
0111171_neurosketch,24,furniture,table,66,196,0,294004.27,1,12,table,1
0111171_neurosketch,24,furniture,table,66,197,0,294004.27,1,12,table,0
0111171_neurosketch,24,furniture,table,66,198,0,294004.27,1,12,table,0
0111171_neurosketch,24,furniture,table,66,199,0,294004.27,1,12,table,0
0111171_neurosketch,24,furniture,chair,67,200,1,300003.01,1,2,chair,1
0111171_neurosketch,24,furniture,chair,67,201,1,300003.01,1,2,chair,0
0111171_neurosketch,24,furniture,chair,67,202,1,300003.01,1,2,chair,0
0111171_neurosketch,24,furniture,chair,67,203,1,300003.01,1,2,chair,0
0111171_neurosketch,24,furniture,bed,68,204,0,306002.38,1,39,,1
0111171_neurosketch,24,furniture,bed,68,205,0,306002.38,1,39,,0
0111171_neurosketch,24,furniture,bed,68,206,0,306002.38,1,39,,0
0111171_neurosketch,24,2,table,69,207,0,310502.21,1,16,,1
0111171_neurosketch,24,2,table,69,208,0,310502.21,1,16,,0
0111171_neurosketch,24,furniture,chair,70,209,1,313502.29,1,14,chair,1
0111171_neurosketch,24,furniture,chair,70,210,1,313502.29,1,14,chair,0
0111171_neurosketch,24,furniture,chair,70,211,1,313502.29,1,14,chair,0
0111171_neurosketch,24,furniture,chair,70,212,1,313502.29,1,14,chair,0
0111171_neurosketch,24,furniture,bench,71,213,1,319502.22,1,29,bench,1
0111171_neurosketch,24,furniture,bench,71,214,1,319502.22,1,29,bench,0
0111171_neurosketch,24,furniture,bench,72,215,1,322502.29,1,34,,1
0111171_neurosketch,24,furniture,bench,72,216,1,322502.29,1,34,,0
0111171_neurosketch,24,furniture,chair,73,217,1,325501.74,1,9,,1
0111171_neurosketch,24,furniture,chair,73,218,1,325501.74,1,9,,0
0111171_neurosketch,24,furniture,bed,74,219,0,328501.73,1,3,bed,1
0111171_neurosketch,24,furniture,bed,74,220,0,328501.73,1,3,bed,0
0111171_neurosketch,24,furniture,bed,74,221,0,328501.73,1,3,bed,0
0111171_neurosketch,24,furniture,table,75,222,0,333001.6,1,9,table,1
0111171_neurosketch,24,furniture,table,75,223,0,333001.6,1,9,table,0
0111171_neurosketch,24,furniture,table,75,224,0,333001.6,1,9,table,0
0111171_neurosketch,24,furniture,bench,76,225,1,337501.5,1,15,bench,1
0111171_neurosketch,24,furniture,bench,76,226,1,337501.5,1,15,bench,0
0111171_neurosketch,24,furniture,bed,77,227,0,340503.28,1,32,bed,1
0111171_neurosketch,24,furniture,bed,77,228,0,340503.28,1,32,bed,0
0111171_neurosketch,24,furniture,bed,77,229,0,340503.28,1,32,bed,0
0111171_neurosketch,24,furniture,table,78,230,0,345002.89,1,36,table,1
0111171_neurosketch,24,furniture,table,78,231,0,345002.89,1,36,table,0
0111171_neurosketch,24,2,chair,79,232,1,348001.34,1,23,chair,1
0111171_neurosketch,24,2,chair,79,233,1,348001.34,1,23,chair,0
0111171_neurosketch,24,2,chair,79,234,1,348001.34,1,23,chair,0
0111171_neurosketch,24,2,chair,79,235,1,348001.34,1,23,chair,0
0111171_neurosketch,24,2,chair,79,236,1,348001.34,1,23,chair,0
0111171_neurosketch,24,2,chair,79,237,1,348001.34,1,23,chair,0
0111171_neurosketch,24,2,chair,79,238,1,348001.34,1,23,chair,0
0111171_neurosketch,24,2,chair,79,239,1,348001.34,1,23,chair,0
0111171_neurosketch,24,furniture,bench,80,0,-1,0.0,2,9,bench,0
0111171_neurosketch,24,furniture,bench,80,1,-1,0.0,2,9,bench,0
0111171_neurosketch,24,furniture,bench,80,2,-1,0.0,2,9,bench,0
0111171_neurosketch,24,furniture,bench,80,3,-1,0.0,2,9,bench,0
0111171_neurosketch,24,furniture,bench,80,4,-1,0.0,2,9,bench,0
0111171_neurosketch,24,furniture,bench,80,5,-1,0.0,2,9,bench,0
0111171_neurosketch,24,furniture,bench,80,6,-1,0.0,2,9,bench,0
0111171_neurosketch,24,furniture,bench,80,7,-1,0.0,2,9,bench,0
0111171_neurosketch,24,furniture,bench,80,8,1,12001.76,2,9,bench,1
0111171_neurosketch,24,furniture,bench,80,9,1,12001.76,2,9,bench,0
0111171_neurosketch,24,furniture,bench,80,10,1,12001.76,2,9,bench,0
0111171_neurosketch,24,furniture,bench,80,11,1,12001.76,2,9,bench,0
0111171_neurosketch,24,furniture,bed,81,12,0,18001.85,2,35,bed,1
0111171_neurosketch,24,furniture,bed,81,13,0,18001.85,2,35,bed,0
0111171_neurosketch,24,furniture,table,82,14,0,21001.94,2,37,table,1
0111171_neurosketch,24,furniture,table,82,15,0,21001.94,2,37,table,0
0111171_neurosketch,24,furniture,table,82,16,0,21001.94,2,37,table,0
0111171_neurosketch,24,furniture,chair,83,17,1,25501.62,2,15,chair,1
0111171_neurosketch,24,furniture,chair,83,18,1,25501.62,2,15,chair,0
0111171_neurosketch,24,furniture,chair,84,19,1,28501.52,2,21,chair,1
0111171_neurosketch,24,furniture,chair,84,20,1,28501.52,2,21,chair,0
0111171_neurosketch,24,furniture,chair,84,21,1,28501.52,2,21,chair,0
0111171_neurosketch,24,furniture,bench,85,22,1,33001.93,2,22,bench,1
0111171_neurosketch,24,furniture,bench,85,23,1,33001.93,2,22,bench,0
0111171_neurosketch,24,furniture,bench,85,24,1,33001.93,2,22,bench,0
0111171_neurosketch,24,furniture,table,86,25,0,37501.61,2,34,table,1
0111171_neurosketch,24,furniture,table,86,26,0,37501.61,2,34,table,0
0111171_neurosketch,24,furniture,table,86,27,0,37501.61,2,34,table,0
0111171_neurosketch,24,furniture,bed,87,28,0,42002.13,2,27,bed,1
0111171_neurosketch,24,furniture,bed,87,29,0,42002.13,2,27,bed,0
0111171_neurosketch,24,furniture,bed,87,30,0,42002.13,2,27,bed,0
0111171_neurosketch,24,furniture,bench,88,31,1,46501.98,2,38,bench,1
0111171_neurosketch,24,furniture,bench,88,32,1,46501.98,2,38,bench,0
0111171_neurosketch,24,furniture,bench,88,33,1,46501.98,2,38,bench,0
0111171_neurosketch,24,2,chair,89,34,1,51001.75,2,37,chair,1
0111171_neurosketch,24,2,chair,89,35,1,51001.75,2,37,chair,0
0111171_neurosketch,24,furniture,table,90,36,0,54003.9,2,6,table,1
0111171_neurosketch,24,furniture,table,90,37,0,54003.9,2,6,table,0
0111171_neurosketch,24,furniture,table,90,38,0,54003.9,2,6,table,0
0111171_neurosketch,24,furniture,table,90,39,0,54003.9,2,6,table,0
0111171_neurosketch,24,furniture,bed,91,40,0,60003.95,2,18,bed,1
0111171_neurosketch,24,furniture,bed,91,41,0,60003.95,2,18,bed,0
0111171_neurosketch,24,furniture,bed,91,42,0,60003.95,2,18,bed,0
0111171_neurosketch,24,furniture,table,92,43,0,64502.48,2,4,table,1
0111171_neurosketch,24,furniture,table,92,44,0,64502.48,2,4,table,0
0111171_neurosketch,24,furniture,table,92,45,0,64502.48,2,4,table,0
0111171_neurosketch,24,furniture,chair,93,46,1,69002.37,2,10,chair,1
0111171_neurosketch,24,furniture,chair,93,47,1,69002.37,2,10,chair,0
0111171_neurosketch,24,furniture,bench,94,48,1,72002.34,2,19,chair,1
0111171_neurosketch,24,furniture,bench,94,49,1,72002.34,2,19,chair,0
0111171_neurosketch,24,furniture,bed,95,50,0,75002.03,2,29,bed,1
0111171_neurosketch,24,furniture,bed,95,51,0,75002.03,2,29,bed,0
0111171_neurosketch,24,furniture,bed,95,52,0,75002.03,2,29,bed,0
0111171_neurosketch,24,furniture,table,96,53,0,79502.97,2,24,table,1
0111171_neurosketch,24,furniture,table,96,54,0,79502.97,2,24,table,0
0111171_neurosketch,24,furniture,table,96,55,0,79502.97,2,24,table,0
0111171_neurosketch,24,furniture,table,96,56,0,79502.97,2,24,table,0
0111171_neurosketch,24,furniture,bench,97,57,1,85501.53,2,36,bench,1
0111171_neurosketch,24,furniture,bench,97,58,1,85501.53,2,36,bench,0
0111171_neurosketch,24,furniture,bench,97,59,1,85501.53,2,36,bench,0
0111171_neurosketch,24,furniture,bench,97,60,1,85501.53,2,36,bench,0
0111171_neurosketch,24,furniture,chair,98,61,1,91502.66,2,4,chair,1
0111171_neurosketch,24,furniture,chair,98,62,1,91502.66,2,4,chair,0
0111171_neurosketch,24,2,bed,99,63,0,94502.28,2,33,,1
0111171_neurosketch,24,2,bed,99,64,0,94502.28,2,33,,0
0111171_neurosketch,24,2,bed,99,65,0,94502.28,2,33,,0
0111171_neurosketch,24,furniture,chair,100,66,1,99002.98,2,32,chair,1
0111171_neurosketch,24,furniture,chair,100,67,1,99002.98,2,32,chair,0
0111171_neurosketch,24,furniture,chair,100,68,1,99002.98,2,32,chair,0
0111171_neurosketch,24,furniture,chair,100,69,1,99002.98,2,32,chair,0
0111171_neurosketch,24,furniture,bench,101,70,1,105002.96,2,32,,1
0111171_neurosketch,24,furniture,bench,101,71,1,105002.96,2,32,,0
0111171_neurosketch,24,furniture,bed,102,72,0,108001.9,2,20,bed,1
0111171_neurosketch,24,furniture,bed,102,73,0,108001.9,2,20,bed,0
0111171_neurosketch,24,furniture,table,103,74,0,111003.55,2,33,table,1
0111171_neurosketch,24,furniture,table,103,75,0,111003.55,2,33,table,0
0111171_neurosketch,24,furniture,bed,104,76,0,114003.09,2,8,bed,1
0111171_neurosketch,24,furniture,bed,104,77,0,114003.09,2,8,bed,0
0111171_neurosketch,24,furniture,bed,104,78,0,114003.09,2,8,bed,0
0111171_neurosketch,24,furniture,table,105,79,0,118503.43,2,30,table,1
0111171_neurosketch,24,furniture,table,105,80,0,118503.43,2,30,table,0
0111171_neurosketch,24,furniture,table,105,81,0,118503.43,2,30,table,0
0111171_neurosketch,24,furniture,bench,106,82,1,123002.87,2,18,,1
0111171_neurosketch,24,furniture,bench,106,83,1,123002.87,2,18,,0
0111171_neurosketch,24,furniture,bench,106,84,1,123002.87,2,18,,0
0111171_neurosketch,24,furniture,bench,106,85,1,123002.87,2,18,,0
0111171_neurosketch,24,furniture,chair,107,86,1,129002.94,2,12,chair,1
0111171_neurosketch,24,furniture,chair,107,87,1,129002.94,2,12,chair,0
0111171_neurosketch,24,furniture,chair,107,88,1,129002.94,2,12,chair,0
0111171_neurosketch,24,furniture,chair,107,89,1,129002.94,2,12,chair,0
0111171_neurosketch,24,furniture,chair,108,90,1,135002.71,2,18,chair,1
0111171_neurosketch,24,furniture,chair,108,91,1,135002.71,2,18,chair,0
0111171_neurosketch,24,furniture,chair,108,92,1,135002.71,2,18,chair,0
0111171_neurosketch,24,2,bed,109,93,0,139502.61,2,16,,1
0111171_neurosketch,24,2,bed,109,94,0,139502.61,2,16,,0
0111171_neurosketch,24,furniture,table,110,95,0,142502.29,2,25,table,1
0111171_neurosketch,24,furniture,table,110,96,0,142502.29,2,25,table,0
0111171_neurosketch,24,furniture,table,110,97,0,142502.29,2,25,table,0
0111171_neurosketch,24,furniture,table,110,98,0,142502.29,2,25,table,0
0111171_neurosketch,24,furniture,bench,111,99,1,148503.01,2,23,bench,1
0111171_neurosketch,24,furniture,bench,111,100,1,148503.01,2,23,bench,0
0111171_neurosketch,24,furniture,table,112,101,0,151502.72,2,10,table,1
0111171_neurosketch,24,furniture,table,112,102,0,151502.72,2,10,table,0
0111171_neurosketch,24,furniture,bed,113,103,0,154502.61,2,2,bed,1
0111171_neurosketch,24,furniture,bed,113,104,0,154502.61,2,2,bed,0
0111171_neurosketch,24,furniture,bench,114,105,1,157503.15,2,5,bench,1
0111171_neurosketch,24,furniture,bench,114,106,1,157503.15,2,5,bench,0
0111171_neurosketch,24,furniture,bench,114,107,1,157503.15,2,5,bench,0
0111171_neurosketch,24,furniture,chair,115,108,1,162002.67,2,6,chair,1
0111171_neurosketch,24,furniture,chair,115,109,1,162002.67,2,6,chair,0
0111171_neurosketch,24,furniture,chair,115,110,1,162002.67,2,6,chair,0
0111171_neurosketch,24,furniture,bench,116,111,1,166504.62,2,10,bench,1
0111171_neurosketch,24,furniture,bench,116,112,1,166504.62,2,10,bench,0
0111171_neurosketch,24,furniture,chair,117,113,1,169502.1,2,19,chair,1
0111171_neurosketch,24,furniture,chair,117,114,1,169502.1,2,19,chair,0
0111171_neurosketch,24,furniture,chair,117,115,1,169502.1,2,19,chair,0
0111171_neurosketch,24,furniture,table,118,116,0,174002.31,2,39,,1
0111171_neurosketch,24,furniture,table,118,117,0,174002.31,2,39,,0
0111171_neurosketch,24,2,bed,119,118,0,177003.11,2,12,bed,1
0111171_neurosketch,24,2,bed,119,119,0,177003.11,2,12,bed,0
0111171_neurosketch,24,furniture,bed,120,120,0,180002.85,2,4,bed,1
0111171_neurosketch,24,furniture,bed,120,121,0,180002.85,2,4,bed,0
0111171_neurosketch,24,furniture,bed,120,122,0,180002.85,2,4,bed,0
0111171_neurosketch,24,furniture,bed,120,123,0,180002.85,2,4,bed,0
0111171_neurosketch,24,furniture,table,121,124,0,186002.22,2,15,table,1
0111171_neurosketch,24,furniture,table,121,125,0,186002.22,2,15,table,0
0111171_neurosketch,24,furniture,bench,122,126,1,189002.62,2,17,bench,1
0111171_neurosketch,24,furniture,bench,122,127,1,189002.62,2,17,bench,0
0111171_neurosketch,24,furniture,bench,122,128,1,189002.62,2,17,bench,0
0111171_neurosketch,24,furniture,chair,123,129,1,193503.19,2,31,chair,1
0111171_neurosketch,24,furniture,chair,123,130,1,193503.19,2,31,chair,0
0111171_neurosketch,24,furniture,bed,124,131,0,196502.54,2,13,bed,1
0111171_neurosketch,24,furniture,bed,124,132,0,196502.54,2,13,bed,0
0111171_neurosketch,24,furniture,bed,124,133,0,196502.54,2,13,bed,0
0111171_neurosketch,24,furniture,chair,125,134,1,201002.37,2,29,chair,1
0111171_neurosketch,24,furniture,chair,125,135,1,201002.37,2,29,chair,0
0111171_neurosketch,24,furniture,chair,125,136,1,201002.37,2,29,chair,0
0111171_neurosketch,24,furniture,table,126,137,0,205503.14,2,0,table,1
0111171_neurosketch,24,furniture,table,126,138,0,205503.14,2,0,table,0
0111171_neurosketch,24,furniture,table,126,139,0,205503.14,2,0,table,0
0111171_neurosketch,24,furniture,bench,127,140,1,210003.2,2,25,bench,1
0111171_neurosketch,24,furniture,bench,127,141,1,210003.2,2,25,bench,0
0111171_neurosketch,24,furniture,bench,127,142,1,210003.2,2,25,bench,0
0111171_neurosketch,24,furniture,bench,128,143,1,214502.31,2,28,,1
0111171_neurosketch,24,furniture,bench,128,144,1,214502.31,2,28,,0
0111171_neurosketch,24,furniture,bench,128,145,1,214502.31,2,28,,0
0111171_neurosketch,24,2,table,129,146,0,219002.62,2,23,,1
0111171_neurosketch,24,2,table,129,147,0,219002.62,2,23,,0
0111171_neurosketch,24,furniture,chair,130,148,1,222002.59,2,8,chair,1
0111171_neurosketch,24,furniture,chair,130,149,1,222002.59,2,8,chair,0
0111171_neurosketch,24,furniture,chair,130,150,1,222002.59,2,8,chair,0
0111171_neurosketch,24,furniture,chair,130,151,1,222002.59,2,8,chair,0
0111171_neurosketch,24,furniture,bed,131,152,0,228003.2,2,1,bed,1
0111171_neurosketch,24,furniture,bed,131,153,0,228003.2,2,1,bed,0
0111171_neurosketch,24,furniture,bed,131,154,0,228003.2,2,1,bed,0
0111171_neurosketch,24,furniture,bed,132,155,0,232502.13,2,5,bed,1
0111171_neurosketch,24,furniture,bed,132,156,0,232502.13,2,5,bed,0
0111171_neurosketch,24,furniture,bed,132,157,0,232502.13,2,5,bed,0
0111171_neurosketch,24,furniture,chair,133,158,1,237002.33,2,24,chair,1
0111171_neurosketch,24,furniture,chair,133,159,1,237002.33,2,24,chair,0
0111171_neurosketch,24,furniture,table,134,160,0,240002.07,2,35,table,1
0111171_neurosketch,24,furniture,table,134,161,0,240002.07,2,35,table,0
0111171_neurosketch,24,furniture,bench,135,162,1,243002.78,2,4,bench,1
0111171_neurosketch,24,furniture,bench,135,163,1,243002.78,2,4,bench,0
0111171_neurosketch,24,furniture,bench,135,164,1,243002.78,2,4,bench,0
0111171_neurosketch,24,furniture,chair,136,165,1,247502.29,2,28,,1
0111171_neurosketch,24,furniture,chair,136,166,1,247502.29,2,28,,0
0111171_neurosketch,24,furniture,chair,136,167,1,247502.29,2,28,,0
0111171_neurosketch,24,furniture,chair,136,168,1,247502.29,2,28,,0
0111171_neurosketch,24,furniture,bed,137,169,0,253502.48,2,7,bed,1
0111171_neurosketch,24,furniture,bed,137,170,0,253502.48,2,7,bed,0
0111171_neurosketch,24,furniture,bed,137,171,0,253502.48,2,7,bed,0
0111171_neurosketch,24,furniture,bed,137,172,0,253502.48,2,7,bed,0
0111171_neurosketch,24,furniture,bench,138,173,1,259502.83,2,1,bench,1
0111171_neurosketch,24,furniture,bench,138,174,1,259502.83,2,1,bench,0
0111171_neurosketch,24,2,table,139,175,0,262502.4,2,38,table,1
0111171_neurosketch,24,2,table,139,176,0,262502.4,2,38,table,0
0111171_neurosketch,24,2,table,139,177,0,262502.4,2,38,table,0
0111171_neurosketch,24,furniture,chair,140,178,1,267002.89,2,11,chair,1
0111171_neurosketch,24,furniture,chair,140,179,1,267002.89,2,11,chair,0
0111171_neurosketch,24,furniture,chair,140,180,1,267002.89,2,11,chair,0
0111171_neurosketch,24,furniture,chair,140,181,1,267002.89,2,11,chair,0
0111171_neurosketch,24,furniture,bed,141,182,0,273003.0,2,34,bed,1
0111171_neurosketch,24,furniture,bed,141,183,0,273003.0,2,34,bed,0
0111171_neurosketch,24,furniture,bench,142,184,1,276003.94,2,11,,1
0111171_neurosketch,24,furniture,bench,142,185,1,276003.94,2,11,,0
0111171_neurosketch,24,furniture,table,143,186,0,279002.97,2,28,table,1
0111171_neurosketch,24,furniture,table,143,187,0,279002.97,2,28,table,0
0111171_neurosketch,24,furniture,bed,144,188,0,282003.03,2,10,bed,1
0111171_neurosketch,24,furniture,bed,144,189,0,282003.03,2,10,bed,0
0111171_neurosketch,24,furniture,bed,144,190,0,282003.03,2,10,bed,0
0111171_neurosketch,24,furniture,chair,145,191,1,286503.72,2,17,chair,1
0111171_neurosketch,24,furniture,chair,145,192,1,286503.72,2,17,chair,0
0111171_neurosketch,24,furniture,chair,145,193,1,286503.72,2,17,chair,0
0111171_neurosketch,24,furniture,bench,146,194,1,291003.26,2,35,bench,1
0111171_neurosketch,24,furniture,bench,146,195,1,291003.26,2,35,bench,0
0111171_neurosketch,24,furniture,bench,146,196,1,291003.26,2,35,bench,0
0111171_neurosketch,24,furniture,bench,146,197,1,291003.26,2,35,bench,0
0111171_neurosketch,24,furniture,table,147,198,0,297003.79,2,8,table,1
0111171_neurosketch,24,furniture,table,147,199,0,297003.79,2,8,table,0
0111171_neurosketch,24,furniture,table,147,200,0,297003.79,2,8,table,0
0111171_neurosketch,24,furniture,table,147,201,0,297003.79,2,8,table,0
0111171_neurosketch,24,furniture,table,148,202,0,303002.35,2,32,table,1
0111171_neurosketch,24,furniture,table,148,203,0,303002.35,2,32,table,0
0111171_neurosketch,24,furniture,table,148,204,0,303002.35,2,32,table,0
0111171_neurosketch,24,2,chair,149,205,1,307502.87,2,7,chair,1
0111171_neurosketch,24,2,chair,149,206,1,307502.87,2,7,chair,0
0111171_neurosketch,24,furniture,bed,150,207,0,310503.58,2,25,,1
0111171_neurosketch,24,furniture,bed,150,208,0,310503.58,2,25,,0
0111171_neurosketch,24,furniture,bed,150,209,0,310503.58,2,25,,0
0111171_neurosketch,24,furniture,bed,150,210,0,310503.58,2,25,,0
0111171_neurosketch,24,furniture,bench,151,211,1,316502.59,2,31,,1
0111171_neurosketch,24,furniture,bench,151,212,1,316502.59,2,31,,0
0111171_neurosketch,24,furniture,chair,152,213,1,319501.96,2,38,bench,1
0111171_neurosketch,24,furniture,chair,152,214,1,319501.96,2,38,bench,0
0111171_neurosketch,24,furniture,bed,153,215,0,322502.21,2,36,bed,1
0111171_neurosketch,24,furniture,bed,153,216,0,322502.21,2,36,bed,0
0111171_neurosketch,24,furniture,table,154,217,0,325502.76,2,18,table,1
0111171_neurosketch,24,furniture,table,154,218,0,325502.76,2,18,table,0
0111171_neurosketch,24,furniture,table,154,219,0,325502.76,2,18,table,0
0111171_neurosketch,24,furniture,bench,155,220,1,330002.23,2,33,bench,1
0111171_neurosketch,24,furniture,bench,155,221,1,330002.23,2,33,bench,0
0111171_neurosketch,24,furniture,bench,155,222,1,330002.23,2,33,bench,0
0111171_neurosketch,24,furniture,bed,156,223,0,334502.69,2,17,bed,1
0111171_neurosketch,24,furniture,bed,156,224,0,334502.69,2,17,bed,0
0111171_neurosketch,24,furniture,table,157,225,0,337502.91,2,31,table,1
0111171_neurosketch,24,furniture,table,157,226,0,337502.91,2,31,table,0
0111171_neurosketch,24,furniture,table,157,227,0,337502.91,2,31,table,0
0111171_neurosketch,24,furniture,bench,158,228,1,342002.57,2,30,bench,1
0111171_neurosketch,24,furniture,bench,158,229,1,342002.57,2,30,bench,0
0111171_neurosketch,24,2,chair,159,230,1,345002.42,2,16,chair,1
0111171_neurosketch,24,2,chair,159,231,1,345002.42,2,16,chair,0
0111171_neurosketch,24,2,chair,159,232,1,345002.42,2,16,chair,0
0111171_neurosketch,24,2,chair,159,233,1,345002.42,2,16,chair,0
0111171_neurosketch,24,2,chair,159,234,1,345002.42,2,16,chair,0
0111171_neurosketch,24,2,chair,159,235,1,345002.42,2,16,chair,0
0111171_neurosketch,24,2,chair,159,236,1,345002.42,2,16,chair,0
0111171_neurosketch,24,2,chair,159,237,1,345002.42,2,16,chair,0
0111171_neurosketch,24,2,chair,159,238,1,345002.42,2,16,chair,0
0111171_neurosketch,24,2,chair,159,239,1,345002.42,2,16,chair,0
0111171_neurosketch,24,furniture,chair,160,0,-1,0.0,3,16,chair,0
0111171_neurosketch,24,furniture,chair,160,1,-1,0.0,3,16,chair,0
0111171_neurosketch,24,furniture,chair,160,2,-1,0.0,3,16,chair,0
0111171_neurosketch,24,furniture,chair,160,3,-1,0.0,3,16,chair,0
0111171_neurosketch,24,furniture,chair,160,4,-1,0.0,3,16,chair,0
0111171_neurosketch,24,furniture,chair,160,5,-1,0.0,3,16,chair,0
0111171_neurosketch,24,furniture,chair,160,6,-1,0.0,3,16,chair,0
0111171_neurosketch,24,furniture,chair,160,7,-1,0.0,3,16,chair,0
0111171_neurosketch,24,furniture,chair,160,8,1,12002.22,3,16,chair,1
0111171_neurosketch,24,furniture,chair,160,9,1,12002.22,3,16,chair,0
0111171_neurosketch,24,furniture,chair,160,10,1,12002.22,3,16,chair,0
0111171_neurosketch,24,furniture,chair,160,11,1,12002.22,3,16,chair,0
0111171_neurosketch,24,furniture,bench,161,12,1,18001.39,3,30,bench,1
0111171_neurosketch,24,furniture,bench,161,13,1,18001.39,3,30,bench,0
0111171_neurosketch,24,furniture,table,162,14,0,21001.65,3,31,table,1
0111171_neurosketch,24,furniture,table,162,15,0,21001.65,3,31,table,0
0111171_neurosketch,24,furniture,table,162,16,0,21001.65,3,31,table,0
0111171_neurosketch,24,furniture,bed,163,17,0,25502.1,3,17,bed,1
0111171_neurosketch,24,furniture,bed,163,18,0,25502.1,3,17,bed,0
0111171_neurosketch,24,furniture,bench,164,19,1,28501.78,3,33,,1
0111171_neurosketch,24,furniture,bench,164,20,1,28501.78,3,33,,0
0111171_neurosketch,24,furniture,bench,164,21,1,28501.78,3,33,,0
0111171_neurosketch,24,furniture,table,165,22,0,33002.06,3,18,table,1
0111171_neurosketch,24,furniture,table,165,23,0,33002.06,3,18,table,0
0111171_neurosketch,24,furniture,table,165,24,0,33002.06,3,18,table,0
0111171_neurosketch,24,furniture,bed,166,25,0,37501.41,3,36,bed,1
0111171_neurosketch,24,furniture,bed,166,26,0,37501.41,3,36,bed,0
0111171_neurosketch,24,furniture,bed,166,27,0,37501.41,3,36,bed,0
0111171_neurosketch,24,furniture,chair,167,28,1,42001.58,3,38,chair,1
0111171_neurosketch,24,furniture,chair,167,29,1,42001.58,3,38,chair,0
0111171_neurosketch,24,furniture,chair,167,30,1,42001.58,3,38,chair,0
0111171_neurosketch,24,furniture,bench,168,31,1,46502.54,3,31,bench,1
0111171_neurosketch,24,furniture,bench,168,32,1,46502.54,3,31,bench,0
0111171_neurosketch,24,furniture,bench,168,33,1,46502.54,3,31,bench,0
0111171_neurosketch,24,2,bed,169,34,0,51001.98,3,25,,1
0111171_neurosketch,24,2,bed,169,35,0,51001.98,3,25,,0
0111171_neurosketch,24,furniture,chair,170,36,1,54002.25,3,7,,1
0111171_neurosketch,24,furniture,chair,170,37,1,54002.25,3,7,,0
0111171_neurosketch,24,furniture,chair,170,38,1,54002.25,3,7,,0
0111171_neurosketch,24,furniture,chair,170,39,1,54002.25,3,7,,0
0111171_neurosketch,24,furniture,table,171,40,0,60001.65,3,32,bed,1
0111171_neurosketch,24,furniture,table,171,41,0,60001.65,3,32,bed,0
0111171_neurosketch,24,furniture,table,171,42,0,60001.65,3,32,bed,0
0111171_neurosketch,24,furniture,table,172,43,0,64502.06,3,8,table,1
0111171_neurosketch,24,furniture,table,172,44,0,64502.06,3,8,table,0
0111171_neurosketch,24,furniture,table,172,45,0,64502.06,3,8,table,0
0111171_neurosketch,24,furniture,bench,173,46,1,69005.78,3,35,bench,1
0111171_neurosketch,24,furniture,bench,173,47,1,69005.78,3,35,bench,0
0111171_neurosketch,24,furniture,chair,174,48,1,72002.15,3,17,chair,1
0111171_neurosketch,24,furniture,chair,174,49,1,72002.15,3,17,chair,0
0111171_neurosketch,24,furniture,bed,175,50,0,75001.96,3,10,bed,1
0111171_neurosketch,24,furniture,bed,175,51,0,75001.96,3,10,bed,0
0111171_neurosketch,24,furniture,bed,175,52,0,75001.96,3,10,bed,0
0111171_neurosketch,24,furniture,table,176,53,0,79502.36,3,28,table,1
0111171_neurosketch,24,furniture,table,176,54,0,79502.36,3,28,table,0
0111171_neurosketch,24,furniture,table,176,55,0,79502.36,3,28,table,0
0111171_neurosketch,24,furniture,table,176,56,0,79502.36,3,28,table,0
0111171_neurosketch,24,furniture,bench,177,57,1,85502.04,3,11,bench,1
0111171_neurosketch,24,furniture,bench,177,58,1,85502.04,3,11,bench,0
0111171_neurosketch,24,furniture,bench,177,59,1,85502.04,3,11,bench,0
0111171_neurosketch,24,furniture,bench,177,60,1,85502.04,3,11,bench,0
0111171_neurosketch,24,furniture,bed,178,61,0,91502.05,3,34,bed,1
0111171_neurosketch,24,furniture,bed,178,62,0,91502.05,3,34,bed,0
0111171_neurosketch,24,2,chair,179,63,1,94502.53,3,11,chair,1
0111171_neurosketch,24,2,chair,179,64,1,94502.53,3,11,chair,0
0111171_neurosketch,24,2,chair,179,65,1,94502.53,3,11,chair,0
0111171_neurosketch,24,furniture,table,180,66,0,99002.43,3,38,table,1
0111171_neurosketch,24,furniture,table,180,67,0,99002.43,3,38,table,0
0111171_neurosketch,24,furniture,table,180,68,0,99002.43,3,38,table,0
0111171_neurosketch,24,furniture,table,180,69,0,99002.43,3,38,table,0
0111171_neurosketch,24,furniture,bench,181,70,1,105002.34,3,1,bench,1
0111171_neurosketch,24,furniture,bench,181,71,1,105002.34,3,1,bench,0
0111171_neurosketch,24,furniture,bed,182,72,0,108002.57,3,7,,1
0111171_neurosketch,24,furniture,bed,182,73,0,108002.57,3,7,,0
0111171_neurosketch,24,furniture,chair,183,74,1,111002.48,3,28,,1
0111171_neurosketch,24,furniture,chair,183,75,1,111002.48,3,28,,0
0111171_neurosketch,24,furniture,bench,184,76,1,114003.56,3,4,bench,1
0111171_neurosketch,24,furniture,bench,184,77,1,114003.56,3,4,bench,0
0111171_neurosketch,24,furniture,bench,184,78,1,114003.56,3,4,bench,0
0111171_neurosketch,24,furniture,table,185,79,0,118503.19,3,35,table,1
0111171_neurosketch,24,furniture,table,185,80,0,118503.19,3,35,table,0
0111171_neurosketch,24,furniture,table,185,81,0,118503.19,3,35,table,0
0111171_neurosketch,24,furniture,chair,186,82,1,123002.6,3,24,,1
0111171_neurosketch,24,furniture,chair,186,83,1,123002.6,3,24,,0
0111171_neurosketch,24,furniture,chair,186,84,1,123002.6,3,24,,0
0111171_neurosketch,24,furniture,chair,186,85,1,123002.6,3,24,,0
0111171_neurosketch,24,furniture,bed,187,86,0,129002.48,3,5,bed,1
0111171_neurosketch,24,furniture,bed,187,87,0,129002.48,3,5,bed,0
0111171_neurosketch,24,furniture,bed,187,88,0,129002.48,3,5,bed,0
0111171_neurosketch,24,furniture,bed,187,89,0,129002.48,3,5,bed,0
0111171_neurosketch,24,furniture,bed,188,90,0,135002.76,3,1,bed,1
0111171_neurosketch,24,furniture,bed,188,91,0,135002.76,3,1,bed,0
0111171_neurosketch,24,furniture,bed,188,92,0,135002.76,3,1,bed,0
0111171_neurosketch,24,2,chair,189,93,1,139502.55,3,8,chair,1
0111171_neurosketch,24,2,chair,189,94,1,139502.55,3,8,chair,0
0111171_neurosketch,24,furniture,table,190,95,0,142502.66,3,23,table,1
0111171_neurosketch,24,furniture,table,190,96,0,142502.66,3,23,table,0
0111171_neurosketch,24,furniture,table,190,97,0,142502.66,3,23,table,0
0111171_neurosketch,24,furniture,table,190,98,0,142502.66,3,23,table,0
0111171_neurosketch,24,furniture,bench,191,99,1,148502.64,3,28,bench,1
0111171_neurosketch,24,furniture,bench,191,100,1,148502.64,3,28,bench,0
0111171_neurosketch,24,furniture,bench,192,101,1,151502.38,3,25,,1
0111171_neurosketch,24,furniture,bench,192,102,1,151502.38,3,25,,0
0111171_neurosketch,24,furniture,table,193,103,0,154503.16,3,0,table,1
0111171_neurosketch,24,furniture,table,193,104,0,154503.16,3,0,table,0
0111171_neurosketch,24,furniture,chair,194,105,1,157502.29,3,29,chair,1
0111171_neurosketch,24,furniture,chair,194,106,1,157502.29,3,29,chair,0
0111171_neurosketch,24,furniture,chair,194,107,1,157502.29,3,29,chair,0
0111171_neurosketch,24,furniture,bed,195,108,0,162004.16,3,13,bed,1
0111171_neurosketch,24,furniture,bed,195,109,0,162004.16,3,13,bed,0
0111171_neurosketch,24,furniture,bed,195,110,0,162004.16,3,13,bed,0
0111171_neurosketch,24,furniture,chair,196,111,1,166502.79,3,31,chair,1
0111171_neurosketch,24,furniture,chair,196,112,1,166502.79,3,31,chair,0
0111171_neurosketch,24,furniture,bench,197,113,1,169502.79,3,17,bench,1
0111171_neurosketch,24,furniture,bench,197,114,1,169502.79,3,17,bench,0
0111171_neurosketch,24,furniture,bench,197,115,1,169502.79,3,17,bench,0
0111171_neurosketch,24,furniture,table,198,116,0,174002.58,3,15,table,1
0111171_neurosketch,24,furniture,table,198,117,0,174002.58,3,15,table,0
0111171_neurosketch,24,2,bed,199,118,0,177002.98,3,4,bed,1
0111171_neurosketch,24,2,bed,199,119,0,177002.98,3,4,bed,0
0111171_neurosketch,24,furniture,bed,200,120,0,180002.99,3,12,bed,1
0111171_neurosketch,24,furniture,bed,200,121,0,180002.99,3,12,bed,0
0111171_neurosketch,24,furniture,bed,200,122,0,180002.99,3,12,bed,0
0111171_neurosketch,24,furniture,bed,200,123,0,180002.99,3,12,bed,0
0111171_neurosketch,24,furniture,table,201,124,0,186004.12,3,39,table,1
0111171_neurosketch,24,furniture,table,201,125,0,186004.12,3,39,table,0
0111171_neurosketch,24,furniture,chair,202,126,1,189003.04,3,19,chair,1
0111171_neurosketch,24,furniture,chair,202,127,1,189003.04,3,19,chair,0
0111171_neurosketch,24,furniture,chair,202,128,1,189003.04,3,19,chair,0
0111171_neurosketch,24,furniture,bench,203,129,1,193502.31,3,10,bench,1
0111171_neurosketch,24,furniture,bench,203,130,1,193502.31,3,10,bench,0
0111171_neurosketch,24,furniture,chair,204,131,1,196502.28,3,6,chair,1
0111171_neurosketch,24,furniture,chair,204,132,1,196502.28,3,6,chair,0
0111171_neurosketch,24,furniture,chair,204,133,1,196502.28,3,6,chair,0
0111171_neurosketch,24,furniture,bench,205,134,1,201002.41,3,5,bench,1
0111171_neurosketch,24,furniture,bench,205,135,1,201002.41,3,5,bench,0
0111171_neurosketch,24,furniture,bench,205,136,1,201002.41,3,5,bench,0
0111171_neurosketch,24,furniture,bed,206,137,0,205503.13,3,2,bed,1
0111171_neurosketch,24,furniture,bed,206,138,0,205503.13,3,2,bed,0
0111171_neurosketch,24,furniture,bed,206,139,0,205503.13,3,2,bed,0
0111171_neurosketch,24,furniture,table,207,140,0,210002.3,3,10,table,1
0111171_neurosketch,24,furniture,table,207,141,0,210002.3,3,10,table,0
0111171_neurosketch,24,furniture,table,207,142,0,210002.3,3,10,table,0
0111171_neurosketch,24,furniture,bench,208,143,1,214502.46,3,23,bench,1
0111171_neurosketch,24,furniture,bench,208,144,1,214502.46,3,23,bench,0
0111171_neurosketch,24,furniture,bench,208,145,1,214502.46,3,23,bench,0
0111171_neurosketch,24,2,table,209,146,0,219002.7,3,25,table,1
0111171_neurosketch,24,2,table,209,147,0,219002.7,3,25,table,0
0111171_neurosketch,24,furniture,bed,210,148,0,222002.41,3,16,bed,1
0111171_neurosketch,24,furniture,bed,210,149,0,222002.41,3,16,bed,0
0111171_neurosketch,24,furniture,bed,210,150,0,222002.41,3,16,bed,0
0111171_neurosketch,24,furniture,bed,210,151,0,222002.41,3,16,bed,0
0111171_neurosketch,24,furniture,chair,211,152,1,228002.72,3,18,chair,1
0111171_neurosketch,24,furniture,chair,211,153,1,228002.72,3,18,chair,0
0111171_neurosketch,24,furniture,chair,211,154,1,228002.72,3,18,chair,0
0111171_neurosketch,24,furniture,chair,212,155,1,232502.48,3,12,chair,1
0111171_neurosketch,24,furniture,chair,212,156,1,232502.48,3,12,chair,0
0111171_neurosketch,24,furniture,chair,212,157,1,232502.48,3,12,chair,0
0111171_neurosketch,24,furniture,bench,213,158,1,237002.4,3,18,,1
0111171_neurosketch,24,furniture,bench,213,159,1,237002.4,3,18,,0
0111171_neurosketch,24,furniture,table,214,160,0,240002.3,3,30,table,1
0111171_neurosketch,24,furniture,table,214,161,0,240002.3,3,30,table,0
0111171_neurosketch,24,furniture,bed,215,162,0,243003.17,3,8,bed,1
0111171_neurosketch,24,furniture,bed,215,163,0,243003.17,3,8,bed,0
0111171_neurosketch,24,furniture,bed,215,164,0,243003.17,3,8,bed,0
0111171_neurosketch,24,furniture,table,216,165,0,247502.64,3,33,table,1
0111171_neurosketch,24,furniture,table,216,166,0,247502.64,3,33,table,0
0111171_neurosketch,24,furniture,table,216,167,0,247502.64,3,33,table,0
0111171_neurosketch,24,furniture,table,216,168,0,247502.64,3,33,table,0
0111171_neurosketch,24,furniture,bed,217,169,0,253503.37,3,20,bed,1
0111171_neurosketch,24,furniture,bed,217,170,0,253503.37,3,20,bed,0
0111171_neurosketch,24,furniture,bed,217,171,0,253503.37,3,20,bed,0
0111171_neurosketch,24,furniture,bed,217,172,0,253503.37,3,20,bed,0
0111171_neurosketch,24,furniture,bench,218,173,1,259502.97,3,32,bench,1
0111171_neurosketch,24,furniture,bench,218,174,1,259502.97,3,32,bench,0
0111171_neurosketch,24,2,chair,219,175,1,262502.54,3,32,,1
0111171_neurosketch,24,2,chair,219,176,1,262502.54,3,32,,0
0111171_neurosketch,24,2,chair,219,177,1,262502.54,3,32,,0
0111171_neurosketch,24,furniture,bed,220,178,0,267002.86,3,33,bed,1
0111171_neurosketch,24,furniture,bed,220,179,0,267002.86,3,33,bed,0
0111171_neurosketch,24,furniture,bed,220,180,0,267002.86,3,33,bed,0
0111171_neurosketch,24,furniture,bed,220,181,0,267002.86,3,33,bed,0
0111171_neurosketch,24,furniture,chair,221,182,1,273003.63,3,4,chair,1
0111171_neurosketch,24,furniture,chair,221,183,1,273003.63,3,4,chair,0
0111171_neurosketch,24,furniture,bench,222,184,1,276003.1,3,36,,1
0111171_neurosketch,24,furniture,bench,222,185,1,276003.1,3,36,,0
0111171_neurosketch,24,furniture,table,223,186,0,279002.76,3,24,table,1
0111171_neurosketch,24,furniture,table,223,187,0,279002.76,3,24,table,0
0111171_neurosketch,24,furniture,bed,224,188,0,282002.19,3,29,bed,1
0111171_neurosketch,24,furniture,bed,224,189,0,282002.19,3,29,bed,0
0111171_neurosketch,24,furniture,bed,224,190,0,282002.19,3,29,bed,0
0111171_neurosketch,24,furniture,bench,225,191,1,286503.63,3,19,bench,1
0111171_neurosketch,24,furniture,bench,225,192,1,286503.63,3,19,bench,0
0111171_neurosketch,24,furniture,bench,225,193,1,286503.63,3,19,bench,0
0111171_neurosketch,24,furniture,chair,226,194,1,291004.05,3,10,chair,1
0111171_neurosketch,24,furniture,chair,226,195,1,291004.05,3,10,chair,0
0111171_neurosketch,24,furniture,chair,226,196,1,291004.05,3,10,chair,0
0111171_neurosketch,24,furniture,chair,226,197,1,291004.05,3,10,chair,0
0111171_neurosketch,24,furniture,table,227,198,0,297002.76,3,4,table,1
0111171_neurosketch,24,furniture,table,227,199,0,297002.76,3,4,table,0
0111171_neurosketch,24,furniture,table,227,200,0,297002.76,3,4,table,0
0111171_neurosketch,24,furniture,table,227,201,0,297002.76,3,4,table,0
0111171_neurosketch,24,furniture,bed,228,202,0,303002.96,3,18,bed,1
0111171_neurosketch,24,furniture,bed,228,203,0,303002.96,3,18,bed,0
0111171_neurosketch,24,furniture,bed,228,204,0,303002.96,3,18,bed,0
0111171_neurosketch,24,2,table,229,205,0,307502.63,3,6,,1
0111171_neurosketch,24,2,table,229,206,0,307502.63,3,6,,0
0111171_neurosketch,24,furniture,chair,230,207,1,310502.34,3,37,chair,1
0111171_neurosketch,24,furniture,chair,230,208,1,310502.34,3,37,chair,0
0111171_neurosketch,24,furniture,chair,230,209,1,310502.34,3,37,chair,0
0111171_neurosketch,24,furniture,chair,230,210,1,310502.34,3,37,chair,0
0111171_neurosketch,24,furniture,bench,231,211,1,316503.03,3,38,,1
0111171_neurosketch,24,furniture,bench,231,212,1,316503.03,3,38,,0
0111171_neurosketch,24,furniture,bed,232,213,0,319503.12,3,27,bed,1
0111171_neurosketch,24,furniture,bed,232,214,0,319503.12,3,27,bed,0
0111171_neurosketch,24,furniture,table,233,215,0,322502.27,3,34,table,1
0111171_neurosketch,24,furniture,table,233,216,0,322502.27,3,34,table,0
0111171_neurosketch,24,furniture,bench,234,217,1,325502.84,3,22,bench,1
0111171_neurosketch,24,furniture,bench,234,218,1,325502.84,3,22,bench,0
0111171_neurosketch,24,furniture,bench,234,219,1,325502.84,3,22,bench,0
0111171_neurosketch,24,furniture,chair,235,220,1,330002.47,3,21,chair,1
0111171_neurosketch,24,furniture,chair,235,221,1,330002.47,3,21,chair,0
0111171_neurosketch,24,furniture,chair,235,222,1,330002.47,3,21,chair,0
0111171_neurosketch,24,furniture,chair,236,223,1,334502.66,3,15,chair,1
0111171_neurosketch,24,furniture,chair,236,224,1,334502.66,3,15,chair,0
0111171_neurosketch,24,furniture,table,237,225,0,337503.0,3,37,table,1
0111171_neurosketch,24,furniture,table,237,226,0,337503.0,3,37,table,0
0111171_neurosketch,24,furniture,table,237,227,0,337503.0,3,37,table,0
0111171_neurosketch,24,furniture,bed,238,228,0,342002.99,3,35,,1
0111171_neurosketch,24,furniture,bed,238,229,0,342002.99,3,35,,0
0111171_neurosketch,24,2,bench,239,230,1,345002.74,3,9,bench,1
0111171_neurosketch,24,2,bench,239,231,1,345002.74,3,9,bench,0
0111171_neurosketch,24,2,bench,239,232,1,345002.74,3,9,bench,0
0111171_neurosketch,24,2,bench,239,233,1,345002.74,3,9,bench,0
0111171_neurosketch,24,2,bench,239,234,1,345002.74,3,9,bench,0
0111171_neurosketch,24,2,bench,239,235,1,345002.74,3,9,bench,0
0111171_neurosketch,24,2,bench,239,236,1,345002.74,3,9,bench,0
0111171_neurosketch,24,2,bench,239,237,1,345002.74,3,9,bench,0
0111171_neurosketch,24,2,bench,239,238,1,345002.74,3,9,bench,0
0111171_neurosketch,24,2,bench,239,239,1,345002.74,3,9,bench,0
0111171_neurosketch,24,furniture,chair,240,0,-1,0.0,4,23,chair,0
0111171_neurosketch,24,furniture,chair,240,1,-1,0.0,4,23,chair,0
0111171_neurosketch,24,furniture,chair,240,2,-1,0.0,4,23,chair,0
0111171_neurosketch,24,furniture,chair,240,3,-1,0.0,4,23,chair,0
0111171_neurosketch,24,furniture,chair,240,4,-1,0.0,4,23,chair,0
0111171_neurosketch,24,furniture,chair,240,5,-1,0.0,4,23,chair,0
0111171_neurosketch,24,furniture,chair,240,6,-1,0.0,4,23,chair,0
0111171_neurosketch,24,furniture,chair,240,7,-1,0.0,4,23,chair,0
0111171_neurosketch,24,furniture,chair,240,8,1,12002.73,4,23,chair,1
0111171_neurosketch,24,furniture,chair,240,9,1,12002.73,4,23,chair,0
0111171_neurosketch,24,furniture,chair,240,10,1,12002.73,4,23,chair,0
0111171_neurosketch,24,furniture,chair,240,11,1,12002.73,4,23,chair,0
0111171_neurosketch,24,furniture,table,241,12,0,18001.43,4,36,table,1
0111171_neurosketch,24,furniture,table,241,13,0,18001.43,4,36,table,0
0111171_neurosketch,24,furniture,bed,242,14,0,21002.29,4,32,bed,1
0111171_neurosketch,24,furniture,bed,242,15,0,21002.29,4,32,bed,0
0111171_neurosketch,24,furniture,bed,242,16,0,21002.29,4,32,bed,0
0111171_neurosketch,24,furniture,bench,243,17,1,25501.97,4,15,bench,1
0111171_neurosketch,24,furniture,bench,243,18,1,25501.97,4,15,bench,0
0111171_neurosketch,24,furniture,table,244,19,0,28501.57,4,9,table,1
0111171_neurosketch,24,furniture,table,244,20,0,28501.57,4,9,table,0
0111171_neurosketch,24,furniture,table,244,21,0,28501.57,4,9,table,0
0111171_neurosketch,24,furniture,bed,245,22,0,33002.17,4,3,bed,1
0111171_neurosketch,24,furniture,bed,245,23,0,33002.17,4,3,bed,0
0111171_neurosketch,24,furniture,bed,245,24,0,33002.17,4,3,bed,0
0111171_neurosketch,24,furniture,chair,246,25,1,37501.94,4,9,chair,1
0111171_neurosketch,24,furniture,chair,246,26,1,37501.94,4,9,chair,0
0111171_neurosketch,24,furniture,chair,246,27,1,37501.94,4,9,chair,0
0111171_neurosketch,24,furniture,bench,247,28,1,42001.87,4,34,,1
0111171_neurosketch,24,furniture,bench,247,29,1,42001.87,4,34,,0
0111171_neurosketch,24,furniture,bench,247,30,1,42001.87,4,34,,0
0111171_neurosketch,24,furniture,bench,248,31,1,46501.55,4,29,bench,1
0111171_neurosketch,24,furniture,bench,248,32,1,46501.55,4,29,bench,0
0111171_neurosketch,24,furniture,bench,248,33,1,46501.55,4,29,bench,0
0111171_neurosketch,24,2,chair,249,34,1,51002.3,4,14,chair,1
0111171_neurosketch,24,2,chair,249,35,1,51002.3,4,14,chair,0
0111171_neurosketch,24,furniture,table,250,36,0,54001.97,4,16,,1
0111171_neurosketch,24,furniture,table,250,37,0,54001.97,4,16,,0
0111171_neurosketch,24,furniture,table,250,38,0,54001.97,4,16,,0
0111171_neurosketch,24,furniture,table,250,39,0,54001.97,4,16,,0
0111171_neurosketch,24,furniture,bed,251,40,0,60002.62,4,39,bed,1
0111171_neurosketch,24,furniture,bed,251,41,0,60002.62,4,39,bed,0
0111171_neurosketch,24,furniture,bed,251,42,0,60002.62,4,39,bed,0
0111171_neurosketch,24,furniture,chair,252,43,1,64501.61,4,2,chair,1
0111171_neurosketch,24,furniture,chair,252,44,1,64501.61,4,2,chair,0
0111171_neurosketch,24,furniture,chair,252,45,1,64501.61,4,2,chair,0
0111171_neurosketch,24,furniture,table,253,46,0,69002.08,4,12,table,1
0111171_neurosketch,24,furniture,table,253,47,0,69002.08,4,12,table,0
0111171_neurosketch,24,furniture,bench,254,48,1,72002.56,4,21,bench,1
0111171_neurosketch,24,furniture,bench,254,49,1,72002.56,4,21,bench,0
0111171_neurosketch,24,furniture,bed,255,50,0,75001.49,4,19,bed,1
0111171_neurosketch,24,furniture,bed,255,51,0,75001.49,4,19,bed,0
0111171_neurosketch,24,furniture,bed,255,52,0,75001.49,4,19,bed,0
0111171_neurosketch,24,furniture,table,256,53,0,79502.17,4,1,table,1
0111171_neurosketch,24,furniture,table,256,54,0,79502.17,4,1,table,0
0111171_neurosketch,24,furniture,table,256,55,0,79502.17,4,1,table,0
0111171_neurosketch,24,furniture,table,256,56,0,79502.17,4,1,table,0
0111171_neurosketch,24,furniture,bed,257,57,0,85502.62,4,30,,1
0111171_neurosketch,24,furniture,bed,257,58,0,85502.62,4,30,,0
0111171_neurosketch,24,furniture,bed,257,59,0,85502.62,4,30,,0
0111171_neurosketch,24,furniture,bed,257,60,0,85502.62,4,30,,0
0111171_neurosketch,24,furniture,bench,258,61,1,91503.66,4,14,bench,1
0111171_neurosketch,24,furniture,bench,258,62,1,91503.66,4,14,bench,0
0111171_neurosketch,24,2,chair,259,63,1,94501.81,4,13,chair,1
0111171_neurosketch,24,2,chair,259,64,1,94501.81,4,13,chair,0
0111171_neurosketch,24,2,chair,259,65,1,94501.81,4,13,chair,0
0111171_neurosketch,24,furniture,chair,260,66,1,99002.03,4,27,chair,1
0111171_neurosketch,24,furniture,chair,260,67,1,99002.03,4,27,chair,0
0111171_neurosketch,24,furniture,chair,260,68,1,99002.03,4,27,chair,0
0111171_neurosketch,24,furniture,chair,260,69,1,99002.03,4,27,chair,0
0111171_neurosketch,24,furniture,bed,261,70,0,105002.47,4,14,bed,1
0111171_neurosketch,24,furniture,bed,261,71,0,105002.47,4,14,bed,0
0111171_neurosketch,24,furniture,bench,262,72,1,108002.63,4,2,bench,1
0111171_neurosketch,24,furniture,bench,262,73,1,108002.63,4,2,bench,0
0111171_neurosketch,24,furniture,table,263,74,0,111002.34,4,7,table,1
0111171_neurosketch,24,furniture,table,263,75,0,111002.34,4,7,table,0
0111171_neurosketch,24,furniture,table,264,76,0,114002.41,4,22,table,1
0111171_neurosketch,24,furniture,table,264,77,0,114002.41,4,22,table,0
0111171_neurosketch,24,furniture,table,264,78,0,114002.41,4,22,table,0
0111171_neurosketch,24,furniture,bed,265,79,0,118503.11,4,37,bed,1
0111171_neurosketch,24,furniture,bed,265,80,0,118503.11,4,37,bed,0
0111171_neurosketch,24,furniture,bed,265,81,0,118503.11,4,37,bed,0
0111171_neurosketch,24,furniture,bench,266,82,1,123003.43,4,13,bench,1
0111171_neurosketch,24,furniture,bench,266,83,1,123003.43,4,13,bench,0
0111171_neurosketch,24,furniture,bench,266,84,1,123003.43,4,13,bench,0
0111171_neurosketch,24,furniture,bench,266,85,1,123003.43,4,13,bench,0
0111171_neurosketch,24,furniture,chair,267,86,1,129002.46,4,5,chair,1
0111171_neurosketch,24,furniture,chair,267,87,1,129002.46,4,5,chair,0
0111171_neurosketch,24,furniture,chair,267,88,1,129002.46,4,5,chair,0
0111171_neurosketch,24,furniture,chair,267,89,1,129002.46,4,5,chair,0
0111171_neurosketch,24,furniture,bench,268,90,1,135002.31,4,7,,1
0111171_neurosketch,24,furniture,bench,268,91,1,135002.31,4,7,,0
0111171_neurosketch,24,furniture,bench,268,92,1,135002.31,4,7,,0
0111171_neurosketch,24,2,bed,269,93,0,139502.4,4,26,bed,1
0111171_neurosketch,24,2,bed,269,94,0,139502.4,4,26,bed,0
0111171_neurosketch,24,furniture,table,270,95,0,142502.19,4,5,table,1
0111171_neurosketch,24,furniture,table,270,96,0,142502.19,4,5,table,0
0111171_neurosketch,24,furniture,table,270,97,0,142502.19,4,5,table,0
0111171_neurosketch,24,furniture,table,270,98,0,142502.19,4,5,table,0
0111171_neurosketch,24,furniture,chair,271,99,1,148501.99,4,25,,1
0111171_neurosketch,24,furniture,chair,271,100,1,148501.99,4,25,,0
0111171_neurosketch,24,furniture,table,272,101,0,151502.51,4,29,table,1
0111171_neurosketch,24,furniture,table,272,102,0,151502.51,4,29,table,0
0111171_neurosketch,24,furniture,bench,273,103,1,154502.62,4,39,bench,1
0111171_neurosketch,24,furniture,bench,273,104,1,154502.62,4,39,bench,0
0111171_neurosketch,24,furniture,bed,274,105,0,157502.9,4,11,bed,1
0111171_neurosketch,24,furniture,bed,274,106,0,157502.9,4,11,bed,0
0111171_neurosketch,24,furniture,bed,274,107,0,157502.9,4,11,bed,0
0111171_neurosketch,24,furniture,chair,275,108,1,162002.61,4,20,chair,1
0111171_neurosketch,24,furniture,chair,275,109,1,162002.61,4,20,chair,0
0111171_neurosketch,24,furniture,chair,275,110,1,162002.61,4,20,chair,0
0111171_neurosketch,24,furniture,table,276,111,0,166502.73,4,14,table,1
0111171_neurosketch,24,furniture,table,276,112,0,166502.73,4,14,table,0
0111171_neurosketch,24,furniture,bench,277,113,1,169502.71,4,12,bench,1
0111171_neurosketch,24,furniture,bench,277,114,1,169502.71,4,12,bench,0
0111171_neurosketch,24,furniture,bench,277,115,1,169502.71,4,12,bench,0
0111171_neurosketch,24,furniture,chair,278,116,1,174002.95,4,22,chair,1
0111171_neurosketch,24,furniture,chair,278,117,1,174002.95,4,22,chair,0
0111171_neurosketch,24,2,bed,279,118,0,177002.29,4,21,bed,1
0111171_neurosketch,24,2,bed,279,119,0,177002.29,4,21,bed,0
0111171_neurosketch,24,furniture,chair,280,120,1,180002.63,4,30,chair,1
0111171_neurosketch,24,furniture,chair,280,121,1,180002.63,4,30,chair,0
0111171_neurosketch,24,furniture,chair,280,122,1,180002.63,4,30,chair,0
0111171_neurosketch,24,furniture,chair,280,123,1,180002.63,4,30,chair,0
0111171_neurosketch,24,furniture,table,281,124,0,186003.7,4,21,table,1
0111171_neurosketch,24,furniture,table,281,125,0,186003.7,4,21,table,0
0111171_neurosketch,24,furniture,bench,282,126,1,189002.25,4,24,bench,1
0111171_neurosketch,24,furniture,bench,282,127,1,189002.25,4,24,bench,0
0111171_neurosketch,24,furniture,bench,282,128,1,189002.25,4,24,bench,0
0111171_neurosketch,24,furniture,bed,283,129,0,193502.81,4,22,bed,1
0111171_neurosketch,24,furniture,bed,283,130,0,193502.81,4,22,bed,0
0111171_neurosketch,24,furniture,bench,284,131,1,196502.37,4,6,bench,1
0111171_neurosketch,24,furniture,bench,284,132,1,196502.37,4,6,bench,0
0111171_neurosketch,24,furniture,bench,284,133,1,196502.37,4,6,bench,0
0111171_neurosketch,24,furniture,bed,285,134,0,201002.04,4,6,bed,1
0111171_neurosketch,24,furniture,bed,285,135,0,201002.04,4,6,bed,0
0111171_neurosketch,24,furniture,bed,285,136,0,201002.04,4,6,bed,0
0111171_neurosketch,24,furniture,chair,286,137,1,205503.0,4,35,chair,1
0111171_neurosketch,24,furniture,chair,286,138,1,205503.0,4,35,chair,0
0111171_neurosketch,24,furniture,chair,286,139,1,205503.0,4,35,chair,0
0111171_neurosketch,24,furniture,table,287,140,0,210002.3,4,20,table,1
0111171_neurosketch,24,furniture,table,287,141,0,210002.3,4,20,table,0
0111171_neurosketch,24,furniture,table,287,142,0,210002.3,4,20,table,0
0111171_neurosketch,24,furniture,chair,288,143,1,214502.2,4,36,chair,1
0111171_neurosketch,24,furniture,chair,288,144,1,214502.2,4,36,chair,0
0111171_neurosketch,24,furniture,chair,288,145,1,214502.2,4,36,chair,0
0111171_neurosketch,24,2,bench,289,146,1,219002.67,4,16,bench,1
0111171_neurosketch,24,2,bench,289,147,1,219002.67,4,16,bench,0
0111171_neurosketch,24,furniture,table,290,148,0,222002.88,4,27,table,1
0111171_neurosketch,24,furniture,table,290,149,0,222002.88,4,27,table,0
0111171_neurosketch,24,furniture,table,290,150,0,222002.88,4,27,table,0
0111171_neurosketch,24,furniture,table,290,151,0,222002.88,4,27,table,0
0111171_neurosketch,24,furniture,bed,291,152,0,228002.42,4,9,bed,1
0111171_neurosketch,24,furniture,bed,291,153,0,228002.42,4,9,bed,0
0111171_neurosketch,24,furniture,bed,291,154,0,228002.42,4,9,bed,0
0111171_neurosketch,24,furniture,bed,292,155,0,232502.45,4,23,bed,1
0111171_neurosketch,24,furniture,bed,292,156,0,232502.45,4,23,bed,0
0111171_neurosketch,24,furniture,bed,292,157,0,232502.45,4,23,bed,0
0111171_neurosketch,24,furniture,chair,293,158,1,237002.46,4,39,chair,1
0111171_neurosketch,24,furniture,chair,293,159,1,237002.46,4,39,chair,0
0111171_neurosketch,24,furniture,bench,294,160,1,240002.7,4,26,bench,1
0111171_neurosketch,24,furniture,bench,294,161,1,240002.7,4,26,bench,0
0111171_neurosketch,24,furniture,table,295,162,0,243003.1,4,3,table,1
0111171_neurosketch,24,furniture,table,295,163,0,243003.1,4,3,table,0
0111171_neurosketch,24,furniture,table,295,164,0,243003.1,4,3,table,0
0111171_neurosketch,24,furniture,bench,296,165,1,247501.45,4,37,bench,1
0111171_neurosketch,24,furniture,bench,296,166,1,247501.45,4,37,bench,0
0111171_neurosketch,24,furniture,bench,296,167,1,247501.45,4,37,bench,0
0111171_neurosketch,24,furniture,bench,296,168,1,247501.45,4,37,bench,0
0111171_neurosketch,24,furniture,table,297,169,0,253502.61,4,26,table,1
0111171_neurosketch,24,furniture,table,297,170,0,253502.61,4,26,table,0
0111171_neurosketch,24,furniture,table,297,171,0,253502.61,4,26,table,0
0111171_neurosketch,24,furniture,table,297,172,0,253502.61,4,26,table,0
0111171_neurosketch,24,furniture,bed,298,173,0,259502.87,4,0,bed,1
0111171_neurosketch,24,furniture,bed,298,174,0,259502.87,4,0,bed,0
0111171_neurosketch,24,2,chair,299,175,1,262502.79,4,0,chair,1
0111171_neurosketch,24,2,chair,299,176,1,262502.79,4,0,chair,0
0111171_neurosketch,24,2,chair,299,177,1,262502.79,4,0,chair,0
0111171_neurosketch,24,furniture,table,300,178,0,267003.83,4,11,table,1
0111171_neurosketch,24,furniture,table,300,179,0,267003.83,4,11,table,0
0111171_neurosketch,24,furniture,table,300,180,0,267003.83,4,11,table,0
0111171_neurosketch,24,furniture,table,300,181,0,267003.83,4,11,table,0
0111171_neurosketch,24,furniture,bench,301,182,1,273002.6,4,3,bench,1
0111171_neurosketch,24,furniture,bench,301,183,1,273002.6,4,3,bench,0
0111171_neurosketch,24,furniture,bed,302,184,0,276003.92,4,15,bed,1
0111171_neurosketch,24,furniture,bed,302,185,0,276003.92,4,15,bed,0
0111171_neurosketch,24,furniture,chair,303,186,1,279002.93,4,33,chair,1
0111171_neurosketch,24,furniture,chair,303,187,1,279002.93,4,33,chair,0
0111171_neurosketch,24,furniture,bench,304,188,1,282002.16,4,8,bench,1
0111171_neurosketch,24,furniture,bench,304,189,1,282002.16,4,8,bench,0
0111171_neurosketch,24,furniture,bench,304,190,1,282002.16,4,8,bench,0
0111171_neurosketch,24,furniture,table,305,191,0,286502.91,4,19,table,1
0111171_neurosketch,24,furniture,table,305,192,0,286502.91,4,19,table,0
0111171_neurosketch,24,furniture,table,305,193,0,286502.91,4,19,table,0
0111171_neurosketch,24,furniture,bed,306,194,0,291002.97,4,38,bed,1
0111171_neurosketch,24,furniture,bed,306,195,0,291002.97,4,38,bed,0
0111171_neurosketch,24,furniture,bed,306,196,0,291002.97,4,38,bed,0
0111171_neurosketch,24,furniture,bed,306,197,0,291002.97,4,38,bed,0
0111171_neurosketch,24,furniture,chair,307,198,1,297004.22,4,1,chair,1
0111171_neurosketch,24,furniture,chair,307,199,1,297004.22,4,1,chair,0
0111171_neurosketch,24,furniture,chair,307,200,1,297004.22,4,1,chair,0
0111171_neurosketch,24,furniture,chair,307,201,1,297004.22,4,1,chair,0
0111171_neurosketch,24,furniture,bench,308,202,1,303002.93,4,20,bench,1
0111171_neurosketch,24,furniture,bench,308,203,1,303002.93,4,20,bench,0
0111171_neurosketch,24,furniture,bench,308,204,1,303002.93,4,20,bench,0
0111171_neurosketch,24,2,table,309,205,0,307501.46,4,17,,1
0111171_neurosketch,24,2,table,309,206,0,307501.46,4,17,,0
0111171_neurosketch,24,furniture,bed,310,207,0,310503.04,4,31,bed,1
0111171_neurosketch,24,furniture,bed,310,208,0,310503.04,4,31,bed,0
0111171_neurosketch,24,furniture,bed,310,209,0,310503.04,4,31,bed,0
0111171_neurosketch,24,furniture,bed,310,210,0,310503.04,4,31,bed,0
0111171_neurosketch,24,furniture,chair,311,211,1,316502.92,4,3,chair,1
0111171_neurosketch,24,furniture,chair,311,212,1,316502.92,4,3,chair,0
0111171_neurosketch,24,furniture,table,312,213,0,319503.63,4,13,table,1
0111171_neurosketch,24,furniture,table,312,214,0,319503.63,4,13,table,0
0111171_neurosketch,24,furniture,bench,313,215,1,322502.97,4,27,bench,1
0111171_neurosketch,24,furniture,bench,313,216,1,322502.97,4,27,bench,0
0111171_neurosketch,24,furniture,bed,314,217,0,325501.37,4,28,bed,1
0111171_neurosketch,24,furniture,bed,314,218,0,325501.37,4,28,bed,0
0111171_neurosketch,24,furniture,bed,314,219,0,325501.37,4,28,bed,0
0111171_neurosketch,24,furniture,chair,315,220,1,330003.39,4,34,chair,1
0111171_neurosketch,24,furniture,chair,315,221,1,330003.39,4,34,chair,0
0111171_neurosketch,24,furniture,chair,315,222,1,330003.39,4,34,chair,0
0111171_neurosketch,24,furniture,bench,316,223,1,334502.92,4,0,bench,1
0111171_neurosketch,24,furniture,bench,316,224,1,334502.92,4,0,bench,0
0111171_neurosketch,24,furniture,bed,317,225,0,337501.38,4,24,bed,1
0111171_neurosketch,24,furniture,bed,317,226,0,337501.38,4,24,bed,0
0111171_neurosketch,24,furniture,bed,317,227,0,337501.38,4,24,bed,0
0111171_neurosketch,24,furniture,chair,318,228,1,342002.16,4,26,chair,1
0111171_neurosketch,24,furniture,chair,318,229,1,342002.16,4,26,chair,0
0111171_neurosketch,24,2,table,319,230,0,345002.68,4,2,table,1
0111171_neurosketch,24,2,table,319,231,0,345002.68,4,2,table,0
0111171_neurosketch,24,2,table,319,232,0,345002.68,4,2,table,0
0111171_neurosketch,24,2,table,319,233,0,345002.68,4,2,table,0
0111171_neurosketch,24,2,table,319,234,0,345002.68,4,2,table,0
0111171_neurosketch,24,2,table,319,235,0,345002.68,4,2,table,0
0111171_neurosketch,24,2,table,319,236,0,345002.68,4,2,table,0
0111171_neurosketch,24,2,table,319,237,0,345002.68,4,2,table,0
0111171_neurosketch,24,2,table,319,238,0,345002.68,4,2,table,0
0111171_neurosketch,24,2,table,319,239,0,345002.68,4,2,table,0
0111171_neurosketch,24,furniture,table,360,0,-1,0.0,9,2,,0
0111171_neurosketch,24,furniture,table,360,1,-1,0.0,9,2,,0
0111171_neurosketch,24,furniture,table,360,2,-1,0.0,9,2,,0
0111171_neurosketch,24,furniture,table,360,3,-1,0.0,9,2,,0
0111171_neurosketch,24,furniture,table,360,4,-1,0.0,9,2,,0
0111171_neurosketch,24,furniture,table,360,5,-1,0.0,9,2,,0
0111171_neurosketch,24,furniture,table,360,6,-1,0.0,9,2,,0
0111171_neurosketch,24,furniture,table,360,7,-1,0.0,9,2,,0
0111171_neurosketch,24,furniture,table,360,8,0,12003.72,9,2,,1
0111171_neurosketch,24,furniture,table,360,9,0,12003.72,9,2,,0
0111171_neurosketch,24,furniture,table,360,10,0,12003.72,9,2,,0
0111171_neurosketch,24,furniture,table,360,11,0,12003.72,9,2,,0
0111171_neurosketch,24,furniture,chair,361,12,1,18002.47,9,26,chair,1
0111171_neurosketch,24,furniture,chair,361,13,1,18002.47,9,26,chair,0
0111171_neurosketch,24,furniture,bed,362,14,0,21001.75,9,24,bed,1
0111171_neurosketch,24,furniture,bed,362,15,0,21001.75,9,24,bed,0
0111171_neurosketch,24,furniture,bed,362,16,0,21001.75,9,24,bed,0
0111171_neurosketch,24,furniture,bench,363,17,1,25501.98,9,0,bench,1
0111171_neurosketch,24,furniture,bench,363,18,1,25501.98,9,0,bench,0
0111171_neurosketch,24,furniture,chair,364,19,1,28504.32,9,34,chair,1
0111171_neurosketch,24,furniture,chair,364,20,1,28504.32,9,34,chair,0
0111171_neurosketch,24,furniture,chair,364,21,1,28504.32,9,34,chair,0
0111171_neurosketch,24,furniture,bed,365,22,0,33002.59,9,28,bed,1
0111171_neurosketch,24,furniture,bed,365,23,0,33002.59,9,28,bed,0
0111171_neurosketch,24,furniture,bed,365,24,0,33002.59,9,28,bed,0
0111171_neurosketch,24,furniture,bench,366,25,1,37502.13,9,27,bench,1
0111171_neurosketch,24,furniture,bench,366,26,1,37502.13,9,27,bench,0
0111171_neurosketch,24,furniture,bench,366,27,1,37502.13,9,27,bench,0
0111171_neurosketch,24,furniture,table,367,28,0,42002.06,9,13,table,1
0111171_neurosketch,24,furniture,table,367,29,0,42002.06,9,13,table,0
0111171_neurosketch,24,furniture,table,367,30,0,42002.06,9,13,table,0
0111171_neurosketch,24,furniture,chair,368,31,1,46501.38,9,3,chair,1
0111171_neurosketch,24,furniture,chair,368,32,1,46501.38,9,3,chair,0
0111171_neurosketch,24,furniture,chair,368,33,1,46501.38,9,3,chair,0
0111171_neurosketch,24,2,bed,369,34,0,51001.81,9,31,bed,1
0111171_neurosketch,24,2,bed,369,35,0,51001.81,9,31,bed,0
0111171_neurosketch,24,furniture,table,370,36,0,54002.01,9,17,table,1
0111171_neurosketch,24,furniture,table,370,37,0,54002.01,9,17,table,0
0111171_neurosketch,24,furniture,table,370,38,0,54002.01,9,17,table,0
0111171_neurosketch,24,furniture,table,370,39,0,54002.01,9,17,table,0
0111171_neurosketch,24,furniture,bench,371,40,1,60002.62,9,20,bench,1
0111171_neurosketch,24,furniture,bench,371,41,1,60002.62,9,20,bench,0
0111171_neurosketch,24,furniture,bench,371,42,1,60002.62,9,20,bench,0
0111171_neurosketch,24,furniture,chair,372,43,1,64502.01,9,1,chair,1
0111171_neurosketch,24,furniture,chair,372,44,1,64502.01,9,1,chair,0
0111171_neurosketch,24,furniture,chair,372,45,1,64502.01,9,1,chair,0
0111171_neurosketch,24,furniture,bed,373,46,0,69002.7,9,38,bed,1
0111171_neurosketch,24,furniture,bed,373,47,0,69002.7,9,38,bed,0
0111171_neurosketch,24,furniture,table,374,48,0,72002.21,9,19,,1
0111171_neurosketch,24,furniture,table,374,49,0,72002.21,9,19,,0
0111171_neurosketch,24,furniture,bench,375,50,1,75001.9,9,8,bench,1
0111171_neurosketch,24,furniture,bench,375,51,1,75001.9,9,8,bench,0
0111171_neurosketch,24,furniture,bench,375,52,1,75001.9,9,8,bench,0
0111171_neurosketch,24,furniture,chair,376,53,1,79502.03,9,33,chair,1
0111171_neurosketch,24,furniture,chair,376,54,1,79502.03,9,33,chair,0
0111171_neurosketch,24,furniture,chair,376,55,1,79502.03,9,33,chair,0
0111171_neurosketch,24,furniture,chair,376,56,1,79502.03,9,33,chair,0
0111171_neurosketch,24,furniture,bed,377,57,0,85501.89,9,15,bed,1
0111171_neurosketch,24,furniture,bed,377,58,0,85501.89,9,15,bed,0
0111171_neurosketch,24,furniture,bed,377,59,0,85501.89,9,15,bed,0
0111171_neurosketch,24,furniture,bed,377,60,0,85501.89,9,15,bed,0
0111171_neurosketch,24,furniture,bench,378,61,1,91502.76,9,3,bench,1
0111171_neurosketch,24,furniture,bench,378,62,1,91502.76,9,3,bench,0
0111171_neurosketch,24,2,table,379,63,0,94504.71,9,11,table,1
0111171_neurosketch,24,2,table,379,64,0,94504.71,9,11,table,0
0111171_neurosketch,24,2,table,379,65,0,94504.71,9,11,table,0
0111171_neurosketch,24,furniture,chair,380,66,1,99002.81,9,0,chair,1
0111171_neurosketch,24,furniture,chair,380,67,1,99002.81,9,0,chair,0
0111171_neurosketch,24,furniture,chair,380,68,1,99002.81,9,0,chair,0
0111171_neurosketch,24,furniture,chair,380,69,1,99002.81,9,0,chair,0
0111171_neurosketch,24,furniture,bed,381,70,0,105002.44,9,0,bed,1
0111171_neurosketch,24,furniture,bed,381,71,0,105002.44,9,0,bed,0
0111171_neurosketch,24,furniture,table,382,72,0,108002.38,9,26,table,1
0111171_neurosketch,24,furniture,table,382,73,0,108002.38,9,26,table,0
0111171_neurosketch,24,furniture,bench,383,74,1,111002.69,9,37,bench,1
0111171_neurosketch,24,furniture,bench,383,75,1,111002.69,9,37,bench,0
0111171_neurosketch,24,furniture,table,384,76,0,114002.42,9,3,table,1
0111171_neurosketch,24,furniture,table,384,77,0,114002.42,9,3,table,0
0111171_neurosketch,24,furniture,table,384,78,0,114002.42,9,3,table,0
0111171_neurosketch,24,furniture,bench,385,79,1,118503.89,9,26,bench,1
0111171_neurosketch,24,furniture,bench,385,80,1,118503.89,9,26,bench,0
0111171_neurosketch,24,furniture,bench,385,81,1,118503.89,9,26,bench,0
0111171_neurosketch,24,furniture,chair,386,82,1,123001.92,9,39,chair,1
0111171_neurosketch,24,furniture,chair,386,83,1,123001.92,9,39,chair,0
0111171_neurosketch,24,furniture,chair,386,84,1,123001.92,9,39,chair,0
0111171_neurosketch,24,furniture,chair,386,85,1,123001.92,9,39,chair,0
0111171_neurosketch,24,furniture,bed,387,86,0,129003.16,9,23,bed,1
0111171_neurosketch,24,furniture,bed,387,87,0,129003.16,9,23,bed,0
0111171_neurosketch,24,furniture,bed,387,88,0,129003.16,9,23,bed,0
0111171_neurosketch,24,furniture,bed,387,89,0,129003.16,9,23,bed,0
0111171_neurosketch,24,furniture,bed,388,90,0,135002.52,9,9,bed,1
0111171_neurosketch,24,furniture,bed,388,91,0,135002.52,9,9,bed,0
0111171_neurosketch,24,furniture,bed,388,92,0,135002.52,9,9,bed,0
0111171_neurosketch,24,2,table,389,93,0,139502.86,9,27,table,1
0111171_neurosketch,24,2,table,389,94,0,139502.86,9,27,table,0
0111171_neurosketch,24,furniture,bench,390,95,1,142502.21,9,16,bench,1
0111171_neurosketch,24,furniture,bench,390,96,1,142502.21,9,16,bench,0
0111171_neurosketch,24,furniture,bench,390,97,1,142502.21,9,16,bench,0
0111171_neurosketch,24,furniture,bench,390,98,1,142502.21,9,16,bench,0
0111171_neurosketch,24,furniture,chair,391,99,1,148502.12,9,36,chair,1
0111171_neurosketch,24,furniture,chair,391,100,1,148502.12,9,36,chair,0
0111171_neurosketch,24,furniture,table,392,101,0,151501.8,9,20,table,1
0111171_neurosketch,24,furniture,table,392,102,0,151501.8,9,20,table,0
0111171_neurosketch,24,furniture,chair,393,103,1,154502.78,9,35,chair,1
0111171_neurosketch,24,furniture,chair,393,104,1,154502.78,9,35,chair,0
0111171_neurosketch,24,furniture,bed,394,105,0,157502.89,9,6,bed,1
0111171_neurosketch,24,furniture,bed,394,106,0,157502.89,9,6,bed,0
0111171_neurosketch,24,furniture,bed,394,107,0,157502.89,9,6,bed,0
0111171_neurosketch,24,furniture,bench,395,108,1,162002.87,9,6,bench,1
0111171_neurosketch,24,furniture,bench,395,109,1,162002.87,9,6,bench,0
0111171_neurosketch,24,furniture,bench,395,110,1,162002.87,9,6,bench,0
0111171_neurosketch,24,furniture,bed,396,111,0,166502.61,9,22,bed,1
0111171_neurosketch,24,furniture,bed,396,112,0,166502.61,9,22,bed,0
0111171_neurosketch,24,furniture,bench,397,113,1,169503.6,9,24,bench,1
0111171_neurosketch,24,furniture,bench,397,114,1,169503.6,9,24,bench,0
0111171_neurosketch,24,furniture,bench,397,115,1,169503.6,9,24,bench,0
0111171_neurosketch,24,furniture,table,398,116,0,174002.22,9,21,table,1
0111171_neurosketch,24,furniture,table,398,117,0,174002.22,9,21,table,0
0111171_neurosketch,24,2,chair,399,118,1,177002.32,9,30,chair,1
0111171_neurosketch,24,2,chair,399,119,1,177002.32,9,30,chair,0
0111171_neurosketch,24,furniture,bed,400,120,0,180002.32,9,21,bed,1
0111171_neurosketch,24,furniture,bed,400,121,0,180002.32,9,21,bed,0
0111171_neurosketch,24,furniture,bed,400,122,0,180002.32,9,21,bed,0
0111171_neurosketch,24,furniture,bed,400,123,0,180002.32,9,21,bed,0
0111171_neurosketch,24,furniture,chair,401,124,1,186003.3,9,22,chair,1
0111171_neurosketch,24,furniture,chair,401,125,1,186003.3,9,22,chair,0
0111171_neurosketch,24,furniture,bench,402,126,1,189002.06,9,12,bench,1
0111171_neurosketch,24,furniture,bench,402,127,1,189002.06,9,12,bench,0
0111171_neurosketch,24,furniture,bench,402,128,1,189002.06,9,12,bench,0
0111171_neurosketch,24,furniture,table,403,129,0,193502.73,9,14,table,1
0111171_neurosketch,24,furniture,table,403,130,0,193502.73,9,14,table,0
0111171_neurosketch,24,furniture,chair,404,131,1,196502.7,9,20,chair,1
0111171_neurosketch,24,furniture,chair,404,132,1,196502.7,9,20,chair,0
0111171_neurosketch,24,furniture,chair,404,133,1,196502.7,9,20,chair,0
0111171_neurosketch,24,furniture,bed,405,134,0,201002.14,9,11,bed,1
0111171_neurosketch,24,furniture,bed,405,135,0,201002.14,9,11,bed,0
0111171_neurosketch,24,furniture,bed,405,136,0,201002.14,9,11,bed,0
0111171_neurosketch,24,furniture,bench,406,137,1,205502.96,9,39,bench,1
0111171_neurosketch,24,furniture,bench,406,138,1,205502.96,9,39,bench,0
0111171_neurosketch,24,furniture,bench,406,139,1,205502.96,9,39,bench,0
0111171_neurosketch,24,furniture,table,407,140,0,210002.78,9,29,table,1
0111171_neurosketch,24,furniture,table,407,141,0,210002.78,9,29,table,0
0111171_neurosketch,24,furniture,table,407,142,0,210002.78,9,29,table,0
0111171_neurosketch,24,furniture,chair,408,143,1,214502.17,9,25,chair,1
0111171_neurosketch,24,furniture,chair,408,144,1,214502.17,9,25,chair,0
0111171_neurosketch,24,furniture,chair,408,145,1,214502.17,9,25,chair,0
0111171_neurosketch,24,2,table,409,146,0,219002.87,9,5,table,1
0111171_neurosketch,24,2,table,409,147,0,219002.87,9,5,table,0
0111171_neurosketch,24,furniture,bed,410,148,0,222002.76,9,26,,1
0111171_neurosketch,24,furniture,bed,410,149,0,222002.76,9,26,,0
0111171_neurosketch,24,furniture,bed,410,150,0,222002.76,9,26,,0
0111171_neurosketch,24,furniture,bed,410,151,0,222002.76,9,26,,0
0111171_neurosketch,24,furniture,bench,411,152,1,228002.81,9,7,bench,1
0111171_neurosketch,24,furniture,bench,411,153,1,228002.81,9,7,bench,0
0111171_neurosketch,24,furniture,bench,411,154,1,228002.81,9,7,bench,0
0111171_neurosketch,24,furniture,chair,412,155,1,232502.67,9,5,chair,1
0111171_neurosketch,24,furniture,chair,412,156,1,232502.67,9,5,chair,0
0111171_neurosketch,24,furniture,chair,412,157,1,232502.67,9,5,chair,0
0111171_neurosketch,24,furniture,bench,413,158,1,237002.59,9,13,bench,1
0111171_neurosketch,24,furniture,bench,413,159,1,237002.59,9,13,bench,0
0111171_neurosketch,24,furniture,bed,414,160,0,240004.41,9,37,bed,1
0111171_neurosketch,24,furniture,bed,414,161,0,240004.41,9,37,bed,0
0111171_neurosketch,24,furniture,table,415,162,0,243002.24,9,22,table,1
0111171_neurosketch,24,furniture,table,415,163,0,243002.24,9,22,table,0
0111171_neurosketch,24,furniture,table,415,164,0,243002.24,9,22,table,0
0111171_neurosketch,24,furniture,table,416,165,0,247502.55,9,7,table,1
0111171_neurosketch,24,furniture,table,416,166,0,247502.55,9,7,table,0
0111171_neurosketch,24,furniture,table,416,167,0,247502.55,9,7,table,0
0111171_neurosketch,24,furniture,table,416,168,0,247502.55,9,7,table,0
0111171_neurosketch,24,furniture,bench,417,169,1,253502.69,9,2,bench,1
0111171_neurosketch,24,furniture,bench,417,170,1,253502.69,9,2,bench,0
0111171_neurosketch,24,furniture,bench,417,171,1,253502.69,9,2,bench,0
0111171_neurosketch,24,furniture,bench,417,172,1,253502.69,9,2,bench,0
0111171_neurosketch,24,furniture,bed,418,173,0,259501.69,9,14,bed,1
0111171_neurosketch,24,furniture,bed,418,174,0,259501.69,9,14,bed,0
0111171_neurosketch,24,2,chair,419,175,1,262502.42,9,27,chair,1
0111171_neurosketch,24,2,chair,419,176,1,262502.42,9,27,chair,0
0111171_neurosketch,24,2,chair,419,177,1,262502.42,9,27,chair,0
0111171_neurosketch,24,furniture,chair,420,178,1,267002.73,9,13,chair,1
0111171_neurosketch,24,furniture,chair,420,179,1,267002.73,9,13,chair,0
0111171_neurosketch,24,furniture,chair,420,180,1,267002.73,9,13,chair,0
0111171_neurosketch,24,furniture,chair,420,181,1,267002.73,9,13,chair,0
0111171_neurosketch,24,furniture,bench,421,182,1,273002.68,9,14,bench,1
0111171_neurosketch,24,furniture,bench,421,183,1,273002.68,9,14,bench,0
0111171_neurosketch,24,furniture,bed,422,184,0,276002.53,9,30,,1
0111171_neurosketch,24,furniture,bed,422,185,0,276002.53,9,30,,0
0111171_neurosketch,24,furniture,table,423,186,0,279002.36,9,1,table,1
0111171_neurosketch,24,furniture,table,423,187,0,279002.36,9,1,table,0
0111171_neurosketch,24,furniture,bed,424,188,0,282002.71,9,19,bed,1
0111171_neurosketch,24,furniture,bed,424,189,0,282002.71,9,19,bed,0
0111171_neurosketch,24,furniture,bed,424,190,0,282002.71,9,19,bed,0
0111171_neurosketch,24,furniture,bench,425,191,1,286502.29,9,21,bench,1
0111171_neurosketch,24,furniture,bench,425,192,1,286502.29,9,21,bench,0
0111171_neurosketch,24,furniture,bench,425,193,1,286502.29,9,21,bench,0
0111171_neurosketch,24,furniture,table,426,194,0,291001.97,9,12,table,1
0111171_neurosketch,24,furniture,table,426,195,0,291001.97,9,12,table,0
0111171_neurosketch,24,furniture,table,426,196,0,291001.97,9,12,table,0
0111171_neurosketch,24,furniture,table,426,197,0,291001.97,9,12,table,0
0111171_neurosketch,24,furniture,chair,427,198,1,297002.3,9,2,chair,1
0111171_neurosketch,24,furniture,chair,427,199,1,297002.3,9,2,chair,0
0111171_neurosketch,24,furniture,chair,427,200,1,297002.3,9,2,chair,0
0111171_neurosketch,24,furniture,chair,427,201,1,297002.3,9,2,chair,0
0111171_neurosketch,24,furniture,bed,428,202,0,303002.53,9,39,bed,1
0111171_neurosketch,24,furniture,bed,428,203,0,303002.53,9,39,bed,0
0111171_neurosketch,24,furniture,bed,428,204,0,303002.53,9,39,bed,0
0111171_neurosketch,24,2,table,429,205,0,307502.29,9,16,table,1
0111171_neurosketch,24,2,table,429,206,0,307502.29,9,16,table,0
0111171_neurosketch,24,furniture,chair,430,207,1,310503.08,9,14,chair,1
0111171_neurosketch,24,furniture,chair,430,208,1,310503.08,9,14,chair,0
0111171_neurosketch,24,furniture,chair,430,209,1,310503.08,9,14,chair,0
0111171_neurosketch,24,furniture,chair,430,210,1,310503.08,9,14,chair,0
0111171_neurosketch,24,furniture,bench,431,211,1,316504.65,9,29,bench,1
0111171_neurosketch,24,furniture,bench,431,212,1,316504.65,9,29,bench,0
0111171_neurosketch,24,furniture,bench,432,213,1,319502.51,9,34,bench,1
0111171_neurosketch,24,furniture,bench,432,214,1,319502.51,9,34,bench,0
0111171_neurosketch,24,furniture,chair,433,215,1,322502.69,9,9,chair,1
0111171_neurosketch,24,furniture,chair,433,216,1,322502.69,9,9,chair,0
0111171_neurosketch,24,furniture,bed,434,217,0,325502.75,9,3,bed,1
0111171_neurosketch,24,furniture,bed,434,218,0,325502.75,9,3,bed,0
0111171_neurosketch,24,furniture,bed,434,219,0,325502.75,9,3,bed,0
0111171_neurosketch,24,furniture,table,435,220,0,330004.4,9,9,table,1
0111171_neurosketch,24,furniture,table,435,221,0,330004.4,9,9,table,0
0111171_neurosketch,24,furniture,table,435,222,0,330004.4,9,9,table,0
0111171_neurosketch,24,furniture,bench,436,223,1,334502.12,9,15,,1
0111171_neurosketch,24,furniture,bench,436,224,1,334502.12,9,15,,0
0111171_neurosketch,24,furniture,bed,437,225,0,337502.91,9,32,bed,1
0111171_neurosketch,24,furniture,bed,437,226,0,337502.91,9,32,bed,0
0111171_neurosketch,24,furniture,bed,437,227,0,337502.91,9,32,bed,0
0111171_neurosketch,24,furniture,table,438,228,0,342003.01,9,36,table,1
0111171_neurosketch,24,furniture,table,438,229,0,342003.01,9,36,table,0
0111171_neurosketch,24,2,chair,439,230,1,345004.21,9,23,chair,1
0111171_neurosketch,24,2,chair,439,231,1,345004.21,9,23,chair,0
0111171_neurosketch,24,2,chair,439,232,1,345004.21,9,23,chair,0
0111171_neurosketch,24,2,chair,439,233,1,345004.21,9,23,chair,0
0111171_neurosketch,24,2,chair,439,234,1,345004.21,9,23,chair,0
0111171_neurosketch,24,2,chair,439,235,1,345004.21,9,23,chair,0
0111171_neurosketch,24,2,chair,439,236,1,345004.21,9,23,chair,0
0111171_neurosketch,24,2,chair,439,237,1,345004.21,9,23,chair,0
0111171_neurosketch,24,2,chair,439,238,1,345004.21,9,23,chair,0
0111171_neurosketch,24,2,chair,439,239,1,345004.21,9,23,chair,0
0111171_neurosketch,24,furniture,bench,440,0,-1,0.0,10,9,bench,0
0111171_neurosketch,24,furniture,bench,440,1,-1,0.0,10,9,bench,0
0111171_neurosketch,24,furniture,bench,440,2,-1,0.0,10,9,bench,0
0111171_neurosketch,24,furniture,bench,440,3,-1,0.0,10,9,bench,0
0111171_neurosketch,24,furniture,bench,440,4,-1,0.0,10,9,bench,0
0111171_neurosketch,24,furniture,bench,440,5,-1,0.0,10,9,bench,0
0111171_neurosketch,24,furniture,bench,440,6,-1,0.0,10,9,bench,0
0111171_neurosketch,24,furniture,bench,440,7,-1,0.0,10,9,bench,0
0111171_neurosketch,24,furniture,bench,440,8,1,12001.83,10,9,bench,1
0111171_neurosketch,24,furniture,bench,440,9,1,12001.83,10,9,bench,0
0111171_neurosketch,24,furniture,bench,440,10,1,12001.83,10,9,bench,0
0111171_neurosketch,24,furniture,bench,440,11,1,12001.83,10,9,bench,0
0111171_neurosketch,24,furniture,bed,441,12,0,18002.12,10,35,bed,1
0111171_neurosketch,24,furniture,bed,441,13,0,18002.12,10,35,bed,0
0111171_neurosketch,24,furniture,table,442,14,0,21001.23,10,37,table,1
0111171_neurosketch,24,furniture,table,442,15,0,21001.23,10,37,table,0
0111171_neurosketch,24,furniture,table,442,16,0,21001.23,10,37,table,0
0111171_neurosketch,24,furniture,chair,443,17,1,25501.96,10,15,chair,1
0111171_neurosketch,24,furniture,chair,443,18,1,25501.96,10,15,chair,0
0111171_neurosketch,24,furniture,chair,444,19,1,28503.38,10,21,chair,1
0111171_neurosketch,24,furniture,chair,444,20,1,28503.38,10,21,chair,0
0111171_neurosketch,24,furniture,chair,444,21,1,28503.38,10,21,chair,0
0111171_neurosketch,24,furniture,bench,445,22,1,33002.11,10,22,bench,1
0111171_neurosketch,24,furniture,bench,445,23,1,33002.11,10,22,bench,0
0111171_neurosketch,24,furniture,bench,445,24,1,33002.11,10,22,bench,0
0111171_neurosketch,24,furniture,table,446,25,0,37501.33,10,34,table,1
0111171_neurosketch,24,furniture,table,446,26,0,37501.33,10,34,table,0
0111171_neurosketch,24,furniture,table,446,27,0,37501.33,10,34,table,0
0111171_neurosketch,24,furniture,bed,447,28,0,42002.23,10,27,bed,1
0111171_neurosketch,24,furniture,bed,447,29,0,42002.23,10,27,bed,0
0111171_neurosketch,24,furniture,bed,447,30,0,42002.23,10,27,bed,0
0111171_neurosketch,24,furniture,bench,448,31,1,46503.46,10,38,bench,1
0111171_neurosketch,24,furniture,bench,448,32,1,46503.46,10,38,bench,0
0111171_neurosketch,24,furniture,bench,448,33,1,46503.46,10,38,bench,0
0111171_neurosketch,24,2,chair,449,34,1,51001.51,10,37,chair,1
0111171_neurosketch,24,2,chair,449,35,1,51001.51,10,37,chair,0
0111171_neurosketch,24,furniture,table,450,36,0,54002.17,10,6,table,1
0111171_neurosketch,24,furniture,table,450,37,0,54002.17,10,6,table,0
0111171_neurosketch,24,furniture,table,450,38,0,54002.17,10,6,table,0
0111171_neurosketch,24,furniture,table,450,39,0,54002.17,10,6,table,0
0111171_neurosketch,24,furniture,bed,451,40,0,60002.95,10,18,bed,1
0111171_neurosketch,24,furniture,bed,451,41,0,60002.95,10,18,bed,0
0111171_neurosketch,24,furniture,bed,451,42,0,60002.95,10,18,bed,0
0111171_neurosketch,24,furniture,table,452,43,0,64503.0,10,4,table,1
0111171_neurosketch,24,furniture,table,452,44,0,64503.0,10,4,table,0
0111171_neurosketch,24,furniture,table,452,45,0,64503.0,10,4,table,0
0111171_neurosketch,24,furniture,chair,453,46,1,69002.68,10,10,chair,1
0111171_neurosketch,24,furniture,chair,453,47,1,69002.68,10,10,chair,0
0111171_neurosketch,24,furniture,bench,454,48,1,72002.92,10,19,bench,1
0111171_neurosketch,24,furniture,bench,454,49,1,72002.92,10,19,bench,0
0111171_neurosketch,24,furniture,bed,455,50,0,75002.62,10,29,bed,1
0111171_neurosketch,24,furniture,bed,455,51,0,75002.62,10,29,bed,0
0111171_neurosketch,24,furniture,bed,455,52,0,75002.62,10,29,bed,0
0111171_neurosketch,24,furniture,table,456,53,0,79502.04,10,24,table,1
0111171_neurosketch,24,furniture,table,456,54,0,79502.04,10,24,table,0
0111171_neurosketch,24,furniture,table,456,55,0,79502.04,10,24,table,0
0111171_neurosketch,24,furniture,table,456,56,0,79502.04,10,24,table,0
0111171_neurosketch,24,furniture,bench,457,57,1,85502.12,10,36,bench,1
0111171_neurosketch,24,furniture,bench,457,58,1,85502.12,10,36,bench,0
0111171_neurosketch,24,furniture,bench,457,59,1,85502.12,10,36,bench,0
0111171_neurosketch,24,furniture,bench,457,60,1,85502.12,10,36,bench,0
0111171_neurosketch,24,furniture,chair,458,61,1,91502.53,10,4,chair,1
0111171_neurosketch,24,furniture,chair,458,62,1,91502.53,10,4,chair,0
0111171_neurosketch,24,2,bed,459,63,0,94501.66,10,33,bed,1
0111171_neurosketch,24,2,bed,459,64,0,94501.66,10,33,bed,0
0111171_neurosketch,24,2,bed,459,65,0,94501.66,10,33,bed,0
0111171_neurosketch,24,furniture,chair,460,66,1,99002.19,10,32,chair,1
0111171_neurosketch,24,furniture,chair,460,67,1,99002.19,10,32,chair,0
0111171_neurosketch,24,furniture,chair,460,68,1,99002.19,10,32,chair,0
0111171_neurosketch,24,furniture,chair,460,69,1,99002.19,10,32,chair,0
0111171_neurosketch,24,furniture,bench,461,70,1,105002.32,10,32,bench,1
0111171_neurosketch,24,furniture,bench,461,71,1,105002.32,10,32,bench,0
0111171_neurosketch,24,furniture,bed,462,72,0,108002.15,10,20,bed,1
0111171_neurosketch,24,furniture,bed,462,73,0,108002.15,10,20,bed,0
0111171_neurosketch,24,furniture,table,463,74,0,111002.4,10,33,table,1
0111171_neurosketch,24,furniture,table,463,75,0,111002.4,10,33,table,0
0111171_neurosketch,24,furniture,bed,464,76,0,114002.65,10,8,bed,1
0111171_neurosketch,24,furniture,bed,464,77,0,114002.65,10,8,bed,0
0111171_neurosketch,24,furniture,bed,464,78,0,114002.65,10,8,bed,0
0111171_neurosketch,24,furniture,table,465,79,0,118502.52,10,30,table,1
0111171_neurosketch,24,furniture,table,465,80,0,118502.52,10,30,table,0
0111171_neurosketch,24,furniture,table,465,81,0,118502.52,10,30,table,0
0111171_neurosketch,24,furniture,bench,466,82,1,123001.93,10,18,bench,1
0111171_neurosketch,24,furniture,bench,466,83,1,123001.93,10,18,bench,0
0111171_neurosketch,24,furniture,bench,466,84,1,123001.93,10,18,bench,0
0111171_neurosketch,24,furniture,bench,466,85,1,123001.93,10,18,bench,0
0111171_neurosketch,24,furniture,chair,467,86,1,129002.8,10,12,chair,1
0111171_neurosketch,24,furniture,chair,467,87,1,129002.8,10,12,chair,0
0111171_neurosketch,24,furniture,chair,467,88,1,129002.8,10,12,chair,0
0111171_neurosketch,24,furniture,chair,467,89,1,129002.8,10,12,chair,0
0111171_neurosketch,24,furniture,chair,468,90,1,135002.38,10,18,chair,1
0111171_neurosketch,24,furniture,chair,468,91,1,135002.38,10,18,chair,0
0111171_neurosketch,24,furniture,chair,468,92,1,135002.38,10,18,chair,0
0111171_neurosketch,24,2,bed,469,93,0,139502.69,10,16,bed,1
0111171_neurosketch,24,2,bed,469,94,0,139502.69,10,16,bed,0
0111171_neurosketch,24,furniture,table,470,95,0,142502.06,10,25,table,1
0111171_neurosketch,24,furniture,table,470,96,0,142502.06,10,25,table,0
0111171_neurosketch,24,furniture,table,470,97,0,142502.06,10,25,table,0
0111171_neurosketch,24,furniture,table,470,98,0,142502.06,10,25,table,0
0111171_neurosketch,24,furniture,bench,471,99,1,148502.47,10,23,bench,1
0111171_neurosketch,24,furniture,bench,471,100,1,148502.47,10,23,bench,0
0111171_neurosketch,24,furniture,table,472,101,0,151502.17,10,10,table,1
0111171_neurosketch,24,furniture,table,472,102,0,151502.17,10,10,table,0
0111171_neurosketch,24,furniture,bed,473,103,0,154502.95,10,2,bed,1
0111171_neurosketch,24,furniture,bed,473,104,0,154502.95,10,2,bed,0
0111171_neurosketch,24,furniture,bench,474,105,1,157502.71,10,5,bench,1
0111171_neurosketch,24,furniture,bench,474,106,1,157502.71,10,5,bench,0
0111171_neurosketch,24,furniture,bench,474,107,1,157502.71,10,5,bench,0
0111171_neurosketch,24,furniture,chair,475,108,1,162002.41,10,6,chair,1
0111171_neurosketch,24,furniture,chair,475,109,1,162002.41,10,6,chair,0
0111171_neurosketch,24,furniture,chair,475,110,1,162002.41,10,6,chair,0
0111171_neurosketch,24,furniture,bench,476,111,1,166503.03,10,10,bench,1
0111171_neurosketch,24,furniture,bench,476,112,1,166503.03,10,10,bench,0
0111171_neurosketch,24,furniture,chair,477,113,1,169503.0,10,19,chair,1
0111171_neurosketch,24,furniture,chair,477,114,1,169503.0,10,19,chair,0
0111171_neurosketch,24,furniture,chair,477,115,1,169503.0,10,19,chair,0
0111171_neurosketch,24,furniture,table,478,116,0,174002.91,10,39,table,1
0111171_neurosketch,24,furniture,table,478,117,0,174002.91,10,39,table,0
0111171_neurosketch,24,2,bed,479,118,0,177003.02,10,12,bed,1
0111171_neurosketch,24,2,bed,479,119,0,177003.02,10,12,bed,0
0111171_neurosketch,24,furniture,bed,480,120,0,180002.64,10,4,table,1
0111171_neurosketch,24,furniture,bed,480,121,0,180002.64,10,4,table,0
0111171_neurosketch,24,furniture,bed,480,122,0,180002.64,10,4,table,0
0111171_neurosketch,24,furniture,bed,480,123,0,180002.64,10,4,table,0
0111171_neurosketch,24,furniture,table,481,124,0,186004.03,10,15,table,1
0111171_neurosketch,24,furniture,table,481,125,0,186004.03,10,15,table,0
0111171_neurosketch,24,furniture,bench,482,126,1,189002.18,10,17,bench,1
0111171_neurosketch,24,furniture,bench,482,127,1,189002.18,10,17,bench,0
0111171_neurosketch,24,furniture,bench,482,128,1,189002.18,10,17,bench,0
0111171_neurosketch,24,furniture,chair,483,129,1,193502.52,10,31,chair,1
0111171_neurosketch,24,furniture,chair,483,130,1,193502.52,10,31,chair,0
0111171_neurosketch,24,furniture,bed,484,131,0,196502.67,10,13,bed,1
0111171_neurosketch,24,furniture,bed,484,132,0,196502.67,10,13,bed,0
0111171_neurosketch,24,furniture,bed,484,133,0,196502.67,10,13,bed,0
0111171_neurosketch,24,furniture,chair,485,134,1,201002.59,10,29,chair,1
0111171_neurosketch,24,furniture,chair,485,135,1,201002.59,10,29,chair,0
0111171_neurosketch,24,furniture,chair,485,136,1,201002.59,10,29,chair,0
0111171_neurosketch,24,furniture,table,486,137,0,205501.79,10,0,table,1
0111171_neurosketch,24,furniture,table,486,138,0,205501.79,10,0,table,0
0111171_neurosketch,24,furniture,table,486,139,0,205501.79,10,0,table,0
0111171_neurosketch,24,furniture,bench,487,140,1,210003.04,10,25,bench,1
0111171_neurosketch,24,furniture,bench,487,141,1,210003.04,10,25,bench,0
0111171_neurosketch,24,furniture,bench,487,142,1,210003.04,10,25,bench,0
0111171_neurosketch,24,furniture,bench,488,143,1,214502.13,10,28,bench,1
0111171_neurosketch,24,furniture,bench,488,144,1,214502.13,10,28,bench,0
0111171_neurosketch,24,furniture,bench,488,145,1,214502.13,10,28,bench,0
0111171_neurosketch,24,2,table,489,146,0,219002.77,10,23,table,1
0111171_neurosketch,24,2,table,489,147,0,219002.77,10,23,table,0
0111171_neurosketch,24,furniture,chair,490,148,1,222001.9,10,8,chair,1
0111171_neurosketch,24,furniture,chair,490,149,1,222001.9,10,8,chair,0
0111171_neurosketch,24,furniture,chair,490,150,1,222001.9,10,8,chair,0
0111171_neurosketch,24,furniture,chair,490,151,1,222001.9,10,8,chair,0
0111171_neurosketch,24,furniture,bed,491,152,0,228002.55,10,1,bed,1
0111171_neurosketch,24,furniture,bed,491,153,0,228002.55,10,1,bed,0
0111171_neurosketch,24,furniture,bed,491,154,0,228002.55,10,1,bed,0
0111171_neurosketch,24,furniture,bed,492,155,0,232502.98,10,5,bed,1
0111171_neurosketch,24,furniture,bed,492,156,0,232502.98,10,5,bed,0
0111171_neurosketch,24,furniture,bed,492,157,0,232502.98,10,5,bed,0
0111171_neurosketch,24,furniture,chair,493,158,1,237002.35,10,24,chair,1
0111171_neurosketch,24,furniture,chair,493,159,1,237002.35,10,24,chair,0
0111171_neurosketch,24,furniture,table,494,160,0,240002.53,10,35,,1
0111171_neurosketch,24,furniture,table,494,161,0,240002.53,10,35,,0
0111171_neurosketch,24,furniture,bench,495,162,1,243003.04,10,4,bench,1
0111171_neurosketch,24,furniture,bench,495,163,1,243003.04,10,4,bench,0
0111171_neurosketch,24,furniture,bench,495,164,1,243003.04,10,4,bench,0
0111171_neurosketch,24,furniture,chair,496,165,1,247502.47,10,28,chair,1
0111171_neurosketch,24,furniture,chair,496,166,1,247502.47,10,28,chair,0
0111171_neurosketch,24,furniture,chair,496,167,1,247502.47,10,28,chair,0
0111171_neurosketch,24,furniture,chair,496,168,1,247502.47,10,28,chair,0
0111171_neurosketch,24,furniture,bed,497,169,0,253502.06,10,7,bed,1
0111171_neurosketch,24,furniture,bed,497,170,0,253502.06,10,7,bed,0
0111171_neurosketch,24,furniture,bed,497,171,0,253502.06,10,7,bed,0
0111171_neurosketch,24,furniture,bed,497,172,0,253502.06,10,7,bed,0
0111171_neurosketch,24,furniture,bench,498,173,1,259502.84,10,1,bench,1
0111171_neurosketch,24,furniture,bench,498,174,1,259502.84,10,1,bench,0
0111171_neurosketch,24,2,table,499,175,0,262502.59,10,38,table,1
0111171_neurosketch,24,2,table,499,176,0,262502.59,10,38,table,0
0111171_neurosketch,24,2,table,499,177,0,262502.59,10,38,table,0
0111171_neurosketch,24,furniture,chair,500,178,1,267002.85,10,11,chair,1
0111171_neurosketch,24,furniture,chair,500,179,1,267002.85,10,11,chair,0
0111171_neurosketch,24,furniture,chair,500,180,1,267002.85,10,11,chair,0
0111171_neurosketch,24,furniture,chair,500,181,1,267002.85,10,11,chair,0
0111171_neurosketch,24,furniture,bed,501,182,0,273002.22,10,34,bed,1
0111171_neurosketch,24,furniture,bed,501,183,0,273002.22,10,34,bed,0
0111171_neurosketch,24,furniture,bench,502,184,1,276002.6,10,11,bench,1
0111171_neurosketch,24,furniture,bench,502,185,1,276002.6,10,11,bench,0
0111171_neurosketch,24,furniture,table,503,186,0,279003.04,10,28,table,1
0111171_neurosketch,24,furniture,table,503,187,0,279003.04,10,28,table,0
0111171_neurosketch,24,furniture,bed,504,188,0,282001.91,10,10,bed,1
0111171_neurosketch,24,furniture,bed,504,189,0,282001.91,10,10,bed,0
0111171_neurosketch,24,furniture,bed,504,190,0,282001.91,10,10,bed,0
0111171_neurosketch,24,furniture,chair,505,191,1,286502.68,10,17,chair,1
0111171_neurosketch,24,furniture,chair,505,192,1,286502.68,10,17,chair,0
0111171_neurosketch,24,furniture,chair,505,193,1,286502.68,10,17,chair,0
0111171_neurosketch,24,furniture,bench,506,194,1,291003.1,10,35,bench,1
0111171_neurosketch,24,furniture,bench,506,195,1,291003.1,10,35,bench,0
0111171_neurosketch,24,furniture,bench,506,196,1,291003.1,10,35,bench,0
0111171_neurosketch,24,furniture,bench,506,197,1,291003.1,10,35,bench,0
0111171_neurosketch,24,furniture,table,507,198,0,297002.24,10,8,table,1
0111171_neurosketch,24,furniture,table,507,199,0,297002.24,10,8,table,0
0111171_neurosketch,24,furniture,table,507,200,0,297002.24,10,8,table,0
0111171_neurosketch,24,furniture,table,507,201,0,297002.24,10,8,table,0
0111171_neurosketch,24,furniture,table,508,202,0,303002.56,10,32,table,1
0111171_neurosketch,24,furniture,table,508,203,0,303002.56,10,32,table,0
0111171_neurosketch,24,furniture,table,508,204,0,303002.56,10,32,table,0
0111171_neurosketch,24,2,chair,509,205,1,307502.18,10,7,chair,1
0111171_neurosketch,24,2,chair,509,206,1,307502.18,10,7,chair,0
0111171_neurosketch,24,furniture,bed,510,207,0,310502.69,10,25,bed,1
0111171_neurosketch,24,furniture,bed,510,208,0,310502.69,10,25,bed,0
0111171_neurosketch,24,furniture,bed,510,209,0,310502.69,10,25,bed,0
0111171_neurosketch,24,furniture,bed,510,210,0,310502.69,10,25,bed,0
0111171_neurosketch,24,furniture,bench,511,211,1,316502.25,10,31,bench,1
0111171_neurosketch,24,furniture,bench,511,212,1,316502.25,10,31,bench,0
0111171_neurosketch,24,furniture,chair,512,213,1,319502.3,10,38,chair,1
0111171_neurosketch,24,furniture,chair,512,214,1,319502.3,10,38,chair,0
0111171_neurosketch,24,furniture,bed,513,215,0,322502.95,10,36,bed,1
0111171_neurosketch,24,furniture,bed,513,216,0,322502.95,10,36,bed,0
0111171_neurosketch,24,furniture,table,514,217,0,325502.74,10,18,table,1
0111171_neurosketch,24,furniture,table,514,218,0,325502.74,10,18,table,0
0111171_neurosketch,24,furniture,table,514,219,0,325502.74,10,18,table,0
0111171_neurosketch,24,furniture,bench,515,220,1,330002.57,10,33,bench,1
0111171_neurosketch,24,furniture,bench,515,221,1,330002.57,10,33,bench,0
0111171_neurosketch,24,furniture,bench,515,222,1,330002.57,10,33,bench,0
0111171_neurosketch,24,furniture,bed,516,223,0,334502.63,10,17,bed,1
0111171_neurosketch,24,furniture,bed,516,224,0,334502.63,10,17,bed,0
0111171_neurosketch,24,furniture,table,517,225,0,337503.97,10,31,table,1
0111171_neurosketch,24,furniture,table,517,226,0,337503.97,10,31,table,0
0111171_neurosketch,24,furniture,table,517,227,0,337503.97,10,31,table,0
0111171_neurosketch,24,furniture,bench,518,228,1,342002.94,10,30,bench,1
0111171_neurosketch,24,furniture,bench,518,229,1,342002.94,10,30,bench,0
0111171_neurosketch,24,2,chair,519,230,1,345002.37,10,16,chair,1
0111171_neurosketch,24,2,chair,519,231,1,345002.37,10,16,chair,0
0111171_neurosketch,24,2,chair,519,232,1,345002.37,10,16,chair,0
0111171_neurosketch,24,2,chair,519,233,1,345002.37,10,16,chair,0
0111171_neurosketch,24,2,chair,519,234,1,345002.37,10,16,chair,0
0111171_neurosketch,24,2,chair,519,235,1,345002.37,10,16,chair,0
0111171_neurosketch,24,2,chair,519,236,1,345002.37,10,16,chair,0
0111171_neurosketch,24,2,chair,519,237,1,345002.37,10,16,chair,0
0111171_neurosketch,24,2,chair,519,238,1,345002.37,10,16,chair,0
0111171_neurosketch,24,2,chair,519,239,1,345002.37,10,16,chair,0
