wID,versionNum,category,object,trial,TRnum,condition,onset_time,run_num,viewpoint,response,onset
0112171_neurosketch,27,furniture,bench,0,0,-1,0.0,1,13,,0
0112171_neurosketch,27,furniture,bench,0,1,-1,0.0,1,13,,0
0112171_neurosketch,27,furniture,bench,0,2,-1,0.0,1,13,,0
0112171_neurosketch,27,furniture,bench,0,3,-1,0.0,1,13,,0
0112171_neurosketch,27,furniture,bench,0,4,-1,0.0,1,13,,0
0112171_neurosketch,27,furniture,bench,0,5,-1,0.0,1,13,,0
0112171_neurosketch,27,furniture,bench,0,6,-1,0.0,1,13,,0
0112171_neurosketch,27,furniture,bench,0,7,-1,0.0,1,13,,0
0112171_neurosketch,27,furniture,bench,0,8,0,12004.17,1,13,,1
0112171_neurosketch,27,furniture,bench,0,9,0,12004.17,1,13,,0
0112171_neurosketch,27,furniture,bench,0,10,0,12004.17,1,13,,0
0112171_neurosketch,27,furniture,bench,0,11,0,12004.17,1,13,,0
0112171_neurosketch,27,furniture,bench,0,12,0,12004.17,1,13,,0
0112171_neurosketch,27,furniture,bed,1,13,1,19504.39,1,23,bed,1
0112171_neurosketch,27,furniture,bed,1,14,1,19504.39,1,23,bed,0
0112171_neurosketch,27,furniture,bed,1,15,1,19504.39,1,23,bed,0
0112171_neurosketch,27,furniture,bed,1,16,1,19504.39,1,23,bed,0
0112171_neurosketch,27,furniture,table,2,17,1,25501.63,1,11,table,1
0112171_neurosketch,27,furniture,table,2,18,1,25501.63,1,11,table,0
0112171_neurosketch,27,furniture,table,2,19,1,25501.63,1,11,table,0
0112171_neurosketch,27,furniture,chair,3,20,0,30001.8,1,29,chair,1
0112171_neurosketch,27,furniture,chair,3,21,0,30001.8,1,29,chair,0
0112171_neurosketch,27,furniture,chair,3,22,0,30001.8,1,29,chair,0
0112171_neurosketch,27,furniture,chair,3,23,0,30001.8,1,29,chair,0
0112171_neurosketch,27,furniture,bench,4,24,0,36003.33,1,17,bench,1
0112171_neurosketch,27,furniture,bench,4,25,0,36003.33,1,17,bench,0
0112171_neurosketch,27,furniture,table,5,26,1,39003.99,1,13,table,1
0112171_neurosketch,27,furniture,table,5,27,1,39003.99,1,13,table,0
0112171_neurosketch,27,furniture,bed,6,28,1,42002.62,1,26,bed,1
0112171_neurosketch,27,furniture,bed,6,29,1,42002.62,1,26,bed,0
0112171_neurosketch,27,furniture,bed,6,30,1,42002.62,1,26,bed,0
0112171_neurosketch,27,furniture,chair,7,31,0,46502.25,1,21,chair,1
0112171_neurosketch,27,furniture,chair,7,32,0,46502.25,1,21,chair,0
0112171_neurosketch,27,furniture,bench,8,33,0,49502.32,1,1,bench,1
0112171_neurosketch,27,furniture,bench,8,34,0,49502.32,1,1,bench,0
0112171_neurosketch,27,2,chair,9,35,0,52501.5,1,36,chair,1
0112171_neurosketch,27,2,chair,9,36,0,52501.5,1,36,chair,0
0112171_neurosketch,27,furniture,bed,10,37,1,55502.18,1,33,bed,1
0112171_neurosketch,27,furniture,bed,10,38,1,55502.18,1,33,bed,0
0112171_neurosketch,27,furniture,bed,10,39,1,55502.18,1,33,bed,0
0112171_neurosketch,27,furniture,bed,10,40,1,55502.18,1,33,bed,0
0112171_neurosketch,27,furniture,table,11,41,1,61502.36,1,5,table,1
0112171_neurosketch,27,furniture,table,11,42,1,61502.36,1,5,table,0
0112171_neurosketch,27,furniture,table,11,43,1,61502.36,1,5,table,0
0112171_neurosketch,27,furniture,table,12,44,1,66003.45,1,32,table,1
0112171_neurosketch,27,furniture,table,12,45,1,66003.45,1,32,table,0
0112171_neurosketch,27,furniture,table,12,46,1,66003.45,1,32,table,0
0112171_neurosketch,27,furniture,chair,13,47,0,70502.27,1,1,chair,1
0112171_neurosketch,27,furniture,chair,13,48,0,70502.27,1,1,chair,0
0112171_neurosketch,27,furniture,chair,13,49,0,70502.27,1,1,chair,0
0112171_neurosketch,27,furniture,bench,14,50,0,75002.12,1,15,bench,1
0112171_neurosketch,27,furniture,bench,14,51,0,75002.12,1,15,bench,0
0112171_neurosketch,27,furniture,bed,15,52,1,78002.62,1,20,,1
0112171_neurosketch,27,furniture,bed,15,53,1,78002.62,1,20,,0
0112171_neurosketch,27,furniture,bed,15,54,1,78002.62,1,20,,0
0112171_neurosketch,27,furniture,bed,15,55,1,78002.62,1,20,,0
0112171_neurosketch,27,furniture,bench,16,56,0,84002.76,1,0,bench,1
0112171_neurosketch,27,furniture,bench,16,57,0,84002.76,1,0,bench,0
0112171_neurosketch,27,furniture,bench,16,58,0,84002.76,1,0,bench,0
0112171_neurosketch,27,furniture,bench,16,59,0,84002.76,1,0,bench,0
0112171_neurosketch,27,furniture,chair,17,60,0,90002.76,1,6,chair,1
0112171_neurosketch,27,furniture,chair,17,61,0,90002.76,1,6,chair,0
0112171_neurosketch,27,furniture,chair,17,62,0,90002.76,1,6,chair,0
0112171_neurosketch,27,furniture,bed,18,63,1,94502.08,1,31,bed,1
0112171_neurosketch,27,furniture,bed,18,64,1,94502.08,1,31,bed,0
0112171_neurosketch,27,2,table,19,65,1,97502.72,1,30,table,1
0112171_neurosketch,27,2,table,19,66,1,97502.72,1,30,table,0
0112171_neurosketch,27,2,table,19,67,1,97502.72,1,30,table,0
0112171_neurosketch,27,furniture,bed,20,68,1,102002.79,1,24,bed,1
0112171_neurosketch,27,furniture,bed,20,69,1,102002.79,1,24,bed,0
0112171_neurosketch,27,furniture,bench,21,70,0,105004.7,1,27,bench,1
0112171_neurosketch,27,furniture,bench,21,71,0,105004.7,1,27,bench,0
0112171_neurosketch,27,furniture,table,22,72,1,108002.68,1,37,table,1
0112171_neurosketch,27,furniture,table,22,73,1,108002.68,1,37,table,0
0112171_neurosketch,27,furniture,table,22,74,1,108002.68,1,37,table,0
0112171_neurosketch,27,furniture,table,22,75,1,108002.68,1,37,table,0
0112171_neurosketch,27,furniture,chair,23,76,0,114003.0,1,26,chair,1
0112171_neurosketch,27,furniture,chair,23,77,0,114003.0,1,26,chair,0
0112171_neurosketch,27,furniture,chair,23,78,0,114003.0,1,26,chair,0
0112171_neurosketch,27,furniture,chair,23,79,0,114003.0,1,26,chair,0
0112171_neurosketch,27,furniture,bench,24,80,0,120002.93,1,11,bench,1
0112171_neurosketch,27,furniture,bench,24,81,0,120002.93,1,11,bench,0
0112171_neurosketch,27,furniture,bench,24,82,0,120002.93,1,11,bench,0
0112171_neurosketch,27,furniture,bed,25,83,1,124502.57,1,7,bed,1
0112171_neurosketch,27,furniture,bed,25,84,1,124502.57,1,7,bed,0
0112171_neurosketch,27,furniture,bed,25,85,1,124502.57,1,7,bed,0
0112171_neurosketch,27,furniture,bed,25,86,1,124502.57,1,7,bed,0
0112171_neurosketch,27,furniture,chair,26,87,0,130502.84,1,2,chair,1
0112171_neurosketch,27,furniture,chair,26,88,0,130502.84,1,2,chair,0
0112171_neurosketch,27,furniture,table,27,89,1,133502.74,1,19,table,1
0112171_neurosketch,27,furniture,table,27,90,1,133502.74,1,19,table,0
0112171_neurosketch,27,furniture,table,27,91,1,133502.74,1,19,table,0
0112171_neurosketch,27,furniture,bench,28,92,0,138002.76,1,10,bench,1
0112171_neurosketch,27,furniture,bench,28,93,0,138002.76,1,10,bench,0
0112171_neurosketch,27,2,chair,29,94,0,141002.82,1,39,chair,1
0112171_neurosketch,27,2,chair,29,95,0,141002.82,1,39,chair,0
0112171_neurosketch,27,2,chair,29,96,0,141002.82,1,39,chair,0
0112171_neurosketch,27,furniture,bed,30,97,1,145503.03,1,34,bed,1
0112171_neurosketch,27,furniture,bed,30,98,1,145503.03,1,34,bed,0
0112171_neurosketch,27,furniture,table,31,99,1,148502.12,1,36,table,1
0112171_neurosketch,27,furniture,table,31,100,1,148502.12,1,36,table,0
0112171_neurosketch,27,furniture,table,31,101,1,148502.12,1,36,table,0
0112171_neurosketch,27,furniture,bench,32,102,0,153003.28,1,22,,1
0112171_neurosketch,27,furniture,bench,32,103,0,153003.28,1,22,,0
0112171_neurosketch,27,furniture,chair,33,104,0,156004.69,1,13,chair,1
0112171_neurosketch,27,furniture,chair,33,105,0,156004.69,1,13,chair,0
0112171_neurosketch,27,furniture,table,34,106,1,159002.29,1,34,table,1
0112171_neurosketch,27,furniture,table,34,107,1,159002.29,1,34,table,0
0112171_neurosketch,27,furniture,table,34,108,1,159002.29,1,34,table,0
0112171_neurosketch,27,furniture,bed,35,109,1,163502.48,1,14,bed,1
0112171_neurosketch,27,furniture,bed,35,110,1,163502.48,1,14,bed,0
0112171_neurosketch,27,furniture,bed,35,111,1,163502.48,1,14,bed,0
0112171_neurosketch,27,furniture,bed,36,112,1,168002.83,1,2,bed,1
0112171_neurosketch,27,furniture,bed,36,113,1,168002.83,1,2,bed,0
0112171_neurosketch,27,furniture,bed,36,114,1,168002.83,1,2,bed,0
0112171_neurosketch,27,furniture,table,37,115,1,172502.99,1,0,table,1
0112171_neurosketch,27,furniture,table,37,116,1,172502.99,1,0,table,0
0112171_neurosketch,27,furniture,table,37,117,1,172502.99,1,0,table,0
0112171_neurosketch,27,furniture,chair,38,118,0,177004.23,1,9,chair,1
0112171_neurosketch,27,furniture,chair,38,119,0,177004.23,1,9,chair,0
0112171_neurosketch,27,2,bench,39,120,0,180003.41,1,36,bench,1
0112171_neurosketch,27,2,bench,39,121,0,180003.41,1,36,bench,0
0112171_neurosketch,27,2,bench,39,122,0,180003.41,1,36,bench,0
0112171_neurosketch,27,furniture,bench,40,123,0,184502.64,1,39,bench,1
0112171_neurosketch,27,furniture,bench,40,124,0,184502.64,1,39,bench,0
0112171_neurosketch,27,furniture,chair,41,125,0,187502.05,1,7,chair,1
0112171_neurosketch,27,furniture,chair,41,126,0,187502.05,1,7,chair,0
0112171_neurosketch,27,furniture,chair,41,127,0,187502.05,1,7,chair,0
0112171_neurosketch,27,furniture,chair,41,128,0,187502.05,1,7,chair,0
0112171_neurosketch,27,furniture,table,42,129,1,193503.1,1,28,table,1
0112171_neurosketch,27,furniture,table,42,130,1,193503.1,1,28,table,0
0112171_neurosketch,27,furniture,table,42,131,1,193503.1,1,28,table,0
0112171_neurosketch,27,furniture,bed,43,132,1,198002.98,1,30,bed,1
0112171_neurosketch,27,furniture,bed,43,133,1,198002.98,1,30,bed,0
0112171_neurosketch,27,furniture,bed,43,134,1,198002.98,1,30,bed,0
0112171_neurosketch,27,furniture,bed,43,135,1,198002.98,1,30,bed,0
0112171_neurosketch,27,furniture,chair,44,136,0,204002.58,1,34,chair,1
0112171_neurosketch,27,furniture,chair,44,137,0,204002.58,1,34,chair,0
0112171_neurosketch,27,furniture,table,45,138,1,207002.84,1,29,table,1
0112171_neurosketch,27,furniture,table,45,139,1,207002.84,1,29,table,0
0112171_neurosketch,27,furniture,bed,46,140,1,210002.29,1,4,bed,1
0112171_neurosketch,27,furniture,bed,46,141,1,210002.29,1,4,bed,0
0112171_neurosketch,27,furniture,bed,46,142,1,210002.29,1,4,bed,0
0112171_neurosketch,27,furniture,bench,47,143,0,214503.18,1,18,bench,1
0112171_neurosketch,27,furniture,bench,47,144,0,214503.18,1,18,bench,0
0112171_neurosketch,27,furniture,bench,48,145,0,217502.26,1,38,bench,1
0112171_neurosketch,27,furniture,bench,48,146,0,217502.26,1,38,bench,0
0112171_neurosketch,27,2,table,49,147,1,220502.62,1,24,table,1
0112171_neurosketch,27,2,table,49,148,1,220502.62,1,24,table,0
0112171_neurosketch,27,furniture,bed,50,149,1,223503.09,1,8,bed,1
0112171_neurosketch,27,furniture,bed,50,150,1,223503.09,1,8,bed,0
0112171_neurosketch,27,furniture,bed,50,151,1,223503.09,1,8,bed,0
0112171_neurosketch,27,furniture,bed,50,152,1,223503.09,1,8,bed,0
0112171_neurosketch,27,furniture,chair,51,153,0,229502.12,1,14,bench,1
0112171_neurosketch,27,furniture,chair,51,154,0,229502.12,1,14,bench,0
0112171_neurosketch,27,furniture,chair,51,155,0,229502.12,1,14,bench,0
0112171_neurosketch,27,furniture,bed,52,156,1,234003.26,1,10,bed,1
0112171_neurosketch,27,furniture,bed,52,157,1,234003.26,1,10,bed,0
0112171_neurosketch,27,furniture,bed,52,158,1,234003.26,1,10,bed,0
0112171_neurosketch,27,furniture,bench,53,159,0,238503.02,1,33,bench,1
0112171_neurosketch,27,furniture,bench,53,160,0,238503.02,1,33,bench,0
0112171_neurosketch,27,furniture,bench,53,161,0,238503.02,1,33,bench,0
0112171_neurosketch,27,furniture,chair,54,162,0,243003.75,1,19,chair,1
0112171_neurosketch,27,furniture,chair,54,163,0,243003.75,1,19,chair,0
0112171_neurosketch,27,furniture,table,55,164,1,246002.65,1,21,bed,1
0112171_neurosketch,27,furniture,table,55,165,1,246002.65,1,21,bed,0
0112171_neurosketch,27,furniture,table,55,166,1,246002.65,1,21,bed,0
0112171_neurosketch,27,furniture,table,55,167,1,246002.65,1,21,bed,0
0112171_neurosketch,27,furniture,bed,56,168,1,252002.52,1,17,bed,1
0112171_neurosketch,27,furniture,bed,56,169,1,252002.52,1,17,bed,0
0112171_neurosketch,27,furniture,bed,56,170,1,252002.52,1,17,bed,0
0112171_neurosketch,27,furniture,bed,56,171,1,252002.52,1,17,bed,0
0112171_neurosketch,27,furniture,chair,57,172,0,258003.16,1,28,chair,1
0112171_neurosketch,27,furniture,chair,57,173,0,258003.16,1,28,chair,0
0112171_neurosketch,27,furniture,chair,57,174,0,258003.16,1,28,chair,0
0112171_neurosketch,27,furniture,table,58,175,1,262503.2,1,20,table,1
0112171_neurosketch,27,furniture,table,58,176,1,262503.2,1,20,table,0
0112171_neurosketch,27,2,bench,59,177,0,265502.52,1,6,bench,1
0112171_neurosketch,27,2,bench,59,178,0,265502.52,1,6,bench,0
0112171_neurosketch,27,2,bench,59,179,0,265502.52,1,6,bench,0
0112171_neurosketch,27,furniture,bench,60,180,0,270002.2,1,21,bench,1
0112171_neurosketch,27,furniture,bench,60,181,0,270002.2,1,21,bench,0
0112171_neurosketch,27,furniture,chair,61,182,0,273002.81,1,8,chair,1
0112171_neurosketch,27,furniture,chair,61,183,0,273002.81,1,8,chair,0
0112171_neurosketch,27,furniture,bed,62,184,1,276002.56,1,13,bed,1
0112171_neurosketch,27,furniture,bed,62,185,1,276002.56,1,13,bed,0
0112171_neurosketch,27,furniture,bed,62,186,1,276002.56,1,13,bed,0
0112171_neurosketch,27,furniture,bed,62,187,1,276002.56,1,13,bed,0
0112171_neurosketch,27,furniture,table,63,188,1,282003.75,1,9,table,1
0112171_neurosketch,27,furniture,table,63,189,1,282003.75,1,9,table,0
0112171_neurosketch,27,furniture,table,63,190,1,282003.75,1,9,table,0
0112171_neurosketch,27,furniture,table,63,191,1,282003.75,1,9,table,0
0112171_neurosketch,27,furniture,bed,64,192,1,288003.58,1,32,bed,1
0112171_neurosketch,27,furniture,bed,64,193,1,288003.58,1,32,bed,0
0112171_neurosketch,27,furniture,bed,64,194,1,288003.58,1,32,bed,0
0112171_neurosketch,27,furniture,chair,65,195,0,292503.6,1,27,chair,1
0112171_neurosketch,27,furniture,chair,65,196,0,292503.6,1,27,chair,0
0112171_neurosketch,27,furniture,chair,65,197,0,292503.6,1,27,chair,0
0112171_neurosketch,27,furniture,chair,65,198,0,292503.6,1,27,chair,0
0112171_neurosketch,27,furniture,bench,66,199,0,298502.94,1,26,bench,1
0112171_neurosketch,27,furniture,bench,66,200,0,298502.94,1,26,bench,0
0112171_neurosketch,27,furniture,table,67,201,1,301503.05,1,26,table,1
0112171_neurosketch,27,furniture,table,67,202,1,301503.05,1,26,table,0
0112171_neurosketch,27,furniture,table,67,203,1,301503.05,1,26,table,0
0112171_neurosketch,27,furniture,bench,68,204,0,306003.11,1,19,bench,1
0112171_neurosketch,27,furniture,bench,68,205,0,306003.11,1,19,bench,0
0112171_neurosketch,27,2,chair,69,206,0,309003.0,1,16,chair,1
0112171_neurosketch,27,2,chair,69,207,0,309003.0,1,16,chair,0
0112171_neurosketch,27,2,chair,69,208,0,309003.0,1,16,chair,0
0112171_neurosketch,27,furniture,bed,70,209,1,313503.03,1,27,bed,1
0112171_neurosketch,27,furniture,bed,70,210,1,313503.03,1,27,bed,0
0112171_neurosketch,27,furniture,table,71,211,1,316502.12,1,38,table,1
0112171_neurosketch,27,furniture,table,71,212,1,316502.12,1,38,table,0
0112171_neurosketch,27,furniture,table,71,213,1,316502.12,1,38,table,0
0112171_neurosketch,27,furniture,bed,72,214,1,321002.21,1,18,bed,1
0112171_neurosketch,27,furniture,bed,72,215,1,321002.21,1,18,bed,0
0112171_neurosketch,27,furniture,chair,73,216,0,324002.21,1,22,chair,1
0112171_neurosketch,27,furniture,chair,73,217,0,324002.21,1,22,chair,0
0112171_neurosketch,27,furniture,table,74,218,1,327002.06,1,10,table,1
0112171_neurosketch,27,furniture,table,74,219,1,327002.06,1,10,table,0
0112171_neurosketch,27,furniture,table,74,220,1,327002.06,1,10,table,0
0112171_neurosketch,27,furniture,bench,75,221,0,331502.12,1,9,bench,1
0112171_neurosketch,27,furniture,bench,75,222,0,331502.12,1,9,bench,0
0112171_neurosketch,27,furniture,bench,75,223,0,331502.12,1,9,bench,0
0112171_neurosketch,27,furniture,bed,76,224,1,336002.99,1,38,bed,1
0112171_neurosketch,27,furniture,bed,76,225,1,336002.99,1,38,bed,0
0112171_neurosketch,27,furniture,bed,76,226,1,336002.99,1,38,bed,0
0112171_neurosketch,27,furniture,table,77,227,1,340501.52,1,27,table,1
0112171_neurosketch,27,furniture,table,77,228,1,340501.52,1,27,table,0
0112171_neurosketch,27,furniture,table,77,229,1,340501.52,1,27,table,0
0112171_neurosketch,27,furniture,bench,78,230,0,345002.42,1,25,bench,1
0112171_neurosketch,27,furniture,bench,78,231,0,345002.42,1,25,bench,0
0112171_neurosketch,27,2,chair,79,232,0,348001.5,1,32,chair,1
0112171_neurosketch,27,2,chair,79,233,0,348001.5,1,32,chair,0
0112171_neurosketch,27,2,chair,79,234,0,348001.5,1,32,chair,0
0112171_neurosketch,27,2,chair,79,235,0,348001.5,1,32,chair,0
0112171_neurosketch,27,2,chair,79,236,0,348001.5,1,32,chair,0
0112171_neurosketch,27,2,chair,79,237,0,348001.5,1,32,chair,0
0112171_neurosketch,27,2,chair,79,238,0,348001.5,1,32,chair,0
0112171_neurosketch,27,2,chair,79,239,0,348001.5,1,32,chair,0
0112171_neurosketch,27,furniture,bed,80,0,-1,0.0,2,1,bed,0
0112171_neurosketch,27,furniture,bed,80,1,-1,0.0,2,1,bed,0
0112171_neurosketch,27,furniture,bed,80,2,-1,0.0,2,1,bed,0
0112171_neurosketch,27,furniture,bed,80,3,-1,0.0,2,1,bed,0
0112171_neurosketch,27,furniture,bed,80,4,-1,0.0,2,1,bed,0
0112171_neurosketch,27,furniture,bed,80,5,-1,0.0,2,1,bed,0
0112171_neurosketch,27,furniture,bed,80,6,-1,0.0,2,1,bed,0
0112171_neurosketch,27,furniture,bed,80,7,-1,0.0,2,1,bed,0
0112171_neurosketch,27,furniture,bed,80,8,1,12001.98,2,1,bed,1
0112171_neurosketch,27,furniture,bed,80,9,1,12001.98,2,1,bed,0
0112171_neurosketch,27,furniture,table,81,10,1,15001.89,2,8,table,1
0112171_neurosketch,27,furniture,table,81,11,1,15001.89,2,8,table,0
0112171_neurosketch,27,furniture,table,81,12,1,15001.89,2,8,table,0
0112171_neurosketch,27,furniture,table,81,13,1,15001.89,2,8,table,0
0112171_neurosketch,27,furniture,bench,82,14,0,21001.86,2,34,bench,1
0112171_neurosketch,27,furniture,bench,82,15,0,21001.86,2,34,bench,0
0112171_neurosketch,27,furniture,bench,82,16,0,21001.86,2,34,bench,0
0112171_neurosketch,27,furniture,chair,83,17,0,25501.63,2,18,chair,1
0112171_neurosketch,27,furniture,chair,83,18,0,25501.63,2,18,chair,0
0112171_neurosketch,27,furniture,chair,83,19,0,25501.63,2,18,chair,0
0112171_neurosketch,27,furniture,chair,83,20,0,25501.63,2,18,chair,0
0112171_neurosketch,27,furniture,bed,84,21,1,31501.4,2,5,bed,1
0112171_neurosketch,27,furniture,bed,84,22,1,31501.4,2,5,bed,0
0112171_neurosketch,27,furniture,chair,85,23,0,34502.78,2,15,chair,1
0112171_neurosketch,27,furniture,chair,85,24,0,34502.78,2,15,chair,0
0112171_neurosketch,27,furniture,table,86,25,1,37501.79,2,39,table,1
0112171_neurosketch,27,furniture,table,86,26,1,37501.79,2,39,table,0
0112171_neurosketch,27,furniture,table,86,27,1,37501.79,2,39,table,0
0112171_neurosketch,27,furniture,bench,87,28,0,42002.01,2,24,bench,1
0112171_neurosketch,27,furniture,bench,87,29,0,42002.01,2,24,bench,0
0112171_neurosketch,27,furniture,bench,88,30,0,45002.26,2,5,bench,1
0112171_neurosketch,27,furniture,bench,88,31,0,45002.26,2,5,bench,0
0112171_neurosketch,27,2,table,89,32,1,48001.61,2,4,table,1
0112171_neurosketch,27,2,table,89,33,1,48001.61,2,4,table,0
0112171_neurosketch,27,furniture,bed,90,34,1,51002.12,2,29,bed,1
0112171_neurosketch,27,furniture,bed,90,35,1,51002.12,2,29,bed,0
0112171_neurosketch,27,furniture,bed,90,36,1,51002.12,2,29,bed,0
0112171_neurosketch,27,furniture,bed,90,37,1,51002.12,2,29,bed,0
0112171_neurosketch,27,furniture,chair,91,38,0,57002.32,2,4,chair,1
0112171_neurosketch,27,furniture,chair,91,39,0,57002.32,2,4,chair,0
0112171_neurosketch,27,furniture,chair,91,40,0,57002.32,2,4,chair,0
0112171_neurosketch,27,furniture,bench,92,41,0,61501.75,2,32,bench,1
0112171_neurosketch,27,furniture,bench,92,42,0,61501.75,2,32,bench,0
0112171_neurosketch,27,furniture,bench,92,43,0,61501.75,2,32,bench,0
0112171_neurosketch,27,furniture,bed,93,44,1,66002.77,2,6,bed,1
0112171_neurosketch,27,furniture,bed,93,45,1,66002.77,2,6,bed,0
0112171_neurosketch,27,furniture,bed,93,46,1,66002.77,2,6,bed,0
0112171_neurosketch,27,furniture,table,94,47,1,70501.92,2,25,table,1
0112171_neurosketch,27,furniture,table,94,48,1,70501.92,2,25,table,0
0112171_neurosketch,27,furniture,chair,95,49,0,73502.56,2,20,chair,1
0112171_neurosketch,27,furniture,chair,95,50,0,73502.56,2,20,chair,0
0112171_neurosketch,27,furniture,chair,95,51,0,73502.56,2,20,chair,0
0112171_neurosketch,27,furniture,chair,95,52,0,73502.56,2,20,chair,0
0112171_neurosketch,27,furniture,chair,96,53,0,79502.93,2,10,chair,1
0112171_neurosketch,27,furniture,chair,96,54,0,79502.93,2,10,chair,0
0112171_neurosketch,27,furniture,chair,96,55,0,79502.93,2,10,chair,0
0112171_neurosketch,27,furniture,chair,96,56,0,79502.93,2,10,chair,0
0112171_neurosketch,27,furniture,table,97,57,1,85502.26,2,6,table,1
0112171_neurosketch,27,furniture,table,97,58,1,85502.26,2,6,table,0
0112171_neurosketch,27,furniture,table,97,59,1,85502.26,2,6,table,0
0112171_neurosketch,27,furniture,bench,98,60,0,90002.3,2,16,bench,1
0112171_neurosketch,27,furniture,bench,98,61,0,90002.3,2,16,bench,0
0112171_neurosketch,27,2,bed,99,62,1,93001.95,2,15,bed,1
0112171_neurosketch,27,2,bed,99,63,1,93001.95,2,15,bed,0
0112171_neurosketch,27,2,bed,99,64,1,93001.95,2,15,bed,0
0112171_neurosketch,27,furniture,table,100,65,1,97502.2,2,23,table,1
0112171_neurosketch,27,furniture,table,100,66,1,97502.2,2,23,table,0
0112171_neurosketch,27,furniture,chair,101,67,0,100501.85,2,31,chair,1
0112171_neurosketch,27,furniture,chair,101,68,0,100501.85,2,31,chair,0
0112171_neurosketch,27,furniture,bed,102,69,1,103502.52,2,28,bed,1
0112171_neurosketch,27,furniture,bed,102,70,1,103502.52,2,28,bed,0
0112171_neurosketch,27,furniture,bed,102,71,1,103502.52,2,28,bed,0
0112171_neurosketch,27,furniture,bed,102,72,1,103502.52,2,28,bed,0
0112171_neurosketch,27,furniture,bench,103,73,0,109503.07,2,12,bench,1
0112171_neurosketch,27,furniture,bench,103,74,0,109503.07,2,12,bench,0
0112171_neurosketch,27,furniture,bench,103,75,0,109503.07,2,12,bench,0
0112171_neurosketch,27,furniture,bench,103,76,0,109503.07,2,12,bench,0
0112171_neurosketch,27,furniture,chair,104,77,0,115502.32,2,35,chair,1
0112171_neurosketch,27,furniture,chair,104,78,0,115502.32,2,35,chair,0
0112171_neurosketch,27,furniture,chair,104,79,0,115502.32,2,35,chair,0
0112171_neurosketch,27,furniture,bench,105,80,0,120001.95,2,14,bench,1
0112171_neurosketch,27,furniture,bench,105,81,0,120001.95,2,14,bench,0
0112171_neurosketch,27,furniture,bench,105,82,0,120001.95,2,14,bench,0
0112171_neurosketch,27,furniture,bench,105,83,0,120001.95,2,14,bench,0
0112171_neurosketch,27,furniture,bed,106,84,1,126002.28,2,11,bed,1
0112171_neurosketch,27,furniture,bed,106,85,1,126002.28,2,11,bed,0
0112171_neurosketch,27,furniture,table,107,86,1,129001.95,2,3,table,1
0112171_neurosketch,27,furniture,table,107,87,1,129001.95,2,3,table,0
0112171_neurosketch,27,furniture,table,107,88,1,129001.95,2,3,table,0
0112171_neurosketch,27,furniture,bench,108,89,0,133502.59,2,31,bench,1
0112171_neurosketch,27,furniture,bench,108,90,0,133502.59,2,31,bench,0
0112171_neurosketch,27,2,chair,109,91,0,136502.11,2,30,chair,1
0112171_neurosketch,27,2,chair,109,92,0,136502.11,2,30,chair,0
0112171_neurosketch,27,2,chair,109,93,0,136502.11,2,30,chair,0
0112171_neurosketch,27,furniture,bed,110,94,1,141003.07,2,16,bed,1
0112171_neurosketch,27,furniture,bed,110,95,1,141003.07,2,16,bed,0
0112171_neurosketch,27,furniture,table,111,96,1,144002.12,2,15,table,1
0112171_neurosketch,27,furniture,table,111,97,1,144002.12,2,15,table,0
0112171_neurosketch,27,furniture,table,111,98,1,144002.12,2,15,table,0
0112171_neurosketch,27,furniture,bench,112,99,0,148502.05,2,35,bench,1
0112171_neurosketch,27,furniture,bench,112,100,0,148502.05,2,35,bench,0
0112171_neurosketch,27,furniture,table,113,101,1,151502.67,2,2,table,1
0112171_neurosketch,27,furniture,table,113,102,1,151502.67,2,2,table,0
0112171_neurosketch,27,furniture,bed,114,103,1,154503.34,2,22,bed,1
0112171_neurosketch,27,furniture,bed,114,104,1,154503.34,2,22,bed,0
0112171_neurosketch,27,furniture,bed,114,105,1,154503.34,2,22,bed,0
0112171_neurosketch,27,furniture,chair,115,106,0,159002.09,2,37,chair,1
0112171_neurosketch,27,furniture,chair,115,107,0,159002.09,2,37,chair,0
0112171_neurosketch,27,furniture,chair,115,108,0,159002.09,2,37,chair,0
0112171_neurosketch,27,furniture,bench,116,109,0,163504.61,2,20,bench,1
0112171_neurosketch,27,furniture,bench,116,110,0,163504.61,2,20,bench,0
0112171_neurosketch,27,furniture,bench,116,111,0,163504.61,2,20,bench,0
0112171_neurosketch,27,furniture,table,117,112,1,168002.92,2,7,table,1
0112171_neurosketch,27,furniture,table,117,113,1,168002.92,2,7,table,0
0112171_neurosketch,27,furniture,table,117,114,1,168002.92,2,7,table,0
0112171_neurosketch,27,furniture,bed,118,115,1,172502.77,2,25,bed,1
0112171_neurosketch,27,furniture,bed,118,116,1,172502.77,2,25,bed,0
0112171_neurosketch,27,2,chair,119,117,0,175501.25,2,24,chair,1
0112171_neurosketch,27,2,chair,119,118,0,175501.25,2,24,chair,0
0112171_neurosketch,27,2,chair,119,119,0,175501.25,2,24,chair,0
0112171_neurosketch,27,furniture,chair,120,120,0,180002.51,2,33,chair,1
0112171_neurosketch,27,furniture,chair,120,121,0,180002.51,2,33,chair,0
0112171_neurosketch,27,furniture,bench,121,122,0,183002.47,2,3,bench,1
0112171_neurosketch,27,furniture,bench,121,123,0,183002.47,2,3,bench,0
0112171_neurosketch,27,furniture,bench,121,124,0,183002.47,2,3,bench,0
0112171_neurosketch,27,furniture,bench,121,125,0,183002.47,2,3,bench,0
0112171_neurosketch,27,furniture,table,122,126,1,189002.33,2,17,table,1
0112171_neurosketch,27,furniture,table,122,127,1,189002.33,2,17,table,0
0112171_neurosketch,27,furniture,table,122,128,1,189002.33,2,17,table,0
0112171_neurosketch,27,furniture,bed,123,129,1,193502.09,2,39,bed,1
0112171_neurosketch,27,furniture,bed,123,130,1,193502.09,2,39,bed,0
0112171_neurosketch,27,furniture,bed,123,131,1,193502.09,2,39,bed,0
0112171_neurosketch,27,furniture,bed,123,132,1,193502.09,2,39,bed,0
0112171_neurosketch,27,furniture,bed,124,133,1,199502.31,2,12,bed,1
0112171_neurosketch,27,furniture,bed,124,134,1,199502.31,2,12,bed,0
0112171_neurosketch,27,furniture,chair,125,135,0,202502.87,2,12,chair,1
0112171_neurosketch,27,furniture,chair,125,136,0,202502.87,2,12,chair,0
0112171_neurosketch,27,furniture,table,126,137,1,205502.33,2,14,table,1
0112171_neurosketch,27,furniture,table,126,138,1,205502.33,2,14,table,0
0112171_neurosketch,27,furniture,table,126,139,1,205502.33,2,14,table,0
0112171_neurosketch,27,furniture,bench,127,140,0,210004.54,2,2,bench,1
0112171_neurosketch,27,furniture,bench,127,141,0,210004.54,2,2,bench,0
0112171_neurosketch,27,furniture,bed,128,142,1,213002.4,2,0,bed,1
0112171_neurosketch,27,furniture,bed,128,143,1,213002.4,2,0,bed,0
0112171_neurosketch,27,2,bench,129,144,0,216002.85,2,30,bench,1
0112171_neurosketch,27,2,bench,129,145,0,216002.85,2,30,bench,0
0112171_neurosketch,27,furniture,table,130,146,1,219003.53,2,22,table,1
0112171_neurosketch,27,furniture,table,130,147,1,219003.53,2,22,table,0
0112171_neurosketch,27,furniture,table,130,148,1,219003.53,2,22,table,0
0112171_neurosketch,27,furniture,table,130,149,1,219003.53,2,22,table,0
0112171_neurosketch,27,furniture,chair,131,150,0,225002.88,2,0,chair,1
0112171_neurosketch,27,furniture,chair,131,151,0,225002.88,2,0,chair,0
0112171_neurosketch,27,furniture,chair,131,152,0,225002.88,2,0,chair,0
0112171_neurosketch,27,furniture,table,132,153,1,229502.79,2,31,table,1
0112171_neurosketch,27,furniture,table,132,154,1,229502.79,2,31,table,0
0112171_neurosketch,27,furniture,table,132,155,1,229502.79,2,31,table,0
0112171_neurosketch,27,furniture,bench,133,156,0,234003.64,2,23,bench,1
0112171_neurosketch,27,furniture,bench,133,157,0,234003.64,2,23,bench,0
0112171_neurosketch,27,furniture,bench,133,158,0,234003.64,2,23,bench,0
0112171_neurosketch,27,furniture,chair,134,159,0,238502.12,2,11,chair,1
0112171_neurosketch,27,furniture,chair,134,160,0,238502.12,2,11,chair,0
0112171_neurosketch,27,furniture,bed,135,161,1,241503.79,2,21,bed,1
0112171_neurosketch,27,furniture,bed,135,162,1,241503.79,2,21,bed,0
0112171_neurosketch,27,furniture,bed,135,163,1,241503.79,2,21,bed,0
0112171_neurosketch,27,furniture,bed,135,164,1,241503.79,2,21,bed,0
0112171_neurosketch,27,furniture,bed,136,165,1,247503.52,2,19,bed,1
0112171_neurosketch,27,furniture,bed,136,166,1,247503.52,2,19,bed,0
0112171_neurosketch,27,furniture,bed,136,167,1,247503.52,2,19,bed,0
0112171_neurosketch,27,furniture,bed,136,168,1,247503.52,2,19,bed,0
0112171_neurosketch,27,furniture,chair,137,169,0,253503.47,2,25,chair,1
0112171_neurosketch,27,furniture,chair,137,170,0,253503.47,2,25,chair,0
0112171_neurosketch,27,furniture,chair,137,171,0,253503.47,2,25,chair,0
0112171_neurosketch,27,furniture,table,138,172,1,258002.91,2,18,bed,1
0112171_neurosketch,27,furniture,table,138,173,1,258002.91,2,18,bed,0
0112171_neurosketch,27,2,bench,139,174,0,261002.04,2,8,bench,1
0112171_neurosketch,27,2,bench,139,175,0,261002.04,2,8,bench,0
0112171_neurosketch,27,2,bench,139,176,0,261002.04,2,8,bench,0
0112171_neurosketch,27,furniture,chair,140,177,0,265503.0,2,5,chair,1
0112171_neurosketch,27,furniture,chair,140,178,0,265503.0,2,5,chair,0
0112171_neurosketch,27,furniture,bed,141,179,1,268502.99,2,36,bed,1
0112171_neurosketch,27,furniture,bed,141,180,1,268502.99,2,36,bed,0
0112171_neurosketch,27,furniture,table,142,181,1,271502.6,2,12,table,1
0112171_neurosketch,27,furniture,table,142,182,1,271502.6,2,12,table,0
0112171_neurosketch,27,furniture,table,142,183,1,271502.6,2,12,table,0
0112171_neurosketch,27,furniture,table,142,184,1,271502.6,2,12,table,0
0112171_neurosketch,27,furniture,bench,143,185,0,277501.32,2,28,bench,1
0112171_neurosketch,27,furniture,bench,143,186,0,277501.32,2,28,bench,0
0112171_neurosketch,27,furniture,bench,143,187,0,277501.32,2,28,bench,0
0112171_neurosketch,27,furniture,bench,143,188,0,277501.32,2,28,bench,0
0112171_neurosketch,27,furniture,bench,144,189,0,283502.2,2,37,bench,1
0112171_neurosketch,27,furniture,bench,144,190,0,283502.2,2,37,bench,0
0112171_neurosketch,27,furniture,bench,144,191,0,283502.2,2,37,bench,0
0112171_neurosketch,27,furniture,chair,145,192,0,288005.09,2,3,chair,1
0112171_neurosketch,27,furniture,chair,145,193,0,288005.09,2,3,chair,0
0112171_neurosketch,27,furniture,chair,145,194,0,288005.09,2,3,chair,0
0112171_neurosketch,27,furniture,chair,145,195,0,288005.09,2,3,chair,0
0112171_neurosketch,27,furniture,bed,146,196,1,294003.12,2,37,bed,1
0112171_neurosketch,27,furniture,bed,146,197,1,294003.12,2,37,bed,0
0112171_neurosketch,27,furniture,table,147,198,1,297002.75,2,1,table,1
0112171_neurosketch,27,furniture,table,147,199,1,297002.75,2,1,table,0
0112171_neurosketch,27,furniture,table,147,200,1,297002.75,2,1,table,0
0112171_neurosketch,27,furniture,bench,148,201,0,301502.54,2,29,bench,1
0112171_neurosketch,27,furniture,bench,148,202,0,301502.54,2,29,bench,0
0112171_neurosketch,27,2,chair,149,203,0,304502.29,2,23,chair,1
0112171_neurosketch,27,2,chair,149,204,0,304502.29,2,23,chair,0
0112171_neurosketch,27,2,chair,149,205,0,304502.29,2,23,chair,0
0112171_neurosketch,27,furniture,table,150,206,1,309002.46,2,16,table,1
0112171_neurosketch,27,furniture,table,150,207,1,309002.46,2,16,table,0
0112171_neurosketch,27,furniture,bed,151,208,1,312002.91,2,35,bed,1
0112171_neurosketch,27,furniture,bed,151,209,1,312002.91,2,35,bed,0
0112171_neurosketch,27,furniture,bed,151,210,1,312002.91,2,35,bed,0
0112171_neurosketch,27,furniture,chair,152,211,0,316502.97,2,17,chair,1
0112171_neurosketch,27,furniture,chair,152,212,0,316502.97,2,17,chair,0
0112171_neurosketch,27,furniture,table,153,213,1,319502.71,2,35,table,1
0112171_neurosketch,27,furniture,table,153,214,1,319502.71,2,35,table,0
0112171_neurosketch,27,furniture,bed,154,215,1,322502.56,2,9,bed,1
0112171_neurosketch,27,furniture,bed,154,216,1,322502.56,2,9,bed,0
0112171_neurosketch,27,furniture,bed,154,217,1,322502.56,2,9,bed,0
0112171_neurosketch,27,furniture,bench,155,218,0,327002.19,2,7,bench,1
0112171_neurosketch,27,furniture,bench,155,219,0,327002.19,2,7,bench,0
0112171_neurosketch,27,furniture,bench,155,220,0,327002.19,2,7,bench,0
0112171_neurosketch,27,furniture,table,156,221,1,331502.09,2,33,table,1
0112171_neurosketch,27,furniture,table,156,222,1,331502.09,2,33,table,0
0112171_neurosketch,27,furniture,table,156,223,1,331502.09,2,33,table,0
0112171_neurosketch,27,furniture,bed,157,224,1,336002.37,2,3,bed,1
0112171_neurosketch,27,furniture,bed,157,225,1,336002.37,2,3,bed,0
0112171_neurosketch,27,furniture,bed,157,226,1,336002.37,2,3,bed,0
0112171_neurosketch,27,furniture,chair,158,227,0,340504.01,2,38,chair,1
0112171_neurosketch,27,furniture,chair,158,228,0,340504.01,2,38,chair,0
0112171_neurosketch,27,2,bench,159,229,0,343503.0,2,4,bench,1
0112171_neurosketch,27,2,bench,159,230,0,343503.0,2,4,bench,0
0112171_neurosketch,27,2,bench,159,231,0,343503.0,2,4,bench,0
0112171_neurosketch,27,2,bench,159,232,0,343503.0,2,4,bench,0
0112171_neurosketch,27,2,bench,159,233,0,343503.0,2,4,bench,0
0112171_neurosketch,27,2,bench,159,234,0,343503.0,2,4,bench,0
0112171_neurosketch,27,2,bench,159,235,0,343503.0,2,4,bench,0
0112171_neurosketch,27,2,bench,159,236,0,343503.0,2,4,bench,0
0112171_neurosketch,27,2,bench,159,237,0,343503.0,2,4,bench,0
0112171_neurosketch,27,2,bench,159,238,0,343503.0,2,4,bench,0
0112171_neurosketch,27,2,bench,159,239,0,343503.0,2,4,bench,0
0112171_neurosketch,27,furniture,bench,160,0,-1,0.0,3,4,bench,0
0112171_neurosketch,27,furniture,bench,160,1,-1,0.0,3,4,bench,0
0112171_neurosketch,27,furniture,bench,160,2,-1,0.0,3,4,bench,0
0112171_neurosketch,27,furniture,bench,160,3,-1,0.0,3,4,bench,0
0112171_neurosketch,27,furniture,bench,160,4,-1,0.0,3,4,bench,0
0112171_neurosketch,27,furniture,bench,160,5,-1,0.0,3,4,bench,0
0112171_neurosketch,27,furniture,bench,160,6,-1,0.0,3,4,bench,0
0112171_neurosketch,27,furniture,bench,160,7,-1,0.0,3,4,bench,0
0112171_neurosketch,27,furniture,bench,160,8,0,12001.15,3,4,bench,1
0112171_neurosketch,27,furniture,bench,160,9,0,12001.15,3,4,bench,0
0112171_neurosketch,27,furniture,chair,161,10,0,15000.85,3,38,chair,1
0112171_neurosketch,27,furniture,chair,161,11,0,15000.85,3,38,chair,0
0112171_neurosketch,27,furniture,chair,161,12,0,15000.85,3,38,chair,0
0112171_neurosketch,27,furniture,chair,161,13,0,15000.85,3,38,chair,0
0112171_neurosketch,27,furniture,bed,162,14,1,21002.19,3,3,bed,1
0112171_neurosketch,27,furniture,bed,162,15,1,21002.19,3,3,bed,0
0112171_neurosketch,27,furniture,bed,162,16,1,21002.19,3,3,bed,0
0112171_neurosketch,27,furniture,table,163,17,1,25501.5,3,33,table,1
0112171_neurosketch,27,furniture,table,163,18,1,25501.5,3,33,table,0
0112171_neurosketch,27,furniture,table,163,19,1,25501.5,3,33,table,0
0112171_neurosketch,27,furniture,table,163,20,1,25501.5,3,33,table,0
0112171_neurosketch,27,furniture,bench,164,21,0,31501.54,3,7,bench,1
0112171_neurosketch,27,furniture,bench,164,22,0,31501.54,3,7,bench,0
0112171_neurosketch,27,furniture,bed,165,23,1,34501.15,3,9,bed,1
0112171_neurosketch,27,furniture,bed,165,24,1,34501.15,3,9,bed,0
0112171_neurosketch,27,furniture,table,166,25,1,37501.84,3,35,table,1
0112171_neurosketch,27,furniture,table,166,26,1,37501.84,3,35,table,0
0112171_neurosketch,27,furniture,table,166,27,1,37501.84,3,35,table,0
0112171_neurosketch,27,furniture,chair,167,28,0,42001.25,3,17,chair,1
0112171_neurosketch,27,furniture,chair,167,29,0,42001.25,3,17,chair,0
0112171_neurosketch,27,furniture,bed,168,30,1,45001.36,3,35,bed,1
0112171_neurosketch,27,furniture,bed,168,31,1,45001.36,3,35,bed,0
0112171_neurosketch,27,2,table,169,32,1,48001.25,3,16,table,1
0112171_neurosketch,27,2,table,169,33,1,48001.25,3,16,table,0
0112171_neurosketch,27,furniture,chair,170,34,0,51001.65,3,23,chair,1
0112171_neurosketch,27,furniture,chair,170,35,0,51001.65,3,23,chair,0
0112171_neurosketch,27,furniture,chair,170,36,0,51001.65,3,23,chair,0
0112171_neurosketch,27,furniture,chair,170,37,0,51001.65,3,23,chair,0
0112171_neurosketch,27,furniture,bench,171,38,0,57001.72,3,29,bench,1
0112171_neurosketch,27,furniture,bench,171,39,0,57001.72,3,29,bench,0
0112171_neurosketch,27,furniture,bench,171,40,0,57001.72,3,29,bench,0
0112171_neurosketch,27,furniture,table,172,41,1,61503.24,3,1,table,1
0112171_neurosketch,27,furniture,table,172,42,1,61503.24,3,1,table,0
0112171_neurosketch,27,furniture,table,172,43,1,61503.24,3,1,table,0
0112171_neurosketch,27,furniture,bed,173,44,1,66001.71,3,37,bed,1
0112171_neurosketch,27,furniture,bed,173,45,1,66001.71,3,37,bed,0
0112171_neurosketch,27,furniture,bed,173,46,1,66001.71,3,37,bed,0
0112171_neurosketch,27,furniture,chair,174,47,0,70501.67,3,3,chair,1
0112171_neurosketch,27,furniture,chair,174,48,0,70501.67,3,3,chair,0
0112171_neurosketch,27,furniture,bench,175,49,0,73502.09,3,37,bench,1
0112171_neurosketch,27,furniture,bench,175,50,0,73502.09,3,37,bench,0
0112171_neurosketch,27,furniture,bench,175,51,0,73502.09,3,37,bench,0
0112171_neurosketch,27,furniture,bench,175,52,0,73502.09,3,37,bench,0
0112171_neurosketch,27,furniture,bench,176,53,0,79502.33,3,28,bench,1
0112171_neurosketch,27,furniture,bench,176,54,0,79502.33,3,28,bench,0
0112171_neurosketch,27,furniture,bench,176,55,0,79502.33,3,28,bench,0
0112171_neurosketch,27,furniture,bench,176,56,0,79502.33,3,28,bench,0
0112171_neurosketch,27,furniture,table,177,57,1,85502.23,3,12,table,1
0112171_neurosketch,27,furniture,table,177,58,1,85502.23,3,12,table,0
0112171_neurosketch,27,furniture,table,177,59,1,85502.23,3,12,table,0
0112171_neurosketch,27,furniture,bed,178,60,1,90004.58,3,36,bed,1
0112171_neurosketch,27,furniture,bed,178,61,1,90004.58,3,36,bed,0
0112171_neurosketch,27,2,chair,179,62,0,93002.29,3,5,chair,1
0112171_neurosketch,27,2,chair,179,63,0,93002.29,3,5,chair,0
0112171_neurosketch,27,2,chair,179,64,0,93002.29,3,5,chair,0
0112171_neurosketch,27,furniture,bench,180,65,0,97502.55,3,8,bench,1
0112171_neurosketch,27,furniture,bench,180,66,0,97502.55,3,8,bench,0
0112171_neurosketch,27,furniture,table,181,67,1,100502.09,3,18,table,1
0112171_neurosketch,27,furniture,table,181,68,1,100502.09,3,18,table,0
0112171_neurosketch,27,furniture,chair,182,69,0,103501.87,3,25,chair,1
0112171_neurosketch,27,furniture,chair,182,70,0,103501.87,3,25,chair,0
0112171_neurosketch,27,furniture,chair,182,71,0,103501.87,3,25,chair,0
0112171_neurosketch,27,furniture,chair,182,72,0,103501.87,3,25,chair,0
0112171_neurosketch,27,furniture,bed,183,73,1,109502.2,3,19,bed,1
0112171_neurosketch,27,furniture,bed,183,74,1,109502.2,3,19,bed,0
0112171_neurosketch,27,furniture,bed,183,75,1,109502.2,3,19,bed,0
0112171_neurosketch,27,furniture,bed,183,76,1,109502.2,3,19,bed,0
0112171_neurosketch,27,furniture,bed,184,77,1,115502.31,3,21,bed,1
0112171_neurosketch,27,furniture,bed,184,78,1,115502.31,3,21,bed,0
0112171_neurosketch,27,furniture,bed,184,79,1,115502.31,3,21,bed,0
0112171_neurosketch,27,furniture,chair,185,80,0,120001.86,3,11,chair,1
0112171_neurosketch,27,furniture,chair,185,81,0,120001.86,3,11,chair,0
0112171_neurosketch,27,furniture,chair,185,82,0,120001.86,3,11,chair,0
0112171_neurosketch,27,furniture,chair,185,83,0,120001.86,3,11,chair,0
0112171_neurosketch,27,furniture,bench,186,84,0,126002.75,3,23,bench,1
0112171_neurosketch,27,furniture,bench,186,85,0,126002.75,3,23,bench,0
0112171_neurosketch,27,furniture,table,187,86,1,129002.54,3,31,table,1
0112171_neurosketch,27,furniture,table,187,87,1,129002.54,3,31,table,0
0112171_neurosketch,27,furniture,table,187,88,1,129002.54,3,31,table,0
0112171_neurosketch,27,furniture,chair,188,89,0,133503.05,3,0,chair,1
0112171_neurosketch,27,furniture,chair,188,90,0,133503.05,3,0,chair,0
0112171_neurosketch,27,2,table,189,91,1,136502.04,3,22,bed,1
0112171_neurosketch,27,2,table,189,92,1,136502.04,3,22,bed,0
0112171_neurosketch,27,2,table,189,93,1,136502.04,3,22,bed,0
0112171_neurosketch,27,furniture,bench,190,94,0,141003.09,3,30,bench,1
0112171_neurosketch,27,furniture,bench,190,95,0,141003.09,3,30,bench,0
0112171_neurosketch,27,furniture,bed,191,96,1,144003.28,3,0,bed,1
0112171_neurosketch,27,furniture,bed,191,97,1,144003.28,3,0,bed,0
0112171_neurosketch,27,furniture,bed,191,98,1,144003.28,3,0,bed,0
0112171_neurosketch,27,furniture,bench,192,99,0,148504.22,3,2,bench,1
0112171_neurosketch,27,furniture,bench,192,100,0,148504.22,3,2,bench,0
0112171_neurosketch,27,furniture,table,193,101,1,151502.24,3,14,table,1
0112171_neurosketch,27,furniture,table,193,102,1,151502.24,3,14,table,0
0112171_neurosketch,27,furniture,chair,194,103,0,154502.07,3,12,chair,1
0112171_neurosketch,27,furniture,chair,194,104,0,154502.07,3,12,chair,0
0112171_neurosketch,27,furniture,chair,194,105,0,154502.07,3,12,chair,0
0112171_neurosketch,27,furniture,bed,195,106,1,159003.01,3,12,bed,1
0112171_neurosketch,27,furniture,bed,195,107,1,159003.01,3,12,bed,0
0112171_neurosketch,27,furniture,bed,195,108,1,159003.01,3,12,bed,0
0112171_neurosketch,27,furniture,bed,196,109,1,163502.98,3,39,bed,1
0112171_neurosketch,27,furniture,bed,196,110,1,163502.98,3,39,bed,0
0112171_neurosketch,27,furniture,bed,196,111,1,163502.98,3,39,bed,0
0112171_neurosketch,27,furniture,table,197,112,1,168002.52,3,17,table,1
0112171_neurosketch,27,furniture,table,197,113,1,168002.52,3,17,table,0
0112171_neurosketch,27,furniture,table,197,114,1,168002.52,3,17,table,0
0112171_neurosketch,27,furniture,bench,198,115,0,172502.52,3,3,bench,1
0112171_neurosketch,27,furniture,bench,198,116,0,172502.52,3,3,bench,0
0112171_neurosketch,27,2,chair,199,117,0,175502.84,3,33,chair,1
0112171_neurosketch,27,2,chair,199,118,0,175502.84,3,33,chair,0
0112171_neurosketch,27,2,chair,199,119,0,175502.84,3,33,chair,0
0112171_neurosketch,27,furniture,chair,200,120,0,180002.35,3,24,chair,1
0112171_neurosketch,27,furniture,chair,200,121,0,180002.35,3,24,chair,0
0112171_neurosketch,27,furniture,bed,201,122,1,183002.56,3,25,bed,1
0112171_neurosketch,27,furniture,bed,201,123,1,183002.56,3,25,bed,0
0112171_neurosketch,27,furniture,bed,201,124,1,183002.56,3,25,bed,0
0112171_neurosketch,27,furniture,bed,201,125,1,183002.56,3,25,bed,0
0112171_neurosketch,27,furniture,table,202,126,1,189002.28,3,7,table,1
0112171_neurosketch,27,furniture,table,202,127,1,189002.28,3,7,table,0
0112171_neurosketch,27,furniture,table,202,128,1,189002.28,3,7,table,0
0112171_neurosketch,27,furniture,bench,203,129,0,193502.87,3,20,bench,1
0112171_neurosketch,27,furniture,bench,203,130,0,193502.87,3,20,bench,0
0112171_neurosketch,27,furniture,bench,203,131,0,193502.87,3,20,bench,0
0112171_neurosketch,27,furniture,bench,203,132,0,193502.87,3,20,bench,0
0112171_neurosketch,27,furniture,chair,204,133,0,199502.81,3,37,chair,1
0112171_neurosketch,27,furniture,chair,204,134,0,199502.81,3,37,chair,0
0112171_neurosketch,27,furniture,bed,205,135,1,202502.44,3,22,bed,1
0112171_neurosketch,27,furniture,bed,205,136,1,202502.44,3,22,bed,0
0112171_neurosketch,27,furniture,table,206,137,1,205502.11,3,2,table,1
0112171_neurosketch,27,furniture,table,206,138,1,205502.11,3,2,table,0
0112171_neurosketch,27,furniture,table,206,139,1,205502.11,3,2,table,0
0112171_neurosketch,27,furniture,bench,207,140,0,210002.99,3,35,bench,1
0112171_neurosketch,27,furniture,bench,207,141,0,210002.99,3,35,bench,0
0112171_neurosketch,27,furniture,table,208,142,1,213003.12,3,15,table,1
0112171_neurosketch,27,furniture,table,208,143,1,213003.12,3,15,table,0
0112171_neurosketch,27,2,bed,209,144,1,216004.86,3,16,bed,1
0112171_neurosketch,27,2,bed,209,145,1,216004.86,3,16,bed,0
0112171_neurosketch,27,furniture,chair,210,146,0,219003.08,3,30,chair,1
0112171_neurosketch,27,furniture,chair,210,147,0,219003.08,3,30,chair,0
0112171_neurosketch,27,furniture,chair,210,148,0,219003.08,3,30,chair,0
0112171_neurosketch,27,furniture,chair,210,149,0,219003.08,3,30,chair,0
0112171_neurosketch,27,furniture,bench,211,150,0,225003.05,3,31,bench,1
0112171_neurosketch,27,furniture,bench,211,151,0,225003.05,3,31,bench,0
0112171_neurosketch,27,furniture,bench,211,152,0,225003.05,3,31,bench,0
0112171_neurosketch,27,furniture,table,212,153,1,229503.75,3,3,table,1
0112171_neurosketch,27,furniture,table,212,154,1,229503.75,3,3,table,0
0112171_neurosketch,27,furniture,table,212,155,1,229503.75,3,3,table,0
0112171_neurosketch,27,furniture,bed,213,156,1,234002.58,3,11,bed,1
0112171_neurosketch,27,furniture,bed,213,157,1,234002.58,3,11,bed,0
0112171_neurosketch,27,furniture,bed,213,158,1,234002.58,3,11,bed,0
0112171_neurosketch,27,furniture,bench,214,159,0,238502.63,3,14,bench,1
0112171_neurosketch,27,furniture,bench,214,160,0,238502.63,3,14,bench,0
0112171_neurosketch,27,furniture,chair,215,161,0,241502.9,3,35,chair,1
0112171_neurosketch,27,furniture,chair,215,162,0,241502.9,3,35,chair,0
0112171_neurosketch,27,furniture,chair,215,163,0,241502.9,3,35,chair,0
0112171_neurosketch,27,furniture,chair,215,164,0,241502.9,3,35,chair,0
0112171_neurosketch,27,furniture,bench,216,165,0,247502.11,3,12,bench,1
0112171_neurosketch,27,furniture,bench,216,166,0,247502.11,3,12,bench,0
0112171_neurosketch,27,furniture,bench,216,167,0,247502.11,3,12,bench,0
0112171_neurosketch,27,furniture,bench,216,168,0,247502.11,3,12,bench,0
0112171_neurosketch,27,furniture,bed,217,169,1,253504.67,3,28,bed,1
0112171_neurosketch,27,furniture,bed,217,170,1,253504.67,3,28,bed,0
0112171_neurosketch,27,furniture,bed,217,171,1,253504.67,3,28,bed,0
0112171_neurosketch,27,furniture,chair,218,172,0,258002.21,3,31,chair,1
0112171_neurosketch,27,furniture,chair,218,173,0,258002.21,3,31,chair,0
0112171_neurosketch,27,2,table,219,174,1,261003.32,3,23,table,1
0112171_neurosketch,27,2,table,219,175,1,261003.32,3,23,table,0
0112171_neurosketch,27,2,table,219,176,1,261003.32,3,23,table,0
0112171_neurosketch,27,furniture,bed,220,177,1,265502.51,3,15,bed,1
0112171_neurosketch,27,furniture,bed,220,178,1,265502.51,3,15,bed,0
0112171_neurosketch,27,furniture,bench,221,179,0,268502.88,3,16,bench,1
0112171_neurosketch,27,furniture,bench,221,180,0,268502.88,3,16,bench,0
0112171_neurosketch,27,furniture,table,222,181,1,271502.81,3,6,table,1
0112171_neurosketch,27,furniture,table,222,182,1,271502.81,3,6,table,0
0112171_neurosketch,27,furniture,table,222,183,1,271502.81,3,6,table,0
0112171_neurosketch,27,furniture,table,222,184,1,271502.81,3,6,table,0
0112171_neurosketch,27,furniture,chair,223,185,0,277502.08,3,10,chair,1
0112171_neurosketch,27,furniture,chair,223,186,0,277502.08,3,10,chair,0
0112171_neurosketch,27,furniture,chair,223,187,0,277502.08,3,10,chair,0
0112171_neurosketch,27,furniture,chair,223,188,0,277502.08,3,10,chair,0
0112171_neurosketch,27,furniture,chair,224,189,0,283502.8,3,20,chair,1
0112171_neurosketch,27,furniture,chair,224,190,0,283502.8,3,20,chair,0
0112171_neurosketch,27,furniture,chair,224,191,0,283502.8,3,20,chair,0
0112171_neurosketch,27,furniture,table,225,192,1,288002.2,3,25,table,1
0112171_neurosketch,27,furniture,table,225,193,1,288002.2,3,25,table,0
0112171_neurosketch,27,furniture,table,225,194,1,288002.2,3,25,table,0
0112171_neurosketch,27,furniture,table,225,195,1,288002.2,3,25,table,0
0112171_neurosketch,27,furniture,bed,226,196,1,294003.12,3,6,bed,1
0112171_neurosketch,27,furniture,bed,226,197,1,294003.12,3,6,bed,0
0112171_neurosketch,27,furniture,bench,227,198,0,297002.2,3,32,bench,1
0112171_neurosketch,27,furniture,bench,227,199,0,297002.2,3,32,bench,0
0112171_neurosketch,27,furniture,bench,227,200,0,297002.2,3,32,bench,0
0112171_neurosketch,27,furniture,chair,228,201,0,301502.36,3,4,chair,1
0112171_neurosketch,27,furniture,chair,228,202,0,301502.36,3,4,chair,0
0112171_neurosketch,27,2,bed,229,203,1,304502.9,3,29,bed,1
0112171_neurosketch,27,2,bed,229,204,1,304502.9,3,29,bed,0
0112171_neurosketch,27,2,bed,229,205,1,304502.9,3,29,bed,0
0112171_neurosketch,27,furniture,table,230,206,1,309002.66,3,4,table,1
0112171_neurosketch,27,furniture,table,230,207,1,309002.66,3,4,table,0
0112171_neurosketch,27,furniture,bench,231,208,0,312002.52,3,5,bench,1
0112171_neurosketch,27,furniture,bench,231,209,0,312002.52,3,5,bench,0
0112171_neurosketch,27,furniture,bench,231,210,0,312002.52,3,5,bench,0
0112171_neurosketch,27,furniture,bench,232,211,0,316503.15,3,24,bench,1
0112171_neurosketch,27,furniture,bench,232,212,0,316503.15,3,24,bench,0
0112171_neurosketch,27,furniture,table,233,213,1,319502.08,3,39,table,1
0112171_neurosketch,27,furniture,table,233,214,1,319502.08,3,39,table,0
0112171_neurosketch,27,furniture,chair,234,215,0,322502.54,3,15,,1
0112171_neurosketch,27,furniture,chair,234,216,0,322502.54,3,15,,0
0112171_neurosketch,27,furniture,chair,234,217,0,322502.54,3,15,,0
0112171_neurosketch,27,furniture,bed,235,218,1,327002.61,3,5,bed,1
0112171_neurosketch,27,furniture,bed,235,219,1,327002.61,3,5,bed,0
0112171_neurosketch,27,furniture,bed,235,220,1,327002.61,3,5,bed,0
0112171_neurosketch,27,furniture,chair,236,221,0,331503.0,3,18,chair,1
0112171_neurosketch,27,furniture,chair,236,222,0,331503.0,3,18,chair,0
0112171_neurosketch,27,furniture,chair,236,223,0,331503.0,3,18,chair,0
0112171_neurosketch,27,furniture,bench,237,224,0,336002.62,3,34,bench,1
0112171_neurosketch,27,furniture,bench,237,225,0,336002.62,3,34,bench,0
0112171_neurosketch,27,furniture,bench,237,226,0,336002.62,3,34,bench,0
0112171_neurosketch,27,furniture,table,238,227,1,340502.81,3,8,table,1
0112171_neurosketch,27,furniture,table,238,228,1,340502.81,3,8,table,0
0112171_neurosketch,27,2,bed,239,229,1,343502.26,3,1,bed,1
0112171_neurosketch,27,2,bed,239,230,1,343502.26,3,1,bed,0
0112171_neurosketch,27,2,bed,239,231,1,343502.26,3,1,bed,0
0112171_neurosketch,27,2,bed,239,232,1,343502.26,3,1,bed,0
0112171_neurosketch,27,2,bed,239,233,1,343502.26,3,1,bed,0
0112171_neurosketch,27,2,bed,239,234,1,343502.26,3,1,bed,0
0112171_neurosketch,27,2,bed,239,235,1,343502.26,3,1,bed,0
0112171_neurosketch,27,2,bed,239,236,1,343502.26,3,1,bed,0
0112171_neurosketch,27,2,bed,239,237,1,343502.26,3,1,bed,0
0112171_neurosketch,27,2,bed,239,238,1,343502.26,3,1,bed,0
0112171_neurosketch,27,2,bed,239,239,1,343502.26,3,1,bed,0
0112171_neurosketch,27,furniture,chair,240,0,-1,0.0,4,32,chair,0
0112171_neurosketch,27,furniture,chair,240,1,-1,0.0,4,32,chair,0
0112171_neurosketch,27,furniture,chair,240,2,-1,0.0,4,32,chair,0
0112171_neurosketch,27,furniture,chair,240,3,-1,0.0,4,32,chair,0
0112171_neurosketch,27,furniture,chair,240,4,-1,0.0,4,32,chair,0
0112171_neurosketch,27,furniture,chair,240,5,-1,0.0,4,32,chair,0
0112171_neurosketch,27,furniture,chair,240,6,-1,0.0,4,32,chair,0
0112171_neurosketch,27,furniture,chair,240,7,-1,0.0,4,32,chair,0
0112171_neurosketch,27,furniture,chair,240,8,0,12001.94,4,32,chair,1
0112171_neurosketch,27,furniture,chair,240,9,0,12001.94,4,32,chair,0
0112171_neurosketch,27,furniture,bench,241,10,0,15001.92,4,25,bench,1
0112171_neurosketch,27,furniture,bench,241,11,0,15001.92,4,25,bench,0
0112171_neurosketch,27,furniture,bench,241,12,0,15001.92,4,25,bench,0
0112171_neurosketch,27,furniture,bench,241,13,0,15001.92,4,25,bench,0
0112171_neurosketch,27,furniture,table,242,14,1,21002.29,4,27,table,1
0112171_neurosketch,27,furniture,table,242,15,1,21002.29,4,27,table,0
0112171_neurosketch,27,furniture,table,242,16,1,21002.29,4,27,table,0
0112171_neurosketch,27,furniture,bed,243,17,1,25501.61,4,38,bed,1
0112171_neurosketch,27,furniture,bed,243,18,1,25501.61,4,38,bed,0
0112171_neurosketch,27,furniture,bed,243,19,1,25501.61,4,38,bed,0
0112171_neurosketch,27,furniture,bed,243,20,1,25501.61,4,38,bed,0
0112171_neurosketch,27,furniture,bench,244,21,0,31501.91,4,9,bench,1
0112171_neurosketch,27,furniture,bench,244,22,0,31501.91,4,9,bench,0
0112171_neurosketch,27,furniture,table,245,23,1,34501.98,4,10,table,1
0112171_neurosketch,27,furniture,table,245,24,1,34501.98,4,10,table,0
0112171_neurosketch,27,furniture,chair,246,25,0,37504.97,4,22,chair,1
0112171_neurosketch,27,furniture,chair,246,26,0,37504.97,4,22,chair,0
0112171_neurosketch,27,furniture,chair,246,27,0,37504.97,4,22,chair,0
0112171_neurosketch,27,furniture,bed,247,28,1,42001.33,4,18,bed,1
0112171_neurosketch,27,furniture,bed,247,29,1,42001.33,4,18,bed,0
0112171_neurosketch,27,furniture,table,248,30,1,45001.31,4,38,table,1
0112171_neurosketch,27,furniture,table,248,31,1,45001.31,4,38,table,0
0112171_neurosketch,27,2,bed,249,32,1,48003.6,4,27,bed,1
0112171_neurosketch,27,2,bed,249,33,1,48003.6,4,27,bed,0
0112171_neurosketch,27,furniture,chair,250,34,0,51002.72,4,16,chair,1
0112171_neurosketch,27,furniture,chair,250,35,0,51002.72,4,16,chair,0
0112171_neurosketch,27,furniture,chair,250,36,0,51002.72,4,16,chair,0
0112171_neurosketch,27,furniture,chair,250,37,0,51002.72,4,16,chair,0
0112171_neurosketch,27,furniture,bench,251,38,0,57001.46,4,19,bench,1
0112171_neurosketch,27,furniture,bench,251,39,0,57001.46,4,19,bench,0
0112171_neurosketch,27,furniture,bench,251,40,0,57001.46,4,19,bench,0
0112171_neurosketch,27,furniture,table,252,41,1,61502.84,4,26,table,1
0112171_neurosketch,27,furniture,table,252,42,1,61502.84,4,26,table,0
0112171_neurosketch,27,furniture,table,252,43,1,61502.84,4,26,table,0
0112171_neurosketch,27,furniture,bench,253,44,0,66002.35,4,26,bench,1
0112171_neurosketch,27,furniture,bench,253,45,0,66002.35,4,26,bench,0
0112171_neurosketch,27,furniture,bench,253,46,0,66002.35,4,26,bench,0
0112171_neurosketch,27,furniture,chair,254,47,0,70501.83,4,27,chair,1
0112171_neurosketch,27,furniture,chair,254,48,0,70501.83,4,27,chair,0
0112171_neurosketch,27,furniture,bed,255,49,1,73502.16,4,32,bed,1
0112171_neurosketch,27,furniture,bed,255,50,1,73502.16,4,32,bed,0
0112171_neurosketch,27,furniture,bed,255,51,1,73502.16,4,32,bed,0
0112171_neurosketch,27,furniture,bed,255,52,1,73502.16,4,32,bed,0
0112171_neurosketch,27,furniture,table,256,53,1,79503.87,4,9,table,1
0112171_neurosketch,27,furniture,table,256,54,1,79503.87,4,9,table,0
0112171_neurosketch,27,furniture,table,256,55,1,79503.87,4,9,table,0
0112171_neurosketch,27,furniture,table,256,56,1,79503.87,4,9,table,0
0112171_neurosketch,27,furniture,bed,257,57,1,85502.61,4,13,bed,1
0112171_neurosketch,27,furniture,bed,257,58,1,85502.61,4,13,bed,0
0112171_neurosketch,27,furniture,bed,257,59,1,85502.61,4,13,bed,0
0112171_neurosketch,27,furniture,chair,258,60,0,90003.76,4,8,chair,1
0112171_neurosketch,27,furniture,chair,258,61,0,90003.76,4,8,chair,0
0112171_neurosketch,27,2,bench,259,62,0,93002.62,4,21,bench,1
0112171_neurosketch,27,2,bench,259,63,0,93002.62,4,21,bench,0
0112171_neurosketch,27,2,bench,259,64,0,93002.62,4,21,bench,0
0112171_neurosketch,27,furniture,bench,260,65,0,97503.05,4,6,chair,1
0112171_neurosketch,27,furniture,bench,260,66,0,97503.05,4,6,chair,0
0112171_neurosketch,27,furniture,table,261,67,1,100502.64,4,20,bed,1
0112171_neurosketch,27,furniture,table,261,68,1,100502.64,4,20,bed,0
0112171_neurosketch,27,furniture,chair,262,69,0,103502.71,4,28,chair,1
0112171_neurosketch,27,furniture,chair,262,70,0,103502.71,4,28,chair,0
0112171_neurosketch,27,furniture,chair,262,71,0,103502.71,4,28,chair,0
0112171_neurosketch,27,furniture,chair,262,72,0,103502.71,4,28,chair,0
0112171_neurosketch,27,furniture,bed,263,73,1,109502.01,4,17,bed,1
0112171_neurosketch,27,furniture,bed,263,74,1,109502.01,4,17,bed,0
0112171_neurosketch,27,furniture,bed,263,75,1,109502.01,4,17,bed,0
0112171_neurosketch,27,furniture,bed,263,76,1,109502.01,4,17,bed,0
0112171_neurosketch,27,furniture,table,264,77,1,115502.98,4,21,table,1
0112171_neurosketch,27,furniture,table,264,78,1,115502.98,4,21,table,0
0112171_neurosketch,27,furniture,table,264,79,1,115502.98,4,21,table,0
0112171_neurosketch,27,furniture,chair,265,80,0,120002.26,4,19,chair,1
0112171_neurosketch,27,furniture,chair,265,81,0,120002.26,4,19,chair,0
0112171_neurosketch,27,furniture,chair,265,82,0,120002.26,4,19,chair,0
0112171_neurosketch,27,furniture,chair,265,83,0,120002.26,4,19,chair,0
0112171_neurosketch,27,furniture,bench,266,84,0,126001.87,4,33,bench,1
0112171_neurosketch,27,furniture,bench,266,85,0,126001.87,4,33,bench,0
0112171_neurosketch,27,furniture,bed,267,86,1,129002.72,4,10,bed,1
0112171_neurosketch,27,furniture,bed,267,87,1,129002.72,4,10,bed,0
0112171_neurosketch,27,furniture,bed,267,88,1,129002.72,4,10,bed,0
0112171_neurosketch,27,furniture,chair,268,89,0,133501.88,4,14,chair,1
0112171_neurosketch,27,furniture,chair,268,90,0,133501.88,4,14,chair,0
0112171_neurosketch,27,2,bed,269,91,1,136502.98,4,8,bed,1
0112171_neurosketch,27,2,bed,269,92,1,136502.98,4,8,bed,0
0112171_neurosketch,27,2,bed,269,93,1,136502.98,4,8,bed,0
0112171_neurosketch,27,furniture,table,270,94,1,141001.21,4,24,table,1
0112171_neurosketch,27,furniture,table,270,95,1,141001.21,4,24,table,0
0112171_neurosketch,27,furniture,bench,271,96,0,144002.72,4,38,bench,1
0112171_neurosketch,27,furniture,bench,271,97,0,144002.72,4,38,bench,0
0112171_neurosketch,27,furniture,bench,271,98,0,144002.72,4,38,bench,0
0112171_neurosketch,27,furniture,bench,272,99,0,148502.55,4,18,bench,1
0112171_neurosketch,27,furniture,bench,272,100,0,148502.55,4,18,bench,0
0112171_neurosketch,27,furniture,bed,273,101,1,151502.22,4,4,bed,1
0112171_neurosketch,27,furniture,bed,273,102,1,151502.22,4,4,bed,0
0112171_neurosketch,27,furniture,table,274,103,1,154502.05,4,29,table,1
0112171_neurosketch,27,furniture,table,274,104,1,154502.05,4,29,table,0
0112171_neurosketch,27,furniture,table,274,105,1,154502.05,4,29,table,0
0112171_neurosketch,27,furniture,chair,275,106,0,159002.16,4,34,chair,1
0112171_neurosketch,27,furniture,chair,275,107,0,159002.16,4,34,chair,0
0112171_neurosketch,27,furniture,chair,275,108,0,159002.16,4,34,chair,0
0112171_neurosketch,27,furniture,bed,276,109,1,163502.97,4,30,bed,1
0112171_neurosketch,27,furniture,bed,276,110,1,163502.97,4,30,bed,0
0112171_neurosketch,27,furniture,bed,276,111,1,163502.97,4,30,bed,0
0112171_neurosketch,27,furniture,table,277,112,1,168002.38,4,28,table,1
0112171_neurosketch,27,furniture,table,277,113,1,168002.38,4,28,table,0
0112171_neurosketch,27,furniture,table,277,114,1,168002.38,4,28,table,0
0112171_neurosketch,27,furniture,chair,278,115,0,172502.51,4,7,chair,1
0112171_neurosketch,27,furniture,chair,278,116,0,172502.51,4,7,chair,0
0112171_neurosketch,27,2,bench,279,117,0,175502.12,4,39,bench,1
0112171_neurosketch,27,2,bench,279,118,0,175502.12,4,39,bench,0
0112171_neurosketch,27,2,bench,279,119,0,175502.12,4,39,bench,0
0112171_neurosketch,27,furniture,bench,280,120,0,180002.09,4,36,bench,1
0112171_neurosketch,27,furniture,bench,280,121,0,180002.09,4,36,bench,0
0112171_neurosketch,27,furniture,chair,281,122,0,183002.89,4,9,chair,1
0112171_neurosketch,27,furniture,chair,281,123,0,183002.89,4,9,chair,0
0112171_neurosketch,27,furniture,chair,281,124,0,183002.89,4,9,chair,0
0112171_neurosketch,27,furniture,chair,281,125,0,183002.89,4,9,chair,0
0112171_neurosketch,27,furniture,table,282,126,1,189003.05,4,0,table,1
0112171_neurosketch,27,furniture,table,282,127,1,189003.05,4,0,table,0
0112171_neurosketch,27,furniture,table,282,128,1,189003.05,4,0,table,0
0112171_neurosketch,27,furniture,bed,283,129,1,193502.44,4,2,bed,1
0112171_neurosketch,27,furniture,bed,283,130,1,193502.44,4,2,bed,0
0112171_neurosketch,27,furniture,bed,283,131,1,193502.44,4,2,bed,0
0112171_neurosketch,27,furniture,bed,283,132,1,193502.44,4,2,bed,0
0112171_neurosketch,27,furniture,bed,284,133,1,199502.36,4,14,bed,1
0112171_neurosketch,27,furniture,bed,284,134,1,199502.36,4,14,bed,0
0112171_neurosketch,27,furniture,table,285,135,1,202502.64,4,34,table,1
0112171_neurosketch,27,furniture,table,285,136,1,202502.64,4,34,table,0
0112171_neurosketch,27,furniture,chair,286,137,0,205502.92,4,13,chair,1
0112171_neurosketch,27,furniture,chair,286,138,0,205502.92,4,13,chair,0
0112171_neurosketch,27,furniture,chair,286,139,0,205502.92,4,13,chair,0
0112171_neurosketch,27,furniture,bench,287,140,0,210002.73,4,22,bench,1
0112171_neurosketch,27,furniture,bench,287,141,0,210002.73,4,22,bench,0
0112171_neurosketch,27,furniture,table,288,142,1,213002.6,4,36,table,1
0112171_neurosketch,27,furniture,table,288,143,1,213002.6,4,36,table,0
0112171_neurosketch,27,2,bed,289,144,1,216002.92,4,34,bed,1
0112171_neurosketch,27,2,bed,289,145,1,216002.92,4,34,bed,0
0112171_neurosketch,27,furniture,chair,290,146,0,219003.15,4,39,chair,1
0112171_neurosketch,27,furniture,chair,290,147,0,219003.15,4,39,chair,0
0112171_neurosketch,27,furniture,chair,290,148,0,219003.15,4,39,chair,0
0112171_neurosketch,27,furniture,chair,290,149,0,219003.15,4,39,chair,0
0112171_neurosketch,27,furniture,bench,291,150,0,225001.29,4,10,bench,1
0112171_neurosketch,27,furniture,bench,291,151,0,225001.29,4,10,bench,0
0112171_neurosketch,27,furniture,bench,291,152,0,225001.29,4,10,bench,0
0112171_neurosketch,27,furniture,table,292,153,1,229503.16,4,19,table,1
0112171_neurosketch,27,furniture,table,292,154,1,229503.16,4,19,table,0
0112171_neurosketch,27,furniture,table,292,155,1,229503.16,4,19,table,0
0112171_neurosketch,27,furniture,chair,293,156,0,234002.39,4,2,chair,1
0112171_neurosketch,27,furniture,chair,293,157,0,234002.39,4,2,chair,0
0112171_neurosketch,27,furniture,chair,293,158,0,234002.39,4,2,chair,0
0112171_neurosketch,27,furniture,bed,294,159,1,238503.23,4,7,bed,1
0112171_neurosketch,27,furniture,bed,294,160,1,238503.23,4,7,bed,0
0112171_neurosketch,27,furniture,bench,295,161,0,241502.22,4,11,bench,1
0112171_neurosketch,27,furniture,bench,295,162,0,241502.22,4,11,bench,0
0112171_neurosketch,27,furniture,bench,295,163,0,241502.22,4,11,bench,0
0112171_neurosketch,27,furniture,bench,295,164,0,241502.22,4,11,bench,0
0112171_neurosketch,27,furniture,chair,296,165,0,247502.05,4,26,chair,1
0112171_neurosketch,27,furniture,chair,296,166,0,247502.05,4,26,chair,0
0112171_neurosketch,27,furniture,chair,296,167,0,247502.05,4,26,chair,0
0112171_neurosketch,27,furniture,chair,296,168,0,247502.05,4,26,chair,0
0112171_neurosketch,27,furniture,table,297,169,1,253502.77,4,37,,1
0112171_neurosketch,27,furniture,table,297,170,1,253502.77,4,37,,0
0112171_neurosketch,27,furniture,table,297,171,1,253502.77,4,37,,0
0112171_neurosketch,27,furniture,bench,298,172,0,258002.72,4,27,bench,1
0112171_neurosketch,27,furniture,bench,298,173,0,258002.72,4,27,bench,0
0112171_neurosketch,27,2,bed,299,174,1,261003.43,4,24,bed,1
0112171_neurosketch,27,2,bed,299,175,1,261003.43,4,24,bed,0
0112171_neurosketch,27,2,bed,299,176,1,261003.43,4,24,bed,0
0112171_neurosketch,27,furniture,table,300,177,1,265501.62,4,30,table,1
0112171_neurosketch,27,furniture,table,300,178,1,265501.62,4,30,table,0
0112171_neurosketch,27,furniture,bed,301,179,1,268502.99,4,31,,1
0112171_neurosketch,27,furniture,bed,301,180,1,268502.99,4,31,,0
0112171_neurosketch,27,furniture,chair,302,181,0,271502.61,4,6,chair,1
0112171_neurosketch,27,furniture,chair,302,182,0,271502.61,4,6,chair,0
0112171_neurosketch,27,furniture,chair,302,183,0,271502.61,4,6,chair,0
0112171_neurosketch,27,furniture,chair,302,184,0,271502.61,4,6,chair,0
0112171_neurosketch,27,furniture,bench,303,185,0,277504.31,4,0,bench,1
0112171_neurosketch,27,furniture,bench,303,186,0,277504.31,4,0,bench,0
0112171_neurosketch,27,furniture,bench,303,187,0,277504.31,4,0,bench,0
0112171_neurosketch,27,furniture,bench,303,188,0,277504.31,4,0,bench,0
0112171_neurosketch,27,furniture,bed,304,189,1,283502.06,4,20,bed,1
0112171_neurosketch,27,furniture,bed,304,190,1,283502.06,4,20,bed,0
0112171_neurosketch,27,furniture,bed,304,191,1,283502.06,4,20,bed,0
0112171_neurosketch,27,furniture,bench,305,192,0,288002.12,4,15,bench,1
0112171_neurosketch,27,furniture,bench,305,193,0,288002.12,4,15,bench,0
0112171_neurosketch,27,furniture,bench,305,194,0,288002.12,4,15,bench,0
0112171_neurosketch,27,furniture,bench,305,195,0,288002.12,4,15,bench,0
0112171_neurosketch,27,furniture,chair,306,196,0,294002.32,4,1,chair,1
0112171_neurosketch,27,furniture,chair,306,197,0,294002.32,4,1,chair,0
0112171_neurosketch,27,furniture,table,307,198,1,297001.2,4,32,table,1
0112171_neurosketch,27,furniture,table,307,199,1,297001.2,4,32,table,0
0112171_neurosketch,27,furniture,table,307,200,1,297001.2,4,32,table,0
0112171_neurosketch,27,furniture,table,308,201,1,301502.66,4,5,table,1
0112171_neurosketch,27,furniture,table,308,202,1,301502.66,4,5,table,0
0112171_neurosketch,27,2,bed,309,203,1,304502.61,4,33,bed,1
0112171_neurosketch,27,2,bed,309,204,1,304502.61,4,33,bed,0
0112171_neurosketch,27,2,bed,309,205,1,304502.61,4,33,bed,0
0112171_neurosketch,27,furniture,chair,310,206,0,309002.73,4,36,chair,1
0112171_neurosketch,27,furniture,chair,310,207,0,309002.73,4,36,chair,0
0112171_neurosketch,27,furniture,bench,311,208,0,312002.11,4,1,bench,1
0112171_neurosketch,27,furniture,bench,311,209,0,312002.11,4,1,bench,0
0112171_neurosketch,27,furniture,bench,311,210,0,312002.11,4,1,bench,0
0112171_neurosketch,27,furniture,chair,312,211,0,316502.11,4,21,chair,1
0112171_neurosketch,27,furniture,chair,312,212,0,316502.11,4,21,chair,0
0112171_neurosketch,27,furniture,bed,313,213,1,319502.64,4,26,bed,1
0112171_neurosketch,27,furniture,bed,313,214,1,319502.64,4,26,bed,0
0112171_neurosketch,27,furniture,table,314,215,1,322502.42,4,13,table,1
0112171_neurosketch,27,furniture,table,314,216,1,322502.42,4,13,table,0
0112171_neurosketch,27,furniture,table,314,217,1,322502.42,4,13,table,0
0112171_neurosketch,27,furniture,bench,315,218,0,327002.34,4,17,bench,1
0112171_neurosketch,27,furniture,bench,315,219,0,327002.34,4,17,bench,0
0112171_neurosketch,27,furniture,bench,315,220,0,327002.34,4,17,bench,0
0112171_neurosketch,27,furniture,chair,316,221,0,331502.39,4,29,chair,1
0112171_neurosketch,27,furniture,chair,316,222,0,331502.39,4,29,chair,0
0112171_neurosketch,27,furniture,chair,316,223,0,331502.39,4,29,chair,0
0112171_neurosketch,27,furniture,table,317,224,1,336002.07,4,11,table,1
0112171_neurosketch,27,furniture,table,317,225,1,336002.07,4,11,table,0
0112171_neurosketch,27,furniture,table,317,226,1,336002.07,4,11,table,0
0112171_neurosketch,27,furniture,bed,318,227,1,340502.85,4,23,bed,1
0112171_neurosketch,27,furniture,bed,318,228,1,340502.85,4,23,bed,0
0112171_neurosketch,27,2,bench,319,229,0,343502.77,4,13,bench,1
0112171_neurosketch,27,2,bench,319,230,0,343502.77,4,13,bench,0
0112171_neurosketch,27,2,bench,319,231,0,343502.77,4,13,bench,0
0112171_neurosketch,27,2,bench,319,232,0,343502.77,4,13,bench,0
0112171_neurosketch,27,2,bench,319,233,0,343502.77,4,13,bench,0
0112171_neurosketch,27,2,bench,319,234,0,343502.77,4,13,bench,0
0112171_neurosketch,27,2,bench,319,235,0,343502.77,4,13,bench,0
0112171_neurosketch,27,2,bench,319,236,0,343502.77,4,13,bench,0
0112171_neurosketch,27,2,bench,319,237,0,343502.77,4,13,bench,0
0112171_neurosketch,27,2,bench,319,238,0,343502.77,4,13,bench,0
0112171_neurosketch,27,2,bench,319,239,0,343502.77,4,13,bench,0
0112171_neurosketch,27,furniture,bench,360,0,-1,0.0,9,13,,0
0112171_neurosketch,27,furniture,bench,360,1,-1,0.0,9,13,,0
0112171_neurosketch,27,furniture,bench,360,2,-1,0.0,9,13,,0
0112171_neurosketch,27,furniture,bench,360,3,-1,0.0,9,13,,0
0112171_neurosketch,27,furniture,bench,360,4,-1,0.0,9,13,,0
0112171_neurosketch,27,furniture,bench,360,5,-1,0.0,9,13,,0
0112171_neurosketch,27,furniture,bench,360,6,-1,0.0,9,13,,0
0112171_neurosketch,27,furniture,bench,360,7,-1,0.0,9,13,,0
0112171_neurosketch,27,furniture,bench,360,8,0,12002.79,9,13,,1
0112171_neurosketch,27,furniture,bench,360,9,0,12002.79,9,13,,0
0112171_neurosketch,27,furniture,bed,361,10,1,15002.69,9,23,bed,1
0112171_neurosketch,27,furniture,bed,361,11,1,15002.69,9,23,bed,0
0112171_neurosketch,27,furniture,bed,361,12,1,15002.69,9,23,bed,0
0112171_neurosketch,27,furniture,bed,361,13,1,15002.69,9,23,bed,0
0112171_neurosketch,27,furniture,table,362,14,1,21001.81,9,11,table,1
0112171_neurosketch,27,furniture,table,362,15,1,21001.81,9,11,table,0
0112171_neurosketch,27,furniture,table,362,16,1,21001.81,9,11,table,0
0112171_neurosketch,27,furniture,chair,363,17,0,25502.54,9,29,chair,1
0112171_neurosketch,27,furniture,chair,363,18,0,25502.54,9,29,chair,0
0112171_neurosketch,27,furniture,chair,363,19,0,25502.54,9,29,chair,0
0112171_neurosketch,27,furniture,chair,363,20,0,25502.54,9,29,chair,0
0112171_neurosketch,27,furniture,bench,364,21,0,31505.36,9,17,bench,1
0112171_neurosketch,27,furniture,bench,364,22,0,31505.36,9,17,bench,0
0112171_neurosketch,27,furniture,table,365,23,1,34501.83,9,13,table,1
0112171_neurosketch,27,furniture,table,365,24,1,34501.83,9,13,table,0
0112171_neurosketch,27,furniture,bed,366,25,1,37502.02,9,26,,1
0112171_neurosketch,27,furniture,bed,366,26,1,37502.02,9,26,,0
0112171_neurosketch,27,furniture,bed,366,27,1,37502.02,9,26,,0
0112171_neurosketch,27,furniture,chair,367,28,0,42002.63,9,21,chair,1
0112171_neurosketch,27,furniture,chair,367,29,0,42002.63,9,21,chair,0
0112171_neurosketch,27,furniture,bench,368,30,0,45002.15,9,1,bench,1
0112171_neurosketch,27,furniture,bench,368,31,0,45002.15,9,1,bench,0
0112171_neurosketch,27,2,chair,369,32,0,48002.49,9,36,chair,1
0112171_neurosketch,27,2,chair,369,33,0,48002.49,9,36,chair,0
0112171_neurosketch,27,furniture,bed,370,34,1,51001.72,9,33,bed,1
0112171_neurosketch,27,furniture,bed,370,35,1,51001.72,9,33,bed,0
0112171_neurosketch,27,furniture,bed,370,36,1,51001.72,9,33,bed,0
0112171_neurosketch,27,furniture,bed,370,37,1,51001.72,9,33,bed,0
0112171_neurosketch,27,furniture,table,371,38,1,57002.22,9,5,table,1
0112171_neurosketch,27,furniture,table,371,39,1,57002.22,9,5,table,0
0112171_neurosketch,27,furniture,table,371,40,1,57002.22,9,5,table,0
0112171_neurosketch,27,furniture,table,372,41,1,61501.86,9,32,table,1
0112171_neurosketch,27,furniture,table,372,42,1,61501.86,9,32,table,0
0112171_neurosketch,27,furniture,table,372,43,1,61501.86,9,32,table,0
0112171_neurosketch,27,furniture,chair,373,44,0,66001.75,9,1,chair,1
0112171_neurosketch,27,furniture,chair,373,45,0,66001.75,9,1,chair,0
0112171_neurosketch,27,furniture,chair,373,46,0,66001.75,9,1,chair,0
0112171_neurosketch,27,furniture,bench,374,47,0,70502.11,9,15,bench,1
0112171_neurosketch,27,furniture,bench,374,48,0,70502.11,9,15,bench,0
0112171_neurosketch,27,furniture,bed,375,49,1,73501.71,9,20,bed,1
0112171_neurosketch,27,furniture,bed,375,50,1,73501.71,9,20,bed,0
0112171_neurosketch,27,furniture,bed,375,51,1,73501.71,9,20,bed,0
0112171_neurosketch,27,furniture,bed,375,52,1,73501.71,9,20,bed,0
0112171_neurosketch,27,furniture,bench,376,53,0,79502.32,9,0,bench,1
0112171_neurosketch,27,furniture,bench,376,54,0,79502.32,9,0,bench,0
0112171_neurosketch,27,furniture,bench,376,55,0,79502.32,9,0,bench,0
0112171_neurosketch,27,furniture,bench,376,56,0,79502.32,9,0,bench,0
0112171_neurosketch,27,furniture,chair,377,57,0,85503.05,9,6,chair,1
0112171_neurosketch,27,furniture,chair,377,58,0,85503.05,9,6,chair,0
0112171_neurosketch,27,furniture,chair,377,59,0,85503.05,9,6,chair,0
0112171_neurosketch,27,furniture,bed,378,60,1,90002.2,9,31,bed,1
0112171_neurosketch,27,furniture,bed,378,61,1,90002.2,9,31,bed,0
0112171_neurosketch,27,2,table,379,62,1,93003.34,9,30,table,1
0112171_neurosketch,27,2,table,379,63,1,93003.34,9,30,table,0
0112171_neurosketch,27,2,table,379,64,1,93003.34,9,30,table,0
0112171_neurosketch,27,furniture,bed,380,65,1,97502.93,9,24,bed,1
0112171_neurosketch,27,furniture,bed,380,66,1,97502.93,9,24,bed,0
0112171_neurosketch,27,furniture,bench,381,67,0,100502.21,9,27,bench,1
0112171_neurosketch,27,furniture,bench,381,68,0,100502.21,9,27,bench,0
0112171_neurosketch,27,furniture,table,382,69,1,103502.51,9,37,table,1
0112171_neurosketch,27,furniture,table,382,70,1,103502.51,9,37,table,0
0112171_neurosketch,27,furniture,table,382,71,1,103502.51,9,37,table,0
0112171_neurosketch,27,furniture,table,382,72,1,103502.51,9,37,table,0
0112171_neurosketch,27,furniture,chair,383,73,0,109502.15,9,26,chair,1
0112171_neurosketch,27,furniture,chair,383,74,0,109502.15,9,26,chair,0
0112171_neurosketch,27,furniture,chair,383,75,0,109502.15,9,26,chair,0
0112171_neurosketch,27,furniture,chair,383,76,0,109502.15,9,26,chair,0
0112171_neurosketch,27,furniture,bench,384,77,0,115502.02,9,11,,1
0112171_neurosketch,27,furniture,bench,384,78,0,115502.02,9,11,,0
0112171_neurosketch,27,furniture,bench,384,79,0,115502.02,9,11,,0
0112171_neurosketch,27,furniture,bed,385,80,1,120002.12,9,7,bed,1
0112171_neurosketch,27,furniture,bed,385,81,1,120002.12,9,7,bed,0
0112171_neurosketch,27,furniture,bed,385,82,1,120002.12,9,7,bed,0
0112171_neurosketch,27,furniture,bed,385,83,1,120002.12,9,7,bed,0
0112171_neurosketch,27,furniture,chair,386,84,0,126002.94,9,2,chair,1
0112171_neurosketch,27,furniture,chair,386,85,0,126002.94,9,2,chair,0
0112171_neurosketch,27,furniture,table,387,86,1,129002.45,9,19,,1
0112171_neurosketch,27,furniture,table,387,87,1,129002.45,9,19,,0
0112171_neurosketch,27,furniture,table,387,88,1,129002.45,9,19,,0
0112171_neurosketch,27,furniture,bench,388,89,0,133502.46,9,10,bench,1
0112171_neurosketch,27,furniture,bench,388,90,0,133502.46,9,10,bench,0
0112171_neurosketch,27,2,chair,389,91,0,136502.01,9,39,chair,1
0112171_neurosketch,27,2,chair,389,92,0,136502.01,9,39,chair,0
0112171_neurosketch,27,2,chair,389,93,0,136502.01,9,39,chair,0
0112171_neurosketch,27,furniture,bed,390,94,1,141002.88,9,34,bed,1
0112171_neurosketch,27,furniture,bed,390,95,1,141002.88,9,34,bed,0
0112171_neurosketch,27,furniture,table,391,96,1,144002.53,9,36,table,1
0112171_neurosketch,27,furniture,table,391,97,1,144002.53,9,36,table,0
0112171_neurosketch,27,furniture,table,391,98,1,144002.53,9,36,table,0
0112171_neurosketch,27,furniture,bench,392,99,0,148503.51,9,22,bench,1
0112171_neurosketch,27,furniture,bench,392,100,0,148503.51,9,22,bench,0
0112171_neurosketch,27,furniture,chair,393,101,0,151502.62,9,13,chair,1
0112171_neurosketch,27,furniture,chair,393,102,0,151502.62,9,13,chair,0
0112171_neurosketch,27,furniture,table,394,103,1,154502.59,9,34,,1
0112171_neurosketch,27,furniture,table,394,104,1,154502.59,9,34,,0
0112171_neurosketch,27,furniture,table,394,105,1,154502.59,9,34,,0
0112171_neurosketch,27,furniture,bed,395,106,1,159002.49,9,14,bed,1
0112171_neurosketch,27,furniture,bed,395,107,1,159002.49,9,14,bed,0
0112171_neurosketch,27,furniture,bed,395,108,1,159002.49,9,14,bed,0
0112171_neurosketch,27,furniture,bed,396,109,1,163502.84,9,2,bed,1
0112171_neurosketch,27,furniture,bed,396,110,1,163502.84,9,2,bed,0
0112171_neurosketch,27,furniture,bed,396,111,1,163502.84,9,2,bed,0
0112171_neurosketch,27,furniture,table,397,112,1,168002.7,9,0,table,1
0112171_neurosketch,27,furniture,table,397,113,1,168002.7,9,0,table,0
0112171_neurosketch,27,furniture,table,397,114,1,168002.7,9,0,table,0
0112171_neurosketch,27,furniture,chair,398,115,0,172501.83,9,9,chair,1
0112171_neurosketch,27,furniture,chair,398,116,0,172501.83,9,9,chair,0
0112171_neurosketch,27,2,bench,399,117,0,175502.15,9,36,bench,1
0112171_neurosketch,27,2,bench,399,118,0,175502.15,9,36,bench,0
0112171_neurosketch,27,2,bench,399,119,0,175502.15,9,36,bench,0
0112171_neurosketch,27,furniture,bench,400,120,0,180002.27,9,39,chair,1
0112171_neurosketch,27,furniture,bench,400,121,0,180002.27,9,39,chair,0
0112171_neurosketch,27,furniture,chair,401,122,0,183002.05,9,7,chair,1
0112171_neurosketch,27,furniture,chair,401,123,0,183002.05,9,7,chair,0
0112171_neurosketch,27,furniture,chair,401,124,0,183002.05,9,7,chair,0
0112171_neurosketch,27,furniture,chair,401,125,0,183002.05,9,7,chair,0
0112171_neurosketch,27,furniture,table,402,126,1,189002.08,9,28,table,1
0112171_neurosketch,27,furniture,table,402,127,1,189002.08,9,28,table,0
0112171_neurosketch,27,furniture,table,402,128,1,189002.08,9,28,table,0
0112171_neurosketch,27,furniture,bed,403,129,1,193502.58,9,30,bed,1
0112171_neurosketch,27,furniture,bed,403,130,1,193502.58,9,30,bed,0
0112171_neurosketch,27,furniture,bed,403,131,1,193502.58,9,30,bed,0
0112171_neurosketch,27,furniture,bed,403,132,1,193502.58,9,30,bed,0
0112171_neurosketch,27,furniture,chair,404,133,0,199502.78,9,34,chair,1
0112171_neurosketch,27,furniture,chair,404,134,0,199502.78,9,34,chair,0
0112171_neurosketch,27,furniture,table,405,135,1,202503.13,9,29,table,1
0112171_neurosketch,27,furniture,table,405,136,1,202503.13,9,29,table,0
0112171_neurosketch,27,furniture,bed,406,137,1,205502.3,9,4,bed,1
0112171_neurosketch,27,furniture,bed,406,138,1,205502.3,9,4,bed,0
0112171_neurosketch,27,furniture,bed,406,139,1,205502.3,9,4,bed,0
0112171_neurosketch,27,furniture,bench,407,140,0,210003.19,9,18,bench,1
0112171_neurosketch,27,furniture,bench,407,141,0,210003.19,9,18,bench,0
0112171_neurosketch,27,furniture,bench,408,142,0,213002.74,9,38,bench,1
0112171_neurosketch,27,furniture,bench,408,143,0,213002.74,9,38,bench,0
0112171_neurosketch,27,2,table,409,144,1,216002.7,9,24,,1
0112171_neurosketch,27,2,table,409,145,1,216002.7,9,24,,0
0112171_neurosketch,27,furniture,bed,410,146,1,219002.44,9,8,bed,1
0112171_neurosketch,27,furniture,bed,410,147,1,219002.44,9,8,bed,0
0112171_neurosketch,27,furniture,bed,410,148,1,219002.44,9,8,bed,0
0112171_neurosketch,27,furniture,bed,410,149,1,219002.44,9,8,bed,0
0112171_neurosketch,27,furniture,chair,411,150,0,225003.0,9,14,chair,1
0112171_neurosketch,27,furniture,chair,411,151,0,225003.0,9,14,chair,0
0112171_neurosketch,27,furniture,chair,411,152,0,225003.0,9,14,chair,0
0112171_neurosketch,27,furniture,bed,412,153,1,229502.98,9,10,bed,1
0112171_neurosketch,27,furniture,bed,412,154,1,229502.98,9,10,bed,0
0112171_neurosketch,27,furniture,bed,412,155,1,229502.98,9,10,bed,0
0112171_neurosketch,27,furniture,bench,413,156,0,234002.54,9,33,bench,1
0112171_neurosketch,27,furniture,bench,413,157,0,234002.54,9,33,bench,0
0112171_neurosketch,27,furniture,bench,413,158,0,234002.54,9,33,bench,0
0112171_neurosketch,27,furniture,chair,414,159,0,238503.22,9,19,chair,1
0112171_neurosketch,27,furniture,chair,414,160,0,238503.22,9,19,chair,0
0112171_neurosketch,27,furniture,table,415,161,1,241502.25,9,21,table,1
0112171_neurosketch,27,furniture,table,415,162,1,241502.25,9,21,table,0
0112171_neurosketch,27,furniture,table,415,163,1,241502.25,9,21,table,0
0112171_neurosketch,27,furniture,table,415,164,1,241502.25,9,21,table,0
0112171_neurosketch,27,furniture,bed,416,165,1,247502.79,9,17,bed,1
0112171_neurosketch,27,furniture,bed,416,166,1,247502.79,9,17,bed,0
0112171_neurosketch,27,furniture,bed,416,167,1,247502.79,9,17,bed,0
0112171_neurosketch,27,furniture,bed,416,168,1,247502.79,9,17,bed,0
0112171_neurosketch,27,furniture,chair,417,169,0,253502.28,9,28,chair,1
0112171_neurosketch,27,furniture,chair,417,170,0,253502.28,9,28,chair,0
0112171_neurosketch,27,furniture,chair,417,171,0,253502.28,9,28,chair,0
0112171_neurosketch,27,furniture,table,418,172,1,258003.34,9,20,table,1
0112171_neurosketch,27,furniture,table,418,173,1,258003.34,9,20,table,0
0112171_neurosketch,27,2,bench,419,174,0,261002.28,9,6,bench,1
0112171_neurosketch,27,2,bench,419,175,0,261002.28,9,6,bench,0
0112171_neurosketch,27,2,bench,419,176,0,261002.28,9,6,bench,0
0112171_neurosketch,27,furniture,bench,420,177,0,265502.38,9,21,bench,1
0112171_neurosketch,27,furniture,bench,420,178,0,265502.38,9,21,bench,0
0112171_neurosketch,27,furniture,chair,421,179,0,268502.63,9,8,chair,1
0112171_neurosketch,27,furniture,chair,421,180,0,268502.63,9,8,chair,0
0112171_neurosketch,27,furniture,bed,422,181,1,271502.71,9,13,bed,1
0112171_neurosketch,27,furniture,bed,422,182,1,271502.71,9,13,bed,0
0112171_neurosketch,27,furniture,bed,422,183,1,271502.71,9,13,bed,0
0112171_neurosketch,27,furniture,bed,422,184,1,271502.71,9,13,bed,0
0112171_neurosketch,27,furniture,table,423,185,1,277502.75,9,9,table,1
0112171_neurosketch,27,furniture,table,423,186,1,277502.75,9,9,table,0
0112171_neurosketch,27,furniture,table,423,187,1,277502.75,9,9,table,0
0112171_neurosketch,27,furniture,table,423,188,1,277502.75,9,9,table,0
0112171_neurosketch,27,furniture,bed,424,189,1,283502.63,9,32,bed,1
0112171_neurosketch,27,furniture,bed,424,190,1,283502.63,9,32,bed,0
0112171_neurosketch,27,furniture,bed,424,191,1,283502.63,9,32,bed,0
0112171_neurosketch,27,furniture,chair,425,192,0,288004.06,9,27,chair,1
0112171_neurosketch,27,furniture,chair,425,193,0,288004.06,9,27,chair,0
0112171_neurosketch,27,furniture,chair,425,194,0,288004.06,9,27,chair,0
0112171_neurosketch,27,furniture,chair,425,195,0,288004.06,9,27,chair,0
0112171_neurosketch,27,furniture,bench,426,196,0,294002.1,9,26,bench,1
0112171_neurosketch,27,furniture,bench,426,197,0,294002.1,9,26,bench,0
0112171_neurosketch,27,furniture,table,427,198,1,297002.77,9,26,table,1
0112171_neurosketch,27,furniture,table,427,199,1,297002.77,9,26,table,0
0112171_neurosketch,27,furniture,table,427,200,1,297002.77,9,26,table,0
0112171_neurosketch,27,furniture,bench,428,201,0,301502.75,9,19,bench,1
0112171_neurosketch,27,furniture,bench,428,202,0,301502.75,9,19,bench,0
0112171_neurosketch,27,2,chair,429,203,0,304503.81,9,16,chair,1
0112171_neurosketch,27,2,chair,429,204,0,304503.81,9,16,chair,0
0112171_neurosketch,27,2,chair,429,205,0,304503.81,9,16,chair,0
0112171_neurosketch,27,furniture,bed,430,206,1,309002.67,9,27,bed,1
0112171_neurosketch,27,furniture,bed,430,207,1,309002.67,9,27,bed,0
0112171_neurosketch,27,furniture,table,431,208,1,312002.57,9,38,,1
0112171_neurosketch,27,furniture,table,431,209,1,312002.57,9,38,,0
0112171_neurosketch,27,furniture,table,431,210,1,312002.57,9,38,,0
0112171_neurosketch,27,furniture,bed,432,211,1,316502.58,9,18,bed,1
0112171_neurosketch,27,furniture,bed,432,212,1,316502.58,9,18,bed,0
0112171_neurosketch,27,furniture,chair,433,213,0,319502.04,9,22,chair,1
0112171_neurosketch,27,furniture,chair,433,214,0,319502.04,9,22,chair,0
0112171_neurosketch,27,furniture,table,434,215,1,322503.17,9,10,table,1
0112171_neurosketch,27,furniture,table,434,216,1,322503.17,9,10,table,0
0112171_neurosketch,27,furniture,table,434,217,1,322503.17,9,10,table,0
0112171_neurosketch,27,furniture,bench,435,218,0,327002.3,9,9,,1
0112171_neurosketch,27,furniture,bench,435,219,0,327002.3,9,9,,0
0112171_neurosketch,27,furniture,bench,435,220,0,327002.3,9,9,,0
0112171_neurosketch,27,furniture,bed,436,221,1,331502.58,9,38,bed,1
0112171_neurosketch,27,furniture,bed,436,222,1,331502.58,9,38,bed,0
0112171_neurosketch,27,furniture,bed,436,223,1,331502.58,9,38,bed,0
0112171_neurosketch,27,furniture,table,437,224,1,336002.57,9,27,table,1
0112171_neurosketch,27,furniture,table,437,225,1,336002.57,9,27,table,0
0112171_neurosketch,27,furniture,table,437,226,1,336002.57,9,27,table,0
0112171_neurosketch,27,furniture,bench,438,227,0,340502.69,9,25,bench,1
0112171_neurosketch,27,furniture,bench,438,228,0,340502.69,9,25,bench,0
0112171_neurosketch,27,2,chair,439,229,0,343502.67,9,32,chair,1
0112171_neurosketch,27,2,chair,439,230,0,343502.67,9,32,chair,0
0112171_neurosketch,27,2,chair,439,231,0,343502.67,9,32,chair,0
0112171_neurosketch,27,2,chair,439,232,0,343502.67,9,32,chair,0
0112171_neurosketch,27,2,chair,439,233,0,343502.67,9,32,chair,0
0112171_neurosketch,27,2,chair,439,234,0,343502.67,9,32,chair,0
0112171_neurosketch,27,2,chair,439,235,0,343502.67,9,32,chair,0
0112171_neurosketch,27,2,chair,439,236,0,343502.67,9,32,chair,0
0112171_neurosketch,27,2,chair,439,237,0,343502.67,9,32,chair,0
0112171_neurosketch,27,2,chair,439,238,0,343502.67,9,32,chair,0
0112171_neurosketch,27,2,chair,439,239,0,343502.67,9,32,chair,0
0112171_neurosketch,27,furniture,bed,440,0,-1,0.0,10,1,bed,0
0112171_neurosketch,27,furniture,bed,440,1,-1,0.0,10,1,bed,0
0112171_neurosketch,27,furniture,bed,440,2,-1,0.0,10,1,bed,0
0112171_neurosketch,27,furniture,bed,440,3,-1,0.0,10,1,bed,0
0112171_neurosketch,27,furniture,bed,440,4,-1,0.0,10,1,bed,0
0112171_neurosketch,27,furniture,bed,440,5,-1,0.0,10,1,bed,0
0112171_neurosketch,27,furniture,bed,440,6,-1,0.0,10,1,bed,0
0112171_neurosketch,27,furniture,bed,440,7,-1,0.0,10,1,bed,0
0112171_neurosketch,27,furniture,bed,440,8,1,12001.09,10,1,bed,1
0112171_neurosketch,27,furniture,bed,440,9,1,12001.09,10,1,bed,0
0112171_neurosketch,27,furniture,table,441,10,1,15001.45,10,8,table,1
0112171_neurosketch,27,furniture,table,441,11,1,15001.45,10,8,table,0
0112171_neurosketch,27,furniture,table,441,12,1,15001.45,10,8,table,0
0112171_neurosketch,27,furniture,table,441,13,1,15001.45,10,8,table,0
0112171_neurosketch,27,furniture,bench,442,14,0,21002.09,10,34,bench,1
0112171_neurosketch,27,furniture,bench,442,15,0,21002.09,10,34,bench,0
0112171_neurosketch,27,furniture,bench,442,16,0,21002.09,10,34,bench,0
0112171_neurosketch,27,furniture,chair,443,17,0,25502.0,10,18,chair,1
0112171_neurosketch,27,furniture,chair,443,18,0,25502.0,10,18,chair,0
0112171_neurosketch,27,furniture,chair,443,19,0,25502.0,10,18,chair,0
0112171_neurosketch,27,furniture,chair,443,20,0,25502.0,10,18,chair,0
0112171_neurosketch,27,furniture,bed,444,21,1,31501.08,10,5,bed,1
0112171_neurosketch,27,furniture,bed,444,22,1,31501.08,10,5,bed,0
0112171_neurosketch,27,furniture,chair,445,23,0,34501.66,10,15,chair,1
0112171_neurosketch,27,furniture,chair,445,24,0,34501.66,10,15,chair,0
0112171_neurosketch,27,furniture,table,446,25,1,37501.51,10,39,table,1
0112171_neurosketch,27,furniture,table,446,26,1,37501.51,10,39,table,0
0112171_neurosketch,27,furniture,table,446,27,1,37501.51,10,39,table,0
0112171_neurosketch,27,furniture,bench,447,28,0,42002.0,10,24,bench,1
0112171_neurosketch,27,furniture,bench,447,29,0,42002.0,10,24,bench,0
0112171_neurosketch,27,furniture,bench,448,30,0,45001.23,10,5,bench,1
0112171_neurosketch,27,furniture,bench,448,31,0,45001.23,10,5,bench,0
0112171_neurosketch,27,2,table,449,32,1,48001.48,10,4,table,1
0112171_neurosketch,27,2,table,449,33,1,48001.48,10,4,table,0
0112171_neurosketch,27,furniture,bed,450,34,1,51002.02,10,29,bed,1
0112171_neurosketch,27,furniture,bed,450,35,1,51002.02,10,29,bed,0
0112171_neurosketch,27,furniture,bed,450,36,1,51002.02,10,29,bed,0
0112171_neurosketch,27,furniture,bed,450,37,1,51002.02,10,29,bed,0
0112171_neurosketch,27,furniture,chair,451,38,0,57001.54,10,4,chair,1
0112171_neurosketch,27,furniture,chair,451,39,0,57001.54,10,4,chair,0
0112171_neurosketch,27,furniture,chair,451,40,0,57001.54,10,4,chair,0
0112171_neurosketch,27,furniture,bench,452,41,0,61502.3,10,32,bench,1
0112171_neurosketch,27,furniture,bench,452,42,0,61502.3,10,32,bench,0
0112171_neurosketch,27,furniture,bench,452,43,0,61502.3,10,32,bench,0
0112171_neurosketch,27,furniture,bed,453,44,1,66002.41,10,6,bed,1
0112171_neurosketch,27,furniture,bed,453,45,1,66002.41,10,6,bed,0
0112171_neurosketch,27,furniture,bed,453,46,1,66002.41,10,6,bed,0
0112171_neurosketch,27,furniture,table,454,47,1,70501.92,10,25,table,1
0112171_neurosketch,27,furniture,table,454,48,1,70501.92,10,25,table,0
0112171_neurosketch,27,furniture,chair,455,49,0,73502.61,10,20,chair,1
0112171_neurosketch,27,furniture,chair,455,50,0,73502.61,10,20,chair,0
0112171_neurosketch,27,furniture,chair,455,51,0,73502.61,10,20,chair,0
0112171_neurosketch,27,furniture,chair,455,52,0,73502.61,10,20,chair,0
0112171_neurosketch,27,furniture,chair,456,53,0,79502.25,10,10,chair,1
0112171_neurosketch,27,furniture,chair,456,54,0,79502.25,10,10,chair,0
0112171_neurosketch,27,furniture,chair,456,55,0,79502.25,10,10,chair,0
0112171_neurosketch,27,furniture,chair,456,56,0,79502.25,10,10,chair,0
0112171_neurosketch,27,furniture,table,457,57,1,85501.58,10,6,table,1
0112171_neurosketch,27,furniture,table,457,58,1,85501.58,10,6,table,0
0112171_neurosketch,27,furniture,table,457,59,1,85501.58,10,6,table,0
0112171_neurosketch,27,furniture,bench,458,60,0,90002.14,10,16,bench,1
0112171_neurosketch,27,furniture,bench,458,61,0,90002.14,10,16,bench,0
0112171_neurosketch,27,2,bed,459,62,1,93001.71,10,15,bed,1
0112171_neurosketch,27,2,bed,459,63,1,93001.71,10,15,bed,0
0112171_neurosketch,27,2,bed,459,64,1,93001.71,10,15,bed,0
0112171_neurosketch,27,furniture,table,460,65,1,97502.08,10,23,table,1
0112171_neurosketch,27,furniture,table,460,66,1,97502.08,10,23,table,0
0112171_neurosketch,27,furniture,chair,461,67,0,100502.57,10,31,chair,1
0112171_neurosketch,27,furniture,chair,461,68,0,100502.57,10,31,chair,0
0112171_neurosketch,27,furniture,bed,462,69,1,103502.58,10,28,bed,1
0112171_neurosketch,27,furniture,bed,462,70,1,103502.58,10,28,bed,0
0112171_neurosketch,27,furniture,bed,462,71,1,103502.58,10,28,bed,0
0112171_neurosketch,27,furniture,bed,462,72,1,103502.58,10,28,bed,0
0112171_neurosketch,27,furniture,bench,463,73,0,109501.89,10,12,bench,1
0112171_neurosketch,27,furniture,bench,463,74,0,109501.89,10,12,bench,0
0112171_neurosketch,27,furniture,bench,463,75,0,109501.89,10,12,bench,0
0112171_neurosketch,27,furniture,bench,463,76,0,109501.89,10,12,bench,0
0112171_neurosketch,27,furniture,chair,464,77,0,115502.2,10,35,chair,1
0112171_neurosketch,27,furniture,chair,464,78,0,115502.2,10,35,chair,0
0112171_neurosketch,27,furniture,chair,464,79,0,115502.2,10,35,chair,0
0112171_neurosketch,27,furniture,bench,465,80,0,120002.28,10,14,bench,1
0112171_neurosketch,27,furniture,bench,465,81,0,120002.28,10,14,bench,0
0112171_neurosketch,27,furniture,bench,465,82,0,120002.28,10,14,bench,0
0112171_neurosketch,27,furniture,bench,465,83,0,120002.28,10,14,bench,0
0112171_neurosketch,27,furniture,bed,466,84,1,126002.37,10,11,bed,1
0112171_neurosketch,27,furniture,bed,466,85,1,126002.37,10,11,bed,0
0112171_neurosketch,27,furniture,table,467,86,1,129003.3,10,3,table,1
0112171_neurosketch,27,furniture,table,467,87,1,129003.3,10,3,table,0
0112171_neurosketch,27,furniture,table,467,88,1,129003.3,10,3,table,0
0112171_neurosketch,27,furniture,bench,468,89,0,133501.99,10,31,bench,1
0112171_neurosketch,27,furniture,bench,468,90,0,133501.99,10,31,bench,0
0112171_neurosketch,27,2,chair,469,91,0,136502.79,10,30,chair,1
0112171_neurosketch,27,2,chair,469,92,0,136502.79,10,30,chair,0
0112171_neurosketch,27,2,chair,469,93,0,136502.79,10,30,chair,0
0112171_neurosketch,27,furniture,bed,470,94,1,141002.64,10,16,bed,1
0112171_neurosketch,27,furniture,bed,470,95,1,141002.64,10,16,bed,0
0112171_neurosketch,27,furniture,table,471,96,1,144002.43,10,15,table,1
0112171_neurosketch,27,furniture,table,471,97,1,144002.43,10,15,table,0
0112171_neurosketch,27,furniture,table,471,98,1,144002.43,10,15,table,0
0112171_neurosketch,27,furniture,bench,472,99,0,148502.89,10,35,bench,1
0112171_neurosketch,27,furniture,bench,472,100,0,148502.89,10,35,bench,0
0112171_neurosketch,27,furniture,table,473,101,1,151503.06,10,2,table,1
0112171_neurosketch,27,furniture,table,473,102,1,151503.06,10,2,table,0
0112171_neurosketch,27,furniture,bed,474,103,1,154502.47,10,22,bed,1
0112171_neurosketch,27,furniture,bed,474,104,1,154502.47,10,22,bed,0
0112171_neurosketch,27,furniture,bed,474,105,1,154502.47,10,22,bed,0
0112171_neurosketch,27,furniture,chair,475,106,0,159002.93,10,37,chair,1
0112171_neurosketch,27,furniture,chair,475,107,0,159002.93,10,37,chair,0
0112171_neurosketch,27,furniture,chair,475,108,0,159002.93,10,37,chair,0
0112171_neurosketch,27,furniture,bench,476,109,0,163504.18,10,20,bench,1
0112171_neurosketch,27,furniture,bench,476,110,0,163504.18,10,20,bench,0
0112171_neurosketch,27,furniture,bench,476,111,0,163504.18,10,20,bench,0
0112171_neurosketch,27,furniture,table,477,112,1,168002.43,10,7,table,1
0112171_neurosketch,27,furniture,table,477,113,1,168002.43,10,7,table,0
0112171_neurosketch,27,furniture,table,477,114,1,168002.43,10,7,table,0
0112171_neurosketch,27,furniture,bed,478,115,1,172502.83,10,25,bed,1
0112171_neurosketch,27,furniture,bed,478,116,1,172502.83,10,25,bed,0
0112171_neurosketch,27,2,chair,479,117,0,175502.72,10,24,chair,1
0112171_neurosketch,27,2,chair,479,118,0,175502.72,10,24,chair,0
0112171_neurosketch,27,2,chair,479,119,0,175502.72,10,24,chair,0
0112171_neurosketch,27,furniture,chair,480,120,0,180002.3,10,33,chair,1
0112171_neurosketch,27,furniture,chair,480,121,0,180002.3,10,33,chair,0
0112171_neurosketch,27,furniture,bench,481,122,0,183004.95,10,3,bench,1
0112171_neurosketch,27,furniture,bench,481,123,0,183004.95,10,3,bench,0
0112171_neurosketch,27,furniture,bench,481,124,0,183004.95,10,3,bench,0
0112171_neurosketch,27,furniture,bench,481,125,0,183004.95,10,3,bench,0
0112171_neurosketch,27,furniture,table,482,126,1,189002.1,10,17,table,1
0112171_neurosketch,27,furniture,table,482,127,1,189002.1,10,17,table,0
0112171_neurosketch,27,furniture,table,482,128,1,189002.1,10,17,table,0
0112171_neurosketch,27,furniture,bed,483,129,1,193502.19,10,39,bed,1
0112171_neurosketch,27,furniture,bed,483,130,1,193502.19,10,39,bed,0
0112171_neurosketch,27,furniture,bed,483,131,1,193502.19,10,39,bed,0
0112171_neurosketch,27,furniture,bed,483,132,1,193502.19,10,39,bed,0
0112171_neurosketch,27,furniture,bed,484,133,1,199502.96,10,12,bed,1
0112171_neurosketch,27,furniture,bed,484,134,1,199502.96,10,12,bed,0
0112171_neurosketch,27,furniture,chair,485,135,0,202502.5,10,12,chair,1
0112171_neurosketch,27,furniture,chair,485,136,0,202502.5,10,12,chair,0
0112171_neurosketch,27,furniture,table,486,137,1,205502.84,10,14,table,1
0112171_neurosketch,27,furniture,table,486,138,1,205502.84,10,14,table,0
0112171_neurosketch,27,furniture,table,486,139,1,205502.84,10,14,table,0
0112171_neurosketch,27,furniture,bench,487,140,0,210002.51,10,2,,1
0112171_neurosketch,27,furniture,bench,487,141,0,210002.51,10,2,,0
0112171_neurosketch,27,furniture,bed,488,142,1,213002.91,10,0,bed,1
0112171_neurosketch,27,furniture,bed,488,143,1,213002.91,10,0,bed,0
0112171_neurosketch,27,2,bench,489,144,0,216002.29,10,30,bench,1
0112171_neurosketch,27,2,bench,489,145,0,216002.29,10,30,bench,0
0112171_neurosketch,27,furniture,table,490,146,1,219004.1,10,22,table,1
0112171_neurosketch,27,furniture,table,490,147,1,219004.1,10,22,table,0
0112171_neurosketch,27,furniture,table,490,148,1,219004.1,10,22,table,0
0112171_neurosketch,27,furniture,table,490,149,1,219004.1,10,22,table,0
0112171_neurosketch,27,furniture,chair,491,150,0,225002.19,10,0,chair,1
0112171_neurosketch,27,furniture,chair,491,151,0,225002.19,10,0,chair,0
0112171_neurosketch,27,furniture,chair,491,152,0,225002.19,10,0,chair,0
0112171_neurosketch,27,furniture,table,492,153,1,229504.3,10,31,table,1
0112171_neurosketch,27,furniture,table,492,154,1,229504.3,10,31,table,0
0112171_neurosketch,27,furniture,table,492,155,1,229504.3,10,31,table,0
0112171_neurosketch,27,furniture,bench,493,156,0,234002.83,10,23,bench,1
0112171_neurosketch,27,furniture,bench,493,157,0,234002.83,10,23,bench,0
0112171_neurosketch,27,furniture,bench,493,158,0,234002.83,10,23,bench,0
0112171_neurosketch,27,furniture,chair,494,159,0,238502.58,10,11,chair,1
0112171_neurosketch,27,furniture,chair,494,160,0,238502.58,10,11,chair,0
0112171_neurosketch,27,furniture,bed,495,161,1,241502.6,10,21,bed,1
0112171_neurosketch,27,furniture,bed,495,162,1,241502.6,10,21,bed,0
0112171_neurosketch,27,furniture,bed,495,163,1,241502.6,10,21,bed,0
0112171_neurosketch,27,furniture,bed,495,164,1,241502.6,10,21,bed,0
0112171_neurosketch,27,furniture,bed,496,165,1,247502.49,10,19,bed,1
0112171_neurosketch,27,furniture,bed,496,166,1,247502.49,10,19,bed,0
0112171_neurosketch,27,furniture,bed,496,167,1,247502.49,10,19,bed,0
0112171_neurosketch,27,furniture,bed,496,168,1,247502.49,10,19,bed,0
0112171_neurosketch,27,furniture,chair,497,169,0,253502.89,10,25,chair,1
0112171_neurosketch,27,furniture,chair,497,170,0,253502.89,10,25,chair,0
0112171_neurosketch,27,furniture,chair,497,171,0,253502.89,10,25,chair,0
0112171_neurosketch,27,furniture,table,498,172,1,258002.45,10,18,table,1
0112171_neurosketch,27,furniture,table,498,173,1,258002.45,10,18,table,0
0112171_neurosketch,27,2,bench,499,174,0,261002.82,10,8,bench,1
0112171_neurosketch,27,2,bench,499,175,0,261002.82,10,8,bench,0
0112171_neurosketch,27,2,bench,499,176,0,261002.82,10,8,bench,0
0112171_neurosketch,27,furniture,chair,500,177,0,265504.42,10,5,chair,1
0112171_neurosketch,27,furniture,chair,500,178,0,265504.42,10,5,chair,0
0112171_neurosketch,27,furniture,bed,501,179,1,268502.37,10,36,bed,1
0112171_neurosketch,27,furniture,bed,501,180,1,268502.37,10,36,bed,0
0112171_neurosketch,27,furniture,table,502,181,1,271502.76,10,12,table,1
0112171_neurosketch,27,furniture,table,502,182,1,271502.76,10,12,table,0
0112171_neurosketch,27,furniture,table,502,183,1,271502.76,10,12,table,0
0112171_neurosketch,27,furniture,table,502,184,1,271502.76,10,12,table,0
0112171_neurosketch,27,furniture,bench,503,185,0,277502.71,10,28,bench,1
0112171_neurosketch,27,furniture,bench,503,186,0,277502.71,10,28,bench,0
0112171_neurosketch,27,furniture,bench,503,187,0,277502.71,10,28,bench,0
0112171_neurosketch,27,furniture,bench,503,188,0,277502.71,10,28,bench,0
0112171_neurosketch,27,furniture,bench,504,189,0,283502.72,10,37,bench,1
0112171_neurosketch,27,furniture,bench,504,190,0,283502.72,10,37,bench,0
0112171_neurosketch,27,furniture,bench,504,191,0,283502.72,10,37,bench,0
0112171_neurosketch,27,furniture,chair,505,192,0,288002.27,10,3,chair,1
0112171_neurosketch,27,furniture,chair,505,193,0,288002.27,10,3,chair,0
0112171_neurosketch,27,furniture,chair,505,194,0,288002.27,10,3,chair,0
0112171_neurosketch,27,furniture,chair,505,195,0,288002.27,10,3,chair,0
0112171_neurosketch,27,furniture,bed,506,196,1,294002.16,10,37,bed,1
0112171_neurosketch,27,furniture,bed,506,197,1,294002.16,10,37,bed,0
0112171_neurosketch,27,furniture,table,507,198,1,297002.1,10,1,table,1
0112171_neurosketch,27,furniture,table,507,199,1,297002.1,10,1,table,0
0112171_neurosketch,27,furniture,table,507,200,1,297002.1,10,1,table,0
0112171_neurosketch,27,furniture,bench,508,201,0,301503.02,10,29,bench,1
0112171_neurosketch,27,furniture,bench,508,202,0,301503.02,10,29,bench,0
0112171_neurosketch,27,2,chair,509,203,0,304503.01,10,23,chair,1
0112171_neurosketch,27,2,chair,509,204,0,304503.01,10,23,chair,0
0112171_neurosketch,27,2,chair,509,205,0,304503.01,10,23,chair,0
0112171_neurosketch,27,furniture,table,510,206,1,309003.03,10,16,table,1
0112171_neurosketch,27,furniture,table,510,207,1,309003.03,10,16,table,0
0112171_neurosketch,27,furniture,bed,511,208,1,312002.55,10,35,bed,1
0112171_neurosketch,27,furniture,bed,511,209,1,312002.55,10,35,bed,0
0112171_neurosketch,27,furniture,bed,511,210,1,312002.55,10,35,bed,0
0112171_neurosketch,27,furniture,chair,512,211,0,316502.48,10,17,chair,1
0112171_neurosketch,27,furniture,chair,512,212,0,316502.48,10,17,chair,0
0112171_neurosketch,27,furniture,table,513,213,1,319502.29,10,35,table,1
0112171_neurosketch,27,furniture,table,513,214,1,319502.29,10,35,table,0
0112171_neurosketch,27,furniture,bed,514,215,1,322502.12,10,9,bed,1
0112171_neurosketch,27,furniture,bed,514,216,1,322502.12,10,9,bed,0
0112171_neurosketch,27,furniture,bed,514,217,1,322502.12,10,9,bed,0
0112171_neurosketch,27,furniture,bench,515,218,0,327002.38,10,7,bench,1
0112171_neurosketch,27,furniture,bench,515,219,0,327002.38,10,7,bench,0
0112171_neurosketch,27,furniture,bench,515,220,0,327002.38,10,7,bench,0
0112171_neurosketch,27,furniture,table,516,221,1,331502.19,10,33,table,1
0112171_neurosketch,27,furniture,table,516,222,1,331502.19,10,33,table,0
0112171_neurosketch,27,furniture,table,516,223,1,331502.19,10,33,table,0
0112171_neurosketch,27,furniture,bed,517,224,1,336004.26,10,3,bed,1
0112171_neurosketch,27,furniture,bed,517,225,1,336004.26,10,3,bed,0
0112171_neurosketch,27,furniture,bed,517,226,1,336004.26,10,3,bed,0
0112171_neurosketch,27,furniture,chair,518,227,0,340502.91,10,38,chair,1
0112171_neurosketch,27,furniture,chair,518,228,0,340502.91,10,38,chair,0
0112171_neurosketch,27,2,bench,519,229,0,343502.72,10,4,bench,1
0112171_neurosketch,27,2,bench,519,230,0,343502.72,10,4,bench,0
0112171_neurosketch,27,2,bench,519,231,0,343502.72,10,4,bench,0
0112171_neurosketch,27,2,bench,519,232,0,343502.72,10,4,bench,0
0112171_neurosketch,27,2,bench,519,233,0,343502.72,10,4,bench,0
0112171_neurosketch,27,2,bench,519,234,0,343502.72,10,4,bench,0
0112171_neurosketch,27,2,bench,519,235,0,343502.72,10,4,bench,0
0112171_neurosketch,27,2,bench,519,236,0,343502.72,10,4,bench,0
0112171_neurosketch,27,2,bench,519,237,0,343502.72,10,4,bench,0
0112171_neurosketch,27,2,bench,519,238,0,343502.72,10,4,bench,0
0112171_neurosketch,27,2,bench,519,239,0,343502.72,10,4,bench,0
