wID,versionNum,category,object,trial,TRnum,condition,onset_time,run_num,viewpoint,response,onset
0112173_neurosketch,33,furniture,bed,0,0,-1,0.0,1,7,,0
0112173_neurosketch,33,furniture,bed,0,1,-1,0.0,1,7,,0
0112173_neurosketch,33,furniture,bed,0,2,-1,0.0,1,7,,0
0112173_neurosketch,33,furniture,bed,0,3,-1,0.0,1,7,,0
0112173_neurosketch,33,furniture,bed,0,4,-1,0.0,1,7,,0
0112173_neurosketch,33,furniture,bed,0,5,-1,0.0,1,7,,0
0112173_neurosketch,33,furniture,bed,0,6,-1,0.0,1,7,,0
0112173_neurosketch,33,furniture,bed,0,7,-1,0.0,1,7,,0
0112173_neurosketch,33,furniture,bed,0,8,1,12004.12,1,7,,1
0112173_neurosketch,33,furniture,bed,0,9,1,12004.12,1,7,,0
0112173_neurosketch,33,furniture,bed,0,10,1,12004.12,1,7,,0
0112173_neurosketch,33,furniture,bed,0,11,1,12004.12,1,7,,0
0112173_neurosketch,33,furniture,bench,1,12,1,18003.05,1,1,,1
0112173_neurosketch,33,furniture,bench,1,13,1,18003.05,1,1,,0
0112173_neurosketch,33,furniture,bench,1,14,1,18003.05,1,1,,0
0112173_neurosketch,33,furniture,chair,2,15,0,22502.07,1,22,chair,1
0112173_neurosketch,33,furniture,chair,2,16,0,22502.07,1,22,chair,0
0112173_neurosketch,33,furniture,chair,2,17,0,22502.07,1,22,chair,0
0112173_neurosketch,33,furniture,table,3,18,0,27002.62,1,21,,1
0112173_neurosketch,33,furniture,table,3,19,0,27002.62,1,21,,0
0112173_neurosketch,33,furniture,chair,4,20,0,30003.27,1,11,table,1
0112173_neurosketch,33,furniture,chair,4,21,0,30003.27,1,11,table,0
0112173_neurosketch,33,furniture,chair,4,22,0,30003.27,1,11,table,0
0112173_neurosketch,33,furniture,bed,5,23,1,34504.5,1,33,bed,1
0112173_neurosketch,33,furniture,bed,5,24,1,34504.5,1,33,bed,0
0112173_neurosketch,33,furniture,table,6,25,0,37502.52,1,23,table,1
0112173_neurosketch,33,furniture,table,6,26,0,37502.52,1,23,table,0
0112173_neurosketch,33,furniture,bench,7,27,1,40503.34,1,12,bench,1
0112173_neurosketch,33,furniture,bench,7,28,1,40503.34,1,12,bench,0
0112173_neurosketch,33,furniture,chair,8,29,0,43502.2,1,12,chair,1
0112173_neurosketch,33,furniture,chair,8,30,0,43502.2,1,12,chair,0
0112173_neurosketch,33,furniture,chair,8,31,0,43502.2,1,12,chair,0
0112173_neurosketch,33,2,table,9,32,0,48002.29,1,35,table,1
0112173_neurosketch,33,2,table,9,33,0,48002.29,1,35,table,0
0112173_neurosketch,33,furniture,bed,10,34,1,51001.71,1,17,bed,1
0112173_neurosketch,33,furniture,bed,10,35,1,51001.71,1,17,bed,0
0112173_neurosketch,33,furniture,bed,10,36,1,51001.71,1,17,bed,0
0112173_neurosketch,33,furniture,bench,11,37,1,55502.99,1,11,bench,1
0112173_neurosketch,33,furniture,bench,11,38,1,55502.99,1,11,bench,0
0112173_neurosketch,33,furniture,bed,12,39,1,58502.4,1,26,bed,1
0112173_neurosketch,33,furniture,bed,12,40,1,58502.4,1,26,bed,0
0112173_neurosketch,33,furniture,bench,13,41,1,61502.11,1,26,bench,1
0112173_neurosketch,33,furniture,bench,13,42,1,61502.11,1,26,bench,0
0112173_neurosketch,33,furniture,bench,13,43,1,61502.11,1,26,bench,0
0112173_neurosketch,33,furniture,chair,14,44,0,66002.92,1,16,chair,1
0112173_neurosketch,33,furniture,chair,14,45,0,66002.92,1,16,chair,0
0112173_neurosketch,33,furniture,chair,14,46,0,66002.92,1,16,chair,0
0112173_neurosketch,33,furniture,chair,14,47,0,66002.92,1,16,chair,0
0112173_neurosketch,33,furniture,table,15,48,0,72002.46,1,0,chair,1
0112173_neurosketch,33,furniture,table,15,49,0,72002.46,1,0,chair,0
0112173_neurosketch,33,furniture,table,15,50,0,72002.46,1,0,chair,0
0112173_neurosketch,33,furniture,chair,16,51,0,76503.6,1,0,chair,1
0112173_neurosketch,33,furniture,chair,16,52,0,76503.6,1,0,chair,0
0112173_neurosketch,33,furniture,bed,17,53,1,79503.22,1,21,bed,1
0112173_neurosketch,33,furniture,bed,17,54,1,79503.22,1,21,bed,0
0112173_neurosketch,33,furniture,bench,18,55,1,82502.75,1,17,bench,1
0112173_neurosketch,33,furniture,bench,18,56,1,82502.75,1,17,bench,0
0112173_neurosketch,33,2,table,19,57,0,85502.54,1,19,,1
0112173_neurosketch,33,2,table,19,58,0,85502.54,1,19,,0
0112173_neurosketch,33,2,table,19,59,0,85502.54,1,19,,0
0112173_neurosketch,33,furniture,bed,20,60,1,90003.22,1,12,bed,1
0112173_neurosketch,33,furniture,bed,20,61,1,90003.22,1,12,bed,0
0112173_neurosketch,33,furniture,bed,20,62,1,90003.22,1,12,bed,0
0112173_neurosketch,33,furniture,table,21,63,0,94502.71,1,4,table,1
0112173_neurosketch,33,furniture,table,21,64,0,94502.71,1,4,table,0
0112173_neurosketch,33,furniture,chair,22,65,0,97502.9,1,33,chair,1
0112173_neurosketch,33,furniture,chair,22,66,0,97502.9,1,33,chair,0
0112173_neurosketch,33,furniture,bench,23,67,1,100505.3,1,32,bench,1
0112173_neurosketch,33,furniture,bench,23,68,1,100505.3,1,32,bench,0
0112173_neurosketch,33,furniture,bench,23,69,1,100505.3,1,32,bench,0
0112173_neurosketch,33,furniture,bench,24,70,1,105002.88,1,24,bench,1
0112173_neurosketch,33,furniture,bench,24,71,1,105002.88,1,24,bench,0
0112173_neurosketch,33,furniture,bench,24,72,1,105002.88,1,24,bench,0
0112173_neurosketch,33,furniture,table,25,73,0,109503.27,1,20,table,1
0112173_neurosketch,33,furniture,table,25,74,0,109503.27,1,20,table,0
0112173_neurosketch,33,furniture,table,25,75,0,109503.27,1,20,table,0
0112173_neurosketch,33,furniture,bed,26,76,1,114002.97,1,28,bed,1
0112173_neurosketch,33,furniture,bed,26,77,1,114002.97,1,28,bed,0
0112173_neurosketch,33,furniture,bed,26,78,1,114002.97,1,28,bed,0
0112173_neurosketch,33,furniture,bed,26,79,1,114002.97,1,28,bed,0
0112173_neurosketch,33,furniture,chair,27,80,0,120003.83,1,13,chair,1
0112173_neurosketch,33,furniture,chair,27,81,0,120003.83,1,13,chair,0
0112173_neurosketch,33,furniture,chair,27,82,0,120003.83,1,13,chair,0
0112173_neurosketch,33,furniture,chair,27,83,0,120003.83,1,13,chair,0
0112173_neurosketch,33,furniture,table,28,84,0,126001.76,1,39,table,1
0112173_neurosketch,33,furniture,table,28,85,0,126001.76,1,39,table,0
0112173_neurosketch,33,furniture,table,28,86,0,126001.76,1,39,table,0
0112173_neurosketch,33,2,chair,29,87,0,130504.83,1,27,chair,1
0112173_neurosketch,33,2,chair,29,88,0,130504.83,1,27,chair,0
0112173_neurosketch,33,2,chair,29,89,0,130504.83,1,27,chair,0
0112173_neurosketch,33,furniture,bed,30,90,1,135002.46,1,6,bed,1
0112173_neurosketch,33,furniture,bed,30,91,1,135002.46,1,6,bed,0
0112173_neurosketch,33,furniture,bed,30,92,1,135002.46,1,6,bed,0
0112173_neurosketch,33,furniture,bench,31,93,1,139504.92,1,5,bench,1
0112173_neurosketch,33,furniture,bench,31,94,1,139504.92,1,5,bench,0
0112173_neurosketch,33,furniture,bench,31,95,1,139504.92,1,5,bench,0
0112173_neurosketch,33,furniture,bench,31,96,1,139504.92,1,5,bench,0
0112173_neurosketch,33,furniture,table,32,97,0,145502.48,1,25,table,1
0112173_neurosketch,33,furniture,table,32,98,0,145502.48,1,25,table,0
0112173_neurosketch,33,furniture,table,32,99,0,145502.48,1,25,table,0
0112173_neurosketch,33,furniture,table,32,100,0,145502.48,1,25,table,0
0112173_neurosketch,33,furniture,bed,33,101,1,151502.84,1,11,bed,1
0112173_neurosketch,33,furniture,bed,33,102,1,151502.84,1,11,bed,0
0112173_neurosketch,33,furniture,bench,34,103,1,154502.38,1,36,bench,1
0112173_neurosketch,33,furniture,bench,34,104,1,154502.38,1,36,bench,0
0112173_neurosketch,33,furniture,bench,34,105,1,154502.38,1,36,bench,0
0112173_neurosketch,33,furniture,chair,35,106,0,159002.19,1,39,chair,1
0112173_neurosketch,33,furniture,chair,35,107,0,159002.19,1,39,chair,0
0112173_neurosketch,33,furniture,table,36,108,0,162003.04,1,33,table,1
0112173_neurosketch,33,furniture,table,36,109,0,162003.04,1,33,table,0
0112173_neurosketch,33,furniture,table,36,110,0,162003.04,1,33,table,0
0112173_neurosketch,33,furniture,table,36,111,0,162003.04,1,33,table,0
0112173_neurosketch,33,furniture,chair,37,112,0,168002.21,1,10,chair,1
0112173_neurosketch,33,furniture,chair,37,113,0,168002.21,1,10,chair,0
0112173_neurosketch,33,furniture,chair,37,114,0,168002.21,1,10,chair,0
0112173_neurosketch,33,furniture,chair,37,115,0,168002.21,1,10,chair,0
0112173_neurosketch,33,furniture,bed,38,116,1,174002.82,1,34,bed,1
0112173_neurosketch,33,furniture,bed,38,117,1,174002.82,1,34,bed,0
0112173_neurosketch,33,furniture,bed,38,118,1,174002.82,1,34,bed,0
0112173_neurosketch,33,furniture,bed,38,119,1,174002.82,1,34,bed,0
0112173_neurosketch,33,2,bench,39,120,1,180002.02,1,0,bench,1
0112173_neurosketch,33,2,bench,39,121,1,180002.02,1,0,bench,0
0112173_neurosketch,33,furniture,chair,40,122,0,183004.65,1,18,chair,1
0112173_neurosketch,33,furniture,chair,40,123,0,183004.65,1,18,chair,0
0112173_neurosketch,33,furniture,table,41,124,0,186002.71,1,9,table,1
0112173_neurosketch,33,furniture,table,41,125,0,186002.71,1,9,table,0
0112173_neurosketch,33,furniture,table,41,126,0,186002.71,1,9,table,0
0112173_neurosketch,33,furniture,bench,42,127,1,190502.75,1,19,bench,1
0112173_neurosketch,33,furniture,bench,42,128,1,190502.75,1,19,bench,0
0112173_neurosketch,33,furniture,bench,42,129,1,190502.75,1,19,bench,0
0112173_neurosketch,33,furniture,bed,43,130,1,195003.03,1,13,bed,1
0112173_neurosketch,33,furniture,bed,43,131,1,195003.03,1,13,bed,0
0112173_neurosketch,33,furniture,table,44,132,0,198002.73,1,18,table,1
0112173_neurosketch,33,furniture,table,44,133,0,198002.73,1,18,table,0
0112173_neurosketch,33,furniture,table,44,134,0,198002.73,1,18,table,0
0112173_neurosketch,33,furniture,bench,45,135,1,202502.08,1,21,bench,1
0112173_neurosketch,33,furniture,bench,45,136,1,202502.08,1,21,bench,0
0112173_neurosketch,33,furniture,bed,46,137,1,205502.44,1,32,bed,1
0112173_neurosketch,33,furniture,bed,46,138,1,205502.44,1,32,bed,0
0112173_neurosketch,33,furniture,chair,47,139,0,208502.33,1,26,chair,1
0112173_neurosketch,33,furniture,chair,47,140,0,208502.33,1,26,chair,0
0112173_neurosketch,33,furniture,table,48,141,0,211502.91,1,14,table,1
0112173_neurosketch,33,furniture,table,48,142,0,211502.91,1,14,table,0
0112173_neurosketch,33,furniture,table,48,143,0,211502.91,1,14,table,0
0112173_neurosketch,33,2,bed,49,144,1,216003.32,1,8,bed,1
0112173_neurosketch,33,2,bed,49,145,1,216003.32,1,8,bed,0
0112173_neurosketch,33,furniture,bench,50,146,1,219002.74,1,16,bench,1
0112173_neurosketch,33,furniture,bench,50,147,1,219002.74,1,16,bench,0
0112173_neurosketch,33,furniture,bench,50,148,1,219002.74,1,16,bench,0
0112173_neurosketch,33,furniture,chair,51,149,0,223502.81,1,1,chair,1
0112173_neurosketch,33,furniture,chair,51,150,0,223502.81,1,1,chair,0
0112173_neurosketch,33,furniture,bench,52,151,1,226504.56,1,39,bench,1
0112173_neurosketch,33,furniture,bench,52,152,1,226504.56,1,39,bench,0
0112173_neurosketch,33,furniture,bed,53,153,1,229503.26,1,19,bed,1
0112173_neurosketch,33,furniture,bed,53,154,1,229503.26,1,19,bed,0
0112173_neurosketch,33,furniture,bed,53,155,1,229503.26,1,19,bed,0
0112173_neurosketch,33,furniture,table,54,156,0,234002.83,1,24,table,1
0112173_neurosketch,33,furniture,table,54,157,0,234002.83,1,24,table,0
0112173_neurosketch,33,furniture,table,54,158,0,234002.83,1,24,table,0
0112173_neurosketch,33,furniture,table,54,159,0,234002.83,1,24,table,0
0112173_neurosketch,33,furniture,chair,55,160,0,240004.72,1,5,chair,1
0112173_neurosketch,33,furniture,chair,55,161,0,240004.72,1,5,chair,0
0112173_neurosketch,33,furniture,chair,55,162,0,240004.72,1,5,chair,0
0112173_neurosketch,33,furniture,bench,56,163,1,244502.64,1,31,bench,1
0112173_neurosketch,33,furniture,bench,56,164,1,244502.64,1,31,bench,0
0112173_neurosketch,33,furniture,table,57,165,0,247502.14,1,34,table,1
0112173_neurosketch,33,furniture,table,57,166,0,247502.14,1,34,table,0
0112173_neurosketch,33,furniture,chair,58,167,0,250504.17,1,35,chair,1
0112173_neurosketch,33,furniture,chair,58,168,0,250504.17,1,35,chair,0
0112173_neurosketch,33,2,bed,59,169,1,253503.44,1,22,bed,1
0112173_neurosketch,33,2,bed,59,170,1,253503.44,1,22,bed,0
0112173_neurosketch,33,2,bed,59,171,1,253503.44,1,22,bed,0
0112173_neurosketch,33,furniture,bed,60,172,1,258003.36,1,27,bed,1
0112173_neurosketch,33,furniture,bed,60,173,1,258003.36,1,27,bed,0
0112173_neurosketch,33,furniture,bed,60,174,1,258003.36,1,27,bed,0
0112173_neurosketch,33,furniture,table,61,175,0,262502.76,1,30,table,1
0112173_neurosketch,33,furniture,table,61,176,0,262502.76,1,30,table,0
0112173_neurosketch,33,furniture,bench,62,177,1,265503.4,1,30,bench,1
0112173_neurosketch,33,furniture,bench,62,178,1,265503.4,1,30,bench,0
0112173_neurosketch,33,furniture,chair,63,179,0,268503.07,1,19,chair,1
0112173_neurosketch,33,furniture,chair,63,180,0,268503.07,1,19,chair,0
0112173_neurosketch,33,furniture,chair,63,181,0,268503.07,1,19,chair,0
0112173_neurosketch,33,furniture,chair,64,182,0,273004.77,1,20,chair,1
0112173_neurosketch,33,furniture,chair,64,183,0,273004.77,1,20,chair,0
0112173_neurosketch,33,furniture,chair,64,184,0,273004.77,1,20,chair,0
0112173_neurosketch,33,furniture,bench,65,185,1,277503.01,1,10,bench,1
0112173_neurosketch,33,furniture,bench,65,186,1,277503.01,1,10,bench,0
0112173_neurosketch,33,furniture,bench,65,187,1,277503.01,1,10,bench,0
0112173_neurosketch,33,furniture,bed,66,188,1,282003.52,1,16,bed,1
0112173_neurosketch,33,furniture,bed,66,189,1,282003.52,1,16,bed,0
0112173_neurosketch,33,furniture,bed,66,190,1,282003.52,1,16,bed,0
0112173_neurosketch,33,furniture,bed,66,191,1,282003.52,1,16,bed,0
0112173_neurosketch,33,furniture,table,67,192,0,288003.79,1,1,table,1
0112173_neurosketch,33,furniture,table,67,193,0,288003.79,1,1,table,0
0112173_neurosketch,33,furniture,table,67,194,0,288003.79,1,1,table,0
0112173_neurosketch,33,furniture,table,67,195,0,288003.79,1,1,table,0
0112173_neurosketch,33,furniture,bed,68,196,1,294002.79,1,29,bed,1
0112173_neurosketch,33,furniture,bed,68,197,1,294002.79,1,29,bed,0
0112173_neurosketch,33,furniture,bed,68,198,1,294002.79,1,29,bed,0
0112173_neurosketch,33,2,bench,69,199,1,298504.51,1,3,bench,1
0112173_neurosketch,33,2,bench,69,200,1,298504.51,1,3,bench,0
0112173_neurosketch,33,2,bench,69,201,1,298504.51,1,3,bench,0
0112173_neurosketch,33,furniture,chair,70,202,0,303003.01,1,4,chair,1
0112173_neurosketch,33,furniture,chair,70,203,0,303003.01,1,4,chair,0
0112173_neurosketch,33,furniture,chair,70,204,0,303003.01,1,4,chair,0
0112173_neurosketch,33,furniture,table,71,205,0,307503.1,1,31,table,1
0112173_neurosketch,33,furniture,table,71,206,0,307503.1,1,31,table,0
0112173_neurosketch,33,furniture,table,71,207,0,307503.1,1,31,table,0
0112173_neurosketch,33,furniture,table,71,208,0,307503.1,1,31,table,0
0112173_neurosketch,33,furniture,bench,72,209,1,313502.87,1,28,bench,1
0112173_neurosketch,33,furniture,bench,72,210,1,313502.87,1,28,bench,0
0112173_neurosketch,33,furniture,bench,72,211,1,313502.87,1,28,bench,0
0112173_neurosketch,33,furniture,bench,72,212,1,313502.87,1,28,bench,0
0112173_neurosketch,33,furniture,table,73,213,0,319502.41,1,10,table,1
0112173_neurosketch,33,furniture,table,73,214,0,319502.41,1,10,table,0
0112173_neurosketch,33,furniture,chair,74,215,0,322502.24,1,38,chair,1
0112173_neurosketch,33,furniture,chair,74,216,0,322502.24,1,38,chair,0
0112173_neurosketch,33,furniture,chair,74,217,0,322502.24,1,38,chair,0
0112173_neurosketch,33,furniture,bed,75,218,1,327002.07,1,4,bed,1
0112173_neurosketch,33,furniture,bed,75,219,1,327002.07,1,4,bed,0
0112173_neurosketch,33,furniture,table,76,220,0,330002.0,1,6,table,1
0112173_neurosketch,33,furniture,table,76,221,0,330002.0,1,6,table,0
0112173_neurosketch,33,furniture,table,76,222,0,330002.0,1,6,table,0
0112173_neurosketch,33,furniture,table,76,223,0,330002.0,1,6,table,0
0112173_neurosketch,33,furniture,bench,77,224,1,336002.87,1,25,bench,1
0112173_neurosketch,33,furniture,bench,77,225,1,336002.87,1,25,bench,0
0112173_neurosketch,33,furniture,bench,77,226,1,336002.87,1,25,bench,0
0112173_neurosketch,33,furniture,bench,77,227,1,336002.87,1,25,bench,0
0112173_neurosketch,33,furniture,bed,78,228,1,342003.9,1,14,bed,1
0112173_neurosketch,33,furniture,bed,78,229,1,342003.9,1,14,bed,0
0112173_neurosketch,33,furniture,bed,78,230,1,342003.9,1,14,bed,0
0112173_neurosketch,33,furniture,bed,78,231,1,342003.9,1,14,bed,0
0112173_neurosketch,33,2,chair,79,232,0,348001.31,1,14,chair,1
0112173_neurosketch,33,2,chair,79,233,0,348001.31,1,14,chair,0
0112173_neurosketch,33,2,chair,79,234,0,348001.31,1,14,chair,0
0112173_neurosketch,33,2,chair,79,235,0,348001.31,1,14,chair,0
0112173_neurosketch,33,2,chair,79,236,0,348001.31,1,14,chair,0
0112173_neurosketch,33,2,chair,79,237,0,348001.31,1,14,chair,0
0112173_neurosketch,33,2,chair,79,238,0,348001.31,1,14,chair,0
0112173_neurosketch,33,2,chair,79,239,0,348001.31,1,14,chair,0
0112173_neurosketch,33,furniture,table,80,0,-1,0.0,2,36,table,0
0112173_neurosketch,33,furniture,table,80,1,-1,0.0,2,36,table,0
0112173_neurosketch,33,furniture,table,80,2,-1,0.0,2,36,table,0
0112173_neurosketch,33,furniture,table,80,3,-1,0.0,2,36,table,0
0112173_neurosketch,33,furniture,table,80,4,-1,0.0,2,36,table,0
0112173_neurosketch,33,furniture,table,80,5,-1,0.0,2,36,table,0
0112173_neurosketch,33,furniture,table,80,6,-1,0.0,2,36,table,0
0112173_neurosketch,33,furniture,table,80,7,-1,0.0,2,36,table,0
0112173_neurosketch,33,furniture,table,80,8,0,12002.34,2,36,table,1
0112173_neurosketch,33,furniture,table,80,9,0,12002.34,2,36,table,0
0112173_neurosketch,33,furniture,bed,81,10,1,15002.19,2,3,bed,1
0112173_neurosketch,33,furniture,bed,81,11,1,15002.19,2,3,bed,0
0112173_neurosketch,33,furniture,bed,81,12,1,15002.19,2,3,bed,0
0112173_neurosketch,33,furniture,chair,82,13,0,19501.79,2,17,chair,1
0112173_neurosketch,33,furniture,chair,82,14,0,19501.79,2,17,chair,0
0112173_neurosketch,33,furniture,chair,82,15,0,19501.79,2,17,chair,0
0112173_neurosketch,33,furniture,bench,83,16,1,24001.71,2,37,bench,1
0112173_neurosketch,33,furniture,bench,83,17,1,24001.71,2,37,bench,0
0112173_neurosketch,33,furniture,table,84,18,0,27001.17,2,16,table,1
0112173_neurosketch,33,furniture,table,84,19,0,27001.17,2,16,table,0
0112173_neurosketch,33,furniture,table,84,20,0,27001.17,2,16,table,0
0112173_neurosketch,33,furniture,bed,85,21,1,31503.79,2,9,bed,1
0112173_neurosketch,33,furniture,bed,85,22,1,31503.79,2,9,bed,0
0112173_neurosketch,33,furniture,chair,86,23,0,34501.76,2,30,chair,1
0112173_neurosketch,33,furniture,chair,86,24,0,34501.76,2,30,chair,0
0112173_neurosketch,33,furniture,bench,87,25,1,37502.08,2,6,bench,1
0112173_neurosketch,33,furniture,bench,87,26,1,37502.08,2,6,bench,0
0112173_neurosketch,33,furniture,chair,88,27,0,40501.65,2,9,chair,1
0112173_neurosketch,33,furniture,chair,88,28,0,40501.65,2,9,chair,0
0112173_neurosketch,33,furniture,chair,88,29,0,40501.65,2,9,chair,0
0112173_neurosketch,33,2,bed,89,30,1,45001.56,2,37,bed,1
0112173_neurosketch,33,2,bed,89,31,1,45001.56,2,37,bed,0
0112173_neurosketch,33,furniture,table,90,32,0,48002.31,2,12,table,1
0112173_neurosketch,33,furniture,table,90,33,0,48002.31,2,12,table,0
0112173_neurosketch,33,furniture,table,90,34,0,48002.31,2,12,table,0
0112173_neurosketch,33,furniture,bench,91,35,1,52502.03,2,23,bench,1
0112173_neurosketch,33,furniture,bench,91,36,1,52502.03,2,23,bench,0
0112173_neurosketch,33,furniture,table,92,37,0,55501.62,2,38,table,1
0112173_neurosketch,33,furniture,table,92,38,0,55501.62,2,38,table,0
0112173_neurosketch,33,furniture,chair,93,39,0,58502.09,2,31,chair,1
0112173_neurosketch,33,furniture,chair,93,40,0,58502.09,2,31,chair,0
0112173_neurosketch,33,furniture,chair,93,41,0,58502.09,2,31,chair,0
0112173_neurosketch,33,furniture,bench,94,42,1,63003.65,2,9,bench,1
0112173_neurosketch,33,furniture,bench,94,43,1,63003.65,2,9,bench,0
0112173_neurosketch,33,furniture,bench,94,44,1,63003.65,2,9,bench,0
0112173_neurosketch,33,furniture,bench,94,45,1,63003.65,2,9,bench,0
0112173_neurosketch,33,furniture,bed,95,46,1,69001.72,2,39,bed,1
0112173_neurosketch,33,furniture,bed,95,47,1,69001.72,2,39,bed,0
0112173_neurosketch,33,furniture,bed,95,48,1,69001.72,2,39,bed,0
0112173_neurosketch,33,furniture,chair,96,49,0,73501.98,2,28,chair,1
0112173_neurosketch,33,furniture,chair,96,50,0,73501.98,2,28,chair,0
0112173_neurosketch,33,furniture,bench,97,51,1,76502.0,2,33,bench,1
0112173_neurosketch,33,furniture,bench,97,52,1,76502.0,2,33,bench,0
0112173_neurosketch,33,furniture,bed,98,53,1,79502.09,2,30,bed,1
0112173_neurosketch,33,furniture,bed,98,54,1,79502.09,2,30,bed,0
0112173_neurosketch,33,2,table,99,55,0,82501.94,2,37,table,1
0112173_neurosketch,33,2,table,99,56,0,82501.94,2,37,table,0
0112173_neurosketch,33,2,table,99,57,0,82501.94,2,37,table,0
0112173_neurosketch,33,furniture,bed,100,58,1,87002.07,2,20,bed,1
0112173_neurosketch,33,furniture,bed,100,59,1,87002.07,2,20,bed,0
0112173_neurosketch,33,furniture,bed,100,60,1,87002.07,2,20,bed,0
0112173_neurosketch,33,furniture,chair,101,61,0,91502.57,2,24,chair,1
0112173_neurosketch,33,furniture,chair,101,62,0,91502.57,2,24,chair,0
0112173_neurosketch,33,furniture,bench,102,63,1,94501.98,2,15,bench,1
0112173_neurosketch,33,furniture,bench,102,64,1,94501.98,2,15,bench,0
0112173_neurosketch,33,furniture,table,103,65,0,97503.88,2,15,table,1
0112173_neurosketch,33,furniture,table,103,66,0,97503.88,2,15,table,0
0112173_neurosketch,33,furniture,table,103,67,0,97503.88,2,15,table,0
0112173_neurosketch,33,furniture,chair,104,68,0,102001.65,2,25,chair,1
0112173_neurosketch,33,furniture,chair,104,69,0,102001.65,2,25,chair,0
0112173_neurosketch,33,furniture,chair,104,70,0,102001.65,2,25,chair,0
0112173_neurosketch,33,furniture,bed,105,71,1,106502.66,2,23,bed,1
0112173_neurosketch,33,furniture,bed,105,72,1,106502.66,2,23,bed,0
0112173_neurosketch,33,furniture,bed,105,73,1,106502.66,2,23,bed,0
0112173_neurosketch,33,furniture,bench,106,74,1,111002.69,2,14,bench,1
0112173_neurosketch,33,furniture,bench,106,75,1,111002.69,2,14,bench,0
0112173_neurosketch,33,furniture,bench,106,76,1,111002.69,2,14,bench,0
0112173_neurosketch,33,furniture,bench,106,77,1,111002.69,2,14,bench,0
0112173_neurosketch,33,furniture,table,107,78,0,117002.9,2,29,table,1
0112173_neurosketch,33,furniture,table,107,79,0,117002.9,2,29,table,0
0112173_neurosketch,33,furniture,table,107,80,0,117002.9,2,29,table,0
0112173_neurosketch,33,furniture,table,107,81,0,117002.9,2,29,table,0
0112173_neurosketch,33,furniture,chair,108,82,0,123003.44,2,2,chair,1
0112173_neurosketch,33,furniture,chair,108,83,0,123003.44,2,2,chair,0
0112173_neurosketch,33,furniture,chair,108,84,0,123003.44,2,2,chair,0
0112173_neurosketch,33,2,bed,109,85,1,127502.29,2,10,bed,1
0112173_neurosketch,33,2,bed,109,86,1,127502.29,2,10,bed,0
0112173_neurosketch,33,2,bed,109,87,1,127502.29,2,10,bed,0
0112173_neurosketch,33,furniture,table,110,88,0,132002.25,2,28,table,1
0112173_neurosketch,33,furniture,table,110,89,0,132002.25,2,28,table,0
0112173_neurosketch,33,furniture,table,110,90,0,132002.25,2,28,table,0
0112173_neurosketch,33,furniture,bench,111,91,1,136502.7,2,34,bench,1
0112173_neurosketch,33,furniture,bench,111,92,1,136502.7,2,34,bench,0
0112173_neurosketch,33,furniture,bench,111,93,1,136502.7,2,34,bench,0
0112173_neurosketch,33,furniture,bench,111,94,1,136502.7,2,34,bench,0
0112173_neurosketch,33,furniture,bed,112,95,1,142502.25,2,1,bed,1
0112173_neurosketch,33,furniture,bed,112,96,1,142502.25,2,1,bed,0
0112173_neurosketch,33,furniture,bed,112,97,1,142502.25,2,1,bed,0
0112173_neurosketch,33,furniture,bed,112,98,1,142502.25,2,1,bed,0
0112173_neurosketch,33,furniture,bench,113,99,1,148502.46,2,27,bench,1
0112173_neurosketch,33,furniture,bench,113,100,1,148502.46,2,27,bench,0
0112173_neurosketch,33,furniture,table,114,101,0,151503.02,2,17,chair,1
0112173_neurosketch,33,furniture,table,114,102,0,151503.02,2,17,chair,0
0112173_neurosketch,33,furniture,table,114,103,0,151503.02,2,17,chair,0
0112173_neurosketch,33,furniture,chair,115,104,0,156001.84,2,8,chair,1
0112173_neurosketch,33,furniture,chair,115,105,0,156001.84,2,8,chair,0
0112173_neurosketch,33,furniture,chair,116,106,0,159004.25,2,34,chair,1
0112173_neurosketch,33,furniture,chair,116,107,0,159004.25,2,34,chair,0
0112173_neurosketch,33,furniture,chair,116,108,0,159004.25,2,34,chair,0
0112173_neurosketch,33,furniture,chair,116,109,0,159004.25,2,34,chair,0
0112173_neurosketch,33,furniture,bench,117,110,1,165002.37,2,20,bench,1
0112173_neurosketch,33,furniture,bench,117,111,1,165002.37,2,20,bench,0
0112173_neurosketch,33,furniture,bench,117,112,1,165002.37,2,20,bench,0
0112173_neurosketch,33,furniture,bench,117,113,1,165002.37,2,20,bench,0
0112173_neurosketch,33,furniture,bed,118,114,1,171002.23,2,24,bed,1
0112173_neurosketch,33,furniture,bed,118,115,1,171002.23,2,24,bed,0
0112173_neurosketch,33,furniture,bed,118,116,1,171002.23,2,24,bed,0
0112173_neurosketch,33,furniture,bed,118,117,1,171002.23,2,24,bed,0
0112173_neurosketch,33,2,table,119,118,0,177003.0,2,11,table,1
0112173_neurosketch,33,2,table,119,119,0,177003.0,2,11,table,0
0112173_neurosketch,33,furniture,table,120,120,0,180002.86,2,26,table,1
0112173_neurosketch,33,furniture,table,120,121,0,180002.86,2,26,table,0
0112173_neurosketch,33,furniture,bed,121,122,1,183002.16,2,31,bench,1
0112173_neurosketch,33,furniture,bed,121,123,1,183002.16,2,31,bench,0
0112173_neurosketch,33,furniture,bed,121,124,1,183002.16,2,31,bench,0
0112173_neurosketch,33,furniture,chair,122,125,0,187502.01,2,32,chair,1
0112173_neurosketch,33,furniture,chair,122,126,0,187502.01,2,32,chair,0
0112173_neurosketch,33,furniture,chair,122,127,0,187502.01,2,32,chair,0
0112173_neurosketch,33,furniture,bench,123,128,1,192002.91,2,38,bench,1
0112173_neurosketch,33,furniture,bench,123,129,1,192002.91,2,38,bench,0
0112173_neurosketch,33,furniture,chair,124,130,0,195002.31,2,6,chair,1
0112173_neurosketch,33,furniture,chair,124,131,0,195002.31,2,6,chair,0
0112173_neurosketch,33,furniture,chair,124,132,0,195002.31,2,6,chair,0
0112173_neurosketch,33,furniture,bench,125,133,1,199503.41,2,7,bench,1
0112173_neurosketch,33,furniture,bench,125,134,1,199503.41,2,7,bench,0
0112173_neurosketch,33,furniture,bed,126,135,1,202502.42,2,2,bed,1
0112173_neurosketch,33,furniture,bed,126,136,1,202502.42,2,2,bed,0
0112173_neurosketch,33,furniture,table,127,137,0,205502.86,2,3,table,1
0112173_neurosketch,33,furniture,table,127,138,0,205502.86,2,3,table,0
0112173_neurosketch,33,furniture,chair,128,139,0,208502.19,2,36,chair,1
0112173_neurosketch,33,furniture,chair,128,140,0,208502.19,2,36,chair,0
0112173_neurosketch,33,furniture,chair,128,141,0,208502.19,2,36,chair,0
0112173_neurosketch,33,2,table,129,142,0,213002.13,2,13,table,1
0112173_neurosketch,33,2,table,129,143,0,213002.13,2,13,table,0
0112173_neurosketch,33,furniture,bench,130,144,1,216002.98,2,2,bench,1
0112173_neurosketch,33,furniture,bench,130,145,1,216002.98,2,2,bench,0
0112173_neurosketch,33,furniture,bench,130,146,1,216002.98,2,2,bench,0
0112173_neurosketch,33,furniture,bed,131,147,1,220502.38,2,18,bed,1
0112173_neurosketch,33,furniture,bed,131,148,1,220502.38,2,18,bed,0
0112173_neurosketch,33,furniture,chair,132,149,0,223502.88,2,21,chair,1
0112173_neurosketch,33,furniture,chair,132,150,0,223502.88,2,21,chair,0
0112173_neurosketch,33,furniture,bed,133,151,1,226502.21,2,38,bed,1
0112173_neurosketch,33,furniture,bed,133,152,1,226502.21,2,38,bed,0
0112173_neurosketch,33,furniture,bed,133,153,1,226502.21,2,38,bed,0
0112173_neurosketch,33,furniture,bench,134,154,1,231002.84,2,29,bench,1
0112173_neurosketch,33,furniture,bench,134,155,1,231002.84,2,29,bench,0
0112173_neurosketch,33,furniture,bench,134,156,1,231002.84,2,29,bench,0
0112173_neurosketch,33,furniture,bench,134,157,1,231002.84,2,29,bench,0
0112173_neurosketch,33,furniture,table,135,158,0,237002.95,2,2,table,1
0112173_neurosketch,33,furniture,table,135,159,0,237002.95,2,2,table,0
0112173_neurosketch,33,furniture,table,135,160,0,237002.95,2,2,table,0
0112173_neurosketch,33,furniture,table,136,161,0,241503.0,2,7,table,1
0112173_neurosketch,33,furniture,table,136,162,0,241503.0,2,7,table,0
0112173_neurosketch,33,furniture,bench,137,163,1,244502.23,2,8,,1
0112173_neurosketch,33,furniture,bench,137,164,1,244502.23,2,8,,0
0112173_neurosketch,33,furniture,bed,138,165,1,247505.08,2,25,bed,1
0112173_neurosketch,33,furniture,bed,138,166,1,247505.08,2,25,bed,0
0112173_neurosketch,33,2,chair,139,167,0,250502.43,2,29,chair,1
0112173_neurosketch,33,2,chair,139,168,0,250502.43,2,29,chair,0
0112173_neurosketch,33,2,chair,139,169,0,250502.43,2,29,chair,0
0112173_neurosketch,33,furniture,chair,140,170,0,255002.53,2,7,chair,1
0112173_neurosketch,33,furniture,chair,140,171,0,255002.53,2,7,chair,0
0112173_neurosketch,33,furniture,chair,140,172,0,255002.53,2,7,chair,0
0112173_neurosketch,33,furniture,bed,141,173,1,259502.3,2,35,bed,1
0112173_neurosketch,33,furniture,bed,141,174,1,259502.3,2,35,bed,0
0112173_neurosketch,33,furniture,bench,142,175,1,262503.11,2,35,bench,1
0112173_neurosketch,33,furniture,bench,142,176,1,262503.11,2,35,bench,0
0112173_neurosketch,33,furniture,table,143,177,0,265502.59,2,5,,1
0112173_neurosketch,33,furniture,table,143,178,0,265502.59,2,5,,0
0112173_neurosketch,33,furniture,table,143,179,0,265502.59,2,5,,0
0112173_neurosketch,33,furniture,table,144,180,0,270004.1,2,22,table,1
0112173_neurosketch,33,furniture,table,144,181,0,270004.1,2,22,table,0
0112173_neurosketch,33,furniture,table,144,182,0,270004.1,2,22,table,0
0112173_neurosketch,33,furniture,chair,145,183,0,274502.37,2,23,chair,1
0112173_neurosketch,33,furniture,chair,145,184,0,274502.37,2,23,chair,0
0112173_neurosketch,33,furniture,chair,145,185,0,274502.37,2,23,chair,0
0112173_neurosketch,33,furniture,bench,146,186,1,279002.66,2,22,bench,1
0112173_neurosketch,33,furniture,bench,146,187,1,279002.66,2,22,bench,0
0112173_neurosketch,33,furniture,bench,146,188,1,279002.66,2,22,bench,0
0112173_neurosketch,33,furniture,bench,146,189,1,279002.66,2,22,bench,0
0112173_neurosketch,33,furniture,bed,147,190,1,285002.66,2,0,bed,1
0112173_neurosketch,33,furniture,bed,147,191,1,285002.66,2,0,bed,0
0112173_neurosketch,33,furniture,bed,147,192,1,285002.66,2,0,bed,0
0112173_neurosketch,33,furniture,bed,147,193,1,285002.66,2,0,bed,0
0112173_neurosketch,33,furniture,chair,148,194,0,291002.97,2,37,chair,1
0112173_neurosketch,33,furniture,chair,148,195,0,291002.97,2,37,chair,0
0112173_neurosketch,33,furniture,chair,148,196,0,291002.97,2,37,chair,0
0112173_neurosketch,33,2,table,149,197,0,295502.77,2,8,table,1
0112173_neurosketch,33,2,table,149,198,0,295502.77,2,8,table,0
0112173_neurosketch,33,2,table,149,199,0,295502.77,2,8,table,0
0112173_neurosketch,33,furniture,bench,150,200,1,300001.35,2,13,bench,1
0112173_neurosketch,33,furniture,bench,150,201,1,300001.35,2,13,bench,0
0112173_neurosketch,33,furniture,bench,150,202,1,300001.35,2,13,bench,0
0112173_neurosketch,33,furniture,bed,151,203,1,304503.69,2,36,bed,1
0112173_neurosketch,33,furniture,bed,151,204,1,304503.69,2,36,bed,0
0112173_neurosketch,33,furniture,bed,151,205,1,304503.69,2,36,bed,0
0112173_neurosketch,33,furniture,bed,151,206,1,304503.69,2,36,bed,0
0112173_neurosketch,33,furniture,bench,152,207,1,310502.34,2,4,bench,1
0112173_neurosketch,33,furniture,bench,152,208,1,310502.34,2,4,bench,0
0112173_neurosketch,33,furniture,bench,152,209,1,310502.34,2,4,bench,0
0112173_neurosketch,33,furniture,bench,152,210,1,310502.34,2,4,bench,0
0112173_neurosketch,33,furniture,bed,153,211,1,316502.74,2,15,bed,1
0112173_neurosketch,33,furniture,bed,153,212,1,316502.74,2,15,bed,0
0112173_neurosketch,33,furniture,chair,154,213,0,319502.65,2,15,chair,1
0112173_neurosketch,33,furniture,chair,154,214,0,319502.65,2,15,chair,0
0112173_neurosketch,33,furniture,chair,154,215,0,319502.65,2,15,chair,0
0112173_neurosketch,33,furniture,table,155,216,0,324002.75,2,32,table,1
0112173_neurosketch,33,furniture,table,155,217,0,324002.75,2,32,table,0
0112173_neurosketch,33,furniture,bed,156,218,1,327002.53,2,5,bed,1
0112173_neurosketch,33,furniture,bed,156,219,1,327002.53,2,5,bed,0
0112173_neurosketch,33,furniture,bed,156,220,1,327002.53,2,5,bed,0
0112173_neurosketch,33,furniture,bed,156,221,1,327002.53,2,5,bed,0
0112173_neurosketch,33,furniture,chair,157,222,0,333002.58,2,3,chair,1
0112173_neurosketch,33,furniture,chair,157,223,0,333002.58,2,3,chair,0
0112173_neurosketch,33,furniture,chair,157,224,0,333002.58,2,3,chair,0
0112173_neurosketch,33,furniture,chair,157,225,0,333002.58,2,3,chair,0
0112173_neurosketch,33,furniture,table,158,226,0,339002.81,2,27,table,1
0112173_neurosketch,33,furniture,table,158,227,0,339002.81,2,27,table,0
0112173_neurosketch,33,furniture,table,158,228,0,339002.81,2,27,table,0
0112173_neurosketch,33,furniture,table,158,229,0,339002.81,2,27,table,0
0112173_neurosketch,33,2,bench,159,230,1,345002.31,2,18,bench,1
0112173_neurosketch,33,2,bench,159,231,1,345002.31,2,18,bench,0
0112173_neurosketch,33,2,bench,159,232,1,345002.31,2,18,bench,0
0112173_neurosketch,33,2,bench,159,233,1,345002.31,2,18,bench,0
0112173_neurosketch,33,2,bench,159,234,1,345002.31,2,18,bench,0
0112173_neurosketch,33,2,bench,159,235,1,345002.31,2,18,bench,0
0112173_neurosketch,33,2,bench,159,236,1,345002.31,2,18,bench,0
0112173_neurosketch,33,2,bench,159,237,1,345002.31,2,18,bench,0
0112173_neurosketch,33,2,bench,159,238,1,345002.31,2,18,bench,0
0112173_neurosketch,33,2,bench,159,239,1,345002.31,2,18,bench,0
0112173_neurosketch,33,furniture,bench,160,0,-1,0.0,3,18,bench,0
0112173_neurosketch,33,furniture,bench,160,1,-1,0.0,3,18,bench,0
0112173_neurosketch,33,furniture,bench,160,2,-1,0.0,3,18,bench,0
0112173_neurosketch,33,furniture,bench,160,3,-1,0.0,3,18,bench,0
0112173_neurosketch,33,furniture,bench,160,4,-1,0.0,3,18,bench,0
0112173_neurosketch,33,furniture,bench,160,5,-1,0.0,3,18,bench,0
0112173_neurosketch,33,furniture,bench,160,6,-1,0.0,3,18,bench,0
0112173_neurosketch,33,furniture,bench,160,7,-1,0.0,3,18,bench,0
0112173_neurosketch,33,furniture,bench,160,8,1,12001.55,3,18,bench,1
0112173_neurosketch,33,furniture,bench,160,9,1,12001.55,3,18,bench,0
0112173_neurosketch,33,furniture,table,161,10,0,15001.88,3,27,table,1
0112173_neurosketch,33,furniture,table,161,11,0,15001.88,3,27,table,0
0112173_neurosketch,33,furniture,table,161,12,0,15001.88,3,27,table,0
0112173_neurosketch,33,furniture,chair,162,13,0,19502.17,3,3,chair,1
0112173_neurosketch,33,furniture,chair,162,14,0,19502.17,3,3,chair,0
0112173_neurosketch,33,furniture,chair,162,15,0,19502.17,3,3,chair,0
0112173_neurosketch,33,furniture,bed,163,16,1,24004.08,3,5,bed,1
0112173_neurosketch,33,furniture,bed,163,17,1,24004.08,3,5,bed,0
0112173_neurosketch,33,furniture,table,164,18,0,27001.8,3,32,table,1
0112173_neurosketch,33,furniture,table,164,19,0,27001.8,3,32,table,0
0112173_neurosketch,33,furniture,table,164,20,0,27001.8,3,32,table,0
0112173_neurosketch,33,furniture,chair,165,21,0,31502.51,3,15,chair,1
0112173_neurosketch,33,furniture,chair,165,22,0,31502.51,3,15,chair,0
0112173_neurosketch,33,furniture,bed,166,23,1,34501.63,3,15,bed,1
0112173_neurosketch,33,furniture,bed,166,24,1,34501.63,3,15,bed,0
0112173_neurosketch,33,furniture,bench,167,25,1,37501.88,3,4,bench,1
0112173_neurosketch,33,furniture,bench,167,26,1,37501.88,3,4,bench,0
0112173_neurosketch,33,furniture,bed,168,27,1,40502.25,3,36,bed,1
0112173_neurosketch,33,furniture,bed,168,28,1,40502.25,3,36,bed,0
0112173_neurosketch,33,furniture,bed,168,29,1,40502.25,3,36,bed,0
0112173_neurosketch,33,2,bench,169,30,1,45002.55,3,13,bench,1
0112173_neurosketch,33,2,bench,169,31,1,45002.55,3,13,bench,0
0112173_neurosketch,33,furniture,table,170,32,0,48001.6,3,8,table,1
0112173_neurosketch,33,furniture,table,170,33,0,48001.6,3,8,table,0
0112173_neurosketch,33,furniture,table,170,34,0,48001.6,3,8,table,0
0112173_neurosketch,33,furniture,chair,171,35,0,52501.75,3,37,chair,1
0112173_neurosketch,33,furniture,chair,171,36,0,52501.75,3,37,chair,0
0112173_neurosketch,33,furniture,bed,172,37,1,55501.89,3,0,bed,1
0112173_neurosketch,33,furniture,bed,172,38,1,55501.89,3,0,bed,0
0112173_neurosketch,33,furniture,bench,173,39,1,58502.02,3,22,bench,1
0112173_neurosketch,33,furniture,bench,173,40,1,58502.02,3,22,bench,0
0112173_neurosketch,33,furniture,bench,173,41,1,58502.02,3,22,bench,0
0112173_neurosketch,33,furniture,chair,174,42,0,63002.55,3,23,chair,1
0112173_neurosketch,33,furniture,chair,174,43,0,63002.55,3,23,chair,0
0112173_neurosketch,33,furniture,chair,174,44,0,63002.55,3,23,chair,0
0112173_neurosketch,33,furniture,chair,174,45,0,63002.55,3,23,chair,0
0112173_neurosketch,33,furniture,table,175,46,0,69002.58,3,22,table,1
0112173_neurosketch,33,furniture,table,175,47,0,69002.58,3,22,table,0
0112173_neurosketch,33,furniture,table,175,48,0,69002.58,3,22,table,0
0112173_neurosketch,33,furniture,table,176,49,0,73501.88,3,5,table,1
0112173_neurosketch,33,furniture,table,176,50,0,73501.88,3,5,table,0
0112173_neurosketch,33,furniture,bench,177,51,1,76502.61,3,35,bench,1
0112173_neurosketch,33,furniture,bench,177,52,1,76502.61,3,35,bench,0
0112173_neurosketch,33,furniture,bed,178,53,1,79502.2,3,35,bed,1
0112173_neurosketch,33,furniture,bed,178,54,1,79502.2,3,35,bed,0
0112173_neurosketch,33,2,chair,179,55,0,82502.42,3,7,chair,1
0112173_neurosketch,33,2,chair,179,56,0,82502.42,3,7,chair,0
0112173_neurosketch,33,2,chair,179,57,0,82502.42,3,7,chair,0
0112173_neurosketch,33,furniture,chair,180,58,0,87002.54,3,29,chair,1
0112173_neurosketch,33,furniture,chair,180,59,0,87002.54,3,29,chair,0
0112173_neurosketch,33,furniture,chair,180,60,0,87002.54,3,29,chair,0
0112173_neurosketch,33,furniture,bed,181,61,1,91501.82,3,25,bed,1
0112173_neurosketch,33,furniture,bed,181,62,1,91501.82,3,25,bed,0
0112173_neurosketch,33,furniture,bench,182,63,1,94502.5,3,8,bench,1
0112173_neurosketch,33,furniture,bench,182,64,1,94502.5,3,8,bench,0
0112173_neurosketch,33,furniture,table,183,65,0,97502.17,3,7,table,1
0112173_neurosketch,33,furniture,table,183,66,0,97502.17,3,7,table,0
0112173_neurosketch,33,furniture,table,183,67,0,97502.17,3,7,table,0
0112173_neurosketch,33,furniture,table,184,68,0,102004.27,3,2,table,1
0112173_neurosketch,33,furniture,table,184,69,0,102004.27,3,2,table,0
0112173_neurosketch,33,furniture,table,184,70,0,102004.27,3,2,table,0
0112173_neurosketch,33,furniture,bench,185,71,1,106502.75,3,29,bench,1
0112173_neurosketch,33,furniture,bench,185,72,1,106502.75,3,29,bench,0
0112173_neurosketch,33,furniture,bench,185,73,1,106502.75,3,29,bench,0
0112173_neurosketch,33,furniture,bed,186,74,1,111004.2,3,38,bed,1
0112173_neurosketch,33,furniture,bed,186,75,1,111004.2,3,38,bed,0
0112173_neurosketch,33,furniture,bed,186,76,1,111004.2,3,38,bed,0
0112173_neurosketch,33,furniture,bed,186,77,1,111004.2,3,38,bed,0
0112173_neurosketch,33,furniture,chair,187,78,0,117002.3,3,21,chair,1
0112173_neurosketch,33,furniture,chair,187,79,0,117002.3,3,21,chair,0
0112173_neurosketch,33,furniture,chair,187,80,0,117002.3,3,21,chair,0
0112173_neurosketch,33,furniture,chair,187,81,0,117002.3,3,21,chair,0
0112173_neurosketch,33,furniture,bed,188,82,1,123004.65,3,18,bed,1
0112173_neurosketch,33,furniture,bed,188,83,1,123004.65,3,18,bed,0
0112173_neurosketch,33,furniture,bed,188,84,1,123004.65,3,18,bed,0
0112173_neurosketch,33,2,bench,189,85,1,127502.47,3,2,bench,1
0112173_neurosketch,33,2,bench,189,86,1,127502.47,3,2,bench,0
0112173_neurosketch,33,2,bench,189,87,1,127502.47,3,2,bench,0
0112173_neurosketch,33,furniture,table,190,88,0,132002.68,3,13,table,1
0112173_neurosketch,33,furniture,table,190,89,0,132002.68,3,13,table,0
0112173_neurosketch,33,furniture,table,190,90,0,132002.68,3,13,table,0
0112173_neurosketch,33,furniture,chair,191,91,0,136503.06,3,36,chair,1
0112173_neurosketch,33,furniture,chair,191,92,0,136503.06,3,36,chair,0
0112173_neurosketch,33,furniture,chair,191,93,0,136503.06,3,36,chair,0
0112173_neurosketch,33,furniture,chair,191,94,0,136503.06,3,36,chair,0
0112173_neurosketch,33,furniture,table,192,95,0,142502.56,3,3,table,1
0112173_neurosketch,33,furniture,table,192,96,0,142502.56,3,3,table,0
0112173_neurosketch,33,furniture,table,192,97,0,142502.56,3,3,table,0
0112173_neurosketch,33,furniture,table,192,98,0,142502.56,3,3,table,0
0112173_neurosketch,33,furniture,bed,193,99,1,148502.7,3,2,bed,1
0112173_neurosketch,33,furniture,bed,193,100,1,148502.7,3,2,bed,0
0112173_neurosketch,33,furniture,bench,194,101,1,151502.6,3,7,bench,1
0112173_neurosketch,33,furniture,bench,194,102,1,151502.6,3,7,bench,0
0112173_neurosketch,33,furniture,bench,194,103,1,151502.6,3,7,bench,0
0112173_neurosketch,33,furniture,chair,195,104,0,156002.5,3,6,chair,1
0112173_neurosketch,33,furniture,chair,195,105,0,156002.5,3,6,chair,0
0112173_neurosketch,33,furniture,bench,196,106,1,159002.78,3,38,bench,1
0112173_neurosketch,33,furniture,bench,196,107,1,159002.78,3,38,bench,0
0112173_neurosketch,33,furniture,bench,196,108,1,159002.78,3,38,bench,0
0112173_neurosketch,33,furniture,bench,196,109,1,159002.78,3,38,bench,0
0112173_neurosketch,33,furniture,chair,197,110,0,165002.45,3,32,chair,1
0112173_neurosketch,33,furniture,chair,197,111,0,165002.45,3,32,chair,0
0112173_neurosketch,33,furniture,chair,197,112,0,165002.45,3,32,chair,0
0112173_neurosketch,33,furniture,chair,197,113,0,165002.45,3,32,chair,0
0112173_neurosketch,33,furniture,bed,198,114,1,171002.97,3,31,,1
0112173_neurosketch,33,furniture,bed,198,115,1,171002.97,3,31,,0
0112173_neurosketch,33,furniture,bed,198,116,1,171002.97,3,31,,0
0112173_neurosketch,33,furniture,bed,198,117,1,171002.97,3,31,,0
0112173_neurosketch,33,2,table,199,118,0,177002.74,3,26,table,1
0112173_neurosketch,33,2,table,199,119,0,177002.74,3,26,table,0
0112173_neurosketch,33,furniture,table,200,120,0,180002.27,3,11,,1
0112173_neurosketch,33,furniture,table,200,121,0,180002.27,3,11,,0
0112173_neurosketch,33,furniture,bed,201,122,1,183003.0,3,24,bed,1
0112173_neurosketch,33,furniture,bed,201,123,1,183003.0,3,24,bed,0
0112173_neurosketch,33,furniture,bed,201,124,1,183003.0,3,24,bed,0
0112173_neurosketch,33,furniture,bench,202,125,1,187502.12,3,20,bench,1
0112173_neurosketch,33,furniture,bench,202,126,1,187502.12,3,20,bench,0
0112173_neurosketch,33,furniture,bench,202,127,1,187502.12,3,20,bench,0
0112173_neurosketch,33,furniture,chair,203,128,0,192003.18,3,34,chair,1
0112173_neurosketch,33,furniture,chair,203,129,0,192003.18,3,34,chair,0
0112173_neurosketch,33,furniture,chair,204,130,0,195004.34,3,8,chair,1
0112173_neurosketch,33,furniture,chair,204,131,0,195004.34,3,8,chair,0
0112173_neurosketch,33,furniture,chair,204,132,0,195004.34,3,8,chair,0
0112173_neurosketch,33,furniture,table,205,133,0,199502.42,3,17,table,1
0112173_neurosketch,33,furniture,table,205,134,0,199502.42,3,17,table,0
0112173_neurosketch,33,furniture,bench,206,135,1,202502.9,3,27,,1
0112173_neurosketch,33,furniture,bench,206,136,1,202502.9,3,27,,0
0112173_neurosketch,33,furniture,bed,207,137,1,205502.54,3,1,bed,1
0112173_neurosketch,33,furniture,bed,207,138,1,205502.54,3,1,bed,0
0112173_neurosketch,33,furniture,bench,208,139,1,208502.11,3,34,bench,1
0112173_neurosketch,33,furniture,bench,208,140,1,208502.11,3,34,bench,0
0112173_neurosketch,33,furniture,bench,208,141,1,208502.11,3,34,bench,0
0112173_neurosketch,33,2,table,209,142,0,213002.85,3,28,table,1
0112173_neurosketch,33,2,table,209,143,0,213002.85,3,28,table,0
0112173_neurosketch,33,furniture,bed,210,144,1,216002.69,3,10,bed,1
0112173_neurosketch,33,furniture,bed,210,145,1,216002.69,3,10,bed,0
0112173_neurosketch,33,furniture,bed,210,146,1,216002.69,3,10,bed,0
0112173_neurosketch,33,furniture,chair,211,147,0,220502.84,3,2,,1
0112173_neurosketch,33,furniture,chair,211,148,0,220502.84,3,2,,0
0112173_neurosketch,33,furniture,table,212,149,0,223502.72,3,29,table,1
0112173_neurosketch,33,furniture,table,212,150,0,223502.72,3,29,table,0
0112173_neurosketch,33,furniture,bench,213,151,1,226502.21,3,14,bench,1
0112173_neurosketch,33,furniture,bench,213,152,1,226502.21,3,14,bench,0
0112173_neurosketch,33,furniture,bench,213,153,1,226502.21,3,14,bench,0
0112173_neurosketch,33,furniture,bed,214,154,1,231003.03,3,23,bed,1
0112173_neurosketch,33,furniture,bed,214,155,1,231003.03,3,23,bed,0
0112173_neurosketch,33,furniture,bed,214,156,1,231003.03,3,23,bed,0
0112173_neurosketch,33,furniture,bed,214,157,1,231003.03,3,23,bed,0
0112173_neurosketch,33,furniture,chair,215,158,0,237002.36,3,25,chair,1
0112173_neurosketch,33,furniture,chair,215,159,0,237002.36,3,25,chair,0
0112173_neurosketch,33,furniture,chair,215,160,0,237002.36,3,25,chair,0
0112173_neurosketch,33,furniture,table,216,161,0,241502.49,3,15,table,1
0112173_neurosketch,33,furniture,table,216,162,0,241502.49,3,15,table,0
0112173_neurosketch,33,furniture,bench,217,163,1,244504.26,3,15,bench,1
0112173_neurosketch,33,furniture,bench,217,164,1,244504.26,3,15,bench,0
0112173_neurosketch,33,furniture,chair,218,165,0,247502.65,3,24,chair,1
0112173_neurosketch,33,furniture,chair,218,166,0,247502.65,3,24,chair,0
0112173_neurosketch,33,2,bed,219,167,1,250502.49,3,20,bed,1
0112173_neurosketch,33,2,bed,219,168,1,250502.49,3,20,bed,0
0112173_neurosketch,33,2,bed,219,169,1,250502.49,3,20,bed,0
0112173_neurosketch,33,furniture,table,220,170,0,255002.81,3,37,table,1
0112173_neurosketch,33,furniture,table,220,171,0,255002.81,3,37,table,0
0112173_neurosketch,33,furniture,table,220,172,0,255002.81,3,37,table,0
0112173_neurosketch,33,furniture,bed,221,173,1,259502.98,3,30,bed,1
0112173_neurosketch,33,furniture,bed,221,174,1,259502.98,3,30,bed,0
0112173_neurosketch,33,furniture,bench,222,175,1,262502.7,3,33,bench,1
0112173_neurosketch,33,furniture,bench,222,176,1,262502.7,3,33,bench,0
0112173_neurosketch,33,furniture,chair,223,177,0,265504.51,3,28,chair,1
0112173_neurosketch,33,furniture,chair,223,178,0,265504.51,3,28,chair,0
0112173_neurosketch,33,furniture,chair,223,179,0,265504.51,3,28,chair,0
0112173_neurosketch,33,furniture,bed,224,180,1,270003.03,3,39,bed,1
0112173_neurosketch,33,furniture,bed,224,181,1,270003.03,3,39,bed,0
0112173_neurosketch,33,furniture,bed,224,182,1,270003.03,3,39,bed,0
0112173_neurosketch,33,furniture,bench,225,183,1,274503.16,3,9,bed,1
0112173_neurosketch,33,furniture,bench,225,184,1,274503.16,3,9,bed,0
0112173_neurosketch,33,furniture,bench,225,185,1,274503.16,3,9,bed,0
0112173_neurosketch,33,furniture,chair,226,186,0,279002.44,3,31,chair,1
0112173_neurosketch,33,furniture,chair,226,187,0,279002.44,3,31,chair,0
0112173_neurosketch,33,furniture,chair,226,188,0,279002.44,3,31,chair,0
0112173_neurosketch,33,furniture,chair,226,189,0,279002.44,3,31,chair,0
0112173_neurosketch,33,furniture,table,227,190,0,285003.0,3,38,table,1
0112173_neurosketch,33,furniture,table,227,191,0,285003.0,3,38,table,0
0112173_neurosketch,33,furniture,table,227,192,0,285003.0,3,38,table,0
0112173_neurosketch,33,furniture,table,227,193,0,285003.0,3,38,table,0
0112173_neurosketch,33,furniture,bench,228,194,1,291004.83,3,23,,1
0112173_neurosketch,33,furniture,bench,228,195,1,291004.83,3,23,,0
0112173_neurosketch,33,furniture,bench,228,196,1,291004.83,3,23,,0
0112173_neurosketch,33,2,table,229,197,0,295502.63,3,12,table,1
0112173_neurosketch,33,2,table,229,198,0,295502.63,3,12,table,0
0112173_neurosketch,33,2,table,229,199,0,295502.63,3,12,table,0
0112173_neurosketch,33,furniture,bed,230,200,1,300002.55,3,37,bed,1
0112173_neurosketch,33,furniture,bed,230,201,1,300002.55,3,37,bed,0
0112173_neurosketch,33,furniture,bed,230,202,1,300002.55,3,37,bed,0
0112173_neurosketch,33,furniture,chair,231,203,0,304502.94,3,9,chair,1
0112173_neurosketch,33,furniture,chair,231,204,0,304502.94,3,9,chair,0
0112173_neurosketch,33,furniture,chair,231,205,0,304502.94,3,9,chair,0
0112173_neurosketch,33,furniture,chair,231,206,0,304502.94,3,9,chair,0
0112173_neurosketch,33,furniture,bench,232,207,1,310502.93,3,6,bench,1
0112173_neurosketch,33,furniture,bench,232,208,1,310502.93,3,6,bench,0
0112173_neurosketch,33,furniture,bench,232,209,1,310502.93,3,6,bench,0
0112173_neurosketch,33,furniture,bench,232,210,1,310502.93,3,6,bench,0
0112173_neurosketch,33,furniture,chair,233,211,0,316503.26,3,30,chair,1
0112173_neurosketch,33,furniture,chair,233,212,0,316503.26,3,30,chair,0
0112173_neurosketch,33,furniture,bed,234,213,1,319502.58,3,9,,1
0112173_neurosketch,33,furniture,bed,234,214,1,319502.58,3,9,,0
0112173_neurosketch,33,furniture,bed,234,215,1,319502.58,3,9,,0
0112173_neurosketch,33,furniture,table,235,216,0,324002.62,3,16,table,1
0112173_neurosketch,33,furniture,table,235,217,0,324002.62,3,16,table,0
0112173_neurosketch,33,furniture,bench,236,218,1,327002.94,3,37,bench,1
0112173_neurosketch,33,furniture,bench,236,219,1,327002.94,3,37,bench,0
0112173_neurosketch,33,furniture,bench,236,220,1,327002.94,3,37,bench,0
0112173_neurosketch,33,furniture,bench,236,221,1,327002.94,3,37,bench,0
0112173_neurosketch,33,furniture,chair,237,222,0,333002.8,3,17,chair,1
0112173_neurosketch,33,furniture,chair,237,223,0,333002.8,3,17,chair,0
0112173_neurosketch,33,furniture,chair,237,224,0,333002.8,3,17,chair,0
0112173_neurosketch,33,furniture,chair,237,225,0,333002.8,3,17,chair,0
0112173_neurosketch,33,furniture,bed,238,226,1,339002.13,3,3,bed,1
0112173_neurosketch,33,furniture,bed,238,227,1,339002.13,3,3,bed,0
0112173_neurosketch,33,furniture,bed,238,228,1,339002.13,3,3,bed,0
0112173_neurosketch,33,furniture,bed,238,229,1,339002.13,3,3,bed,0
0112173_neurosketch,33,2,table,239,230,0,345003.1,3,36,table,1
0112173_neurosketch,33,2,table,239,231,0,345003.1,3,36,table,0
0112173_neurosketch,33,2,table,239,232,0,345003.1,3,36,table,0
0112173_neurosketch,33,2,table,239,233,0,345003.1,3,36,table,0
0112173_neurosketch,33,2,table,239,234,0,345003.1,3,36,table,0
0112173_neurosketch,33,2,table,239,235,0,345003.1,3,36,table,0
0112173_neurosketch,33,2,table,239,236,0,345003.1,3,36,table,0
0112173_neurosketch,33,2,table,239,237,0,345003.1,3,36,table,0
0112173_neurosketch,33,2,table,239,238,0,345003.1,3,36,table,0
0112173_neurosketch,33,2,table,239,239,0,345003.1,3,36,table,0
0112173_neurosketch,33,furniture,chair,240,0,-1,0.0,4,14,chair,0
0112173_neurosketch,33,furniture,chair,240,1,-1,0.0,4,14,chair,0
0112173_neurosketch,33,furniture,chair,240,2,-1,0.0,4,14,chair,0
0112173_neurosketch,33,furniture,chair,240,3,-1,0.0,4,14,chair,0
0112173_neurosketch,33,furniture,chair,240,4,-1,0.0,4,14,chair,0
0112173_neurosketch,33,furniture,chair,240,5,-1,0.0,4,14,chair,0
0112173_neurosketch,33,furniture,chair,240,6,-1,0.0,4,14,chair,0
0112173_neurosketch,33,furniture,chair,240,7,-1,0.0,4,14,chair,0
0112173_neurosketch,33,furniture,chair,240,8,0,12001.88,4,14,chair,1
0112173_neurosketch,33,furniture,chair,240,9,0,12001.88,4,14,chair,0
0112173_neurosketch,33,furniture,bed,241,10,1,15003.05,4,14,bed,1
0112173_neurosketch,33,furniture,bed,241,11,1,15003.05,4,14,bed,0
0112173_neurosketch,33,furniture,bed,241,12,1,15003.05,4,14,bed,0
0112173_neurosketch,33,furniture,bench,242,13,1,19501.77,4,25,bench,1
0112173_neurosketch,33,furniture,bench,242,14,1,19501.77,4,25,bench,0
0112173_neurosketch,33,furniture,bench,242,15,1,19501.77,4,25,bench,0
0112173_neurosketch,33,furniture,table,243,16,0,24001.21,4,6,table,1
0112173_neurosketch,33,furniture,table,243,17,0,24001.21,4,6,table,0
0112173_neurosketch,33,furniture,bed,244,18,1,27001.26,4,4,bed,1
0112173_neurosketch,33,furniture,bed,244,19,1,27001.26,4,4,bed,0
0112173_neurosketch,33,furniture,bed,244,20,1,27001.26,4,4,bed,0
0112173_neurosketch,33,furniture,chair,245,21,0,31501.4,4,38,chair,1
0112173_neurosketch,33,furniture,chair,245,22,0,31501.4,4,38,chair,0
0112173_neurosketch,33,furniture,table,246,23,0,34502.3,4,10,table,1
0112173_neurosketch,33,furniture,table,246,24,0,34502.3,4,10,table,0
0112173_neurosketch,33,furniture,bench,247,25,1,37502.27,4,28,bench,1
0112173_neurosketch,33,furniture,bench,247,26,1,37502.27,4,28,bench,0
0112173_neurosketch,33,furniture,table,248,27,0,40502.11,4,31,table,1
0112173_neurosketch,33,furniture,table,248,28,0,40502.11,4,31,table,0
0112173_neurosketch,33,furniture,table,248,29,0,40502.11,4,31,table,0
0112173_neurosketch,33,2,chair,249,30,0,45002.2,4,4,chair,1
0112173_neurosketch,33,2,chair,249,31,0,45002.2,4,4,chair,0
0112173_neurosketch,33,furniture,bench,250,32,1,48001.8,4,3,bench,1
0112173_neurosketch,33,furniture,bench,250,33,1,48001.8,4,3,bench,0
0112173_neurosketch,33,furniture,bench,250,34,1,48001.8,4,3,bench,0
0112173_neurosketch,33,furniture,bed,251,35,1,52502.16,4,29,bench,1
0112173_neurosketch,33,furniture,bed,251,36,1,52502.16,4,29,bench,0
0112173_neurosketch,33,furniture,table,252,37,0,55501.53,4,1,table,1
0112173_neurosketch,33,furniture,table,252,38,0,55501.53,4,1,table,0
0112173_neurosketch,33,furniture,bed,253,39,1,58501.77,4,16,bed,1
0112173_neurosketch,33,furniture,bed,253,40,1,58501.77,4,16,bed,0
0112173_neurosketch,33,furniture,bed,253,41,1,58501.77,4,16,bed,0
0112173_neurosketch,33,furniture,bench,254,42,1,63001.63,4,10,bench,1
0112173_neurosketch,33,furniture,bench,254,43,1,63001.63,4,10,bench,0
0112173_neurosketch,33,furniture,bench,254,44,1,63001.63,4,10,bench,0
0112173_neurosketch,33,furniture,bench,254,45,1,63001.63,4,10,bench,0
0112173_neurosketch,33,furniture,chair,255,46,0,69004.74,4,20,chair,1
0112173_neurosketch,33,furniture,chair,255,47,0,69004.74,4,20,chair,0
0112173_neurosketch,33,furniture,chair,255,48,0,69004.74,4,20,chair,0
0112173_neurosketch,33,furniture,chair,256,49,0,73501.97,4,19,chair,1
0112173_neurosketch,33,furniture,chair,256,50,0,73501.97,4,19,chair,0
0112173_neurosketch,33,furniture,bench,257,51,1,76502.06,4,30,bench,1
0112173_neurosketch,33,furniture,bench,257,52,1,76502.06,4,30,bench,0
0112173_neurosketch,33,furniture,table,258,53,0,79502.02,4,30,table,1
0112173_neurosketch,33,furniture,table,258,54,0,79502.02,4,30,table,0
0112173_neurosketch,33,2,bed,259,55,1,82502.43,4,27,bed,1
0112173_neurosketch,33,2,bed,259,56,1,82502.43,4,27,bed,0
0112173_neurosketch,33,2,bed,259,57,1,82502.43,4,27,bed,0
0112173_neurosketch,33,furniture,bed,260,58,1,87003.21,4,22,bed,1
0112173_neurosketch,33,furniture,bed,260,59,1,87003.21,4,22,bed,0
0112173_neurosketch,33,furniture,bed,260,60,1,87003.21,4,22,bed,0
0112173_neurosketch,33,furniture,chair,261,61,0,91502.62,4,35,chair,1
0112173_neurosketch,33,furniture,chair,261,62,0,91502.62,4,35,chair,0
0112173_neurosketch,33,furniture,table,262,63,0,94502.92,4,34,table,1
0112173_neurosketch,33,furniture,table,262,64,0,94502.92,4,34,table,0
0112173_neurosketch,33,furniture,bench,263,65,1,97502.86,4,31,bench,1
0112173_neurosketch,33,furniture,bench,263,66,1,97502.86,4,31,bench,0
0112173_neurosketch,33,furniture,bench,263,67,1,97502.86,4,31,bench,0
0112173_neurosketch,33,furniture,chair,264,68,0,102002.23,4,5,chair,1
0112173_neurosketch,33,furniture,chair,264,69,0,102002.23,4,5,chair,0
0112173_neurosketch,33,furniture,chair,264,70,0,102002.23,4,5,chair,0
0112173_neurosketch,33,furniture,table,265,71,0,106502.92,4,24,,1
0112173_neurosketch,33,furniture,table,265,72,0,106502.92,4,24,,0
0112173_neurosketch,33,furniture,table,265,73,0,106502.92,4,24,,0
0112173_neurosketch,33,furniture,bed,266,74,1,111002.9,4,19,bed,1
0112173_neurosketch,33,furniture,bed,266,75,1,111002.9,4,19,bed,0
0112173_neurosketch,33,furniture,bed,266,76,1,111002.9,4,19,bed,0
0112173_neurosketch,33,furniture,bed,266,77,1,111002.9,4,19,bed,0
0112173_neurosketch,33,furniture,bench,267,78,1,117002.0,4,39,bench,1
0112173_neurosketch,33,furniture,bench,267,79,1,117002.0,4,39,bench,0
0112173_neurosketch,33,furniture,bench,267,80,1,117002.0,4,39,bench,0
0112173_neurosketch,33,furniture,bench,267,81,1,117002.0,4,39,bench,0
0112173_neurosketch,33,furniture,chair,268,82,0,123001.79,4,1,chair,1
0112173_neurosketch,33,furniture,chair,268,83,0,123001.79,4,1,chair,0
0112173_neurosketch,33,furniture,chair,268,84,0,123001.79,4,1,chair,0
0112173_neurosketch,33,2,bench,269,85,1,127502.17,4,16,bench,1
0112173_neurosketch,33,2,bench,269,86,1,127502.17,4,16,bench,0
0112173_neurosketch,33,2,bench,269,87,1,127502.17,4,16,bench,0
0112173_neurosketch,33,furniture,bed,270,88,1,132002.96,4,8,bed,1
0112173_neurosketch,33,furniture,bed,270,89,1,132002.96,4,8,bed,0
0112173_neurosketch,33,furniture,bed,270,90,1,132002.96,4,8,bed,0
0112173_neurosketch,33,furniture,table,271,91,0,136502.77,4,14,table,1
0112173_neurosketch,33,furniture,table,271,92,0,136502.77,4,14,table,0
0112173_neurosketch,33,furniture,table,271,93,0,136502.77,4,14,table,0
0112173_neurosketch,33,furniture,table,271,94,0,136502.77,4,14,table,0
0112173_neurosketch,33,furniture,chair,272,95,0,142503.02,4,26,chair,1
0112173_neurosketch,33,furniture,chair,272,96,0,142503.02,4,26,chair,0
0112173_neurosketch,33,furniture,chair,272,97,0,142503.02,4,26,chair,0
0112173_neurosketch,33,furniture,chair,272,98,0,142503.02,4,26,chair,0
0112173_neurosketch,33,furniture,bed,273,99,1,148504.09,4,32,bed,1
0112173_neurosketch,33,furniture,bed,273,100,1,148504.09,4,32,bed,0
0112173_neurosketch,33,furniture,bench,274,101,1,151502.62,4,21,bench,1
0112173_neurosketch,33,furniture,bench,274,102,1,151502.62,4,21,bench,0
0112173_neurosketch,33,furniture,bench,274,103,1,151502.62,4,21,bench,0
0112173_neurosketch,33,furniture,table,275,104,0,156002.21,4,18,,1
0112173_neurosketch,33,furniture,table,275,105,0,156002.21,4,18,,0
0112173_neurosketch,33,furniture,bed,276,106,1,159002.76,4,13,bed,1
0112173_neurosketch,33,furniture,bed,276,107,1,159002.76,4,13,bed,0
0112173_neurosketch,33,furniture,bed,276,108,1,159002.76,4,13,bed,0
0112173_neurosketch,33,furniture,bed,276,109,1,159002.76,4,13,bed,0
0112173_neurosketch,33,furniture,bench,277,110,1,165002.62,4,19,bench,1
0112173_neurosketch,33,furniture,bench,277,111,1,165002.62,4,19,bench,0
0112173_neurosketch,33,furniture,bench,277,112,1,165002.62,4,19,bench,0
0112173_neurosketch,33,furniture,bench,277,113,1,165002.62,4,19,bench,0
0112173_neurosketch,33,furniture,table,278,114,0,171002.25,4,9,table,1
0112173_neurosketch,33,furniture,table,278,115,0,171002.25,4,9,table,0
0112173_neurosketch,33,furniture,table,278,116,0,171002.25,4,9,table,0
0112173_neurosketch,33,furniture,table,278,117,0,171002.25,4,9,table,0
0112173_neurosketch,33,2,chair,279,118,0,177002.01,4,18,chair,1
0112173_neurosketch,33,2,chair,279,119,0,177002.01,4,18,chair,0
0112173_neurosketch,33,furniture,bench,280,120,1,180002.21,4,0,bench,1
0112173_neurosketch,33,furniture,bench,280,121,1,180002.21,4,0,bench,0
0112173_neurosketch,33,furniture,bed,281,122,1,183002.95,4,34,bed,1
0112173_neurosketch,33,furniture,bed,281,123,1,183002.95,4,34,bed,0
0112173_neurosketch,33,furniture,bed,281,124,1,183002.95,4,34,bed,0
0112173_neurosketch,33,furniture,chair,282,125,0,187502.64,4,10,chair,1
0112173_neurosketch,33,furniture,chair,282,126,0,187502.64,4,10,chair,0
0112173_neurosketch,33,furniture,chair,282,127,0,187502.64,4,10,chair,0
0112173_neurosketch,33,furniture,table,283,128,0,192002.13,4,33,table,1
0112173_neurosketch,33,furniture,table,283,129,0,192002.13,4,33,table,0
0112173_neurosketch,33,furniture,chair,284,130,0,195002.88,4,39,chair,1
0112173_neurosketch,33,furniture,chair,284,131,0,195002.88,4,39,chair,0
0112173_neurosketch,33,furniture,chair,284,132,0,195002.88,4,39,chair,0
0112173_neurosketch,33,furniture,bench,285,133,1,199502.64,4,36,bench,1
0112173_neurosketch,33,furniture,bench,285,134,1,199502.64,4,36,bench,0
0112173_neurosketch,33,furniture,bed,286,135,1,202501.95,4,11,bed,1
0112173_neurosketch,33,furniture,bed,286,136,1,202501.95,4,11,bed,0
0112173_neurosketch,33,furniture,table,287,137,0,205501.97,4,25,table,1
0112173_neurosketch,33,furniture,table,287,138,0,205501.97,4,25,table,0
0112173_neurosketch,33,furniture,bench,288,139,1,208501.95,4,5,bench,1
0112173_neurosketch,33,furniture,bench,288,140,1,208501.95,4,5,bench,0
0112173_neurosketch,33,furniture,bench,288,141,1,208501.95,4,5,bench,0
0112173_neurosketch,33,2,bed,289,142,1,213002.62,4,6,bed,1
0112173_neurosketch,33,2,bed,289,143,1,213002.62,4,6,bed,0
0112173_neurosketch,33,furniture,chair,290,144,0,216002.23,4,27,chair,1
0112173_neurosketch,33,furniture,chair,290,145,0,216002.23,4,27,chair,0
0112173_neurosketch,33,furniture,chair,290,146,0,216002.23,4,27,chair,0
0112173_neurosketch,33,furniture,table,291,147,0,220502.83,4,39,table,1
0112173_neurosketch,33,furniture,table,291,148,0,220502.83,4,39,table,0
0112173_neurosketch,33,furniture,chair,292,149,0,223502.0,4,13,chair,1
0112173_neurosketch,33,furniture,chair,292,150,0,223502.0,4,13,chair,0
0112173_neurosketch,33,furniture,bed,293,151,1,226502.61,4,28,bed,1
0112173_neurosketch,33,furniture,bed,293,152,1,226502.61,4,28,bed,0
0112173_neurosketch,33,furniture,bed,293,153,1,226502.61,4,28,bed,0
0112173_neurosketch,33,furniture,table,294,154,0,231002.54,4,20,table,1
0112173_neurosketch,33,furniture,table,294,155,0,231002.54,4,20,table,0
0112173_neurosketch,33,furniture,table,294,156,0,231002.54,4,20,table,0
0112173_neurosketch,33,furniture,table,294,157,0,231002.54,4,20,table,0
0112173_neurosketch,33,furniture,bench,295,158,1,237002.38,4,24,bench,1
0112173_neurosketch,33,furniture,bench,295,159,1,237002.38,4,24,bench,0
0112173_neurosketch,33,furniture,bench,295,160,1,237002.38,4,24,bench,0
0112173_neurosketch,33,furniture,bench,296,161,1,241502.54,4,32,bench,1
0112173_neurosketch,33,furniture,bench,296,162,1,241502.54,4,32,bench,0
0112173_neurosketch,33,furniture,chair,297,163,0,244502.04,4,33,,1
0112173_neurosketch,33,furniture,chair,297,164,0,244502.04,4,33,,0
0112173_neurosketch,33,furniture,table,298,165,0,247502.94,4,4,table,1
0112173_neurosketch,33,furniture,table,298,166,0,247502.94,4,4,table,0
0112173_neurosketch,33,2,bed,299,167,1,250504.01,4,12,bed,1
0112173_neurosketch,33,2,bed,299,168,1,250504.01,4,12,bed,0
0112173_neurosketch,33,2,bed,299,169,1,250504.01,4,12,bed,0
0112173_neurosketch,33,furniture,table,300,170,0,255002.96,4,19,table,1
0112173_neurosketch,33,furniture,table,300,171,0,255002.96,4,19,table,0
0112173_neurosketch,33,furniture,table,300,172,0,255002.96,4,19,table,0
0112173_neurosketch,33,furniture,bench,301,173,1,259502.76,4,17,bench,1
0112173_neurosketch,33,furniture,bench,301,174,1,259502.76,4,17,bench,0
0112173_neurosketch,33,furniture,bed,302,175,1,262502.27,4,21,bed,1
0112173_neurosketch,33,furniture,bed,302,176,1,262502.27,4,21,bed,0
0112173_neurosketch,33,furniture,chair,303,177,0,265503.41,4,0,,1
0112173_neurosketch,33,furniture,chair,303,178,0,265503.41,4,0,,0
0112173_neurosketch,33,furniture,chair,303,179,0,265503.41,4,0,,0
0112173_neurosketch,33,furniture,table,304,180,0,270002.62,4,0,table,1
0112173_neurosketch,33,furniture,table,304,181,0,270002.62,4,0,table,0
0112173_neurosketch,33,furniture,table,304,182,0,270002.62,4,0,table,0
0112173_neurosketch,33,furniture,chair,305,183,0,274502.08,4,16,chair,1
0112173_neurosketch,33,furniture,chair,305,184,0,274502.08,4,16,chair,0
0112173_neurosketch,33,furniture,chair,305,185,0,274502.08,4,16,chair,0
0112173_neurosketch,33,furniture,bench,306,186,1,279002.78,4,26,bench,1
0112173_neurosketch,33,furniture,bench,306,187,1,279002.78,4,26,bench,0
0112173_neurosketch,33,furniture,bench,306,188,1,279002.78,4,26,bench,0
0112173_neurosketch,33,furniture,bench,306,189,1,279002.78,4,26,bench,0
0112173_neurosketch,33,furniture,bed,307,190,1,285002.45,4,26,bed,1
0112173_neurosketch,33,furniture,bed,307,191,1,285002.45,4,26,bed,0
0112173_neurosketch,33,furniture,bed,307,192,1,285002.45,4,26,bed,0
0112173_neurosketch,33,furniture,bed,307,193,1,285002.45,4,26,bed,0
0112173_neurosketch,33,furniture,bench,308,194,1,291003.06,4,11,bench,1
0112173_neurosketch,33,furniture,bench,308,195,1,291003.06,4,11,bench,0
0112173_neurosketch,33,furniture,bench,308,196,1,291003.06,4,11,bench,0
0112173_neurosketch,33,2,bed,309,197,1,295503.27,4,17,bed,1
0112173_neurosketch,33,2,bed,309,198,1,295503.27,4,17,bed,0
0112173_neurosketch,33,2,bed,309,199,1,295503.27,4,17,bed,0
0112173_neurosketch,33,furniture,table,310,200,0,300002.29,4,35,table,1
0112173_neurosketch,33,furniture,table,310,201,0,300002.29,4,35,table,0
0112173_neurosketch,33,furniture,table,310,202,0,300002.29,4,35,table,0
0112173_neurosketch,33,furniture,chair,311,203,0,304502.46,4,12,chair,1
0112173_neurosketch,33,furniture,chair,311,204,0,304502.46,4,12,chair,0
0112173_neurosketch,33,furniture,chair,311,205,0,304502.46,4,12,chair,0
0112173_neurosketch,33,furniture,chair,311,206,0,304502.46,4,12,chair,0
0112173_neurosketch,33,furniture,bench,312,207,1,310502.59,4,12,bench,1
0112173_neurosketch,33,furniture,bench,312,208,1,310502.59,4,12,bench,0
0112173_neurosketch,33,furniture,bench,312,209,1,310502.59,4,12,bench,0
0112173_neurosketch,33,furniture,bench,312,210,1,310502.59,4,12,bench,0
0112173_neurosketch,33,furniture,table,313,211,0,316502.7,4,23,table,1
0112173_neurosketch,33,furniture,table,313,212,0,316502.7,4,23,table,0
0112173_neurosketch,33,furniture,bed,314,213,1,319502.16,4,33,bed,1
0112173_neurosketch,33,furniture,bed,314,214,1,319502.16,4,33,bed,0
0112173_neurosketch,33,furniture,bed,314,215,1,319502.16,4,33,bed,0
0112173_neurosketch,33,furniture,chair,315,216,0,324002.23,4,11,chair,1
0112173_neurosketch,33,furniture,chair,315,217,0,324002.23,4,11,chair,0
0112173_neurosketch,33,furniture,table,316,218,0,327002.56,4,21,table,1
0112173_neurosketch,33,furniture,table,316,219,0,327002.56,4,21,table,0
0112173_neurosketch,33,furniture,table,316,220,0,327002.56,4,21,table,0
0112173_neurosketch,33,furniture,table,316,221,0,327002.56,4,21,table,0
0112173_neurosketch,33,furniture,chair,317,222,0,333002.37,4,22,chair,1
0112173_neurosketch,33,furniture,chair,317,223,0,333002.37,4,22,chair,0
0112173_neurosketch,33,furniture,chair,317,224,0,333002.37,4,22,chair,0
0112173_neurosketch,33,furniture,chair,317,225,0,333002.37,4,22,chair,0
0112173_neurosketch,33,furniture,bench,318,226,1,339002.88,4,1,bench,1
0112173_neurosketch,33,furniture,bench,318,227,1,339002.88,4,1,bench,0
0112173_neurosketch,33,furniture,bench,318,228,1,339002.88,4,1,bench,0
0112173_neurosketch,33,furniture,bench,318,229,1,339002.88,4,1,bench,0
0112173_neurosketch,33,2,bed,319,230,1,345002.22,4,7,bench,1
0112173_neurosketch,33,2,bed,319,231,1,345002.22,4,7,bench,0
0112173_neurosketch,33,2,bed,319,232,1,345002.22,4,7,bench,0
0112173_neurosketch,33,2,bed,319,233,1,345002.22,4,7,bench,0
0112173_neurosketch,33,2,bed,319,234,1,345002.22,4,7,bench,0
0112173_neurosketch,33,2,bed,319,235,1,345002.22,4,7,bench,0
0112173_neurosketch,33,2,bed,319,236,1,345002.22,4,7,bench,0
0112173_neurosketch,33,2,bed,319,237,1,345002.22,4,7,bench,0
0112173_neurosketch,33,2,bed,319,238,1,345002.22,4,7,bench,0
0112173_neurosketch,33,2,bed,319,239,1,345002.22,4,7,bench,0
0112173_neurosketch,33,furniture,bed,360,0,-1,0.0,9,7,,0
0112173_neurosketch,33,furniture,bed,360,1,-1,0.0,9,7,,0
0112173_neurosketch,33,furniture,bed,360,2,-1,0.0,9,7,,0
0112173_neurosketch,33,furniture,bed,360,3,-1,0.0,9,7,,0
0112173_neurosketch,33,furniture,bed,360,4,-1,0.0,9,7,,0
0112173_neurosketch,33,furniture,bed,360,5,-1,0.0,9,7,,0
0112173_neurosketch,33,furniture,bed,360,6,-1,0.0,9,7,,0
0112173_neurosketch,33,furniture,bed,360,7,-1,0.0,9,7,,0
0112173_neurosketch,33,furniture,bed,360,8,1,12003.75,9,7,,1
0112173_neurosketch,33,furniture,bed,360,9,1,12003.75,9,7,,0
0112173_neurosketch,33,furniture,bench,361,10,1,15002.3,9,1,bench,1
0112173_neurosketch,33,furniture,bench,361,11,1,15002.3,9,1,bench,0
0112173_neurosketch,33,furniture,bench,361,12,1,15002.3,9,1,bench,0
0112173_neurosketch,33,furniture,chair,362,13,0,19501.84,9,22,chair,1
0112173_neurosketch,33,furniture,chair,362,14,0,19501.84,9,22,chair,0
0112173_neurosketch,33,furniture,chair,362,15,0,19501.84,9,22,chair,0
0112173_neurosketch,33,furniture,table,363,16,0,24001.83,9,21,table,1
0112173_neurosketch,33,furniture,table,363,17,0,24001.83,9,21,table,0
0112173_neurosketch,33,furniture,chair,364,18,0,27002.26,9,11,chair,1
0112173_neurosketch,33,furniture,chair,364,19,0,27002.26,9,11,chair,0
0112173_neurosketch,33,furniture,chair,364,20,0,27002.26,9,11,chair,0
0112173_neurosketch,33,furniture,bed,365,21,1,31501.5,9,33,bed,1
0112173_neurosketch,33,furniture,bed,365,22,1,31501.5,9,33,bed,0
0112173_neurosketch,33,furniture,table,366,23,0,34501.52,9,23,table,1
0112173_neurosketch,33,furniture,table,366,24,0,34501.52,9,23,table,0
0112173_neurosketch,33,furniture,bench,367,25,1,37501.55,9,12,bench,1
0112173_neurosketch,33,furniture,bench,367,26,1,37501.55,9,12,bench,0
0112173_neurosketch,33,furniture,chair,368,27,0,40501.96,9,12,chair,1
0112173_neurosketch,33,furniture,chair,368,28,0,40501.96,9,12,chair,0
0112173_neurosketch,33,furniture,chair,368,29,0,40501.96,9,12,chair,0
0112173_neurosketch,33,2,table,369,30,0,45002.71,9,35,table,1
0112173_neurosketch,33,2,table,369,31,0,45002.71,9,35,table,0
0112173_neurosketch,33,furniture,bed,370,32,1,48002.28,9,17,bench,1
0112173_neurosketch,33,furniture,bed,370,33,1,48002.28,9,17,bench,0
0112173_neurosketch,33,furniture,bed,370,34,1,48002.28,9,17,bench,0
0112173_neurosketch,33,furniture,bench,371,35,1,52502.07,9,11,bench,1
0112173_neurosketch,33,furniture,bench,371,36,1,52502.07,9,11,bench,0
0112173_neurosketch,33,furniture,bed,372,37,1,55501.98,9,26,bed,1
0112173_neurosketch,33,furniture,bed,372,38,1,55501.98,9,26,bed,0
0112173_neurosketch,33,furniture,bench,373,39,1,58502.45,9,26,bench,1
0112173_neurosketch,33,furniture,bench,373,40,1,58502.45,9,26,bench,0
0112173_neurosketch,33,furniture,bench,373,41,1,58502.45,9,26,bench,0
0112173_neurosketch,33,furniture,chair,374,42,0,63002.72,9,16,chair,1
0112173_neurosketch,33,furniture,chair,374,43,0,63002.72,9,16,chair,0
0112173_neurosketch,33,furniture,chair,374,44,0,63002.72,9,16,chair,0
0112173_neurosketch,33,furniture,chair,374,45,0,63002.72,9,16,chair,0
0112173_neurosketch,33,furniture,table,375,46,0,69002.92,9,0,table,1
0112173_neurosketch,33,furniture,table,375,47,0,69002.92,9,0,table,0
0112173_neurosketch,33,furniture,table,375,48,0,69002.92,9,0,table,0
0112173_neurosketch,33,furniture,chair,376,49,0,73502.42,9,0,chair,1
0112173_neurosketch,33,furniture,chair,376,50,0,73502.42,9,0,chair,0
0112173_neurosketch,33,furniture,bed,377,51,1,76502.92,9,21,bed,1
0112173_neurosketch,33,furniture,bed,377,52,1,76502.92,9,21,bed,0
0112173_neurosketch,33,furniture,bench,378,53,1,79502.73,9,17,bench,1
0112173_neurosketch,33,furniture,bench,378,54,1,79502.73,9,17,bench,0
0112173_neurosketch,33,2,table,379,55,0,82502.03,9,19,table,1
0112173_neurosketch,33,2,table,379,56,0,82502.03,9,19,table,0
0112173_neurosketch,33,2,table,379,57,0,82502.03,9,19,table,0
0112173_neurosketch,33,furniture,bed,380,58,1,87002.65,9,12,bed,1
0112173_neurosketch,33,furniture,bed,380,59,1,87002.65,9,12,bed,0
0112173_neurosketch,33,furniture,bed,380,60,1,87002.65,9,12,bed,0
0112173_neurosketch,33,furniture,table,381,61,0,91504.35,9,4,table,1
0112173_neurosketch,33,furniture,table,381,62,0,91504.35,9,4,table,0
0112173_neurosketch,33,furniture,chair,382,63,0,94502.5,9,33,chair,1
0112173_neurosketch,33,furniture,chair,382,64,0,94502.5,9,33,chair,0
0112173_neurosketch,33,furniture,bench,383,65,1,97502.24,9,32,bench,1
0112173_neurosketch,33,furniture,bench,383,66,1,97502.24,9,32,bench,0
0112173_neurosketch,33,furniture,bench,383,67,1,97502.24,9,32,bench,0
0112173_neurosketch,33,furniture,bench,384,68,1,102002.07,9,24,bench,1
0112173_neurosketch,33,furniture,bench,384,69,1,102002.07,9,24,bench,0
0112173_neurosketch,33,furniture,bench,384,70,1,102002.07,9,24,bench,0
0112173_neurosketch,33,furniture,table,385,71,0,106502.17,9,20,table,1
0112173_neurosketch,33,furniture,table,385,72,0,106502.17,9,20,table,0
0112173_neurosketch,33,furniture,table,385,73,0,106502.17,9,20,table,0
0112173_neurosketch,33,furniture,bed,386,74,1,111003.25,9,28,bed,1
0112173_neurosketch,33,furniture,bed,386,75,1,111003.25,9,28,bed,0
0112173_neurosketch,33,furniture,bed,386,76,1,111003.25,9,28,bed,0
0112173_neurosketch,33,furniture,bed,386,77,1,111003.25,9,28,bed,0
0112173_neurosketch,33,furniture,chair,387,78,0,117002.12,9,13,chair,1
0112173_neurosketch,33,furniture,chair,387,79,0,117002.12,9,13,chair,0
0112173_neurosketch,33,furniture,chair,387,80,0,117002.12,9,13,chair,0
0112173_neurosketch,33,furniture,chair,387,81,0,117002.12,9,13,chair,0
0112173_neurosketch,33,furniture,table,388,82,0,123002.2,9,39,table,1
0112173_neurosketch,33,furniture,table,388,83,0,123002.2,9,39,table,0
0112173_neurosketch,33,furniture,table,388,84,0,123002.2,9,39,table,0
0112173_neurosketch,33,2,chair,389,85,0,127502.58,9,27,chair,1
0112173_neurosketch,33,2,chair,389,86,0,127502.58,9,27,chair,0
0112173_neurosketch,33,2,chair,389,87,0,127502.58,9,27,chair,0
0112173_neurosketch,33,furniture,bed,390,88,1,132002.99,9,6,bed,1
0112173_neurosketch,33,furniture,bed,390,89,1,132002.99,9,6,bed,0
0112173_neurosketch,33,furniture,bed,390,90,1,132002.99,9,6,bed,0
0112173_neurosketch,33,furniture,bench,391,91,1,136503.14,9,5,bench,1
0112173_neurosketch,33,furniture,bench,391,92,1,136503.14,9,5,bench,0
0112173_neurosketch,33,furniture,bench,391,93,1,136503.14,9,5,bench,0
0112173_neurosketch,33,furniture,bench,391,94,1,136503.14,9,5,bench,0
0112173_neurosketch,33,furniture,table,392,95,0,142502.99,9,25,table,1
0112173_neurosketch,33,furniture,table,392,96,0,142502.99,9,25,table,0
0112173_neurosketch,33,furniture,table,392,97,0,142502.99,9,25,table,0
0112173_neurosketch,33,furniture,table,392,98,0,142502.99,9,25,table,0
0112173_neurosketch,33,furniture,bed,393,99,1,148503.0,9,11,bed,1
0112173_neurosketch,33,furniture,bed,393,100,1,148503.0,9,11,bed,0
0112173_neurosketch,33,furniture,bench,394,101,1,151502.67,9,36,bench,1
0112173_neurosketch,33,furniture,bench,394,102,1,151502.67,9,36,bench,0
0112173_neurosketch,33,furniture,bench,394,103,1,151502.67,9,36,bench,0
0112173_neurosketch,33,furniture,chair,395,104,0,156003.2,9,39,chair,1
0112173_neurosketch,33,furniture,chair,395,105,0,156003.2,9,39,chair,0
0112173_neurosketch,33,furniture,table,396,106,0,159002.71,9,33,,1
0112173_neurosketch,33,furniture,table,396,107,0,159002.71,9,33,,0
0112173_neurosketch,33,furniture,table,396,108,0,159002.71,9,33,,0
0112173_neurosketch,33,furniture,table,396,109,0,159002.71,9,33,,0
0112173_neurosketch,33,furniture,chair,397,110,0,165002.83,9,10,chair,1
0112173_neurosketch,33,furniture,chair,397,111,0,165002.83,9,10,chair,0
0112173_neurosketch,33,furniture,chair,397,112,0,165002.83,9,10,chair,0
0112173_neurosketch,33,furniture,chair,397,113,0,165002.83,9,10,chair,0
0112173_neurosketch,33,furniture,bed,398,114,1,171002.34,9,34,bed,1
0112173_neurosketch,33,furniture,bed,398,115,1,171002.34,9,34,bed,0
0112173_neurosketch,33,furniture,bed,398,116,1,171002.34,9,34,bed,0
0112173_neurosketch,33,furniture,bed,398,117,1,171002.34,9,34,bed,0
0112173_neurosketch,33,2,bench,399,118,1,177002.49,9,0,bench,1
0112173_neurosketch,33,2,bench,399,119,1,177002.49,9,0,bench,0
0112173_neurosketch,33,furniture,chair,400,120,0,180002.45,9,18,chair,1
0112173_neurosketch,33,furniture,chair,400,121,0,180002.45,9,18,chair,0
0112173_neurosketch,33,furniture,table,401,122,0,183002.25,9,9,table,1
0112173_neurosketch,33,furniture,table,401,123,0,183002.25,9,9,table,0
0112173_neurosketch,33,furniture,table,401,124,0,183002.25,9,9,table,0
0112173_neurosketch,33,furniture,bench,402,125,1,187502.23,9,19,,1
0112173_neurosketch,33,furniture,bench,402,126,1,187502.23,9,19,,0
0112173_neurosketch,33,furniture,bench,402,127,1,187502.23,9,19,,0
0112173_neurosketch,33,furniture,bed,403,128,1,192003.69,9,13,bench,1
0112173_neurosketch,33,furniture,bed,403,129,1,192003.69,9,13,bench,0
0112173_neurosketch,33,furniture,table,404,130,0,195002.39,9,18,table,1
0112173_neurosketch,33,furniture,table,404,131,0,195002.39,9,18,table,0
0112173_neurosketch,33,furniture,table,404,132,0,195002.39,9,18,table,0
0112173_neurosketch,33,furniture,bench,405,133,1,199502.62,9,21,bench,1
0112173_neurosketch,33,furniture,bench,405,134,1,199502.62,9,21,bench,0
0112173_neurosketch,33,furniture,bed,406,135,1,202502.15,9,32,bed,1
0112173_neurosketch,33,furniture,bed,406,136,1,202502.15,9,32,bed,0
0112173_neurosketch,33,furniture,chair,407,137,0,205502.5,9,26,chair,1
0112173_neurosketch,33,furniture,chair,407,138,0,205502.5,9,26,chair,0
0112173_neurosketch,33,furniture,table,408,139,0,208502.2,9,14,table,1
0112173_neurosketch,33,furniture,table,408,140,0,208502.2,9,14,table,0
0112173_neurosketch,33,furniture,table,408,141,0,208502.2,9,14,table,0
0112173_neurosketch,33,2,bed,409,142,1,213002.32,9,8,bed,1
0112173_neurosketch,33,2,bed,409,143,1,213002.32,9,8,bed,0
0112173_neurosketch,33,furniture,bench,410,144,1,216002.48,9,16,,1
0112173_neurosketch,33,furniture,bench,410,145,1,216002.48,9,16,,0
0112173_neurosketch,33,furniture,bench,410,146,1,216002.48,9,16,,0
0112173_neurosketch,33,furniture,chair,411,147,0,220502.75,9,1,chair,1
0112173_neurosketch,33,furniture,chair,411,148,0,220502.75,9,1,chair,0
0112173_neurosketch,33,furniture,bench,412,149,1,223502.16,9,39,bed,1
0112173_neurosketch,33,furniture,bench,412,150,1,223502.16,9,39,bed,0
0112173_neurosketch,33,furniture,bed,413,151,1,226503.0,9,19,bed,1
0112173_neurosketch,33,furniture,bed,413,152,1,226503.0,9,19,bed,0
0112173_neurosketch,33,furniture,bed,413,153,1,226503.0,9,19,bed,0
0112173_neurosketch,33,furniture,table,414,154,0,231002.21,9,24,table,1
0112173_neurosketch,33,furniture,table,414,155,0,231002.21,9,24,table,0
0112173_neurosketch,33,furniture,table,414,156,0,231002.21,9,24,table,0
0112173_neurosketch,33,furniture,table,414,157,0,231002.21,9,24,table,0
0112173_neurosketch,33,furniture,chair,415,158,0,237004.55,9,5,chair,1
0112173_neurosketch,33,furniture,chair,415,159,0,237004.55,9,5,chair,0
0112173_neurosketch,33,furniture,chair,415,160,0,237004.55,9,5,chair,0
0112173_neurosketch,33,furniture,bench,416,161,1,241502.5,9,31,bench,1
0112173_neurosketch,33,furniture,bench,416,162,1,241502.5,9,31,bench,0
0112173_neurosketch,33,furniture,table,417,163,0,244502.85,9,34,table,1
0112173_neurosketch,33,furniture,table,417,164,0,244502.85,9,34,table,0
0112173_neurosketch,33,furniture,chair,418,165,0,247503.05,9,35,chair,1
0112173_neurosketch,33,furniture,chair,418,166,0,247503.05,9,35,chair,0
0112173_neurosketch,33,2,bed,419,167,1,250502.61,9,22,bed,1
0112173_neurosketch,33,2,bed,419,168,1,250502.61,9,22,bed,0
0112173_neurosketch,33,2,bed,419,169,1,250502.61,9,22,bed,0
0112173_neurosketch,33,furniture,bed,420,170,1,255003.11,9,27,bed,1
0112173_neurosketch,33,furniture,bed,420,171,1,255003.11,9,27,bed,0
0112173_neurosketch,33,furniture,bed,420,172,1,255003.11,9,27,bed,0
0112173_neurosketch,33,furniture,table,421,173,0,259502.9,9,30,table,1
0112173_neurosketch,33,furniture,table,421,174,0,259502.9,9,30,table,0
0112173_neurosketch,33,furniture,bench,422,175,1,262502.98,9,30,bench,1
0112173_neurosketch,33,furniture,bench,422,176,1,262502.98,9,30,bench,0
0112173_neurosketch,33,furniture,chair,423,177,0,265503.19,9,19,chair,1
0112173_neurosketch,33,furniture,chair,423,178,0,265503.19,9,19,chair,0
0112173_neurosketch,33,furniture,chair,423,179,0,265503.19,9,19,chair,0
0112173_neurosketch,33,furniture,chair,424,180,0,270003.14,9,20,chair,1
0112173_neurosketch,33,furniture,chair,424,181,0,270003.14,9,20,chair,0
0112173_neurosketch,33,furniture,chair,424,182,0,270003.14,9,20,chair,0
0112173_neurosketch,33,furniture,bench,425,183,1,274503.02,9,10,bench,1
0112173_neurosketch,33,furniture,bench,425,184,1,274503.02,9,10,bench,0
0112173_neurosketch,33,furniture,bench,425,185,1,274503.02,9,10,bench,0
0112173_neurosketch,33,furniture,bed,426,186,1,279002.03,9,16,bed,1
0112173_neurosketch,33,furniture,bed,426,187,1,279002.03,9,16,bed,0
0112173_neurosketch,33,furniture,bed,426,188,1,279002.03,9,16,bed,0
0112173_neurosketch,33,furniture,bed,426,189,1,279002.03,9,16,bed,0
0112173_neurosketch,33,furniture,table,427,190,0,285002.59,9,1,,1
0112173_neurosketch,33,furniture,table,427,191,0,285002.59,9,1,,0
0112173_neurosketch,33,furniture,table,427,192,0,285002.59,9,1,,0
0112173_neurosketch,33,furniture,table,427,193,0,285002.59,9,1,,0
0112173_neurosketch,33,furniture,bed,428,194,1,291002.72,9,29,bed,1
0112173_neurosketch,33,furniture,bed,428,195,1,291002.72,9,29,bed,0
0112173_neurosketch,33,furniture,bed,428,196,1,291002.72,9,29,bed,0
0112173_neurosketch,33,2,bench,429,197,1,295502.42,9,3,bench,1
0112173_neurosketch,33,2,bench,429,198,1,295502.42,9,3,bench,0
0112173_neurosketch,33,2,bench,429,199,1,295502.42,9,3,bench,0
0112173_neurosketch,33,furniture,chair,430,200,0,300002.82,9,4,chair,1
0112173_neurosketch,33,furniture,chair,430,201,0,300002.82,9,4,chair,0
0112173_neurosketch,33,furniture,chair,430,202,0,300002.82,9,4,chair,0
0112173_neurosketch,33,furniture,table,431,203,0,304504.96,9,31,table,1
0112173_neurosketch,33,furniture,table,431,204,0,304504.96,9,31,table,0
0112173_neurosketch,33,furniture,table,431,205,0,304504.96,9,31,table,0
0112173_neurosketch,33,furniture,table,431,206,0,304504.96,9,31,table,0
0112173_neurosketch,33,furniture,bench,432,207,1,310502.13,9,28,bench,1
0112173_neurosketch,33,furniture,bench,432,208,1,310502.13,9,28,bench,0
0112173_neurosketch,33,furniture,bench,432,209,1,310502.13,9,28,bench,0
0112173_neurosketch,33,furniture,bench,432,210,1,310502.13,9,28,bench,0
0112173_neurosketch,33,furniture,table,433,211,0,316502.46,9,10,table,1
0112173_neurosketch,33,furniture,table,433,212,0,316502.46,9,10,table,0
0112173_neurosketch,33,furniture,chair,434,213,0,319502.14,9,38,chair,1
0112173_neurosketch,33,furniture,chair,434,214,0,319502.14,9,38,chair,0
0112173_neurosketch,33,furniture,chair,434,215,0,319502.14,9,38,chair,0
0112173_neurosketch,33,furniture,bed,435,216,1,324002.45,9,4,bed,1
0112173_neurosketch,33,furniture,bed,435,217,1,324002.45,9,4,bed,0
0112173_neurosketch,33,furniture,table,436,218,0,327002.85,9,6,table,1
0112173_neurosketch,33,furniture,table,436,219,0,327002.85,9,6,table,0
0112173_neurosketch,33,furniture,table,436,220,0,327002.85,9,6,table,0
0112173_neurosketch,33,furniture,table,436,221,0,327002.85,9,6,table,0
0112173_neurosketch,33,furniture,bench,437,222,1,333003.17,9,25,bench,1
0112173_neurosketch,33,furniture,bench,437,223,1,333003.17,9,25,bench,0
0112173_neurosketch,33,furniture,bench,437,224,1,333003.17,9,25,bench,0
0112173_neurosketch,33,furniture,bench,437,225,1,333003.17,9,25,bench,0
0112173_neurosketch,33,furniture,bed,438,226,1,339002.44,9,14,bed,1
0112173_neurosketch,33,furniture,bed,438,227,1,339002.44,9,14,bed,0
0112173_neurosketch,33,furniture,bed,438,228,1,339002.44,9,14,bed,0
0112173_neurosketch,33,furniture,bed,438,229,1,339002.44,9,14,bed,0
0112173_neurosketch,33,2,chair,439,230,0,345002.5,9,14,chair,1
0112173_neurosketch,33,2,chair,439,231,0,345002.5,9,14,chair,0
0112173_neurosketch,33,2,chair,439,232,0,345002.5,9,14,chair,0
0112173_neurosketch,33,2,chair,439,233,0,345002.5,9,14,chair,0
0112173_neurosketch,33,2,chair,439,234,0,345002.5,9,14,chair,0
0112173_neurosketch,33,2,chair,439,235,0,345002.5,9,14,chair,0
0112173_neurosketch,33,2,chair,439,236,0,345002.5,9,14,chair,0
0112173_neurosketch,33,2,chair,439,237,0,345002.5,9,14,chair,0
0112173_neurosketch,33,2,chair,439,238,0,345002.5,9,14,chair,0
0112173_neurosketch,33,2,chair,439,239,0,345002.5,9,14,chair,0
0112173_neurosketch,33,furniture,table,440,0,-1,0.0,10,36,table,0
0112173_neurosketch,33,furniture,table,440,1,-1,0.0,10,36,table,0
0112173_neurosketch,33,furniture,table,440,2,-1,0.0,10,36,table,0
0112173_neurosketch,33,furniture,table,440,3,-1,0.0,10,36,table,0
0112173_neurosketch,33,furniture,table,440,4,-1,0.0,10,36,table,0
0112173_neurosketch,33,furniture,table,440,5,-1,0.0,10,36,table,0
0112173_neurosketch,33,furniture,table,440,6,-1,0.0,10,36,table,0
0112173_neurosketch,33,furniture,table,440,7,-1,0.0,10,36,table,0
0112173_neurosketch,33,furniture,table,440,8,0,12001.46,10,36,table,1
0112173_neurosketch,33,furniture,table,440,9,0,12001.46,10,36,table,0
0112173_neurosketch,33,furniture,bed,441,10,1,15001.35,10,3,bed,1
0112173_neurosketch,33,furniture,bed,441,11,1,15001.35,10,3,bed,0
0112173_neurosketch,33,furniture,bed,441,12,1,15001.35,10,3,bed,0
0112173_neurosketch,33,furniture,chair,442,13,0,19501.78,10,17,chair,1
0112173_neurosketch,33,furniture,chair,442,14,0,19501.78,10,17,chair,0
0112173_neurosketch,33,furniture,chair,442,15,0,19501.78,10,17,chair,0
0112173_neurosketch,33,furniture,bench,443,16,1,24002.36,10,37,bench,1
0112173_neurosketch,33,furniture,bench,443,17,1,24002.36,10,37,bench,0
0112173_neurosketch,33,furniture,table,444,18,0,27001.87,10,16,table,1
0112173_neurosketch,33,furniture,table,444,19,0,27001.87,10,16,table,0
0112173_neurosketch,33,furniture,table,444,20,0,27001.87,10,16,table,0
0112173_neurosketch,33,furniture,bed,445,21,1,31502.37,10,9,bed,1
0112173_neurosketch,33,furniture,bed,445,22,1,31502.37,10,9,bed,0
0112173_neurosketch,33,furniture,chair,446,23,0,34501.56,10,30,chair,1
0112173_neurosketch,33,furniture,chair,446,24,0,34501.56,10,30,chair,0
0112173_neurosketch,33,furniture,bench,447,25,1,37501.75,10,6,bench,1
0112173_neurosketch,33,furniture,bench,447,26,1,37501.75,10,6,bench,0
0112173_neurosketch,33,furniture,chair,448,27,0,40502.22,10,9,chair,1
0112173_neurosketch,33,furniture,chair,448,28,0,40502.22,10,9,chair,0
0112173_neurosketch,33,furniture,chair,448,29,0,40502.22,10,9,chair,0
0112173_neurosketch,33,2,bed,449,30,1,45001.93,10,37,bed,1
0112173_neurosketch,33,2,bed,449,31,1,45001.93,10,37,bed,0
0112173_neurosketch,33,furniture,table,450,32,0,48004.32,10,12,table,1
0112173_neurosketch,33,furniture,table,450,33,0,48004.32,10,12,table,0
0112173_neurosketch,33,furniture,table,450,34,0,48004.32,10,12,table,0
0112173_neurosketch,33,furniture,bench,451,35,1,52502.2,10,23,bench,1
0112173_neurosketch,33,furniture,bench,451,36,1,52502.2,10,23,bench,0
0112173_neurosketch,33,furniture,table,452,37,0,55501.91,10,38,table,1
0112173_neurosketch,33,furniture,table,452,38,0,55501.91,10,38,table,0
0112173_neurosketch,33,furniture,chair,453,39,0,58502.18,10,31,chair,1
0112173_neurosketch,33,furniture,chair,453,40,0,58502.18,10,31,chair,0
0112173_neurosketch,33,furniture,chair,453,41,0,58502.18,10,31,chair,0
0112173_neurosketch,33,furniture,bench,454,42,1,63002.08,10,9,bench,1
0112173_neurosketch,33,furniture,bench,454,43,1,63002.08,10,9,bench,0
0112173_neurosketch,33,furniture,bench,454,44,1,63002.08,10,9,bench,0
0112173_neurosketch,33,furniture,bench,454,45,1,63002.08,10,9,bench,0
0112173_neurosketch,33,furniture,bed,455,46,1,69002.49,10,39,bed,1
0112173_neurosketch,33,furniture,bed,455,47,1,69002.49,10,39,bed,0
0112173_neurosketch,33,furniture,bed,455,48,1,69002.49,10,39,bed,0
0112173_neurosketch,33,furniture,chair,456,49,0,73504.21,10,28,chair,1
0112173_neurosketch,33,furniture,chair,456,50,0,73504.21,10,28,chair,0
0112173_neurosketch,33,furniture,bench,457,51,1,76502.56,10,33,,1
0112173_neurosketch,33,furniture,bench,457,52,1,76502.56,10,33,,0
0112173_neurosketch,33,furniture,bed,458,53,1,79502.07,10,30,bed,1
0112173_neurosketch,33,furniture,bed,458,54,1,79502.07,10,30,bed,0
0112173_neurosketch,33,2,table,459,55,0,82503.38,10,37,table,1
0112173_neurosketch,33,2,table,459,56,0,82503.38,10,37,table,0
0112173_neurosketch,33,2,table,459,57,0,82503.38,10,37,table,0
0112173_neurosketch,33,furniture,bed,460,58,1,87002.04,10,20,bed,1
0112173_neurosketch,33,furniture,bed,460,59,1,87002.04,10,20,bed,0
0112173_neurosketch,33,furniture,bed,460,60,1,87002.04,10,20,bed,0
0112173_neurosketch,33,furniture,chair,461,61,0,91503.49,10,24,chair,1
0112173_neurosketch,33,furniture,chair,461,62,0,91503.49,10,24,chair,0
0112173_neurosketch,33,furniture,bench,462,63,1,94502.17,10,15,bench,1
0112173_neurosketch,33,furniture,bench,462,64,1,94502.17,10,15,bench,0
0112173_neurosketch,33,furniture,table,463,65,0,97501.71,10,15,table,1
0112173_neurosketch,33,furniture,table,463,66,0,97501.71,10,15,table,0
0112173_neurosketch,33,furniture,table,463,67,0,97501.71,10,15,table,0
0112173_neurosketch,33,furniture,chair,464,68,0,102002.28,10,25,chair,1
0112173_neurosketch,33,furniture,chair,464,69,0,102002.28,10,25,chair,0
0112173_neurosketch,33,furniture,chair,464,70,0,102002.28,10,25,chair,0
0112173_neurosketch,33,furniture,bed,465,71,1,106503.97,10,23,bed,1
0112173_neurosketch,33,furniture,bed,465,72,1,106503.97,10,23,bed,0
0112173_neurosketch,33,furniture,bed,465,73,1,106503.97,10,23,bed,0
0112173_neurosketch,33,furniture,bench,466,74,1,111002.1,10,14,bench,1
0112173_neurosketch,33,furniture,bench,466,75,1,111002.1,10,14,bench,0
0112173_neurosketch,33,furniture,bench,466,76,1,111002.1,10,14,bench,0
0112173_neurosketch,33,furniture,bench,466,77,1,111002.1,10,14,bench,0
0112173_neurosketch,33,furniture,table,467,78,0,117002.58,10,29,table,1
0112173_neurosketch,33,furniture,table,467,79,0,117002.58,10,29,table,0
0112173_neurosketch,33,furniture,table,467,80,0,117002.58,10,29,table,0
0112173_neurosketch,33,furniture,table,467,81,0,117002.58,10,29,table,0
0112173_neurosketch,33,furniture,chair,468,82,0,123002.62,10,2,,1
0112173_neurosketch,33,furniture,chair,468,83,0,123002.62,10,2,,0
0112173_neurosketch,33,furniture,chair,468,84,0,123002.62,10,2,,0
0112173_neurosketch,33,2,bed,469,85,1,127501.9,10,10,bed,1
0112173_neurosketch,33,2,bed,469,86,1,127501.9,10,10,bed,0
0112173_neurosketch,33,2,bed,469,87,1,127501.9,10,10,bed,0
0112173_neurosketch,33,furniture,table,470,88,0,132002.61,10,28,table,1
0112173_neurosketch,33,furniture,table,470,89,0,132002.61,10,28,table,0
0112173_neurosketch,33,furniture,table,470,90,0,132002.61,10,28,table,0
0112173_neurosketch,33,furniture,bench,471,91,1,136503.46,10,34,bench,1
0112173_neurosketch,33,furniture,bench,471,92,1,136503.46,10,34,bench,0
0112173_neurosketch,33,furniture,bench,471,93,1,136503.46,10,34,bench,0
0112173_neurosketch,33,furniture,bench,471,94,1,136503.46,10,34,bench,0
0112173_neurosketch,33,furniture,bed,472,95,1,142502.93,10,1,bed,1
0112173_neurosketch,33,furniture,bed,472,96,1,142502.93,10,1,bed,0
0112173_neurosketch,33,furniture,bed,472,97,1,142502.93,10,1,bed,0
0112173_neurosketch,33,furniture,bed,472,98,1,142502.93,10,1,bed,0
0112173_neurosketch,33,furniture,bench,473,99,1,148504.08,10,27,bench,1
0112173_neurosketch,33,furniture,bench,473,100,1,148504.08,10,27,bench,0
0112173_neurosketch,33,furniture,table,474,101,0,151502.91,10,17,,1
0112173_neurosketch,33,furniture,table,474,102,0,151502.91,10,17,,0
0112173_neurosketch,33,furniture,table,474,103,0,151502.91,10,17,,0
0112173_neurosketch,33,furniture,chair,475,104,0,156002.7,10,8,chair,1
0112173_neurosketch,33,furniture,chair,475,105,0,156002.7,10,8,chair,0
0112173_neurosketch,33,furniture,chair,476,106,0,159002.38,10,34,chair,1
0112173_neurosketch,33,furniture,chair,476,107,0,159002.38,10,34,chair,0
0112173_neurosketch,33,furniture,chair,476,108,0,159002.38,10,34,chair,0
0112173_neurosketch,33,furniture,chair,476,109,0,159002.38,10,34,chair,0
0112173_neurosketch,33,furniture,bench,477,110,1,165002.89,10,20,bench,1
0112173_neurosketch,33,furniture,bench,477,111,1,165002.89,10,20,bench,0
0112173_neurosketch,33,furniture,bench,477,112,1,165002.89,10,20,bench,0
0112173_neurosketch,33,furniture,bench,477,113,1,165002.89,10,20,bench,0
0112173_neurosketch,33,furniture,bed,478,114,1,171002.13,10,24,,1
0112173_neurosketch,33,furniture,bed,478,115,1,171002.13,10,24,,0
0112173_neurosketch,33,furniture,bed,478,116,1,171002.13,10,24,,0
0112173_neurosketch,33,furniture,bed,478,117,1,171002.13,10,24,,0
0112173_neurosketch,33,2,table,479,118,0,177002.71,10,11,table,1
0112173_neurosketch,33,2,table,479,119,0,177002.71,10,11,table,0
0112173_neurosketch,33,furniture,table,480,120,0,180004.55,10,26,table,1
0112173_neurosketch,33,furniture,table,480,121,0,180004.55,10,26,table,0
0112173_neurosketch,33,furniture,bed,481,122,1,183002.93,10,31,bed,1
0112173_neurosketch,33,furniture,bed,481,123,1,183002.93,10,31,bed,0
0112173_neurosketch,33,furniture,bed,481,124,1,183002.93,10,31,bed,0
0112173_neurosketch,33,furniture,chair,482,125,0,187501.69,10,32,chair,1
0112173_neurosketch,33,furniture,chair,482,126,0,187501.69,10,32,chair,0
0112173_neurosketch,33,furniture,chair,482,127,0,187501.69,10,32,chair,0
0112173_neurosketch,33,furniture,bench,483,128,1,192002.74,10,38,bench,1
0112173_neurosketch,33,furniture,bench,483,129,1,192002.74,10,38,bench,0
0112173_neurosketch,33,furniture,chair,484,130,0,195002.96,10,6,,1
0112173_neurosketch,33,furniture,chair,484,131,0,195002.96,10,6,,0
0112173_neurosketch,33,furniture,chair,484,132,0,195002.96,10,6,,0
0112173_neurosketch,33,furniture,bench,485,133,1,199502.35,10,7,bench,1
0112173_neurosketch,33,furniture,bench,485,134,1,199502.35,10,7,bench,0
0112173_neurosketch,33,furniture,bed,486,135,1,202503.03,10,2,bed,1
0112173_neurosketch,33,furniture,bed,486,136,1,202503.03,10,2,bed,0
0112173_neurosketch,33,furniture,table,487,137,0,205501.7,10,3,table,1
0112173_neurosketch,33,furniture,table,487,138,0,205501.7,10,3,table,0
0112173_neurosketch,33,furniture,chair,488,139,0,208502.17,10,36,chair,1
0112173_neurosketch,33,furniture,chair,488,140,0,208502.17,10,36,chair,0
0112173_neurosketch,33,furniture,chair,488,141,0,208502.17,10,36,chair,0
0112173_neurosketch,33,2,table,489,142,0,213002.92,10,13,table,1
0112173_neurosketch,33,2,table,489,143,0,213002.92,10,13,table,0
0112173_neurosketch,33,furniture,bench,490,144,1,216002.57,10,2,bench,1
0112173_neurosketch,33,furniture,bench,490,145,1,216002.57,10,2,bench,0
0112173_neurosketch,33,furniture,bench,490,146,1,216002.57,10,2,bench,0
0112173_neurosketch,33,furniture,bed,491,147,1,220502.45,10,18,bed,1
0112173_neurosketch,33,furniture,bed,491,148,1,220502.45,10,18,bed,0
0112173_neurosketch,33,furniture,chair,492,149,0,223502.89,10,21,chair,1
0112173_neurosketch,33,furniture,chair,492,150,0,223502.89,10,21,chair,0
0112173_neurosketch,33,furniture,bed,493,151,1,226502.76,10,38,bed,1
0112173_neurosketch,33,furniture,bed,493,152,1,226502.76,10,38,bed,0
0112173_neurosketch,33,furniture,bed,493,153,1,226502.76,10,38,bed,0
0112173_neurosketch,33,furniture,bench,494,154,1,231003.06,10,29,bench,1
0112173_neurosketch,33,furniture,bench,494,155,1,231003.06,10,29,bench,0
0112173_neurosketch,33,furniture,bench,494,156,1,231003.06,10,29,bench,0
0112173_neurosketch,33,furniture,bench,494,157,1,231003.06,10,29,bench,0
0112173_neurosketch,33,furniture,table,495,158,0,237002.68,10,2,table,1
0112173_neurosketch,33,furniture,table,495,159,0,237002.68,10,2,table,0
0112173_neurosketch,33,furniture,table,495,160,0,237002.68,10,2,table,0
0112173_neurosketch,33,furniture,table,496,161,0,241503.0,10,7,table,1
0112173_neurosketch,33,furniture,table,496,162,0,241503.0,10,7,table,0
0112173_neurosketch,33,furniture,bench,497,163,1,244503.7,10,8,bench,1
0112173_neurosketch,33,furniture,bench,497,164,1,244503.7,10,8,bench,0
0112173_neurosketch,33,furniture,bed,498,165,1,247501.85,10,25,bed,1
0112173_neurosketch,33,furniture,bed,498,166,1,247501.85,10,25,bed,0
0112173_neurosketch,33,2,chair,499,167,0,250502.88,10,29,chair,1
0112173_neurosketch,33,2,chair,499,168,0,250502.88,10,29,chair,0
0112173_neurosketch,33,2,chair,499,169,0,250502.88,10,29,chair,0
0112173_neurosketch,33,furniture,chair,500,170,0,255002.32,10,7,chair,1
0112173_neurosketch,33,furniture,chair,500,171,0,255002.32,10,7,chair,0
0112173_neurosketch,33,furniture,chair,500,172,0,255002.32,10,7,chair,0
0112173_neurosketch,33,furniture,bed,501,173,1,259501.71,10,35,bed,1
0112173_neurosketch,33,furniture,bed,501,174,1,259501.71,10,35,bed,0
0112173_neurosketch,33,furniture,bench,502,175,1,262502.65,10,35,bench,1
0112173_neurosketch,33,furniture,bench,502,176,1,262502.65,10,35,bench,0
0112173_neurosketch,33,furniture,table,503,177,0,265502.75,10,5,table,1
0112173_neurosketch,33,furniture,table,503,178,0,265502.75,10,5,table,0
0112173_neurosketch,33,furniture,table,503,179,0,265502.75,10,5,table,0
0112173_neurosketch,33,furniture,table,504,180,0,270003.4,10,22,table,1
0112173_neurosketch,33,furniture,table,504,181,0,270003.4,10,22,table,0
0112173_neurosketch,33,furniture,table,504,182,0,270003.4,10,22,table,0
0112173_neurosketch,33,furniture,chair,505,183,0,274502.66,10,23,chair,1
0112173_neurosketch,33,furniture,chair,505,184,0,274502.66,10,23,chair,0
0112173_neurosketch,33,furniture,chair,505,185,0,274502.66,10,23,chair,0
0112173_neurosketch,33,furniture,bench,506,186,1,279002.88,10,22,bench,1
0112173_neurosketch,33,furniture,bench,506,187,1,279002.88,10,22,bench,0
0112173_neurosketch,33,furniture,bench,506,188,1,279002.88,10,22,bench,0
0112173_neurosketch,33,furniture,bench,506,189,1,279002.88,10,22,bench,0
0112173_neurosketch,33,furniture,bed,507,190,1,285002.14,10,0,,1
0112173_neurosketch,33,furniture,bed,507,191,1,285002.14,10,0,,0
0112173_neurosketch,33,furniture,bed,507,192,1,285002.14,10,0,,0
0112173_neurosketch,33,furniture,bed,507,193,1,285002.14,10,0,,0
0112173_neurosketch,33,furniture,chair,508,194,0,291003.11,10,37,chair,1
0112173_neurosketch,33,furniture,chair,508,195,0,291003.11,10,37,chair,0
0112173_neurosketch,33,furniture,chair,508,196,0,291003.11,10,37,chair,0
0112173_neurosketch,33,2,table,509,197,0,295503.54,10,8,table,1
0112173_neurosketch,33,2,table,509,198,0,295503.54,10,8,table,0
0112173_neurosketch,33,2,table,509,199,0,295503.54,10,8,table,0
0112173_neurosketch,33,furniture,bench,510,200,1,300002.21,10,13,bench,1
0112173_neurosketch,33,furniture,bench,510,201,1,300002.21,10,13,bench,0
0112173_neurosketch,33,furniture,bench,510,202,1,300002.21,10,13,bench,0
0112173_neurosketch,33,furniture,bed,511,203,1,304503.11,10,36,bed,1
0112173_neurosketch,33,furniture,bed,511,204,1,304503.11,10,36,bed,0
0112173_neurosketch,33,furniture,bed,511,205,1,304503.11,10,36,bed,0
0112173_neurosketch,33,furniture,bed,511,206,1,304503.11,10,36,bed,0
0112173_neurosketch,33,furniture,bench,512,207,1,310502.71,10,4,bench,1
0112173_neurosketch,33,furniture,bench,512,208,1,310502.71,10,4,bench,0
0112173_neurosketch,33,furniture,bench,512,209,1,310502.71,10,4,bench,0
0112173_neurosketch,33,furniture,bench,512,210,1,310502.71,10,4,bench,0
0112173_neurosketch,33,furniture,bed,513,211,1,316502.96,10,15,bed,1
0112173_neurosketch,33,furniture,bed,513,212,1,316502.96,10,15,bed,0
0112173_neurosketch,33,furniture,chair,514,213,0,319501.9,10,15,chair,1
0112173_neurosketch,33,furniture,chair,514,214,0,319501.9,10,15,chair,0
0112173_neurosketch,33,furniture,chair,514,215,0,319501.9,10,15,chair,0
0112173_neurosketch,33,furniture,table,515,216,0,324003.05,10,32,,1
0112173_neurosketch,33,furniture,table,515,217,0,324003.05,10,32,,0
0112173_neurosketch,33,furniture,bed,516,218,1,327002.53,10,5,bed,1
0112173_neurosketch,33,furniture,bed,516,219,1,327002.53,10,5,bed,0
0112173_neurosketch,33,furniture,bed,516,220,1,327002.53,10,5,bed,0
0112173_neurosketch,33,furniture,bed,516,221,1,327002.53,10,5,bed,0
0112173_neurosketch,33,furniture,chair,517,222,0,333002.31,10,3,chair,1
0112173_neurosketch,33,furniture,chair,517,223,0,333002.31,10,3,chair,0
0112173_neurosketch,33,furniture,chair,517,224,0,333002.31,10,3,chair,0
0112173_neurosketch,33,furniture,chair,517,225,0,333002.31,10,3,chair,0
0112173_neurosketch,33,furniture,table,518,226,0,339002.71,10,27,table,1
0112173_neurosketch,33,furniture,table,518,227,0,339002.71,10,27,table,0
0112173_neurosketch,33,furniture,table,518,228,0,339002.71,10,27,table,0
0112173_neurosketch,33,furniture,table,518,229,0,339002.71,10,27,table,0
0112173_neurosketch,33,2,bench,519,230,1,345002.74,10,18,bench,1
0112173_neurosketch,33,2,bench,519,231,1,345002.74,10,18,bench,0
0112173_neurosketch,33,2,bench,519,232,1,345002.74,10,18,bench,0
0112173_neurosketch,33,2,bench,519,233,1,345002.74,10,18,bench,0
0112173_neurosketch,33,2,bench,519,234,1,345002.74,10,18,bench,0
0112173_neurosketch,33,2,bench,519,235,1,345002.74,10,18,bench,0
0112173_neurosketch,33,2,bench,519,236,1,345002.74,10,18,bench,0
0112173_neurosketch,33,2,bench,519,237,1,345002.74,10,18,bench,0
0112173_neurosketch,33,2,bench,519,238,1,345002.74,10,18,bench,0
0112173_neurosketch,33,2,bench,519,239,1,345002.74,10,18,bench,0
