wID,versionNum,category,object,trial,TRnum,condition,onset_time,run_num,viewpoint,response,onset
0112172_neurosketch,30,furniture,bench,0,0,-1,0.0,1,20,,0
0112172_neurosketch,30,furniture,bench,0,1,-1,0.0,1,20,,0
0112172_neurosketch,30,furniture,bench,0,2,-1,0.0,1,20,,0
0112172_neurosketch,30,furniture,bench,0,3,-1,0.0,1,20,,0
0112172_neurosketch,30,furniture,bench,0,4,-1,0.0,1,20,,0
0112172_neurosketch,30,furniture,bench,0,5,-1,0.0,1,20,,0
0112172_neurosketch,30,furniture,bench,0,6,-1,0.0,1,20,,0
0112172_neurosketch,30,furniture,bench,0,7,-1,0.0,1,20,,0
0112172_neurosketch,30,furniture,bench,0,8,0,12004.22,1,20,,1
0112172_neurosketch,30,furniture,bench,0,9,0,12004.22,1,20,,0
0112172_neurosketch,30,furniture,bench,0,10,0,12004.22,1,20,,0
0112172_neurosketch,30,furniture,bench,0,11,0,12004.22,1,20,,0
0112172_neurosketch,30,furniture,bench,0,12,0,12004.22,1,20,,0
0112172_neurosketch,30,furniture,bench,0,13,0,12004.22,1,20,,0
0112172_neurosketch,30,furniture,bed,1,14,1,21002.65,1,28,,1
0112172_neurosketch,30,furniture,bed,1,15,1,21002.65,1,28,,0
0112172_neurosketch,30,furniture,bed,1,16,1,21002.65,1,28,,0
0112172_neurosketch,30,furniture,bed,1,17,1,21002.65,1,28,,0
0112172_neurosketch,30,furniture,table,2,18,0,27001.45,1,26,table,1
0112172_neurosketch,30,furniture,table,2,19,0,27001.45,1,26,table,0
0112172_neurosketch,30,furniture,chair,3,20,1,30001.93,1,28,chair,1
0112172_neurosketch,30,furniture,chair,3,21,1,30001.93,1,28,chair,0
0112172_neurosketch,30,furniture,bench,4,22,0,33003.88,1,16,,1
0112172_neurosketch,30,furniture,bench,4,23,0,33003.88,1,16,,0
0112172_neurosketch,30,furniture,chair,5,24,1,36001.86,1,20,chair,1
0112172_neurosketch,30,furniture,chair,5,25,1,36001.86,1,20,chair,0
0112172_neurosketch,30,furniture,chair,5,26,1,36001.86,1,20,chair,0
0112172_neurosketch,30,furniture,chair,5,27,1,36001.86,1,20,chair,0
0112172_neurosketch,30,furniture,table,6,28,0,42003.79,1,32,table,1
0112172_neurosketch,30,furniture,table,6,29,0,42003.79,1,32,table,0
0112172_neurosketch,30,furniture,table,6,30,0,42003.79,1,32,table,0
0112172_neurosketch,30,furniture,bed,7,31,1,46502.1,1,33,bed,1
0112172_neurosketch,30,furniture,bed,7,32,1,46502.1,1,33,bed,0
0112172_neurosketch,30,furniture,bed,7,33,1,46502.1,1,33,bed,0
0112172_neurosketch,30,furniture,bed,8,34,1,51001.84,1,35,bed,1
0112172_neurosketch,30,furniture,bed,8,35,1,51001.84,1,35,bed,0
0112172_neurosketch,30,furniture,bed,8,36,1,51001.84,1,35,bed,0
0112172_neurosketch,30,2,table,9,37,0,55502.41,1,15,table,1
0112172_neurosketch,30,2,table,9,38,0,55502.41,1,15,table,0
0112172_neurosketch,30,furniture,chair,10,39,1,58502.22,1,3,chair,1
0112172_neurosketch,30,furniture,chair,10,40,1,58502.22,1,3,chair,0
0112172_neurosketch,30,furniture,chair,10,41,1,58502.22,1,3,chair,0
0112172_neurosketch,30,furniture,bench,11,42,0,63002.01,1,14,table,1
0112172_neurosketch,30,furniture,bench,11,43,0,63002.01,1,14,table,0
0112172_neurosketch,30,furniture,bench,11,44,0,63002.01,1,14,table,0
0112172_neurosketch,30,furniture,bench,11,45,0,63002.01,1,14,table,0
0112172_neurosketch,30,furniture,bench,12,46,0,69001.99,1,18,table,1
0112172_neurosketch,30,furniture,bench,12,47,0,69001.99,1,18,table,0
0112172_neurosketch,30,furniture,bench,12,48,0,69001.99,1,18,table,0
0112172_neurosketch,30,furniture,bench,12,49,0,69001.99,1,18,table,0
0112172_neurosketch,30,furniture,table,13,50,0,75002.46,1,38,table,1
0112172_neurosketch,30,furniture,table,13,51,0,75002.46,1,38,table,0
0112172_neurosketch,30,furniture,chair,14,52,1,78003.89,1,0,chair,1
0112172_neurosketch,30,furniture,chair,14,53,1,78003.89,1,0,chair,0
0112172_neurosketch,30,furniture,bed,15,54,1,81002.22,1,26,bed,1
0112172_neurosketch,30,furniture,bed,15,55,1,81002.22,1,26,bed,0
0112172_neurosketch,30,furniture,bed,16,56,1,84003.06,1,19,bed,1
0112172_neurosketch,30,furniture,bed,16,57,1,84003.06,1,19,bed,0
0112172_neurosketch,30,furniture,bed,16,58,1,84003.06,1,19,bed,0
0112172_neurosketch,30,furniture,chair,17,59,1,88502.29,1,21,chair,1
0112172_neurosketch,30,furniture,chair,17,60,1,88502.29,1,21,chair,0
0112172_neurosketch,30,furniture,chair,17,61,1,88502.29,1,21,chair,0
0112172_neurosketch,30,furniture,table,18,62,0,93002.32,1,4,table,1
0112172_neurosketch,30,furniture,table,18,63,0,93002.32,1,4,table,0
0112172_neurosketch,30,furniture,table,18,64,0,93002.32,1,4,table,0
0112172_neurosketch,30,2,bench,19,65,0,97502.3,1,19,table,1
0112172_neurosketch,30,2,bench,19,66,0,97502.3,1,19,table,0
0112172_neurosketch,30,furniture,chair,20,67,1,100502.29,1,24,chair,1
0112172_neurosketch,30,furniture,chair,20,68,1,100502.29,1,24,chair,0
0112172_neurosketch,30,furniture,chair,20,69,1,100502.29,1,24,chair,0
0112172_neurosketch,30,furniture,bench,21,70,0,105001.75,1,1,bench,1
0112172_neurosketch,30,furniture,bench,21,71,0,105001.75,1,1,bench,0
0112172_neurosketch,30,furniture,table,22,72,0,108003.99,1,31,table,1
0112172_neurosketch,30,furniture,table,22,73,0,108003.99,1,31,table,0
0112172_neurosketch,30,furniture,table,22,74,0,108003.99,1,31,table,0
0112172_neurosketch,30,furniture,bed,23,75,1,112502.99,1,5,bed,1
0112172_neurosketch,30,furniture,bed,23,76,1,112502.99,1,5,bed,0
0112172_neurosketch,30,furniture,chair,24,77,1,115502.43,1,11,chair,1
0112172_neurosketch,30,furniture,chair,24,78,1,115502.43,1,11,chair,0
0112172_neurosketch,30,furniture,chair,24,79,1,115502.43,1,11,chair,0
0112172_neurosketch,30,furniture,bench,25,80,0,120003.74,1,21,bench,1
0112172_neurosketch,30,furniture,bench,25,81,0,120003.74,1,21,bench,0
0112172_neurosketch,30,furniture,bench,25,82,0,120003.74,1,21,bench,0
0112172_neurosketch,30,furniture,table,26,83,0,124502.85,1,19,table,1
0112172_neurosketch,30,furniture,table,26,84,0,124502.85,1,19,table,0
0112172_neurosketch,30,furniture,bed,27,85,1,127503.93,1,1,bed,1
0112172_neurosketch,30,furniture,bed,27,86,1,127503.93,1,1,bed,0
0112172_neurosketch,30,furniture,bed,27,87,1,127503.93,1,1,bed,0
0112172_neurosketch,30,furniture,bed,27,88,1,127503.93,1,1,bed,0
0112172_neurosketch,30,furniture,bench,28,89,0,133502.54,1,24,bench,1
0112172_neurosketch,30,furniture,bench,28,90,0,133502.54,1,24,bench,0
0112172_neurosketch,30,2,chair,29,91,1,136502.63,1,9,chair,1
0112172_neurosketch,30,2,chair,29,92,1,136502.63,1,9,chair,0
0112172_neurosketch,30,2,chair,29,93,1,136502.63,1,9,chair,0
0112172_neurosketch,30,furniture,bed,30,94,1,141003.22,1,38,,1
0112172_neurosketch,30,furniture,bed,30,95,1,141003.22,1,38,,0
0112172_neurosketch,30,furniture,bed,30,96,1,141003.22,1,38,,0
0112172_neurosketch,30,furniture,bed,30,97,1,141003.22,1,38,,0
0112172_neurosketch,30,furniture,table,31,98,0,147002.9,1,36,table,1
0112172_neurosketch,30,furniture,table,31,99,0,147002.9,1,36,table,0
0112172_neurosketch,30,furniture,table,31,100,0,147002.9,1,36,table,0
0112172_neurosketch,30,furniture,table,32,101,0,151501.99,1,28,table,1
0112172_neurosketch,30,furniture,table,32,102,0,151501.99,1,28,table,0
0112172_neurosketch,30,furniture,chair,33,103,1,154502.61,1,22,chair,1
0112172_neurosketch,30,furniture,chair,33,104,1,154502.61,1,22,chair,0
0112172_neurosketch,30,furniture,chair,33,105,1,154502.61,1,22,chair,0
0112172_neurosketch,30,furniture,chair,33,106,1,154502.61,1,22,chair,0
0112172_neurosketch,30,furniture,bench,34,107,0,160504.79,1,22,bench,1
0112172_neurosketch,30,furniture,bench,34,108,0,160504.79,1,22,bench,0
0112172_neurosketch,30,furniture,bed,35,109,1,163502.67,1,32,bed,1
0112172_neurosketch,30,furniture,bed,35,110,1,163502.67,1,32,bed,0
0112172_neurosketch,30,furniture,bed,35,111,1,163502.67,1,32,bed,0
0112172_neurosketch,30,furniture,bed,35,112,1,163502.67,1,32,bed,0
0112172_neurosketch,30,furniture,bed,36,113,1,169503.97,1,27,bed,1
0112172_neurosketch,30,furniture,bed,36,114,1,169503.97,1,27,bed,0
0112172_neurosketch,30,furniture,bed,36,115,1,169503.97,1,27,bed,0
0112172_neurosketch,30,furniture,table,37,116,0,174002.75,1,5,table,1
0112172_neurosketch,30,furniture,table,37,117,0,174002.75,1,5,table,0
0112172_neurosketch,30,furniture,chair,38,118,1,177003.11,1,35,chair,1
0112172_neurosketch,30,furniture,chair,38,119,1,177003.11,1,35,chair,0
0112172_neurosketch,30,2,bench,39,120,0,180002.36,1,2,bench,1
0112172_neurosketch,30,2,bench,39,121,0,180002.36,1,2,bench,0
0112172_neurosketch,30,2,bench,39,122,0,180002.36,1,2,bench,0
0112172_neurosketch,30,furniture,chair,40,123,1,184502.76,1,19,bed,1
0112172_neurosketch,30,furniture,chair,40,124,1,184502.76,1,19,bed,0
0112172_neurosketch,30,furniture,chair,40,125,1,184502.76,1,19,bed,0
0112172_neurosketch,30,furniture,bed,41,126,1,189002.11,1,9,bed,1
0112172_neurosketch,30,furniture,bed,41,127,1,189002.11,1,9,bed,0
0112172_neurosketch,30,furniture,bed,41,128,1,189002.11,1,9,bed,0
0112172_neurosketch,30,furniture,bed,41,129,1,189002.11,1,9,bed,0
0112172_neurosketch,30,furniture,bench,42,130,0,195002.32,1,11,bench,1
0112172_neurosketch,30,furniture,bench,42,131,0,195002.32,1,11,bench,0
0112172_neurosketch,30,furniture,table,43,132,0,198002.48,1,29,table,1
0112172_neurosketch,30,furniture,table,43,133,0,198002.48,1,29,table,0
0112172_neurosketch,30,furniture,table,44,134,0,201002.41,1,24,table,1
0112172_neurosketch,30,furniture,table,44,135,0,201002.41,1,24,table,0
0112172_neurosketch,30,furniture,bed,45,136,1,204002.58,1,37,bed,1
0112172_neurosketch,30,furniture,bed,45,137,1,204002.58,1,37,bed,0
0112172_neurosketch,30,furniture,bed,45,138,1,204002.58,1,37,bed,0
0112172_neurosketch,30,furniture,bed,45,139,1,204002.58,1,37,bed,0
0112172_neurosketch,30,furniture,bench,46,140,0,210002.26,1,29,bench,1
0112172_neurosketch,30,furniture,bench,46,141,0,210002.26,1,29,bench,0
0112172_neurosketch,30,furniture,bench,46,142,0,210002.26,1,29,bench,0
0112172_neurosketch,30,furniture,chair,47,143,1,214502.19,1,13,chair,1
0112172_neurosketch,30,furniture,chair,47,144,1,214502.19,1,13,chair,0
0112172_neurosketch,30,furniture,chair,47,145,1,214502.19,1,13,chair,0
0112172_neurosketch,30,furniture,table,48,146,0,219002.56,1,17,table,1
0112172_neurosketch,30,furniture,table,48,147,0,219002.56,1,17,table,0
0112172_neurosketch,30,furniture,table,48,148,0,219002.56,1,17,table,0
0112172_neurosketch,30,2,chair,49,149,1,223502.44,1,15,chair,1
0112172_neurosketch,30,2,chair,49,150,1,223502.44,1,15,chair,0
0112172_neurosketch,30,furniture,bed,50,151,1,226502.42,1,23,bed,1
0112172_neurosketch,30,furniture,bed,50,152,1,226502.42,1,23,bed,0
0112172_neurosketch,30,furniture,bed,50,153,1,226502.42,1,23,bed,0
0112172_neurosketch,30,furniture,bench,51,154,0,231002.38,1,26,bench,1
0112172_neurosketch,30,furniture,bench,51,155,0,231002.38,1,26,bench,0
0112172_neurosketch,30,furniture,bench,51,156,0,231002.38,1,26,bench,0
0112172_neurosketch,30,furniture,bench,51,157,0,231002.38,1,26,bench,0
0112172_neurosketch,30,furniture,bed,52,158,1,237002.16,1,6,bed,1
0112172_neurosketch,30,furniture,bed,52,159,1,237002.16,1,6,bed,0
0112172_neurosketch,30,furniture,bed,52,160,1,237002.16,1,6,bed,0
0112172_neurosketch,30,furniture,bed,52,161,1,237002.16,1,6,bed,0
0112172_neurosketch,30,furniture,chair,53,162,1,243002.63,1,29,chair,1
0112172_neurosketch,30,furniture,chair,53,163,1,243002.63,1,29,chair,0
0112172_neurosketch,30,furniture,table,54,164,0,246002.97,1,11,,1
0112172_neurosketch,30,furniture,table,54,165,0,246002.97,1,11,,0
0112172_neurosketch,30,furniture,bench,55,166,0,249002.15,1,9,bench,1
0112172_neurosketch,30,furniture,bench,55,167,0,249002.15,1,9,bench,0
0112172_neurosketch,30,furniture,bench,56,168,0,252002.06,1,15,bench,1
0112172_neurosketch,30,furniture,bench,56,169,0,252002.06,1,15,bench,0
0112172_neurosketch,30,furniture,bench,56,170,0,252002.06,1,15,bench,0
0112172_neurosketch,30,furniture,table,57,171,0,256502.25,1,6,table,1
0112172_neurosketch,30,furniture,table,57,172,0,256502.25,1,6,table,0
0112172_neurosketch,30,furniture,table,57,173,0,256502.25,1,6,table,0
0112172_neurosketch,30,furniture,chair,58,174,1,261003.83,1,36,chair,1
0112172_neurosketch,30,furniture,chair,58,175,1,261003.83,1,36,chair,0
0112172_neurosketch,30,furniture,chair,58,176,1,261003.83,1,36,chair,0
0112172_neurosketch,30,2,bed,59,177,1,265503.87,1,2,bed,1
0112172_neurosketch,30,2,bed,59,178,1,265503.87,1,2,bed,0
0112172_neurosketch,30,furniture,table,60,179,0,268502.66,1,22,table,1
0112172_neurosketch,30,furniture,table,60,180,0,268502.66,1,22,table,0
0112172_neurosketch,30,furniture,table,60,181,0,268502.66,1,22,table,0
0112172_neurosketch,30,furniture,bed,61,182,1,273002.8,1,36,bed,1
0112172_neurosketch,30,furniture,bed,61,183,1,273002.8,1,36,bed,0
0112172_neurosketch,30,furniture,bench,62,184,0,276004.46,1,35,bench,1
0112172_neurosketch,30,furniture,bench,62,185,0,276004.46,1,35,bench,0
0112172_neurosketch,30,furniture,bench,62,186,0,276004.46,1,35,bench,0
0112172_neurosketch,30,furniture,chair,63,187,1,280503.59,1,10,chair,1
0112172_neurosketch,30,furniture,chair,63,188,1,280503.59,1,10,chair,0
0112172_neurosketch,30,furniture,table,64,189,0,283502.98,1,12,table,1
0112172_neurosketch,30,furniture,table,64,190,0,283502.98,1,12,table,0
0112172_neurosketch,30,furniture,table,64,191,0,283502.98,1,12,table,0
0112172_neurosketch,30,furniture,chair,65,192,1,288003.45,1,25,chair,1
0112172_neurosketch,30,furniture,chair,65,193,1,288003.45,1,25,chair,0
0112172_neurosketch,30,furniture,chair,65,194,1,288003.45,1,25,chair,0
0112172_neurosketch,30,furniture,bed,66,195,1,292503.05,1,34,bed,1
0112172_neurosketch,30,furniture,bed,66,196,1,292503.05,1,34,bed,0
0112172_neurosketch,30,furniture,bench,67,197,0,295504.9,1,37,bench,1
0112172_neurosketch,30,furniture,bench,67,198,0,295504.9,1,37,bench,0
0112172_neurosketch,30,furniture,bench,67,199,0,295504.9,1,37,bench,0
0112172_neurosketch,30,furniture,bench,67,200,0,295504.9,1,37,bench,0
0112172_neurosketch,30,furniture,table,68,201,0,301503.4,1,18,table,1
0112172_neurosketch,30,furniture,table,68,202,0,301503.4,1,18,table,0
0112172_neurosketch,30,2,bench,69,203,0,304502.97,1,12,bench,1
0112172_neurosketch,30,2,bench,69,204,0,304502.97,1,12,bench,0
0112172_neurosketch,30,2,bench,69,205,0,304502.97,1,12,bench,0
0112172_neurosketch,30,furniture,chair,70,206,1,309003.12,1,8,chair,1
0112172_neurosketch,30,furniture,chair,70,207,1,309003.12,1,8,chair,0
0112172_neurosketch,30,furniture,chair,70,208,1,309003.12,1,8,chair,0
0112172_neurosketch,30,furniture,chair,70,209,1,309003.12,1,8,chair,0
0112172_neurosketch,30,furniture,bed,71,210,1,315002.17,1,29,bed,1
0112172_neurosketch,30,furniture,bed,71,211,1,315002.17,1,29,bed,0
0112172_neurosketch,30,furniture,bed,71,212,1,315002.17,1,29,bed,0
0112172_neurosketch,30,furniture,bed,72,213,1,319502.28,1,4,bed,1
0112172_neurosketch,30,furniture,bed,72,214,1,319502.28,1,4,bed,0
0112172_neurosketch,30,furniture,table,73,215,0,322502.34,1,16,table,1
0112172_neurosketch,30,furniture,table,73,216,0,322502.34,1,16,table,0
0112172_neurosketch,30,furniture,table,73,217,0,322502.34,1,16,table,0
0112172_neurosketch,30,furniture,table,73,218,0,322502.34,1,16,table,0
0112172_neurosketch,30,furniture,bench,74,219,0,328502.67,1,28,bench,1
0112172_neurosketch,30,furniture,bench,74,220,0,328502.67,1,28,bench,0
0112172_neurosketch,30,furniture,chair,75,221,1,331502.27,1,23,,1
0112172_neurosketch,30,furniture,chair,75,222,1,331502.27,1,23,,0
0112172_neurosketch,30,furniture,chair,75,223,1,331502.27,1,23,,0
0112172_neurosketch,30,furniture,chair,75,224,1,331502.27,1,23,,0
0112172_neurosketch,30,furniture,chair,76,225,1,337503.37,1,37,chair,1
0112172_neurosketch,30,furniture,chair,76,226,1,337503.37,1,37,chair,0
0112172_neurosketch,30,furniture,chair,76,227,1,337503.37,1,37,chair,0
0112172_neurosketch,30,furniture,bench,77,228,0,342001.67,1,0,,1
0112172_neurosketch,30,furniture,bench,77,229,0,342001.67,1,0,,0
0112172_neurosketch,30,furniture,table,78,230,0,345002.34,1,8,table,1
0112172_neurosketch,30,furniture,table,78,231,0,345002.34,1,8,table,0
0112172_neurosketch,30,2,bed,79,232,1,348002.24,1,14,bed,1
0112172_neurosketch,30,2,bed,79,233,1,348002.24,1,14,bed,0
0112172_neurosketch,30,2,bed,79,234,1,348002.24,1,14,bed,0
0112172_neurosketch,30,2,bed,79,235,1,348002.24,1,14,bed,0
0112172_neurosketch,30,2,bed,79,236,1,348002.24,1,14,bed,0
0112172_neurosketch,30,2,bed,79,237,1,348002.24,1,14,bed,0
0112172_neurosketch,30,2,bed,79,238,1,348002.24,1,14,bed,0
0112172_neurosketch,30,2,bed,79,239,1,348002.24,1,14,bed,0
0112172_neurosketch,30,furniture,bed,80,0,-1,0.0,2,20,bed,0
0112172_neurosketch,30,furniture,bed,80,1,-1,0.0,2,20,bed,0
0112172_neurosketch,30,furniture,bed,80,2,-1,0.0,2,20,bed,0
0112172_neurosketch,30,furniture,bed,80,3,-1,0.0,2,20,bed,0
0112172_neurosketch,30,furniture,bed,80,4,-1,0.0,2,20,bed,0
0112172_neurosketch,30,furniture,bed,80,5,-1,0.0,2,20,bed,0
0112172_neurosketch,30,furniture,bed,80,6,-1,0.0,2,20,bed,0
0112172_neurosketch,30,furniture,bed,80,7,-1,0.0,2,20,bed,0
0112172_neurosketch,30,furniture,bed,80,8,1,12002.29,2,20,bed,1
0112172_neurosketch,30,furniture,bed,80,9,1,12002.29,2,20,bed,0
0112172_neurosketch,30,furniture,bed,80,10,1,12002.29,2,20,bed,0
0112172_neurosketch,30,furniture,table,81,11,0,16502.27,2,35,table,1
0112172_neurosketch,30,furniture,table,81,12,0,16502.27,2,35,table,0
0112172_neurosketch,30,furniture,table,81,13,0,16502.27,2,35,table,0
0112172_neurosketch,30,furniture,table,81,14,0,16502.27,2,35,table,0
0112172_neurosketch,30,furniture,bench,82,15,0,22501.53,2,27,bench,1
0112172_neurosketch,30,furniture,bench,82,16,0,22501.53,2,27,bench,0
0112172_neurosketch,30,furniture,chair,83,17,1,25501.57,2,4,chair,1
0112172_neurosketch,30,furniture,chair,83,18,1,25501.57,2,4,chair,0
0112172_neurosketch,30,furniture,bed,84,19,1,28502.12,2,21,bed,1
0112172_neurosketch,30,furniture,bed,84,20,1,28502.12,2,21,bed,0
0112172_neurosketch,30,furniture,table,85,21,0,31501.2,2,20,table,1
0112172_neurosketch,30,furniture,table,85,22,0,31501.2,2,20,table,0
0112172_neurosketch,30,furniture,table,85,23,0,31501.2,2,20,table,0
0112172_neurosketch,30,furniture,table,85,24,0,31501.2,2,20,table,0
0112172_neurosketch,30,furniture,bench,86,25,0,37502.13,2,38,bench,1
0112172_neurosketch,30,furniture,bench,86,26,0,37502.13,2,38,bench,0
0112172_neurosketch,30,furniture,bench,86,27,0,37502.13,2,38,bench,0
0112172_neurosketch,30,furniture,chair,87,28,1,42001.6,2,2,chair,1
0112172_neurosketch,30,furniture,chair,87,29,1,42001.6,2,2,chair,0
0112172_neurosketch,30,furniture,chair,87,30,1,42001.6,2,2,chair,0
0112172_neurosketch,30,furniture,bench,88,31,0,46502.0,2,25,bench,1
0112172_neurosketch,30,furniture,bench,88,32,0,46502.0,2,25,bench,0
0112172_neurosketch,30,furniture,bench,88,33,0,46502.0,2,25,bench,0
0112172_neurosketch,30,2,bed,89,34,1,51001.57,2,18,chair,1
0112172_neurosketch,30,2,bed,89,35,1,51001.57,2,18,chair,0
0112172_neurosketch,30,furniture,chair,90,36,1,54001.33,2,32,chair,1
0112172_neurosketch,30,furniture,chair,90,37,1,54001.33,2,32,chair,0
0112172_neurosketch,30,furniture,chair,90,38,1,54001.33,2,32,chair,0
0112172_neurosketch,30,furniture,table,91,39,0,58502.42,2,1,table,1
0112172_neurosketch,30,furniture,table,91,40,0,58502.42,2,1,table,0
0112172_neurosketch,30,furniture,table,91,41,0,58502.42,2,1,table,0
0112172_neurosketch,30,furniture,table,91,42,0,58502.42,2,1,table,0
0112172_neurosketch,30,furniture,bed,92,43,1,64501.57,2,7,bed,1
0112172_neurosketch,30,furniture,bed,92,44,1,64501.57,2,7,bed,0
0112172_neurosketch,30,furniture,bed,92,45,1,64501.57,2,7,bed,0
0112172_neurosketch,30,furniture,bed,92,46,1,64501.57,2,7,bed,0
0112172_neurosketch,30,furniture,bench,93,47,0,70502.88,2,31,bench,1
0112172_neurosketch,30,furniture,bench,93,48,0,70502.88,2,31,bench,0
0112172_neurosketch,30,furniture,chair,94,49,1,73501.73,2,39,chair,1
0112172_neurosketch,30,furniture,chair,94,50,1,73501.73,2,39,chair,0
0112172_neurosketch,30,furniture,table,95,51,0,76502.78,2,13,bench,1
0112172_neurosketch,30,furniture,table,95,52,0,76502.78,2,13,bench,0
0112172_neurosketch,30,furniture,table,96,53,0,79502.18,2,39,table,1
0112172_neurosketch,30,furniture,table,96,54,0,79502.18,2,39,table,0
0112172_neurosketch,30,furniture,table,96,55,0,79502.18,2,39,table,0
0112172_neurosketch,30,furniture,bed,97,56,1,84002.62,2,12,bed,1
0112172_neurosketch,30,furniture,bed,97,57,1,84002.62,2,12,bed,0
0112172_neurosketch,30,furniture,bed,97,58,1,84002.62,2,12,bed,0
0112172_neurosketch,30,furniture,chair,98,59,1,88502.33,2,7,chair,1
0112172_neurosketch,30,furniture,chair,98,60,1,88502.33,2,7,chair,0
0112172_neurosketch,30,furniture,chair,98,61,1,88502.33,2,7,chair,0
0112172_neurosketch,30,2,bench,99,62,0,93002.06,2,30,bench,1
0112172_neurosketch,30,2,bench,99,63,0,93002.06,2,30,bench,0
0112172_neurosketch,30,furniture,table,100,64,0,96002.14,2,2,table,1
0112172_neurosketch,30,furniture,table,100,65,0,96002.14,2,2,table,0
0112172_neurosketch,30,furniture,table,100,66,0,96002.14,2,2,table,0
0112172_neurosketch,30,furniture,chair,101,67,1,100502.99,2,27,,1
0112172_neurosketch,30,furniture,chair,101,68,1,100502.99,2,27,,0
0112172_neurosketch,30,furniture,bench,102,69,0,103502.43,2,17,,1
0112172_neurosketch,30,furniture,bench,102,70,0,103502.43,2,17,,0
0112172_neurosketch,30,furniture,bench,102,71,0,103502.43,2,17,,0
0112172_neurosketch,30,furniture,bed,103,72,1,108002.51,2,15,,1
0112172_neurosketch,30,furniture,bed,103,73,1,108002.51,2,15,,0
0112172_neurosketch,30,furniture,table,104,74,0,111003.23,2,33,table,1
0112172_neurosketch,30,furniture,table,104,75,0,111003.23,2,33,table,0
0112172_neurosketch,30,furniture,table,104,76,0,111003.23,2,33,table,0
0112172_neurosketch,30,furniture,bench,105,77,0,115503.41,2,7,,1
0112172_neurosketch,30,furniture,bench,105,78,0,115503.41,2,7,,0
0112172_neurosketch,30,furniture,bench,105,79,0,115503.41,2,7,,0
0112172_neurosketch,30,furniture,bed,106,80,1,120002.41,2,25,bed,1
0112172_neurosketch,30,furniture,bed,106,81,1,120002.41,2,25,bed,0
0112172_neurosketch,30,furniture,chair,107,82,1,123002.08,2,31,,1
0112172_neurosketch,30,furniture,chair,107,83,1,123002.08,2,31,,0
0112172_neurosketch,30,furniture,chair,107,84,1,123002.08,2,31,,0
0112172_neurosketch,30,furniture,chair,107,85,1,123002.08,2,31,,0
0112172_neurosketch,30,furniture,chair,108,86,1,129002.56,2,33,,1
0112172_neurosketch,30,furniture,chair,108,87,1,129002.56,2,33,,0
0112172_neurosketch,30,2,table,109,88,0,132004.77,2,23,table,1
0112172_neurosketch,30,2,table,109,89,0,132004.77,2,23,table,0
0112172_neurosketch,30,2,table,109,90,0,132004.77,2,23,table,0
0112172_neurosketch,30,furniture,bed,110,91,1,136502.3,2,0,bed,1
0112172_neurosketch,30,furniture,bed,110,92,1,136502.3,2,0,bed,0
0112172_neurosketch,30,furniture,bed,110,93,1,136502.3,2,0,bed,0
0112172_neurosketch,30,furniture,bed,110,94,1,136502.3,2,0,bed,0
0112172_neurosketch,30,furniture,bench,111,95,0,142502.16,2,33,bench,1
0112172_neurosketch,30,furniture,bench,111,96,0,142502.16,2,33,bench,0
0112172_neurosketch,30,furniture,bench,111,97,0,142502.16,2,33,bench,0
0112172_neurosketch,30,furniture,bench,112,98,0,147003.06,2,10,bench,1
0112172_neurosketch,30,furniture,bench,112,99,0,147003.06,2,10,bench,0
0112172_neurosketch,30,furniture,table,113,100,0,150003.17,2,34,table,1
0112172_neurosketch,30,furniture,table,113,101,0,150003.17,2,34,table,0
0112172_neurosketch,30,furniture,table,113,102,0,150003.17,2,34,table,0
0112172_neurosketch,30,furniture,table,113,103,0,150003.17,2,34,table,0
0112172_neurosketch,30,furniture,bed,114,104,1,156002.51,2,10,,1
0112172_neurosketch,30,furniture,bed,114,105,1,156002.51,2,10,,0
0112172_neurosketch,30,furniture,chair,115,106,1,159003.14,2,16,chair,1
0112172_neurosketch,30,furniture,chair,115,107,1,159003.14,2,16,chair,0
0112172_neurosketch,30,furniture,chair,115,108,1,159003.14,2,16,chair,0
0112172_neurosketch,30,furniture,chair,115,109,1,159003.14,2,16,chair,0
0112172_neurosketch,30,furniture,bed,116,110,1,165002.2,2,39,bed,1
0112172_neurosketch,30,furniture,bed,116,111,1,165002.2,2,39,bed,0
0112172_neurosketch,30,furniture,bed,116,112,1,165002.2,2,39,bed,0
0112172_neurosketch,30,furniture,bench,117,113,0,169503.01,2,36,bench,1
0112172_neurosketch,30,furniture,bench,117,114,0,169503.01,2,36,bench,0
0112172_neurosketch,30,furniture,chair,118,115,1,172502.97,2,38,,1
0112172_neurosketch,30,furniture,chair,118,116,1,172502.97,2,38,,0
0112172_neurosketch,30,2,table,119,117,0,175502.7,2,25,table,1
0112172_neurosketch,30,2,table,119,118,0,175502.7,2,25,table,0
0112172_neurosketch,30,2,table,119,119,0,175502.7,2,25,table,0
0112172_neurosketch,30,furniture,chair,120,120,1,180002.41,2,6,chair,1
0112172_neurosketch,30,furniture,chair,120,121,1,180002.41,2,6,chair,0
0112172_neurosketch,30,furniture,chair,120,122,1,180002.41,2,6,chair,0
0112172_neurosketch,30,furniture,bed,121,123,1,184502.82,2,11,bed,1
0112172_neurosketch,30,furniture,bed,121,124,1,184502.82,2,11,bed,0
0112172_neurosketch,30,furniture,bed,121,125,1,184502.82,2,11,bed,0
0112172_neurosketch,30,furniture,bed,121,126,1,184502.82,2,11,bed,0
0112172_neurosketch,30,furniture,table,122,127,0,190502.59,2,27,table,1
0112172_neurosketch,30,furniture,table,122,128,0,190502.59,2,27,table,0
0112172_neurosketch,30,furniture,bench,123,129,0,193502.99,2,39,bench,1
0112172_neurosketch,30,furniture,bench,123,130,0,193502.99,2,39,bench,0
0112172_neurosketch,30,furniture,chair,124,131,1,196502.85,2,12,chair,1
0112172_neurosketch,30,furniture,chair,124,132,1,196502.85,2,12,chair,0
0112172_neurosketch,30,furniture,bed,125,133,1,199502.65,2,24,bed,1
0112172_neurosketch,30,furniture,bed,125,134,1,199502.65,2,24,bed,0
0112172_neurosketch,30,furniture,bed,125,135,1,199502.65,2,24,bed,0
0112172_neurosketch,30,furniture,bed,125,136,1,199502.65,2,24,bed,0
0112172_neurosketch,30,furniture,table,126,137,0,205504.78,2,10,,1
0112172_neurosketch,30,furniture,table,126,138,0,205504.78,2,10,,0
0112172_neurosketch,30,furniture,table,126,139,0,205504.78,2,10,,0
0112172_neurosketch,30,furniture,bench,127,140,0,210002.59,2,32,bench,1
0112172_neurosketch,30,furniture,bench,127,141,0,210002.59,2,32,bench,0
0112172_neurosketch,30,furniture,bench,127,142,0,210002.59,2,32,bench,0
0112172_neurosketch,30,furniture,chair,128,143,1,214502.86,2,34,chair,1
0112172_neurosketch,30,furniture,chair,128,144,1,214502.86,2,34,chair,0
0112172_neurosketch,30,furniture,chair,128,145,1,214502.86,2,34,chair,0
0112172_neurosketch,30,2,table,129,146,0,219002.19,2,37,,1
0112172_neurosketch,30,2,table,129,147,0,219002.19,2,37,,0
0112172_neurosketch,30,furniture,bed,130,148,1,222002.62,2,31,bed,1
0112172_neurosketch,30,furniture,bed,130,149,1,222002.62,2,31,bed,0
0112172_neurosketch,30,furniture,bed,130,150,1,222002.62,2,31,bed,0
0112172_neurosketch,30,furniture,bench,131,151,0,226502.18,2,13,bench,1
0112172_neurosketch,30,furniture,bench,131,152,0,226502.18,2,13,bench,0
0112172_neurosketch,30,furniture,bench,131,153,0,226502.18,2,13,bench,0
0112172_neurosketch,30,furniture,bench,131,154,0,226502.18,2,13,bench,0
0112172_neurosketch,30,furniture,bed,132,155,1,232502.47,2,17,bed,1
0112172_neurosketch,30,furniture,bed,132,156,1,232502.47,2,17,bed,0
0112172_neurosketch,30,furniture,bed,132,157,1,232502.47,2,17,bed,0
0112172_neurosketch,30,furniture,bed,132,158,1,232502.47,2,17,bed,0
0112172_neurosketch,30,furniture,chair,133,159,1,238502.14,2,18,chair,1
0112172_neurosketch,30,furniture,chair,133,160,1,238502.14,2,18,chair,0
0112172_neurosketch,30,furniture,bench,134,161,0,241502.62,2,8,,1
0112172_neurosketch,30,furniture,bench,134,162,0,241502.62,2,8,,0
0112172_neurosketch,30,furniture,table,135,163,0,244504.26,2,3,table,1
0112172_neurosketch,30,furniture,table,135,164,0,244504.26,2,3,table,0
0112172_neurosketch,30,furniture,table,136,165,0,247502.39,2,9,table,1
0112172_neurosketch,30,furniture,table,136,166,0,247502.39,2,9,table,0
0112172_neurosketch,30,furniture,table,136,167,0,247502.39,2,9,table,0
0112172_neurosketch,30,furniture,chair,137,168,1,252002.8,2,1,,1
0112172_neurosketch,30,furniture,chair,137,169,1,252002.8,2,1,,0
0112172_neurosketch,30,furniture,chair,137,170,1,252002.8,2,1,,0
0112172_neurosketch,30,furniture,bed,138,171,1,256502.34,2,3,bed,1
0112172_neurosketch,30,furniture,bed,138,172,1,256502.34,2,3,bed,0
0112172_neurosketch,30,furniture,bed,138,173,1,256502.34,2,3,bed,0
0112172_neurosketch,30,2,bench,139,174,0,261002.34,2,23,table,1
0112172_neurosketch,30,2,bench,139,175,0,261002.34,2,23,table,0
0112172_neurosketch,30,furniture,bench,140,176,0,264003.32,2,6,bench,1
0112172_neurosketch,30,furniture,bench,140,177,0,264003.32,2,6,bench,0
0112172_neurosketch,30,furniture,bench,140,178,0,264003.32,2,6,bench,0
0112172_neurosketch,30,furniture,table,141,179,0,268501.96,2,14,bench,1
0112172_neurosketch,30,furniture,table,141,180,0,268501.96,2,14,bench,0
0112172_neurosketch,30,furniture,chair,142,181,1,271503.95,2,14,chair,1
0112172_neurosketch,30,furniture,chair,142,182,1,271503.95,2,14,chair,0
0112172_neurosketch,30,furniture,chair,142,183,1,271503.95,2,14,chair,0
0112172_neurosketch,30,furniture,bed,143,184,1,276002.85,2,8,,1
0112172_neurosketch,30,furniture,bed,143,185,1,276002.85,2,8,,0
0112172_neurosketch,30,furniture,chair,144,186,1,279002.85,2,17,chair,1
0112172_neurosketch,30,furniture,chair,144,187,1,279002.85,2,17,chair,0
0112172_neurosketch,30,furniture,chair,144,188,1,279002.85,2,17,chair,0
0112172_neurosketch,30,furniture,bed,145,189,1,283502.46,2,16,bed,1
0112172_neurosketch,30,furniture,bed,145,190,1,283502.46,2,16,bed,0
0112172_neurosketch,30,furniture,bed,145,191,1,283502.46,2,16,bed,0
0112172_neurosketch,30,furniture,table,146,192,0,288002.23,2,21,table,1
0112172_neurosketch,30,furniture,table,146,193,0,288002.23,2,21,table,0
0112172_neurosketch,30,furniture,bench,147,194,0,291003.93,2,3,bench,1
0112172_neurosketch,30,furniture,bench,147,195,0,291003.93,2,3,bench,0
0112172_neurosketch,30,furniture,bench,147,196,0,291003.93,2,3,bench,0
0112172_neurosketch,30,furniture,bench,147,197,0,291003.93,2,3,bench,0
0112172_neurosketch,30,furniture,table,148,198,0,297002.35,2,30,table,1
0112172_neurosketch,30,furniture,table,148,199,0,297002.35,2,30,table,0
0112172_neurosketch,30,2,bed,149,200,1,300002.54,2,13,bed,1
0112172_neurosketch,30,2,bed,149,201,1,300002.54,2,13,bed,0
0112172_neurosketch,30,2,bed,149,202,1,300002.54,2,13,bed,0
0112172_neurosketch,30,furniture,bench,150,203,0,304502.83,2,34,bench,1
0112172_neurosketch,30,furniture,bench,150,204,0,304502.83,2,34,bench,0
0112172_neurosketch,30,furniture,bench,150,205,0,304502.83,2,34,bench,0
0112172_neurosketch,30,furniture,bench,150,206,0,304502.83,2,34,bench,0
0112172_neurosketch,30,furniture,chair,151,207,1,310502.29,2,26,chair,1
0112172_neurosketch,30,furniture,chair,151,208,1,310502.29,2,26,chair,0
0112172_neurosketch,30,furniture,chair,151,209,1,310502.29,2,26,chair,0
0112172_neurosketch,30,furniture,bed,152,210,1,315003.02,2,22,bed,1
0112172_neurosketch,30,furniture,bed,152,211,1,315003.02,2,22,bed,0
0112172_neurosketch,30,furniture,table,153,212,0,318002.08,2,0,table,1
0112172_neurosketch,30,furniture,table,153,213,0,318002.08,2,0,table,0
0112172_neurosketch,30,furniture,table,153,214,0,318002.08,2,0,table,0
0112172_neurosketch,30,furniture,table,153,215,0,318002.08,2,0,table,0
0112172_neurosketch,30,furniture,bench,154,216,0,324002.34,2,5,bench,1
0112172_neurosketch,30,furniture,bench,154,217,0,324002.34,2,5,bench,0
0112172_neurosketch,30,furniture,chair,155,218,1,327002.08,2,5,chair,1
0112172_neurosketch,30,furniture,chair,155,219,1,327002.08,2,5,chair,0
0112172_neurosketch,30,furniture,chair,155,220,1,327002.08,2,5,chair,0
0112172_neurosketch,30,furniture,chair,155,221,1,327002.08,2,5,chair,0
0112172_neurosketch,30,furniture,chair,156,222,1,333003.0,2,30,,1
0112172_neurosketch,30,furniture,chair,156,223,1,333003.0,2,30,,0
0112172_neurosketch,30,furniture,chair,156,224,1,333003.0,2,30,,0
0112172_neurosketch,30,furniture,table,157,225,0,337503.14,2,7,table,1
0112172_neurosketch,30,furniture,table,157,226,0,337503.14,2,7,table,0
0112172_neurosketch,30,furniture,bench,158,227,0,340502.26,2,4,bench,1
0112172_neurosketch,30,furniture,bench,158,228,0,340502.26,2,4,bench,0
0112172_neurosketch,30,2,bed,159,229,1,343502.85,2,30,bed,1
0112172_neurosketch,30,2,bed,159,230,1,343502.85,2,30,bed,0
0112172_neurosketch,30,2,bed,159,231,1,343502.85,2,30,bed,0
0112172_neurosketch,30,2,bed,159,232,1,343502.85,2,30,bed,0
0112172_neurosketch,30,2,bed,159,233,1,343502.85,2,30,bed,0
0112172_neurosketch,30,2,bed,159,234,1,343502.85,2,30,bed,0
0112172_neurosketch,30,2,bed,159,235,1,343502.85,2,30,bed,0
0112172_neurosketch,30,2,bed,159,236,1,343502.85,2,30,bed,0
0112172_neurosketch,30,2,bed,159,237,1,343502.85,2,30,bed,0
0112172_neurosketch,30,2,bed,159,238,1,343502.85,2,30,bed,0
0112172_neurosketch,30,2,bed,159,239,1,343502.85,2,30,bed,0
0112172_neurosketch,30,furniture,bed,160,0,-1,0.0,3,30,bed,0
0112172_neurosketch,30,furniture,bed,160,1,-1,0.0,3,30,bed,0
0112172_neurosketch,30,furniture,bed,160,2,-1,0.0,3,30,bed,0
0112172_neurosketch,30,furniture,bed,160,3,-1,0.0,3,30,bed,0
0112172_neurosketch,30,furniture,bed,160,4,-1,0.0,3,30,bed,0
0112172_neurosketch,30,furniture,bed,160,5,-1,0.0,3,30,bed,0
0112172_neurosketch,30,furniture,bed,160,6,-1,0.0,3,30,bed,0
0112172_neurosketch,30,furniture,bed,160,7,-1,0.0,3,30,bed,0
0112172_neurosketch,30,furniture,bed,160,8,1,12002.12,3,30,bed,1
0112172_neurosketch,30,furniture,bed,160,9,1,12002.12,3,30,bed,0
0112172_neurosketch,30,furniture,bed,160,10,1,12002.12,3,30,bed,0
0112172_neurosketch,30,furniture,bench,161,11,0,16502.37,3,4,bench,1
0112172_neurosketch,30,furniture,bench,161,12,0,16502.37,3,4,bench,0
0112172_neurosketch,30,furniture,bench,161,13,0,16502.37,3,4,bench,0
0112172_neurosketch,30,furniture,bench,161,14,0,16502.37,3,4,bench,0
0112172_neurosketch,30,furniture,table,162,15,0,22501.9,3,7,table,1
0112172_neurosketch,30,furniture,table,162,16,0,22501.9,3,7,table,0
0112172_neurosketch,30,furniture,chair,163,17,1,25501.71,3,30,chair,1
0112172_neurosketch,30,furniture,chair,163,18,1,25501.71,3,30,chair,0
0112172_neurosketch,30,furniture,chair,164,19,1,28501.72,3,5,chair,1
0112172_neurosketch,30,furniture,chair,164,20,1,28501.72,3,5,chair,0
0112172_neurosketch,30,furniture,bench,165,21,0,31501.66,3,5,bench,1
0112172_neurosketch,30,furniture,bench,165,22,0,31501.66,3,5,bench,0
0112172_neurosketch,30,furniture,bench,165,23,0,31501.66,3,5,bench,0
0112172_neurosketch,30,furniture,bench,165,24,0,31501.66,3,5,bench,0
0112172_neurosketch,30,furniture,table,166,25,0,37502.28,3,0,table,1
0112172_neurosketch,30,furniture,table,166,26,0,37502.28,3,0,table,0
0112172_neurosketch,30,furniture,table,166,27,0,37502.28,3,0,table,0
0112172_neurosketch,30,furniture,bed,167,28,1,42001.89,3,22,bed,1
0112172_neurosketch,30,furniture,bed,167,29,1,42001.89,3,22,bed,0
0112172_neurosketch,30,furniture,bed,167,30,1,42001.89,3,22,bed,0
0112172_neurosketch,30,furniture,chair,168,31,1,46502.02,3,26,chair,1
0112172_neurosketch,30,furniture,chair,168,32,1,46502.02,3,26,chair,0
0112172_neurosketch,30,furniture,chair,168,33,1,46502.02,3,26,chair,0
0112172_neurosketch,30,2,bench,169,34,0,51001.98,3,34,,1
0112172_neurosketch,30,2,bench,169,35,0,51001.98,3,34,,0
0112172_neurosketch,30,furniture,bed,170,36,1,54002.6,3,13,bed,1
0112172_neurosketch,30,furniture,bed,170,37,1,54002.6,3,13,bed,0
0112172_neurosketch,30,furniture,bed,170,38,1,54002.6,3,13,bed,0
0112172_neurosketch,30,furniture,table,171,39,0,58501.68,3,30,,1
0112172_neurosketch,30,furniture,table,171,40,0,58501.68,3,30,,0
0112172_neurosketch,30,furniture,table,171,41,0,58501.68,3,30,,0
0112172_neurosketch,30,furniture,table,171,42,0,58501.68,3,30,,0
0112172_neurosketch,30,furniture,bench,172,43,0,64501.62,3,3,bench,1
0112172_neurosketch,30,furniture,bench,172,44,0,64501.62,3,3,bench,0
0112172_neurosketch,30,furniture,bench,172,45,0,64501.62,3,3,bench,0
0112172_neurosketch,30,furniture,bench,172,46,0,64501.62,3,3,bench,0
0112172_neurosketch,30,furniture,table,173,47,0,70502.11,3,21,table,1
0112172_neurosketch,30,furniture,table,173,48,0,70502.11,3,21,table,0
0112172_neurosketch,30,furniture,bed,174,49,1,73502.48,3,16,bed,1
0112172_neurosketch,30,furniture,bed,174,50,1,73502.48,3,16,bed,0
0112172_neurosketch,30,furniture,chair,175,51,1,76501.87,3,17,,1
0112172_neurosketch,30,furniture,chair,175,52,1,76501.87,3,17,,0
0112172_neurosketch,30,furniture,bed,176,53,1,79501.56,3,8,bed,1
0112172_neurosketch,30,furniture,bed,176,54,1,79501.56,3,8,bed,0
0112172_neurosketch,30,furniture,bed,176,55,1,79501.56,3,8,bed,0
0112172_neurosketch,30,furniture,chair,177,56,1,84004.73,3,14,chair,1
0112172_neurosketch,30,furniture,chair,177,57,1,84004.73,3,14,chair,0
0112172_neurosketch,30,furniture,chair,177,58,1,84004.73,3,14,chair,0
0112172_neurosketch,30,furniture,table,178,59,0,88502.24,3,14,table,1
0112172_neurosketch,30,furniture,table,178,60,0,88502.24,3,14,table,0
0112172_neurosketch,30,furniture,table,178,61,0,88502.24,3,14,table,0
0112172_neurosketch,30,2,bench,179,62,0,93001.88,3,6,bench,1
0112172_neurosketch,30,2,bench,179,63,0,93001.88,3,6,bench,0
0112172_neurosketch,30,furniture,bench,180,64,0,96002.15,3,23,,1
0112172_neurosketch,30,furniture,bench,180,65,0,96002.15,3,23,,0
0112172_neurosketch,30,furniture,bench,180,66,0,96002.15,3,23,,0
0112172_neurosketch,30,furniture,bed,181,67,1,100503.04,3,3,chair,1
0112172_neurosketch,30,furniture,bed,181,68,1,100503.04,3,3,chair,0
0112172_neurosketch,30,furniture,chair,182,69,1,103502.72,3,1,chair,1
0112172_neurosketch,30,furniture,chair,182,70,1,103502.72,3,1,chair,0
0112172_neurosketch,30,furniture,chair,182,71,1,103502.72,3,1,chair,0
0112172_neurosketch,30,furniture,table,183,72,0,108003.8,3,9,,1
0112172_neurosketch,30,furniture,table,183,73,0,108003.8,3,9,,0
0112172_neurosketch,30,furniture,table,184,74,0,111002.91,3,3,table,1
0112172_neurosketch,30,furniture,table,184,75,0,111002.91,3,3,table,0
0112172_neurosketch,30,furniture,table,184,76,0,111002.91,3,3,table,0
0112172_neurosketch,30,furniture,bench,185,77,0,115502.96,3,8,bench,1
0112172_neurosketch,30,furniture,bench,185,78,0,115502.96,3,8,bench,0
0112172_neurosketch,30,furniture,bench,185,79,0,115502.96,3,8,bench,0
0112172_neurosketch,30,furniture,chair,186,80,1,120002.74,3,18,chair,1
0112172_neurosketch,30,furniture,chair,186,81,1,120002.74,3,18,chair,0
0112172_neurosketch,30,furniture,bed,187,82,1,123003.02,3,17,,1
0112172_neurosketch,30,furniture,bed,187,83,1,123003.02,3,17,,0
0112172_neurosketch,30,furniture,bed,187,84,1,123003.02,3,17,,0
0112172_neurosketch,30,furniture,bed,187,85,1,123003.02,3,17,,0
0112172_neurosketch,30,furniture,bench,188,86,0,129003.38,3,13,bench,1
0112172_neurosketch,30,furniture,bench,188,87,0,129003.38,3,13,bench,0
0112172_neurosketch,30,2,bed,189,88,1,132002.24,3,31,,1
0112172_neurosketch,30,2,bed,189,89,1,132002.24,3,31,,0
0112172_neurosketch,30,2,bed,189,90,1,132002.24,3,31,,0
0112172_neurosketch,30,furniture,table,190,91,0,136502.13,3,37,table,1
0112172_neurosketch,30,furniture,table,190,92,0,136502.13,3,37,table,0
0112172_neurosketch,30,furniture,table,190,93,0,136502.13,3,37,table,0
0112172_neurosketch,30,furniture,table,190,94,0,136502.13,3,37,table,0
0112172_neurosketch,30,furniture,chair,191,95,1,142502.62,3,34,chair,1
0112172_neurosketch,30,furniture,chair,191,96,1,142502.62,3,34,chair,0
0112172_neurosketch,30,furniture,chair,191,97,1,142502.62,3,34,chair,0
0112172_neurosketch,30,furniture,bench,192,98,0,147002.31,3,32,bench,1
0112172_neurosketch,30,furniture,bench,192,99,0,147002.31,3,32,bench,0
0112172_neurosketch,30,furniture,table,193,100,0,150002.21,3,10,,1
0112172_neurosketch,30,furniture,table,193,101,0,150002.21,3,10,,0
0112172_neurosketch,30,furniture,table,193,102,0,150002.21,3,10,,0
0112172_neurosketch,30,furniture,table,193,103,0,150002.21,3,10,,0
0112172_neurosketch,30,furniture,bed,194,104,1,156003.63,3,24,bed,1
0112172_neurosketch,30,furniture,bed,194,105,1,156003.63,3,24,bed,0
0112172_neurosketch,30,furniture,chair,195,106,1,159002.54,3,12,chair,1
0112172_neurosketch,30,furniture,chair,195,107,1,159002.54,3,12,chair,0
0112172_neurosketch,30,furniture,chair,195,108,1,159002.54,3,12,chair,0
0112172_neurosketch,30,furniture,chair,195,109,1,159002.54,3,12,chair,0
0112172_neurosketch,30,furniture,bench,196,110,0,165002.8,3,39,bench,1
0112172_neurosketch,30,furniture,bench,196,111,0,165002.8,3,39,bench,0
0112172_neurosketch,30,furniture,bench,196,112,0,165002.8,3,39,bench,0
0112172_neurosketch,30,furniture,table,197,113,0,169502.14,3,27,table,1
0112172_neurosketch,30,furniture,table,197,114,0,169502.14,3,27,table,0
0112172_neurosketch,30,furniture,bed,198,115,1,172502.12,3,11,bed,1
0112172_neurosketch,30,furniture,bed,198,116,1,172502.12,3,11,bed,0
0112172_neurosketch,30,2,chair,199,117,1,175502.92,3,6,chair,1
0112172_neurosketch,30,2,chair,199,118,1,175502.92,3,6,chair,0
0112172_neurosketch,30,2,chair,199,119,1,175502.92,3,6,chair,0
0112172_neurosketch,30,furniture,table,200,120,0,180002.48,3,25,,1
0112172_neurosketch,30,furniture,table,200,121,0,180002.48,3,25,,0
0112172_neurosketch,30,furniture,table,200,122,0,180002.48,3,25,,0
0112172_neurosketch,30,furniture,chair,201,123,1,184502.1,3,38,chair,1
0112172_neurosketch,30,furniture,chair,201,124,1,184502.1,3,38,chair,0
0112172_neurosketch,30,furniture,chair,201,125,1,184502.1,3,38,chair,0
0112172_neurosketch,30,furniture,chair,201,126,1,184502.1,3,38,chair,0
0112172_neurosketch,30,furniture,bench,202,127,0,190502.21,3,36,,1
0112172_neurosketch,30,furniture,bench,202,128,0,190502.21,3,36,,0
0112172_neurosketch,30,furniture,bed,203,129,1,193503.12,3,39,,1
0112172_neurosketch,30,furniture,bed,203,130,1,193503.12,3,39,,0
0112172_neurosketch,30,furniture,chair,204,131,1,196502.16,3,16,,1
0112172_neurosketch,30,furniture,chair,204,132,1,196502.16,3,16,,0
0112172_neurosketch,30,furniture,bed,205,133,1,199503.03,3,10,bed,1
0112172_neurosketch,30,furniture,bed,205,134,1,199503.03,3,10,bed,0
0112172_neurosketch,30,furniture,bed,205,135,1,199503.03,3,10,bed,0
0112172_neurosketch,30,furniture,bed,205,136,1,199503.03,3,10,bed,0
0112172_neurosketch,30,furniture,table,206,137,0,205502.12,3,34,table,1
0112172_neurosketch,30,furniture,table,206,138,0,205502.12,3,34,table,0
0112172_neurosketch,30,furniture,table,206,139,0,205502.12,3,34,table,0
0112172_neurosketch,30,furniture,bench,207,140,0,210002.23,3,10,table,1
0112172_neurosketch,30,furniture,bench,207,141,0,210002.23,3,10,table,0
0112172_neurosketch,30,furniture,bench,207,142,0,210002.23,3,10,table,0
0112172_neurosketch,30,furniture,bench,208,143,0,214503.73,3,33,bench,1
0112172_neurosketch,30,furniture,bench,208,144,0,214503.73,3,33,bench,0
0112172_neurosketch,30,furniture,bench,208,145,0,214503.73,3,33,bench,0
0112172_neurosketch,30,2,bed,209,146,1,219003.09,3,0,bed,1
0112172_neurosketch,30,2,bed,209,147,1,219003.09,3,0,bed,0
0112172_neurosketch,30,furniture,table,210,148,0,222003.04,3,23,,1
0112172_neurosketch,30,furniture,table,210,149,0,222003.04,3,23,,0
0112172_neurosketch,30,furniture,table,210,150,0,222003.04,3,23,,0
0112172_neurosketch,30,furniture,chair,211,151,1,226502.08,3,33,,1
0112172_neurosketch,30,furniture,chair,211,152,1,226502.08,3,33,,0
0112172_neurosketch,30,furniture,chair,211,153,1,226502.08,3,33,,0
0112172_neurosketch,30,furniture,chair,211,154,1,226502.08,3,33,,0
0112172_neurosketch,30,furniture,chair,212,155,1,232502.2,3,31,chair,1
0112172_neurosketch,30,furniture,chair,212,156,1,232502.2,3,31,chair,0
0112172_neurosketch,30,furniture,chair,212,157,1,232502.2,3,31,chair,0
0112172_neurosketch,30,furniture,chair,212,158,1,232502.2,3,31,chair,0
0112172_neurosketch,30,furniture,bed,213,159,1,238502.11,3,25,bed,1
0112172_neurosketch,30,furniture,bed,213,160,1,238502.11,3,25,bed,0
0112172_neurosketch,30,furniture,bench,214,161,0,241503.14,3,7,table,1
0112172_neurosketch,30,furniture,bench,214,162,0,241503.14,3,7,table,0
0112172_neurosketch,30,furniture,table,215,163,0,244502.1,3,33,,1
0112172_neurosketch,30,furniture,table,215,164,0,244502.1,3,33,,0
0112172_neurosketch,30,furniture,bed,216,165,1,247502.4,3,15,,1
0112172_neurosketch,30,furniture,bed,216,166,1,247502.4,3,15,,0
0112172_neurosketch,30,furniture,bed,216,167,1,247502.4,3,15,,0
0112172_neurosketch,30,furniture,bench,217,168,0,252002.57,3,17,bench,1
0112172_neurosketch,30,furniture,bench,217,169,0,252002.57,3,17,bench,0
0112172_neurosketch,30,furniture,bench,217,170,0,252002.57,3,17,bench,0
0112172_neurosketch,30,furniture,chair,218,171,1,256502.09,3,27,chair,1
0112172_neurosketch,30,furniture,chair,218,172,1,256502.09,3,27,chair,0
0112172_neurosketch,30,furniture,chair,218,173,1,256502.09,3,27,chair,0
0112172_neurosketch,30,2,table,219,174,0,261002.82,3,2,table,1
0112172_neurosketch,30,2,table,219,175,0,261002.82,3,2,table,0
0112172_neurosketch,30,furniture,bench,220,176,0,264002.75,3,30,bench,1
0112172_neurosketch,30,furniture,bench,220,177,0,264002.75,3,30,bench,0
0112172_neurosketch,30,furniture,bench,220,178,0,264002.75,3,30,bench,0
0112172_neurosketch,30,furniture,chair,221,179,1,268502.5,3,7,chair,1
0112172_neurosketch,30,furniture,chair,221,180,1,268502.5,3,7,chair,0
0112172_neurosketch,30,furniture,bed,222,181,1,271502.44,3,12,,1
0112172_neurosketch,30,furniture,bed,222,182,1,271502.44,3,12,,0
0112172_neurosketch,30,furniture,bed,222,183,1,271502.44,3,12,,0
0112172_neurosketch,30,furniture,table,223,184,0,276004.27,3,39,,1
0112172_neurosketch,30,furniture,table,223,185,0,276004.27,3,39,,0
0112172_neurosketch,30,furniture,table,224,186,0,279003.21,3,13,,1
0112172_neurosketch,30,furniture,table,224,187,0,279003.21,3,13,,0
0112172_neurosketch,30,furniture,table,224,188,0,279003.21,3,13,,0
0112172_neurosketch,30,furniture,chair,225,189,1,283502.46,3,39,chair,1
0112172_neurosketch,30,furniture,chair,225,190,1,283502.46,3,39,chair,0
0112172_neurosketch,30,furniture,chair,225,191,1,283502.46,3,39,chair,0
0112172_neurosketch,30,furniture,bench,226,192,0,288003.16,3,31,,1
0112172_neurosketch,30,furniture,bench,226,193,0,288003.16,3,31,,0
0112172_neurosketch,30,furniture,bed,227,194,1,291002.13,3,7,,1
0112172_neurosketch,30,furniture,bed,227,195,1,291002.13,3,7,,0
0112172_neurosketch,30,furniture,bed,227,196,1,291002.13,3,7,,0
0112172_neurosketch,30,furniture,bed,227,197,1,291002.13,3,7,,0
0112172_neurosketch,30,furniture,table,228,198,0,297002.52,3,1,,1
0112172_neurosketch,30,furniture,table,228,199,0,297002.52,3,1,,0
0112172_neurosketch,30,2,chair,229,200,1,300003.01,3,32,chair,1
0112172_neurosketch,30,2,chair,229,201,1,300003.01,3,32,chair,0
0112172_neurosketch,30,2,chair,229,202,1,300003.01,3,32,chair,0
0112172_neurosketch,30,furniture,bed,230,203,1,304502.23,3,18,bed,1
0112172_neurosketch,30,furniture,bed,230,204,1,304502.23,3,18,bed,0
0112172_neurosketch,30,furniture,bed,230,205,1,304502.23,3,18,bed,0
0112172_neurosketch,30,furniture,bed,230,206,1,304502.23,3,18,bed,0
0112172_neurosketch,30,furniture,bench,231,207,0,310502.81,3,25,,1
0112172_neurosketch,30,furniture,bench,231,208,0,310502.81,3,25,,0
0112172_neurosketch,30,furniture,bench,231,209,0,310502.81,3,25,,0
0112172_neurosketch,30,furniture,chair,232,210,1,315003.94,3,2,chair,1
0112172_neurosketch,30,furniture,chair,232,211,1,315003.94,3,2,chair,0
0112172_neurosketch,30,furniture,bench,233,212,0,318002.43,3,38,bench,1
0112172_neurosketch,30,furniture,bench,233,213,0,318002.43,3,38,bench,0
0112172_neurosketch,30,furniture,bench,233,214,0,318002.43,3,38,bench,0
0112172_neurosketch,30,furniture,bench,233,215,0,318002.43,3,38,bench,0
0112172_neurosketch,30,furniture,table,234,216,0,324002.29,3,20,table,1
0112172_neurosketch,30,furniture,table,234,217,0,324002.29,3,20,table,0
0112172_neurosketch,30,furniture,bed,235,218,1,327002.04,3,21,,1
0112172_neurosketch,30,furniture,bed,235,219,1,327002.04,3,21,,0
0112172_neurosketch,30,furniture,bed,235,220,1,327002.04,3,21,,0
0112172_neurosketch,30,furniture,bed,235,221,1,327002.04,3,21,,0
0112172_neurosketch,30,furniture,chair,236,222,1,333002.91,3,4,chair,1
0112172_neurosketch,30,furniture,chair,236,223,1,333002.91,3,4,chair,0
0112172_neurosketch,30,furniture,chair,236,224,1,333002.91,3,4,chair,0
0112172_neurosketch,30,furniture,bench,237,225,0,337502.46,3,27,,1
0112172_neurosketch,30,furniture,bench,237,226,0,337502.46,3,27,,0
0112172_neurosketch,30,furniture,table,238,227,0,340502.09,3,35,,1
0112172_neurosketch,30,furniture,table,238,228,0,340502.09,3,35,,0
0112172_neurosketch,30,2,bed,239,229,1,343502.54,3,20,,1
0112172_neurosketch,30,2,bed,239,230,1,343502.54,3,20,,0
0112172_neurosketch,30,2,bed,239,231,1,343502.54,3,20,,0
0112172_neurosketch,30,2,bed,239,232,1,343502.54,3,20,,0
0112172_neurosketch,30,2,bed,239,233,1,343502.54,3,20,,0
0112172_neurosketch,30,2,bed,239,234,1,343502.54,3,20,,0
0112172_neurosketch,30,2,bed,239,235,1,343502.54,3,20,,0
0112172_neurosketch,30,2,bed,239,236,1,343502.54,3,20,,0
0112172_neurosketch,30,2,bed,239,237,1,343502.54,3,20,,0
0112172_neurosketch,30,2,bed,239,238,1,343502.54,3,20,,0
0112172_neurosketch,30,2,bed,239,239,1,343502.54,3,20,,0
0112172_neurosketch,30,furniture,bed,240,0,-1,0.0,4,14,bed,0
0112172_neurosketch,30,furniture,bed,240,1,-1,0.0,4,14,bed,0
0112172_neurosketch,30,furniture,bed,240,2,-1,0.0,4,14,bed,0
0112172_neurosketch,30,furniture,bed,240,3,-1,0.0,4,14,bed,0
0112172_neurosketch,30,furniture,bed,240,4,-1,0.0,4,14,bed,0
0112172_neurosketch,30,furniture,bed,240,5,-1,0.0,4,14,bed,0
0112172_neurosketch,30,furniture,bed,240,6,-1,0.0,4,14,bed,0
0112172_neurosketch,30,furniture,bed,240,7,-1,0.0,4,14,bed,0
0112172_neurosketch,30,furniture,bed,240,8,1,12002.27,4,14,bed,1
0112172_neurosketch,30,furniture,bed,240,9,1,12002.27,4,14,bed,0
0112172_neurosketch,30,furniture,bed,240,10,1,12002.27,4,14,bed,0
0112172_neurosketch,30,furniture,table,241,11,0,16500.85,4,8,table,1
0112172_neurosketch,30,furniture,table,241,12,0,16500.85,4,8,table,0
0112172_neurosketch,30,furniture,table,241,13,0,16500.85,4,8,table,0
0112172_neurosketch,30,furniture,table,241,14,0,16500.85,4,8,table,0
0112172_neurosketch,30,furniture,bench,242,15,0,22501.36,4,0,bench,1
0112172_neurosketch,30,furniture,bench,242,16,0,22501.36,4,0,bench,0
0112172_neurosketch,30,furniture,chair,243,17,1,25502.61,4,37,chair,1
0112172_neurosketch,30,furniture,chair,243,18,1,25502.61,4,37,chair,0
0112172_neurosketch,30,furniture,chair,244,19,1,28501.11,4,23,chair,1
0112172_neurosketch,30,furniture,chair,244,20,1,28501.11,4,23,chair,0
0112172_neurosketch,30,furniture,bench,245,21,0,31501.76,4,28,bench,1
0112172_neurosketch,30,furniture,bench,245,22,0,31501.76,4,28,bench,0
0112172_neurosketch,30,furniture,bench,245,23,0,31501.76,4,28,bench,0
0112172_neurosketch,30,furniture,bench,245,24,0,31501.76,4,28,bench,0
0112172_neurosketch,30,furniture,table,246,25,0,37501.29,4,16,table,1
0112172_neurosketch,30,furniture,table,246,26,0,37501.29,4,16,table,0
0112172_neurosketch,30,furniture,table,246,27,0,37501.29,4,16,table,0
0112172_neurosketch,30,furniture,bed,247,28,1,42002.23,4,4,bed,1
0112172_neurosketch,30,furniture,bed,247,29,1,42002.23,4,4,bed,0
0112172_neurosketch,30,furniture,bed,247,30,1,42002.23,4,4,bed,0
0112172_neurosketch,30,furniture,bed,248,31,1,46502.05,4,29,bed,1
0112172_neurosketch,30,furniture,bed,248,32,1,46502.05,4,29,bed,0
0112172_neurosketch,30,furniture,bed,248,33,1,46502.05,4,29,bed,0
0112172_neurosketch,30,2,chair,249,34,1,51001.32,4,8,chair,1
0112172_neurosketch,30,2,chair,249,35,1,51001.32,4,8,chair,0
0112172_neurosketch,30,furniture,bench,250,36,0,54002.3,4,12,,1
0112172_neurosketch,30,furniture,bench,250,37,0,54002.3,4,12,,0
0112172_neurosketch,30,furniture,bench,250,38,0,54002.3,4,12,,0
0112172_neurosketch,30,furniture,table,251,39,0,58501.99,4,18,table,1
0112172_neurosketch,30,furniture,table,251,40,0,58501.99,4,18,table,0
0112172_neurosketch,30,furniture,table,251,41,0,58501.99,4,18,table,0
0112172_neurosketch,30,furniture,table,251,42,0,58501.99,4,18,table,0
0112172_neurosketch,30,furniture,bench,252,43,0,64501.76,4,37,bench,1
0112172_neurosketch,30,furniture,bench,252,44,0,64501.76,4,37,bench,0
0112172_neurosketch,30,furniture,bench,252,45,0,64501.76,4,37,bench,0
0112172_neurosketch,30,furniture,bench,252,46,0,64501.76,4,37,bench,0
0112172_neurosketch,30,furniture,bed,253,47,1,70501.4,4,34,bed,1
0112172_neurosketch,30,furniture,bed,253,48,1,70501.4,4,34,bed,0
0112172_neurosketch,30,furniture,chair,254,49,1,73502.3,4,25,chair,1
0112172_neurosketch,30,furniture,chair,254,50,1,73502.3,4,25,chair,0
0112172_neurosketch,30,furniture,table,255,51,0,76501.48,4,12,table,1
0112172_neurosketch,30,furniture,table,255,52,0,76501.48,4,12,table,0
0112172_neurosketch,30,furniture,chair,256,53,1,79501.75,4,10,chair,1
0112172_neurosketch,30,furniture,chair,256,54,1,79501.75,4,10,chair,0
0112172_neurosketch,30,furniture,chair,256,55,1,79501.75,4,10,chair,0
0112172_neurosketch,30,furniture,bench,257,56,0,84001.38,4,35,bench,1
0112172_neurosketch,30,furniture,bench,257,57,0,84001.38,4,35,bench,0
0112172_neurosketch,30,furniture,bench,257,58,0,84001.38,4,35,bench,0
0112172_neurosketch,30,furniture,bed,258,59,1,88502.74,4,36,,1
0112172_neurosketch,30,furniture,bed,258,60,1,88502.74,4,36,,0
0112172_neurosketch,30,furniture,bed,258,61,1,88502.74,4,36,,0
0112172_neurosketch,30,2,table,259,62,0,93002.21,4,22,table,1
0112172_neurosketch,30,2,table,259,63,0,93002.21,4,22,table,0
0112172_neurosketch,30,furniture,bed,260,64,1,96001.86,4,2,bed,1
0112172_neurosketch,30,furniture,bed,260,65,1,96001.86,4,2,bed,0
0112172_neurosketch,30,furniture,bed,260,66,1,96001.86,4,2,bed,0
0112172_neurosketch,30,furniture,chair,261,67,1,100502.2,4,36,chair,1
0112172_neurosketch,30,furniture,chair,261,68,1,100502.2,4,36,chair,0
0112172_neurosketch,30,furniture,table,262,69,0,103502.74,4,6,bench,1
0112172_neurosketch,30,furniture,table,262,70,0,103502.74,4,6,bench,0
0112172_neurosketch,30,furniture,table,262,71,0,103502.74,4,6,bench,0
0112172_neurosketch,30,furniture,bench,263,72,0,108003.82,4,15,bench,1
0112172_neurosketch,30,furniture,bench,263,73,0,108003.82,4,15,bench,0
0112172_neurosketch,30,furniture,bench,264,74,0,111002.18,4,9,,1
0112172_neurosketch,30,furniture,bench,264,75,0,111002.18,4,9,,0
0112172_neurosketch,30,furniture,bench,264,76,0,111002.18,4,9,,0
0112172_neurosketch,30,furniture,table,265,77,0,115502.06,4,11,table,1
0112172_neurosketch,30,furniture,table,265,78,0,115502.06,4,11,table,0
0112172_neurosketch,30,furniture,table,265,79,0,115502.06,4,11,table,0
0112172_neurosketch,30,furniture,chair,266,80,1,120002.65,4,29,,1
0112172_neurosketch,30,furniture,chair,266,81,1,120002.65,4,29,,0
0112172_neurosketch,30,furniture,bed,267,82,1,123002.62,4,6,bed,1
0112172_neurosketch,30,furniture,bed,267,83,1,123002.62,4,6,bed,0
0112172_neurosketch,30,furniture,bed,267,84,1,123002.62,4,6,bed,0
0112172_neurosketch,30,furniture,bed,267,85,1,123002.62,4,6,bed,0
0112172_neurosketch,30,furniture,bench,268,86,0,129003.13,4,26,,1
0112172_neurosketch,30,furniture,bench,268,87,0,129003.13,4,26,,0
0112172_neurosketch,30,2,bed,269,88,1,132001.85,4,23,chair,1
0112172_neurosketch,30,2,bed,269,89,1,132001.85,4,23,chair,0
0112172_neurosketch,30,2,bed,269,90,1,132001.85,4,23,chair,0
0112172_neurosketch,30,furniture,chair,270,91,1,136502.19,4,15,chair,1
0112172_neurosketch,30,furniture,chair,270,92,1,136502.19,4,15,chair,0
0112172_neurosketch,30,furniture,chair,270,93,1,136502.19,4,15,chair,0
0112172_neurosketch,30,furniture,chair,270,94,1,136502.19,4,15,chair,0
0112172_neurosketch,30,furniture,table,271,95,0,142502.59,4,17,table,1
0112172_neurosketch,30,furniture,table,271,96,0,142502.59,4,17,table,0
0112172_neurosketch,30,furniture,table,271,97,0,142502.59,4,17,table,0
0112172_neurosketch,30,furniture,chair,272,98,1,147002.32,4,13,chair,1
0112172_neurosketch,30,furniture,chair,272,99,1,147002.32,4,13,chair,0
0112172_neurosketch,30,furniture,bench,273,100,0,150002.63,4,29,,1
0112172_neurosketch,30,furniture,bench,273,101,0,150002.63,4,29,,0
0112172_neurosketch,30,furniture,bench,273,102,0,150002.63,4,29,,0
0112172_neurosketch,30,furniture,bench,273,103,0,150002.63,4,29,,0
0112172_neurosketch,30,furniture,bed,274,104,1,156003.53,4,37,bed,1
0112172_neurosketch,30,furniture,bed,274,105,1,156003.53,4,37,bed,0
0112172_neurosketch,30,furniture,table,275,106,0,159002.27,4,24,table,1
0112172_neurosketch,30,furniture,table,275,107,0,159002.27,4,24,table,0
0112172_neurosketch,30,furniture,table,275,108,0,159002.27,4,24,table,0
0112172_neurosketch,30,furniture,table,275,109,0,159002.27,4,24,table,0
0112172_neurosketch,30,furniture,table,276,110,0,165001.92,4,29,table,1
0112172_neurosketch,30,furniture,table,276,111,0,165001.92,4,29,table,0
0112172_neurosketch,30,furniture,table,276,112,0,165001.92,4,29,table,0
0112172_neurosketch,30,furniture,bench,277,113,0,169503.02,4,11,bench,1
0112172_neurosketch,30,furniture,bench,277,114,0,169503.02,4,11,bench,0
0112172_neurosketch,30,furniture,bed,278,115,1,172502.44,4,9,bed,1
0112172_neurosketch,30,furniture,bed,278,116,1,172502.44,4,9,bed,0
0112172_neurosketch,30,2,chair,279,117,1,175502.77,4,19,chair,1
0112172_neurosketch,30,2,chair,279,118,1,175502.77,4,19,chair,0
0112172_neurosketch,30,2,chair,279,119,1,175502.77,4,19,chair,0
0112172_neurosketch,30,furniture,bench,280,120,0,180002.36,4,2,bench,1
0112172_neurosketch,30,furniture,bench,280,121,0,180002.36,4,2,bench,0
0112172_neurosketch,30,furniture,bench,280,122,0,180002.36,4,2,bench,0
0112172_neurosketch,30,furniture,chair,281,123,1,184502.56,4,35,chair,1
0112172_neurosketch,30,furniture,chair,281,124,1,184502.56,4,35,chair,0
0112172_neurosketch,30,furniture,chair,281,125,1,184502.56,4,35,chair,0
0112172_neurosketch,30,furniture,chair,281,126,1,184502.56,4,35,chair,0
0112172_neurosketch,30,furniture,table,282,127,0,190502.02,4,5,table,1
0112172_neurosketch,30,furniture,table,282,128,0,190502.02,4,5,table,0
0112172_neurosketch,30,furniture,bed,283,129,1,193502.32,4,27,bed,1
0112172_neurosketch,30,furniture,bed,283,130,1,193502.32,4,27,bed,0
0112172_neurosketch,30,furniture,bed,284,131,1,196502.65,4,32,bed,1
0112172_neurosketch,30,furniture,bed,284,132,1,196502.65,4,32,bed,0
0112172_neurosketch,30,furniture,bench,285,133,0,199502.23,4,22,bench,1
0112172_neurosketch,30,furniture,bench,285,134,0,199502.23,4,22,bench,0
0112172_neurosketch,30,furniture,bench,285,135,0,199502.23,4,22,bench,0
0112172_neurosketch,30,furniture,bench,285,136,0,199502.23,4,22,bench,0
0112172_neurosketch,30,furniture,chair,286,137,1,205502.21,4,22,chair,1
0112172_neurosketch,30,furniture,chair,286,138,1,205502.21,4,22,chair,0
0112172_neurosketch,30,furniture,chair,286,139,1,205502.21,4,22,chair,0
0112172_neurosketch,30,furniture,table,287,140,0,210002.73,4,28,table,1
0112172_neurosketch,30,furniture,table,287,141,0,210002.73,4,28,table,0
0112172_neurosketch,30,furniture,table,287,142,0,210002.73,4,28,table,0
0112172_neurosketch,30,furniture,table,288,143,0,214502.08,4,36,table,1
0112172_neurosketch,30,furniture,table,288,144,0,214502.08,4,36,table,0
0112172_neurosketch,30,furniture,table,288,145,0,214502.08,4,36,table,0
0112172_neurosketch,30,2,bed,289,146,1,219002.31,4,38,bed,1
0112172_neurosketch,30,2,bed,289,147,1,219002.31,4,38,bed,0
0112172_neurosketch,30,furniture,chair,290,148,1,222002.68,4,9,chair,1
0112172_neurosketch,30,furniture,chair,290,149,1,222002.68,4,9,chair,0
0112172_neurosketch,30,furniture,chair,290,150,1,222002.68,4,9,chair,0
0112172_neurosketch,30,furniture,bench,291,151,0,226502.09,4,24,bench,1
0112172_neurosketch,30,furniture,bench,291,152,0,226502.09,4,24,bench,0
0112172_neurosketch,30,furniture,bench,291,153,0,226502.09,4,24,bench,0
0112172_neurosketch,30,furniture,bench,291,154,0,226502.09,4,24,bench,0
0112172_neurosketch,30,furniture,bed,292,155,1,232502.64,4,1,bed,1
0112172_neurosketch,30,furniture,bed,292,156,1,232502.64,4,1,bed,0
0112172_neurosketch,30,furniture,bed,292,157,1,232502.64,4,1,bed,0
0112172_neurosketch,30,furniture,bed,292,158,1,232502.64,4,1,bed,0
0112172_neurosketch,30,furniture,table,293,159,0,238502.5,4,19,table,1
0112172_neurosketch,30,furniture,table,293,160,0,238502.5,4,19,table,0
0112172_neurosketch,30,furniture,bench,294,161,0,241502.87,4,21,bench,1
0112172_neurosketch,30,furniture,bench,294,162,0,241502.87,4,21,bench,0
0112172_neurosketch,30,furniture,chair,295,163,1,244502.54,4,11,,1
0112172_neurosketch,30,furniture,chair,295,164,1,244502.54,4,11,,0
0112172_neurosketch,30,furniture,bed,296,165,1,247504.89,4,5,bed,1
0112172_neurosketch,30,furniture,bed,296,166,1,247504.89,4,5,bed,0
0112172_neurosketch,30,furniture,bed,296,167,1,247504.89,4,5,bed,0
0112172_neurosketch,30,furniture,table,297,168,0,252002.27,4,31,bench,1
0112172_neurosketch,30,furniture,table,297,169,0,252002.27,4,31,bench,0
0112172_neurosketch,30,furniture,table,297,170,0,252002.27,4,31,bench,0
0112172_neurosketch,30,furniture,bench,298,171,0,256504.59,4,1,bench,1
0112172_neurosketch,30,furniture,bench,298,172,0,256504.59,4,1,bench,0
0112172_neurosketch,30,furniture,bench,298,173,0,256504.59,4,1,bench,0
0112172_neurosketch,30,2,chair,299,174,1,261002.21,4,24,chair,1
0112172_neurosketch,30,2,chair,299,175,1,261002.21,4,24,chair,0
0112172_neurosketch,30,furniture,bench,300,176,0,264002.57,4,19,bench,1
0112172_neurosketch,30,furniture,bench,300,177,0,264002.57,4,19,bench,0
0112172_neurosketch,30,furniture,bench,300,178,0,264002.57,4,19,bench,0
0112172_neurosketch,30,furniture,table,301,179,0,268502.62,4,4,table,1
0112172_neurosketch,30,furniture,table,301,180,0,268502.62,4,4,table,0
0112172_neurosketch,30,furniture,chair,302,181,1,271503.4,4,21,chair,1
0112172_neurosketch,30,furniture,chair,302,182,1,271503.4,4,21,chair,0
0112172_neurosketch,30,furniture,chair,302,183,1,271503.4,4,21,chair,0
0112172_neurosketch,30,furniture,bed,303,184,1,276003.46,4,19,bed,1
0112172_neurosketch,30,furniture,bed,303,185,1,276003.46,4,19,bed,0
0112172_neurosketch,30,furniture,bed,304,186,1,279002.73,4,26,bed,1
0112172_neurosketch,30,furniture,bed,304,187,1,279002.73,4,26,bed,0
0112172_neurosketch,30,furniture,bed,304,188,1,279002.73,4,26,bed,0
0112172_neurosketch,30,furniture,chair,305,189,1,283502.8,4,0,chair,1
0112172_neurosketch,30,furniture,chair,305,190,1,283502.8,4,0,chair,0
0112172_neurosketch,30,furniture,chair,305,191,1,283502.8,4,0,chair,0
0112172_neurosketch,30,furniture,table,306,192,0,288004.66,4,38,table,1
0112172_neurosketch,30,furniture,table,306,193,0,288004.66,4,38,table,0
0112172_neurosketch,30,furniture,bench,307,194,0,291003.56,4,18,bench,1
0112172_neurosketch,30,furniture,bench,307,195,0,291003.56,4,18,bench,0
0112172_neurosketch,30,furniture,bench,307,196,0,291003.56,4,18,bench,0
0112172_neurosketch,30,furniture,bench,307,197,0,291003.56,4,18,bench,0
0112172_neurosketch,30,furniture,bench,308,198,0,297004.14,4,14,bench,1
0112172_neurosketch,30,furniture,bench,308,199,0,297004.14,4,14,bench,0
0112172_neurosketch,30,2,chair,309,200,1,300002.9,4,3,chair,1
0112172_neurosketch,30,2,chair,309,201,1,300002.9,4,3,chair,0
0112172_neurosketch,30,2,chair,309,202,1,300002.9,4,3,chair,0
0112172_neurosketch,30,furniture,table,310,203,0,304502.5,4,15,table,1
0112172_neurosketch,30,furniture,table,310,204,0,304502.5,4,15,table,0
0112172_neurosketch,30,furniture,table,310,205,0,304502.5,4,15,table,0
0112172_neurosketch,30,furniture,table,310,206,0,304502.5,4,15,table,0
0112172_neurosketch,30,furniture,bed,311,207,1,310503.88,4,35,bed,1
0112172_neurosketch,30,furniture,bed,311,208,1,310503.88,4,35,bed,0
0112172_neurosketch,30,furniture,bed,311,209,1,310503.88,4,35,bed,0
0112172_neurosketch,30,furniture,bed,312,210,1,315002.53,4,33,bed,1
0112172_neurosketch,30,furniture,bed,312,211,1,315002.53,4,33,bed,0
0112172_neurosketch,30,furniture,table,313,212,0,318004.34,4,32,table,1
0112172_neurosketch,30,furniture,table,313,213,0,318004.34,4,32,table,0
0112172_neurosketch,30,furniture,table,313,214,0,318004.34,4,32,table,0
0112172_neurosketch,30,furniture,table,313,215,0,318004.34,4,32,table,0
0112172_neurosketch,30,furniture,chair,314,216,1,324002.51,4,20,chair,1
0112172_neurosketch,30,furniture,chair,314,217,1,324002.51,4,20,chair,0
0112172_neurosketch,30,furniture,bench,315,218,0,327003.85,4,16,bench,1
0112172_neurosketch,30,furniture,bench,315,219,0,327003.85,4,16,bench,0
0112172_neurosketch,30,furniture,bench,315,220,0,327003.85,4,16,bench,0
0112172_neurosketch,30,furniture,bench,315,221,0,327003.85,4,16,bench,0
0112172_neurosketch,30,furniture,chair,316,222,1,333002.29,4,28,chair,1
0112172_neurosketch,30,furniture,chair,316,223,1,333002.29,4,28,chair,0
0112172_neurosketch,30,furniture,chair,316,224,1,333002.29,4,28,chair,0
0112172_neurosketch,30,furniture,table,317,225,0,337502.57,4,26,table,1
0112172_neurosketch,30,furniture,table,317,226,0,337502.57,4,26,table,0
0112172_neurosketch,30,furniture,bed,318,227,1,340502.19,4,28,,1
0112172_neurosketch,30,furniture,bed,318,228,1,340502.19,4,28,,0
0112172_neurosketch,30,2,bench,319,229,0,343502.79,4,20,bench,1
0112172_neurosketch,30,2,bench,319,230,0,343502.79,4,20,bench,0
0112172_neurosketch,30,2,bench,319,231,0,343502.79,4,20,bench,0
0112172_neurosketch,30,2,bench,319,232,0,343502.79,4,20,bench,0
0112172_neurosketch,30,2,bench,319,233,0,343502.79,4,20,bench,0
0112172_neurosketch,30,2,bench,319,234,0,343502.79,4,20,bench,0
0112172_neurosketch,30,2,bench,319,235,0,343502.79,4,20,bench,0
0112172_neurosketch,30,2,bench,319,236,0,343502.79,4,20,bench,0
0112172_neurosketch,30,2,bench,319,237,0,343502.79,4,20,bench,0
0112172_neurosketch,30,2,bench,319,238,0,343502.79,4,20,bench,0
0112172_neurosketch,30,2,bench,319,239,0,343502.79,4,20,bench,0
0112172_neurosketch,30,furniture,bench,360,0,-1,0.0,9,20,,0
0112172_neurosketch,30,furniture,bench,360,1,-1,0.0,9,20,,0
0112172_neurosketch,30,furniture,bench,360,2,-1,0.0,9,20,,0
0112172_neurosketch,30,furniture,bench,360,3,-1,0.0,9,20,,0
0112172_neurosketch,30,furniture,bench,360,4,-1,0.0,9,20,,0
0112172_neurosketch,30,furniture,bench,360,5,-1,0.0,9,20,,0
0112172_neurosketch,30,furniture,bench,360,6,-1,0.0,9,20,,0
0112172_neurosketch,30,furniture,bench,360,7,-1,0.0,9,20,,0
0112172_neurosketch,30,furniture,bench,360,8,0,12003.66,9,20,,1
0112172_neurosketch,30,furniture,bench,360,9,0,12003.66,9,20,,0
0112172_neurosketch,30,furniture,bench,360,10,0,12003.66,9,20,,0
0112172_neurosketch,30,furniture,bed,361,11,1,16502.03,9,28,bed,1
0112172_neurosketch,30,furniture,bed,361,12,1,16502.03,9,28,bed,0
0112172_neurosketch,30,furniture,bed,361,13,1,16502.03,9,28,bed,0
0112172_neurosketch,30,furniture,bed,361,14,1,16502.03,9,28,bed,0
0112172_neurosketch,30,furniture,table,362,15,0,22501.31,9,26,table,1
0112172_neurosketch,30,furniture,table,362,16,0,22501.31,9,26,table,0
0112172_neurosketch,30,furniture,chair,363,17,1,25501.44,9,28,chair,1
0112172_neurosketch,30,furniture,chair,363,18,1,25501.44,9,28,chair,0
0112172_neurosketch,30,furniture,bench,364,19,0,28503.25,9,16,bench,1
0112172_neurosketch,30,furniture,bench,364,20,0,28503.25,9,16,bench,0
0112172_neurosketch,30,furniture,chair,365,21,1,31501.63,9,20,chair,1
0112172_neurosketch,30,furniture,chair,365,22,1,31501.63,9,20,chair,0
0112172_neurosketch,30,furniture,chair,365,23,1,31501.63,9,20,chair,0
0112172_neurosketch,30,furniture,chair,365,24,1,31501.63,9,20,chair,0
0112172_neurosketch,30,furniture,table,366,25,0,37501.41,9,32,table,1
0112172_neurosketch,30,furniture,table,366,26,0,37501.41,9,32,table,0
0112172_neurosketch,30,furniture,table,366,27,0,37501.41,9,32,table,0
0112172_neurosketch,30,furniture,bed,367,28,1,42001.35,9,33,bed,1
0112172_neurosketch,30,furniture,bed,367,29,1,42001.35,9,33,bed,0
0112172_neurosketch,30,furniture,bed,367,30,1,42001.35,9,33,bed,0
0112172_neurosketch,30,furniture,bed,368,31,1,46502.28,9,35,,1
0112172_neurosketch,30,furniture,bed,368,32,1,46502.28,9,35,,0
0112172_neurosketch,30,furniture,bed,368,33,1,46502.28,9,35,,0
0112172_neurosketch,30,2,table,369,34,0,51002.27,9,15,table,1
0112172_neurosketch,30,2,table,369,35,0,51002.27,9,15,table,0
0112172_neurosketch,30,furniture,chair,370,36,1,54002.27,9,3,chair,1
0112172_neurosketch,30,furniture,chair,370,37,1,54002.27,9,3,chair,0
0112172_neurosketch,30,furniture,chair,370,38,1,54002.27,9,3,chair,0
0112172_neurosketch,30,furniture,bench,371,39,0,58502.38,9,14,bench,1
0112172_neurosketch,30,furniture,bench,371,40,0,58502.38,9,14,bench,0
0112172_neurosketch,30,furniture,bench,371,41,0,58502.38,9,14,bench,0
0112172_neurosketch,30,furniture,bench,371,42,0,58502.38,9,14,bench,0
0112172_neurosketch,30,furniture,bench,372,43,0,64501.91,9,18,bench,1
0112172_neurosketch,30,furniture,bench,372,44,0,64501.91,9,18,bench,0
0112172_neurosketch,30,furniture,bench,372,45,0,64501.91,9,18,bench,0
0112172_neurosketch,30,furniture,bench,372,46,0,64501.91,9,18,bench,0
0112172_neurosketch,30,furniture,table,373,47,0,70501.46,9,38,table,1
0112172_neurosketch,30,furniture,table,373,48,0,70501.46,9,38,table,0
0112172_neurosketch,30,furniture,chair,374,49,1,73502.17,9,0,chair,1
0112172_neurosketch,30,furniture,chair,374,50,1,73502.17,9,0,chair,0
0112172_neurosketch,30,furniture,bed,375,51,1,76502.58,9,26,bed,1
0112172_neurosketch,30,furniture,bed,375,52,1,76502.58,9,26,bed,0
0112172_neurosketch,30,furniture,bed,376,53,1,79502.21,9,19,bed,1
0112172_neurosketch,30,furniture,bed,376,54,1,79502.21,9,19,bed,0
0112172_neurosketch,30,furniture,bed,376,55,1,79502.21,9,19,bed,0
0112172_neurosketch,30,furniture,chair,377,56,1,84002.01,9,21,chair,1
0112172_neurosketch,30,furniture,chair,377,57,1,84002.01,9,21,chair,0
0112172_neurosketch,30,furniture,chair,377,58,1,84002.01,9,21,chair,0
0112172_neurosketch,30,furniture,table,378,59,0,88502.35,9,4,table,1
0112172_neurosketch,30,furniture,table,378,60,0,88502.35,9,4,table,0
0112172_neurosketch,30,furniture,table,378,61,0,88502.35,9,4,table,0
0112172_neurosketch,30,2,bench,379,62,0,93005.09,9,19,bench,1
0112172_neurosketch,30,2,bench,379,63,0,93005.09,9,19,bench,0
0112172_neurosketch,30,furniture,chair,380,64,1,96002.75,9,24,chair,1
0112172_neurosketch,30,furniture,chair,380,65,1,96002.75,9,24,chair,0
0112172_neurosketch,30,furniture,chair,380,66,1,96002.75,9,24,chair,0
0112172_neurosketch,30,furniture,bench,381,67,0,100502.42,9,1,bench,1
0112172_neurosketch,30,furniture,bench,381,68,0,100502.42,9,1,bench,0
0112172_neurosketch,30,furniture,table,382,69,0,103502.12,9,31,table,1
0112172_neurosketch,30,furniture,table,382,70,0,103502.12,9,31,table,0
0112172_neurosketch,30,furniture,table,382,71,0,103502.12,9,31,table,0
0112172_neurosketch,30,furniture,bed,383,72,1,108002.51,9,5,bed,1
0112172_neurosketch,30,furniture,bed,383,73,1,108002.51,9,5,bed,0
0112172_neurosketch,30,furniture,chair,384,74,1,111001.92,9,11,bed,1
0112172_neurosketch,30,furniture,chair,384,75,1,111001.92,9,11,bed,0
0112172_neurosketch,30,furniture,chair,384,76,1,111001.92,9,11,bed,0
0112172_neurosketch,30,furniture,bench,385,77,0,115502.23,9,21,bench,1
0112172_neurosketch,30,furniture,bench,385,78,0,115502.23,9,21,bench,0
0112172_neurosketch,30,furniture,bench,385,79,0,115502.23,9,21,bench,0
0112172_neurosketch,30,furniture,table,386,80,0,120002.42,9,19,table,1
0112172_neurosketch,30,furniture,table,386,81,0,120002.42,9,19,table,0
0112172_neurosketch,30,furniture,bed,387,82,1,123002.66,9,1,bed,1
0112172_neurosketch,30,furniture,bed,387,83,1,123002.66,9,1,bed,0
0112172_neurosketch,30,furniture,bed,387,84,1,123002.66,9,1,bed,0
0112172_neurosketch,30,furniture,bed,387,85,1,123002.66,9,1,bed,0
0112172_neurosketch,30,furniture,bench,388,86,0,129001.87,9,24,bench,1
0112172_neurosketch,30,furniture,bench,388,87,0,129001.87,9,24,bench,0
0112172_neurosketch,30,2,chair,389,88,1,132003.15,9,9,chair,1
0112172_neurosketch,30,2,chair,389,89,1,132003.15,9,9,chair,0
0112172_neurosketch,30,2,chair,389,90,1,132003.15,9,9,chair,0
0112172_neurosketch,30,furniture,bed,390,91,1,136502.04,9,38,bed,1
0112172_neurosketch,30,furniture,bed,390,92,1,136502.04,9,38,bed,0
0112172_neurosketch,30,furniture,bed,390,93,1,136502.04,9,38,bed,0
0112172_neurosketch,30,furniture,bed,390,94,1,136502.04,9,38,bed,0
0112172_neurosketch,30,furniture,table,391,95,0,142502.09,9,36,table,1
0112172_neurosketch,30,furniture,table,391,96,0,142502.09,9,36,table,0
0112172_neurosketch,30,furniture,table,391,97,0,142502.09,9,36,table,0
0112172_neurosketch,30,furniture,table,392,98,0,147002.33,9,28,table,1
0112172_neurosketch,30,furniture,table,392,99,0,147002.33,9,28,table,0
0112172_neurosketch,30,furniture,chair,393,100,1,150002.32,9,22,chair,1
0112172_neurosketch,30,furniture,chair,393,101,1,150002.32,9,22,chair,0
0112172_neurosketch,30,furniture,chair,393,102,1,150002.32,9,22,chair,0
0112172_neurosketch,30,furniture,chair,393,103,1,150002.32,9,22,chair,0
0112172_neurosketch,30,furniture,bench,394,104,0,156002.52,9,22,bench,1
0112172_neurosketch,30,furniture,bench,394,105,0,156002.52,9,22,bench,0
0112172_neurosketch,30,furniture,bed,395,106,1,159002.38,9,32,bed,1
0112172_neurosketch,30,furniture,bed,395,107,1,159002.38,9,32,bed,0
0112172_neurosketch,30,furniture,bed,395,108,1,159002.38,9,32,bed,0
0112172_neurosketch,30,furniture,bed,395,109,1,159002.38,9,32,bed,0
0112172_neurosketch,30,furniture,bed,396,110,1,165002.02,9,27,bed,1
0112172_neurosketch,30,furniture,bed,396,111,1,165002.02,9,27,bed,0
0112172_neurosketch,30,furniture,bed,396,112,1,165002.02,9,27,bed,0
0112172_neurosketch,30,furniture,table,397,113,0,169505.79,9,5,bench,1
0112172_neurosketch,30,furniture,table,397,114,0,169505.79,9,5,bench,0
0112172_neurosketch,30,furniture,chair,398,115,1,172501.42,9,35,chair,1
0112172_neurosketch,30,furniture,chair,398,116,1,172501.42,9,35,chair,0
0112172_neurosketch,30,2,bench,399,117,0,175502.48,9,2,bench,1
0112172_neurosketch,30,2,bench,399,118,0,175502.48,9,2,bench,0
0112172_neurosketch,30,2,bench,399,119,0,175502.48,9,2,bench,0
0112172_neurosketch,30,furniture,chair,400,120,1,180003.02,9,19,chair,1
0112172_neurosketch,30,furniture,chair,400,121,1,180003.02,9,19,chair,0
0112172_neurosketch,30,furniture,chair,400,122,1,180003.02,9,19,chair,0
0112172_neurosketch,30,furniture,bed,401,123,1,184502.95,9,9,bed,1
0112172_neurosketch,30,furniture,bed,401,124,1,184502.95,9,9,bed,0
0112172_neurosketch,30,furniture,bed,401,125,1,184502.95,9,9,bed,0
0112172_neurosketch,30,furniture,bed,401,126,1,184502.95,9,9,bed,0
0112172_neurosketch,30,furniture,bench,402,127,0,190503.99,9,11,bench,1
0112172_neurosketch,30,furniture,bench,402,128,0,190503.99,9,11,bench,0
0112172_neurosketch,30,furniture,table,403,129,0,193503.17,9,29,table,1
0112172_neurosketch,30,furniture,table,403,130,0,193503.17,9,29,table,0
0112172_neurosketch,30,furniture,table,404,131,0,196502.62,9,24,table,1
0112172_neurosketch,30,furniture,table,404,132,0,196502.62,9,24,table,0
0112172_neurosketch,30,furniture,bed,405,133,1,199502.24,9,37,bed,1
0112172_neurosketch,30,furniture,bed,405,134,1,199502.24,9,37,bed,0
0112172_neurosketch,30,furniture,bed,405,135,1,199502.24,9,37,bed,0
0112172_neurosketch,30,furniture,bed,405,136,1,199502.24,9,37,bed,0
0112172_neurosketch,30,furniture,bench,406,137,0,205502.67,9,29,bench,1
0112172_neurosketch,30,furniture,bench,406,138,0,205502.67,9,29,bench,0
0112172_neurosketch,30,furniture,bench,406,139,0,205502.67,9,29,bench,0
0112172_neurosketch,30,furniture,chair,407,140,1,210003.12,9,13,chair,1
0112172_neurosketch,30,furniture,chair,407,141,1,210003.12,9,13,chair,0
0112172_neurosketch,30,furniture,chair,407,142,1,210003.12,9,13,chair,0
0112172_neurosketch,30,furniture,table,408,143,0,214502.23,9,17,table,1
0112172_neurosketch,30,furniture,table,408,144,0,214502.23,9,17,table,0
0112172_neurosketch,30,furniture,table,408,145,0,214502.23,9,17,table,0
0112172_neurosketch,30,2,chair,409,146,1,219002.3,9,15,chair,1
0112172_neurosketch,30,2,chair,409,147,1,219002.3,9,15,chair,0
0112172_neurosketch,30,furniture,bed,410,148,1,222002.38,9,23,bed,1
0112172_neurosketch,30,furniture,bed,410,149,1,222002.38,9,23,bed,0
0112172_neurosketch,30,furniture,bed,410,150,1,222002.38,9,23,bed,0
0112172_neurosketch,30,furniture,bench,411,151,0,226502.38,9,26,bench,1
0112172_neurosketch,30,furniture,bench,411,152,0,226502.38,9,26,bench,0
0112172_neurosketch,30,furniture,bench,411,153,0,226502.38,9,26,bench,0
0112172_neurosketch,30,furniture,bench,411,154,0,226502.38,9,26,bench,0
0112172_neurosketch,30,furniture,bed,412,155,1,232502.57,9,6,bed,1
0112172_neurosketch,30,furniture,bed,412,156,1,232502.57,9,6,bed,0
0112172_neurosketch,30,furniture,bed,412,157,1,232502.57,9,6,bed,0
0112172_neurosketch,30,furniture,bed,412,158,1,232502.57,9,6,bed,0
0112172_neurosketch,30,furniture,chair,413,159,1,238502.43,9,29,chair,1
0112172_neurosketch,30,furniture,chair,413,160,1,238502.43,9,29,chair,0
0112172_neurosketch,30,furniture,table,414,161,0,241502.1,9,11,table,1
0112172_neurosketch,30,furniture,table,414,162,0,241502.1,9,11,table,0
0112172_neurosketch,30,furniture,bench,415,163,0,244502.13,9,9,bench,1
0112172_neurosketch,30,furniture,bench,415,164,0,244502.13,9,9,bench,0
0112172_neurosketch,30,furniture,bench,416,165,0,247502.32,9,15,bench,1
0112172_neurosketch,30,furniture,bench,416,166,0,247502.32,9,15,bench,0
0112172_neurosketch,30,furniture,bench,416,167,0,247502.32,9,15,bench,0
0112172_neurosketch,30,furniture,table,417,168,0,252002.43,9,6,table,1
0112172_neurosketch,30,furniture,table,417,169,0,252002.43,9,6,table,0
0112172_neurosketch,30,furniture,table,417,170,0,252002.43,9,6,table,0
0112172_neurosketch,30,furniture,chair,418,171,1,256503.18,9,36,chair,1
0112172_neurosketch,30,furniture,chair,418,172,1,256503.18,9,36,chair,0
0112172_neurosketch,30,furniture,chair,418,173,1,256503.18,9,36,chair,0
0112172_neurosketch,30,2,bed,419,174,1,261002.1,9,2,bed,1
0112172_neurosketch,30,2,bed,419,175,1,261002.1,9,2,bed,0
0112172_neurosketch,30,furniture,table,420,176,0,264002.78,9,22,table,1
0112172_neurosketch,30,furniture,table,420,177,0,264002.78,9,22,table,0
0112172_neurosketch,30,furniture,table,420,178,0,264002.78,9,22,table,0
0112172_neurosketch,30,furniture,bed,421,179,1,268502.32,9,36,bed,1
0112172_neurosketch,30,furniture,bed,421,180,1,268502.32,9,36,bed,0
0112172_neurosketch,30,furniture,bench,422,181,0,271502.79,9,35,table,1
0112172_neurosketch,30,furniture,bench,422,182,0,271502.79,9,35,table,0
0112172_neurosketch,30,furniture,bench,422,183,0,271502.79,9,35,table,0
0112172_neurosketch,30,furniture,chair,423,184,1,276003.15,9,10,chair,1
0112172_neurosketch,30,furniture,chair,423,185,1,276003.15,9,10,chair,0
0112172_neurosketch,30,furniture,table,424,186,0,279002.26,9,12,table,1
0112172_neurosketch,30,furniture,table,424,187,0,279002.26,9,12,table,0
0112172_neurosketch,30,furniture,table,424,188,0,279002.26,9,12,table,0
0112172_neurosketch,30,furniture,chair,425,189,1,283503.15,9,25,bed,1
0112172_neurosketch,30,furniture,chair,425,190,1,283503.15,9,25,bed,0
0112172_neurosketch,30,furniture,chair,425,191,1,283503.15,9,25,bed,0
0112172_neurosketch,30,furniture,bed,426,192,1,288002.89,9,34,bed,1
0112172_neurosketch,30,furniture,bed,426,193,1,288002.89,9,34,bed,0
0112172_neurosketch,30,furniture,bench,427,194,0,291002.44,9,37,bench,1
0112172_neurosketch,30,furniture,bench,427,195,0,291002.44,9,37,bench,0
0112172_neurosketch,30,furniture,bench,427,196,0,291002.44,9,37,bench,0
0112172_neurosketch,30,furniture,bench,427,197,0,291002.44,9,37,bench,0
0112172_neurosketch,30,furniture,table,428,198,0,297002.96,9,18,table,1
0112172_neurosketch,30,furniture,table,428,199,0,297002.96,9,18,table,0
0112172_neurosketch,30,2,bench,429,200,0,300002.85,9,12,bench,1
0112172_neurosketch,30,2,bench,429,201,0,300002.85,9,12,bench,0
0112172_neurosketch,30,2,bench,429,202,0,300002.85,9,12,bench,0
0112172_neurosketch,30,furniture,chair,430,203,1,304501.42,9,8,chair,1
0112172_neurosketch,30,furniture,chair,430,204,1,304501.42,9,8,chair,0
0112172_neurosketch,30,furniture,chair,430,205,1,304501.42,9,8,chair,0
0112172_neurosketch,30,furniture,chair,430,206,1,304501.42,9,8,chair,0
0112172_neurosketch,30,furniture,bed,431,207,1,310502.74,9,29,bed,1
0112172_neurosketch,30,furniture,bed,431,208,1,310502.74,9,29,bed,0
0112172_neurosketch,30,furniture,bed,431,209,1,310502.74,9,29,bed,0
0112172_neurosketch,30,furniture,bed,432,210,1,315002.93,9,4,bed,1
0112172_neurosketch,30,furniture,bed,432,211,1,315002.93,9,4,bed,0
0112172_neurosketch,30,furniture,table,433,212,0,318002.71,9,16,table,1
0112172_neurosketch,30,furniture,table,433,213,0,318002.71,9,16,table,0
0112172_neurosketch,30,furniture,table,433,214,0,318002.71,9,16,table,0
0112172_neurosketch,30,furniture,table,433,215,0,318002.71,9,16,table,0
0112172_neurosketch,30,furniture,bench,434,216,0,324003.71,9,28,table,1
0112172_neurosketch,30,furniture,bench,434,217,0,324003.71,9,28,table,0
0112172_neurosketch,30,furniture,chair,435,218,1,327002.28,9,23,chair,1
0112172_neurosketch,30,furniture,chair,435,219,1,327002.28,9,23,chair,0
0112172_neurosketch,30,furniture,chair,435,220,1,327002.28,9,23,chair,0
0112172_neurosketch,30,furniture,chair,435,221,1,327002.28,9,23,chair,0
0112172_neurosketch,30,furniture,chair,436,222,1,333002.27,9,37,chair,1
0112172_neurosketch,30,furniture,chair,436,223,1,333002.27,9,37,chair,0
0112172_neurosketch,30,furniture,chair,436,224,1,333002.27,9,37,chair,0
0112172_neurosketch,30,furniture,bench,437,225,0,337502.93,9,0,,1
0112172_neurosketch,30,furniture,bench,437,226,0,337502.93,9,0,,0
0112172_neurosketch,30,furniture,table,438,227,0,340503.11,9,8,table,1
0112172_neurosketch,30,furniture,table,438,228,0,340503.11,9,8,table,0
0112172_neurosketch,30,2,bed,439,229,1,343502.38,9,14,bed,1
0112172_neurosketch,30,2,bed,439,230,1,343502.38,9,14,bed,0
0112172_neurosketch,30,2,bed,439,231,1,343502.38,9,14,bed,0
0112172_neurosketch,30,2,bed,439,232,1,343502.38,9,14,bed,0
0112172_neurosketch,30,2,bed,439,233,1,343502.38,9,14,bed,0
0112172_neurosketch,30,2,bed,439,234,1,343502.38,9,14,bed,0
0112172_neurosketch,30,2,bed,439,235,1,343502.38,9,14,bed,0
0112172_neurosketch,30,2,bed,439,236,1,343502.38,9,14,bed,0
0112172_neurosketch,30,2,bed,439,237,1,343502.38,9,14,bed,0
0112172_neurosketch,30,2,bed,439,238,1,343502.38,9,14,bed,0
0112172_neurosketch,30,2,bed,439,239,1,343502.38,9,14,bed,0
0112172_neurosketch,30,furniture,bed,440,0,-1,0.0,10,20,bed,0
0112172_neurosketch,30,furniture,bed,440,1,-1,0.0,10,20,bed,0
0112172_neurosketch,30,furniture,bed,440,2,-1,0.0,10,20,bed,0
0112172_neurosketch,30,furniture,bed,440,3,-1,0.0,10,20,bed,0
0112172_neurosketch,30,furniture,bed,440,4,-1,0.0,10,20,bed,0
0112172_neurosketch,30,furniture,bed,440,5,-1,0.0,10,20,bed,0
0112172_neurosketch,30,furniture,bed,440,6,-1,0.0,10,20,bed,0
0112172_neurosketch,30,furniture,bed,440,7,-1,0.0,10,20,bed,0
0112172_neurosketch,30,furniture,bed,440,8,1,12002.03,10,20,bed,1
0112172_neurosketch,30,furniture,bed,440,9,1,12002.03,10,20,bed,0
0112172_neurosketch,30,furniture,bed,440,10,1,12002.03,10,20,bed,0
0112172_neurosketch,30,furniture,table,441,11,0,16501.98,10,35,table,1
0112172_neurosketch,30,furniture,table,441,12,0,16501.98,10,35,table,0
0112172_neurosketch,30,furniture,table,441,13,0,16501.98,10,35,table,0
0112172_neurosketch,30,furniture,table,441,14,0,16501.98,10,35,table,0
0112172_neurosketch,30,furniture,bench,442,15,0,22501.6,10,27,bench,1
0112172_neurosketch,30,furniture,bench,442,16,0,22501.6,10,27,bench,0
0112172_neurosketch,30,furniture,chair,443,17,1,25501.16,10,4,chair,1
0112172_neurosketch,30,furniture,chair,443,18,1,25501.16,10,4,chair,0
0112172_neurosketch,30,furniture,bed,444,19,1,28501.86,10,21,bed,1
0112172_neurosketch,30,furniture,bed,444,20,1,28501.86,10,21,bed,0
0112172_neurosketch,30,furniture,table,445,21,0,31502.25,10,20,table,1
0112172_neurosketch,30,furniture,table,445,22,0,31502.25,10,20,table,0
0112172_neurosketch,30,furniture,table,445,23,0,31502.25,10,20,table,0
0112172_neurosketch,30,furniture,table,445,24,0,31502.25,10,20,table,0
0112172_neurosketch,30,furniture,bench,446,25,0,37501.75,10,38,bench,1
0112172_neurosketch,30,furniture,bench,446,26,0,37501.75,10,38,bench,0
0112172_neurosketch,30,furniture,bench,446,27,0,37501.75,10,38,bench,0
0112172_neurosketch,30,furniture,chair,447,28,1,42001.42,10,2,chair,1
0112172_neurosketch,30,furniture,chair,447,29,1,42001.42,10,2,chair,0
0112172_neurosketch,30,furniture,chair,447,30,1,42001.42,10,2,chair,0
0112172_neurosketch,30,furniture,bench,448,31,0,46501.85,10,25,bench,1
0112172_neurosketch,30,furniture,bench,448,32,0,46501.85,10,25,bench,0
0112172_neurosketch,30,furniture,bench,448,33,0,46501.85,10,25,bench,0
0112172_neurosketch,30,2,bed,449,34,1,51002.04,10,18,bed,1
0112172_neurosketch,30,2,bed,449,35,1,51002.04,10,18,bed,0
0112172_neurosketch,30,furniture,chair,450,36,1,54001.94,10,32,chair,1
0112172_neurosketch,30,furniture,chair,450,37,1,54001.94,10,32,chair,0
0112172_neurosketch,30,furniture,chair,450,38,1,54001.94,10,32,chair,0
0112172_neurosketch,30,furniture,table,451,39,0,58502.48,10,1,table,1
0112172_neurosketch,30,furniture,table,451,40,0,58502.48,10,1,table,0
0112172_neurosketch,30,furniture,table,451,41,0,58502.48,10,1,table,0
0112172_neurosketch,30,furniture,table,451,42,0,58502.48,10,1,table,0
0112172_neurosketch,30,furniture,bed,452,43,1,64501.61,10,7,chair,1
0112172_neurosketch,30,furniture,bed,452,44,1,64501.61,10,7,chair,0
0112172_neurosketch,30,furniture,bed,452,45,1,64501.61,10,7,chair,0
0112172_neurosketch,30,furniture,bed,452,46,1,64501.61,10,7,chair,0
0112172_neurosketch,30,furniture,bench,453,47,0,70502.02,10,31,bench,1
0112172_neurosketch,30,furniture,bench,453,48,0,70502.02,10,31,bench,0
0112172_neurosketch,30,furniture,chair,454,49,1,73503.94,10,39,,1
0112172_neurosketch,30,furniture,chair,454,50,1,73503.94,10,39,,0
0112172_neurosketch,30,furniture,table,455,51,0,76502.34,10,13,table,1
0112172_neurosketch,30,furniture,table,455,52,0,76502.34,10,13,table,0
0112172_neurosketch,30,furniture,table,456,53,0,79502.36,10,39,table,1
0112172_neurosketch,30,furniture,table,456,54,0,79502.36,10,39,table,0
0112172_neurosketch,30,furniture,table,456,55,0,79502.36,10,39,table,0
0112172_neurosketch,30,furniture,bed,457,56,1,84002.46,10,12,bed,1
0112172_neurosketch,30,furniture,bed,457,57,1,84002.46,10,12,bed,0
0112172_neurosketch,30,furniture,bed,457,58,1,84002.46,10,12,bed,0
0112172_neurosketch,30,furniture,chair,458,59,1,88504.02,10,7,chair,1
0112172_neurosketch,30,furniture,chair,458,60,1,88504.02,10,7,chair,0
0112172_neurosketch,30,furniture,chair,458,61,1,88504.02,10,7,chair,0
0112172_neurosketch,30,2,bench,459,62,0,93002.35,10,30,bench,1
0112172_neurosketch,30,2,bench,459,63,0,93002.35,10,30,bench,0
0112172_neurosketch,30,furniture,table,460,64,0,96002.29,10,2,bench,1
0112172_neurosketch,30,furniture,table,460,65,0,96002.29,10,2,bench,0
0112172_neurosketch,30,furniture,table,460,66,0,96002.29,10,2,bench,0
0112172_neurosketch,30,furniture,chair,461,67,1,100502.07,10,27,chair,1
0112172_neurosketch,30,furniture,chair,461,68,1,100502.07,10,27,chair,0
0112172_neurosketch,30,furniture,bench,462,69,0,103502.46,10,17,,1
0112172_neurosketch,30,furniture,bench,462,70,0,103502.46,10,17,,0
0112172_neurosketch,30,furniture,bench,462,71,0,103502.46,10,17,,0
0112172_neurosketch,30,furniture,bed,463,72,1,108002.81,10,15,bed,1
0112172_neurosketch,30,furniture,bed,463,73,1,108002.81,10,15,bed,0
0112172_neurosketch,30,furniture,table,464,74,0,111002.47,10,33,table,1
0112172_neurosketch,30,furniture,table,464,75,0,111002.47,10,33,table,0
0112172_neurosketch,30,furniture,table,464,76,0,111002.47,10,33,table,0
0112172_neurosketch,30,furniture,bench,465,77,0,115504.17,10,7,bench,1
0112172_neurosketch,30,furniture,bench,465,78,0,115504.17,10,7,bench,0
0112172_neurosketch,30,furniture,bench,465,79,0,115504.17,10,7,bench,0
0112172_neurosketch,30,furniture,bed,466,80,1,120003.0,10,25,bed,1
0112172_neurosketch,30,furniture,bed,466,81,1,120003.0,10,25,bed,0
0112172_neurosketch,30,furniture,chair,467,82,1,123001.81,10,31,chair,1
0112172_neurosketch,30,furniture,chair,467,83,1,123001.81,10,31,chair,0
0112172_neurosketch,30,furniture,chair,467,84,1,123001.81,10,31,chair,0
0112172_neurosketch,30,furniture,chair,467,85,1,123001.81,10,31,chair,0
0112172_neurosketch,30,furniture,chair,468,86,1,129002.28,10,33,chair,1
0112172_neurosketch,30,furniture,chair,468,87,1,129002.28,10,33,chair,0
0112172_neurosketch,30,2,table,469,88,0,132002.19,10,23,,1
0112172_neurosketch,30,2,table,469,89,0,132002.19,10,23,,0
0112172_neurosketch,30,2,table,469,90,0,132002.19,10,23,,0
0112172_neurosketch,30,furniture,bed,470,91,1,136501.95,10,0,bed,1
0112172_neurosketch,30,furniture,bed,470,92,1,136501.95,10,0,bed,0
0112172_neurosketch,30,furniture,bed,470,93,1,136501.95,10,0,bed,0
0112172_neurosketch,30,furniture,bed,470,94,1,136501.95,10,0,bed,0
0112172_neurosketch,30,furniture,bench,471,95,0,142502.88,10,33,bench,1
0112172_neurosketch,30,furniture,bench,471,96,0,142502.88,10,33,bench,0
0112172_neurosketch,30,furniture,bench,471,97,0,142502.88,10,33,bench,0
0112172_neurosketch,30,furniture,bench,472,98,0,147002.78,10,10,bench,1
0112172_neurosketch,30,furniture,bench,472,99,0,147002.78,10,10,bench,0
0112172_neurosketch,30,furniture,table,473,100,0,150002.0,10,34,table,1
0112172_neurosketch,30,furniture,table,473,101,0,150002.0,10,34,table,0
0112172_neurosketch,30,furniture,table,473,102,0,150002.0,10,34,table,0
0112172_neurosketch,30,furniture,table,473,103,0,150002.0,10,34,table,0
0112172_neurosketch,30,furniture,bed,474,104,1,156002.15,10,10,bed,1
0112172_neurosketch,30,furniture,bed,474,105,1,156002.15,10,10,bed,0
0112172_neurosketch,30,furniture,chair,475,106,1,159002.3,10,16,chair,1
0112172_neurosketch,30,furniture,chair,475,107,1,159002.3,10,16,chair,0
0112172_neurosketch,30,furniture,chair,475,108,1,159002.3,10,16,chair,0
0112172_neurosketch,30,furniture,chair,475,109,1,159002.3,10,16,chair,0
0112172_neurosketch,30,furniture,bed,476,110,1,165002.97,10,39,bed,1
0112172_neurosketch,30,furniture,bed,476,111,1,165002.97,10,39,bed,0
0112172_neurosketch,30,furniture,bed,476,112,1,165002.97,10,39,bed,0
0112172_neurosketch,30,furniture,bench,477,113,0,169502.02,10,36,bench,1
0112172_neurosketch,30,furniture,bench,477,114,0,169502.02,10,36,bench,0
0112172_neurosketch,30,furniture,chair,478,115,1,172502.38,10,38,chair,1
0112172_neurosketch,30,furniture,chair,478,116,1,172502.38,10,38,chair,0
0112172_neurosketch,30,2,table,479,117,0,175503.0,10,25,table,1
0112172_neurosketch,30,2,table,479,118,0,175503.0,10,25,table,0
0112172_neurosketch,30,2,table,479,119,0,175503.0,10,25,table,0
0112172_neurosketch,30,furniture,chair,480,120,1,180002.96,10,6,chair,1
0112172_neurosketch,30,furniture,chair,480,121,1,180002.96,10,6,chair,0
0112172_neurosketch,30,furniture,chair,480,122,1,180002.96,10,6,chair,0
0112172_neurosketch,30,furniture,bed,481,123,1,184502.41,10,11,bed,1
0112172_neurosketch,30,furniture,bed,481,124,1,184502.41,10,11,bed,0
0112172_neurosketch,30,furniture,bed,481,125,1,184502.41,10,11,bed,0
0112172_neurosketch,30,furniture,bed,481,126,1,184502.41,10,11,bed,0
0112172_neurosketch,30,furniture,table,482,127,0,190503.49,10,27,table,1
0112172_neurosketch,30,furniture,table,482,128,0,190503.49,10,27,table,0
0112172_neurosketch,30,furniture,bench,483,129,0,193503.02,10,39,bench,1
0112172_neurosketch,30,furniture,bench,483,130,0,193503.02,10,39,bench,0
0112172_neurosketch,30,furniture,chair,484,131,1,196501.7,10,12,chair,1
0112172_neurosketch,30,furniture,chair,484,132,1,196501.7,10,12,chair,0
0112172_neurosketch,30,furniture,bed,485,133,1,199502.64,10,24,bed,1
0112172_neurosketch,30,furniture,bed,485,134,1,199502.64,10,24,bed,0
0112172_neurosketch,30,furniture,bed,485,135,1,199502.64,10,24,bed,0
0112172_neurosketch,30,furniture,bed,485,136,1,199502.64,10,24,bed,0
0112172_neurosketch,30,furniture,table,486,137,0,205502.32,10,10,table,1
0112172_neurosketch,30,furniture,table,486,138,0,205502.32,10,10,table,0
0112172_neurosketch,30,furniture,table,486,139,0,205502.32,10,10,table,0
0112172_neurosketch,30,furniture,bench,487,140,0,210002.87,10,32,bench,1
0112172_neurosketch,30,furniture,bench,487,141,0,210002.87,10,32,bench,0
0112172_neurosketch,30,furniture,bench,487,142,0,210002.87,10,32,bench,0
0112172_neurosketch,30,furniture,chair,488,143,1,214502.87,10,34,chair,1
0112172_neurosketch,30,furniture,chair,488,144,1,214502.87,10,34,chair,0
0112172_neurosketch,30,furniture,chair,488,145,1,214502.87,10,34,chair,0
0112172_neurosketch,30,2,table,489,146,0,219002.98,10,37,table,1
0112172_neurosketch,30,2,table,489,147,0,219002.98,10,37,table,0
0112172_neurosketch,30,furniture,bed,490,148,1,222004.37,10,31,bed,1
0112172_neurosketch,30,furniture,bed,490,149,1,222004.37,10,31,bed,0
0112172_neurosketch,30,furniture,bed,490,150,1,222004.37,10,31,bed,0
0112172_neurosketch,30,furniture,bench,491,151,0,226502.25,10,13,bench,1
0112172_neurosketch,30,furniture,bench,491,152,0,226502.25,10,13,bench,0
0112172_neurosketch,30,furniture,bench,491,153,0,226502.25,10,13,bench,0
0112172_neurosketch,30,furniture,bench,491,154,0,226502.25,10,13,bench,0
0112172_neurosketch,30,furniture,bed,492,155,1,232502.96,10,17,bed,1
0112172_neurosketch,30,furniture,bed,492,156,1,232502.96,10,17,bed,0
0112172_neurosketch,30,furniture,bed,492,157,1,232502.96,10,17,bed,0
0112172_neurosketch,30,furniture,bed,492,158,1,232502.96,10,17,bed,0
0112172_neurosketch,30,furniture,chair,493,159,1,238502.67,10,18,chair,1
0112172_neurosketch,30,furniture,chair,493,160,1,238502.67,10,18,chair,0
0112172_neurosketch,30,furniture,bench,494,161,0,241502.09,10,8,table,1
0112172_neurosketch,30,furniture,bench,494,162,0,241502.09,10,8,table,0
0112172_neurosketch,30,furniture,table,495,163,0,244501.82,10,3,table,1
0112172_neurosketch,30,furniture,table,495,164,0,244501.82,10,3,table,0
0112172_neurosketch,30,furniture,table,496,165,0,247502.04,10,9,table,1
0112172_neurosketch,30,furniture,table,496,166,0,247502.04,10,9,table,0
0112172_neurosketch,30,furniture,table,496,167,0,247502.04,10,9,table,0
0112172_neurosketch,30,furniture,chair,497,168,1,252004.47,10,1,chair,1
0112172_neurosketch,30,furniture,chair,497,169,1,252004.47,10,1,chair,0
0112172_neurosketch,30,furniture,chair,497,170,1,252004.47,10,1,chair,0
0112172_neurosketch,30,furniture,bed,498,171,1,256502.02,10,3,bed,1
0112172_neurosketch,30,furniture,bed,498,172,1,256502.02,10,3,bed,0
0112172_neurosketch,30,furniture,bed,498,173,1,256502.02,10,3,bed,0
0112172_neurosketch,30,2,bench,499,174,0,261002.32,10,23,bench,1
0112172_neurosketch,30,2,bench,499,175,0,261002.32,10,23,bench,0
0112172_neurosketch,30,furniture,bench,500,176,0,264003.21,10,6,bench,1
0112172_neurosketch,30,furniture,bench,500,177,0,264003.21,10,6,bench,0
0112172_neurosketch,30,furniture,bench,500,178,0,264003.21,10,6,bench,0
0112172_neurosketch,30,furniture,table,501,179,0,268502.42,10,14,bench,1
0112172_neurosketch,30,furniture,table,501,180,0,268502.42,10,14,bench,0
0112172_neurosketch,30,furniture,chair,502,181,1,271502.81,10,14,chair,1
0112172_neurosketch,30,furniture,chair,502,182,1,271502.81,10,14,chair,0
0112172_neurosketch,30,furniture,chair,502,183,1,271502.81,10,14,chair,0
0112172_neurosketch,30,furniture,bed,503,184,1,276002.88,10,8,bed,1
0112172_neurosketch,30,furniture,bed,503,185,1,276002.88,10,8,bed,0
0112172_neurosketch,30,furniture,chair,504,186,1,279002.19,10,17,chair,1
0112172_neurosketch,30,furniture,chair,504,187,1,279002.19,10,17,chair,0
0112172_neurosketch,30,furniture,chair,504,188,1,279002.19,10,17,chair,0
0112172_neurosketch,30,furniture,bed,505,189,1,283502.69,10,16,bed,1
0112172_neurosketch,30,furniture,bed,505,190,1,283502.69,10,16,bed,0
0112172_neurosketch,30,furniture,bed,505,191,1,283502.69,10,16,bed,0
0112172_neurosketch,30,furniture,table,506,192,0,288002.8,10,21,table,1
0112172_neurosketch,30,furniture,table,506,193,0,288002.8,10,21,table,0
0112172_neurosketch,30,furniture,bench,507,194,0,291002.03,10,3,table,1
0112172_neurosketch,30,furniture,bench,507,195,0,291002.03,10,3,table,0
0112172_neurosketch,30,furniture,bench,507,196,0,291002.03,10,3,table,0
0112172_neurosketch,30,furniture,bench,507,197,0,291002.03,10,3,table,0
0112172_neurosketch,30,furniture,table,508,198,0,297002.74,10,30,table,1
0112172_neurosketch,30,furniture,table,508,199,0,297002.74,10,30,table,0
0112172_neurosketch,30,2,bed,509,200,1,300002.94,10,13,bed,1
0112172_neurosketch,30,2,bed,509,201,1,300002.94,10,13,bed,0
0112172_neurosketch,30,2,bed,509,202,1,300002.94,10,13,bed,0
0112172_neurosketch,30,furniture,bench,510,203,0,304502.95,10,34,bench,1
0112172_neurosketch,30,furniture,bench,510,204,0,304502.95,10,34,bench,0
0112172_neurosketch,30,furniture,bench,510,205,0,304502.95,10,34,bench,0
0112172_neurosketch,30,furniture,bench,510,206,0,304502.95,10,34,bench,0
0112172_neurosketch,30,furniture,chair,511,207,1,310503.07,10,26,chair,1
0112172_neurosketch,30,furniture,chair,511,208,1,310503.07,10,26,chair,0
0112172_neurosketch,30,furniture,chair,511,209,1,310503.07,10,26,chair,0
0112172_neurosketch,30,furniture,bed,512,210,1,315002.8,10,22,bed,1
0112172_neurosketch,30,furniture,bed,512,211,1,315002.8,10,22,bed,0
0112172_neurosketch,30,furniture,table,513,212,0,318002.79,10,0,table,1
0112172_neurosketch,30,furniture,table,513,213,0,318002.79,10,0,table,0
0112172_neurosketch,30,furniture,table,513,214,0,318002.79,10,0,table,0
0112172_neurosketch,30,furniture,table,513,215,0,318002.79,10,0,table,0
0112172_neurosketch,30,furniture,bench,514,216,0,324002.72,10,5,bench,1
0112172_neurosketch,30,furniture,bench,514,217,0,324002.72,10,5,bench,0
0112172_neurosketch,30,furniture,chair,515,218,1,327002.52,10,5,bed,1
0112172_neurosketch,30,furniture,chair,515,219,1,327002.52,10,5,bed,0
0112172_neurosketch,30,furniture,chair,515,220,1,327002.52,10,5,bed,0
0112172_neurosketch,30,furniture,chair,515,221,1,327002.52,10,5,bed,0
0112172_neurosketch,30,furniture,chair,516,222,1,333002.69,10,30,chair,1
0112172_neurosketch,30,furniture,chair,516,223,1,333002.69,10,30,chair,0
0112172_neurosketch,30,furniture,chair,516,224,1,333002.69,10,30,chair,0
0112172_neurosketch,30,furniture,table,517,225,0,337502.46,10,7,table,1
0112172_neurosketch,30,furniture,table,517,226,0,337502.46,10,7,table,0
0112172_neurosketch,30,furniture,bench,518,227,0,340502.96,10,4,bench,1
0112172_neurosketch,30,furniture,bench,518,228,0,340502.96,10,4,bench,0
0112172_neurosketch,30,2,bed,519,229,1,343504.1,10,30,bed,1
0112172_neurosketch,30,2,bed,519,230,1,343504.1,10,30,bed,0
0112172_neurosketch,30,2,bed,519,231,1,343504.1,10,30,bed,0
0112172_neurosketch,30,2,bed,519,232,1,343504.1,10,30,bed,0
0112172_neurosketch,30,2,bed,519,233,1,343504.1,10,30,bed,0
0112172_neurosketch,30,2,bed,519,234,1,343504.1,10,30,bed,0
0112172_neurosketch,30,2,bed,519,235,1,343504.1,10,30,bed,0
0112172_neurosketch,30,2,bed,519,236,1,343504.1,10,30,bed,0
0112172_neurosketch,30,2,bed,519,237,1,343504.1,10,30,bed,0
0112172_neurosketch,30,2,bed,519,238,1,343504.1,10,30,bed,0
0112172_neurosketch,30,2,bed,519,239,1,343504.1,10,30,bed,0
