wID,versionNum,category,object,trial,TRnum,condition,onset_time,run_num,viewpoint,response,onset
0115174_neurosketch,27,furniture,bench,0,0,-1,0.0,1,13,,0
0115174_neurosketch,27,furniture,bench,0,1,-1,0.0,1,13,,0
0115174_neurosketch,27,furniture,bench,0,2,-1,0.0,1,13,,0
0115174_neurosketch,27,furniture,bench,0,3,-1,0.0,1,13,,0
0115174_neurosketch,27,furniture,bench,0,4,-1,0.0,1,13,,0
0115174_neurosketch,27,furniture,bench,0,5,-1,0.0,1,13,,0
0115174_neurosketch,27,furniture,bench,0,6,-1,0.0,1,13,,0
0115174_neurosketch,27,furniture,bench,0,7,-1,0.0,1,13,,0
0115174_neurosketch,27,furniture,bench,0,8,0,12005.14,1,13,,1
0115174_neurosketch,27,furniture,bench,0,9,0,12005.14,1,13,,0
0115174_neurosketch,27,furniture,bench,0,10,0,12005.14,1,13,,0
0115174_neurosketch,27,furniture,bench,0,11,0,12005.14,1,13,,0
0115174_neurosketch,27,furniture,bench,0,12,0,12005.14,1,13,,0
0115174_neurosketch,27,furniture,bench,0,13,0,12005.14,1,13,,0
0115174_neurosketch,27,furniture,table,1,14,1,21001.8,1,5,table,1
0115174_neurosketch,27,furniture,table,1,15,1,21001.8,1,5,table,0
0115174_neurosketch,27,furniture,table,1,16,1,21001.8,1,5,table,0
0115174_neurosketch,27,furniture,table,1,17,1,21001.8,1,5,table,0
0115174_neurosketch,27,furniture,bed,2,18,1,27002.51,1,30,bed,1
0115174_neurosketch,27,furniture,bed,2,19,1,27002.51,1,30,bed,0
0115174_neurosketch,27,furniture,chair,3,20,0,30002.04,1,1,bench,1
0115174_neurosketch,27,furniture,chair,3,21,0,30002.04,1,1,bench,0
0115174_neurosketch,27,furniture,chair,3,22,0,30002.04,1,1,bench,0
0115174_neurosketch,27,furniture,table,4,23,1,34504.65,1,9,table,1
0115174_neurosketch,27,furniture,table,4,24,1,34504.65,1,9,table,0
0115174_neurosketch,27,furniture,bench,5,25,0,37502.14,1,12,bench,1
0115174_neurosketch,27,furniture,bench,5,26,0,37502.14,1,12,bench,0
0115174_neurosketch,27,furniture,bench,5,27,0,37502.14,1,12,bench,0
0115174_neurosketch,27,furniture,bed,6,28,1,42001.92,1,18,bed,1
0115174_neurosketch,27,furniture,bed,6,29,1,42001.92,1,18,bed,0
0115174_neurosketch,27,furniture,bed,6,30,1,42001.92,1,18,bed,0
0115174_neurosketch,27,furniture,chair,7,31,0,46501.98,1,32,chair,1
0115174_neurosketch,27,furniture,chair,7,32,0,46501.98,1,32,chair,0
0115174_neurosketch,27,furniture,chair,7,33,0,46501.98,1,32,chair,0
0115174_neurosketch,27,furniture,bench,8,34,0,51001.62,1,37,bench,1
0115174_neurosketch,27,furniture,bench,8,35,0,51001.62,1,37,bench,0
0115174_neurosketch,27,2,chair,9,36,0,54002.33,1,18,chair,1
0115174_neurosketch,27,2,chair,9,37,0,54002.33,1,18,chair,0
0115174_neurosketch,27,2,chair,9,38,0,54002.33,1,18,chair,0
0115174_neurosketch,27,furniture,table,10,39,1,58502.75,1,2,table,1
0115174_neurosketch,27,furniture,table,10,40,1,58502.75,1,2,table,0
0115174_neurosketch,27,furniture,bed,11,41,1,61502.23,1,1,bed,1
0115174_neurosketch,27,furniture,bed,11,42,1,61502.23,1,1,bed,0
0115174_neurosketch,27,furniture,bed,11,43,1,61502.23,1,1,bed,0
0115174_neurosketch,27,furniture,bed,11,44,1,61502.23,1,1,bed,0
0115174_neurosketch,27,furniture,chair,12,45,0,67501.68,1,13,chair,1
0115174_neurosketch,27,furniture,chair,12,46,0,67501.68,1,13,chair,0
0115174_neurosketch,27,furniture,chair,12,47,0,67501.68,1,13,chair,0
0115174_neurosketch,27,furniture,table,13,48,1,72002.35,1,7,table,1
0115174_neurosketch,27,furniture,table,13,49,1,72002.35,1,7,table,0
0115174_neurosketch,27,furniture,bed,14,50,1,75001.81,1,31,bed,1
0115174_neurosketch,27,furniture,bed,14,51,1,75001.81,1,31,bed,0
0115174_neurosketch,27,furniture,bench,15,52,0,78002.6,1,4,bench,1
0115174_neurosketch,27,furniture,bench,15,53,0,78002.6,1,4,bench,0
0115174_neurosketch,27,furniture,bench,15,54,0,78002.6,1,4,bench,0
0115174_neurosketch,27,furniture,chair,16,55,0,82501.89,1,17,chair,1
0115174_neurosketch,27,furniture,chair,16,56,0,82501.89,1,17,chair,0
0115174_neurosketch,27,furniture,chair,16,57,0,82501.89,1,17,chair,0
0115174_neurosketch,27,furniture,bench,17,58,0,87002.25,1,19,bench,1
0115174_neurosketch,27,furniture,bench,17,59,0,87002.25,1,19,bench,0
0115174_neurosketch,27,furniture,bed,18,60,1,90002.25,1,38,bed,1
0115174_neurosketch,27,furniture,bed,18,61,1,90002.25,1,38,bed,0
0115174_neurosketch,27,furniture,bed,18,62,1,90002.25,1,38,bed,0
0115174_neurosketch,27,furniture,bed,18,63,1,90002.25,1,38,bed,0
0115174_neurosketch,27,2,table,19,64,1,96002.13,1,25,table,1
0115174_neurosketch,27,2,table,19,65,1,96002.13,1,25,table,0
0115174_neurosketch,27,2,table,19,66,1,96002.13,1,25,table,0
0115174_neurosketch,27,furniture,bench,20,67,0,100502.83,1,18,bench,1
0115174_neurosketch,27,furniture,bench,20,68,0,100502.83,1,18,bench,0
0115174_neurosketch,27,furniture,chair,21,69,0,103502.51,1,3,chair,1
0115174_neurosketch,27,furniture,chair,21,70,0,103502.51,1,3,chair,0
0115174_neurosketch,27,furniture,chair,21,71,0,103502.51,1,3,chair,0
0115174_neurosketch,27,furniture,chair,21,72,0,103502.51,1,3,chair,0
0115174_neurosketch,27,furniture,bed,22,73,1,109502.89,1,27,bed,1
0115174_neurosketch,27,furniture,bed,22,74,1,109502.89,1,27,bed,0
0115174_neurosketch,27,furniture,bed,22,75,1,109502.89,1,27,bed,0
0115174_neurosketch,27,furniture,bed,22,76,1,109502.89,1,27,bed,0
0115174_neurosketch,27,furniture,table,23,77,1,115502.93,1,20,table,1
0115174_neurosketch,27,furniture,table,23,78,1,115502.93,1,20,table,0
0115174_neurosketch,27,furniture,table,23,79,1,115502.93,1,20,table,0
0115174_neurosketch,27,furniture,table,23,80,1,115502.93,1,20,table,0
0115174_neurosketch,27,furniture,chair,24,81,0,121501.93,1,33,chair,1
0115174_neurosketch,27,furniture,chair,24,82,0,121501.93,1,33,chair,0
0115174_neurosketch,27,furniture,chair,24,83,0,121501.93,1,33,chair,0
0115174_neurosketch,27,furniture,bed,25,84,1,126003.81,1,36,bed,1
0115174_neurosketch,27,furniture,bed,25,85,1,126003.81,1,36,bed,0
0115174_neurosketch,27,furniture,bench,26,86,0,129003.63,1,32,bench,1
0115174_neurosketch,27,furniture,bench,26,87,0,129003.63,1,32,bench,0
0115174_neurosketch,27,furniture,bench,26,88,0,129003.63,1,32,bench,0
0115174_neurosketch,27,furniture,table,27,89,1,133502.38,1,0,table,1
0115174_neurosketch,27,furniture,table,27,90,1,133502.38,1,0,table,0
0115174_neurosketch,27,furniture,chair,28,91,0,136502.88,1,12,chair,1
0115174_neurosketch,27,furniture,chair,28,92,0,136502.88,1,12,chair,0
0115174_neurosketch,27,furniture,chair,28,93,0,136502.88,1,12,chair,0
0115174_neurosketch,27,2,table,29,94,1,141002.29,1,38,table,1
0115174_neurosketch,27,2,table,29,95,1,141002.29,1,38,table,0
0115174_neurosketch,27,furniture,bed,30,96,1,144003.14,1,3,bed,1
0115174_neurosketch,27,furniture,bed,30,97,1,144003.14,1,3,bed,0
0115174_neurosketch,27,furniture,bench,31,98,0,147002.51,1,38,bench,1
0115174_neurosketch,27,furniture,bench,31,99,0,147002.51,1,38,bench,0
0115174_neurosketch,27,furniture,bench,31,100,0,147002.51,1,38,bench,0
0115174_neurosketch,27,furniture,table,32,101,1,151503.0,1,28,table,1
0115174_neurosketch,27,furniture,table,32,102,1,151503.0,1,28,table,0
0115174_neurosketch,27,furniture,table,32,103,1,151503.0,1,28,table,0
0115174_neurosketch,27,furniture,table,32,104,1,151503.0,1,28,table,0
0115174_neurosketch,27,furniture,bench,33,105,0,157502.91,1,35,bench,1
0115174_neurosketch,27,furniture,bench,33,106,0,157502.91,1,35,bench,0
0115174_neurosketch,27,furniture,bench,33,107,0,157502.91,1,35,bench,0
0115174_neurosketch,27,furniture,bed,34,108,1,162002.1,1,7,bed,1
0115174_neurosketch,27,furniture,bed,34,109,1,162002.1,1,7,bed,0
0115174_neurosketch,27,furniture,chair,35,110,0,165002.43,1,11,chair,1
0115174_neurosketch,27,furniture,chair,35,111,0,165002.43,1,11,chair,0
0115174_neurosketch,27,furniture,bed,36,112,1,168002.76,1,17,bed,1
0115174_neurosketch,27,furniture,bed,36,113,1,168002.76,1,17,bed,0
0115174_neurosketch,27,furniture,bed,36,114,1,168002.76,1,17,bed,0
0115174_neurosketch,27,furniture,bench,37,115,0,172501.95,1,39,bench,1
0115174_neurosketch,27,furniture,bench,37,116,0,172501.95,1,39,bench,0
0115174_neurosketch,27,furniture,bench,37,117,0,172501.95,1,39,bench,0
0115174_neurosketch,27,furniture,chair,38,118,0,177002.97,1,28,chair,1
0115174_neurosketch,27,furniture,chair,38,119,0,177002.97,1,28,chair,0
0115174_neurosketch,27,2,table,39,120,1,180002.35,1,13,table,1
0115174_neurosketch,27,2,table,39,121,1,180002.35,1,13,table,0
0115174_neurosketch,27,2,table,39,122,1,180002.35,1,13,table,0
0115174_neurosketch,27,2,table,39,123,1,180002.35,1,13,table,0
0115174_neurosketch,27,furniture,table,40,124,1,186002.44,1,8,table,1
0115174_neurosketch,27,furniture,table,40,125,1,186002.44,1,8,table,0
0115174_neurosketch,27,furniture,bed,41,126,1,189004.34,1,4,,1
0115174_neurosketch,27,furniture,bed,41,127,1,189004.34,1,4,,0
0115174_neurosketch,27,furniture,bed,41,128,1,189004.34,1,4,,0
0115174_neurosketch,27,furniture,bed,41,129,1,189004.34,1,4,,0
0115174_neurosketch,27,furniture,bench,42,130,0,195002.14,1,27,bench,1
0115174_neurosketch,27,furniture,bench,42,131,0,195002.14,1,27,bench,0
0115174_neurosketch,27,furniture,chair,43,132,0,198003.27,1,34,bench,1
0115174_neurosketch,27,furniture,chair,43,133,0,198003.27,1,34,bench,0
0115174_neurosketch,27,furniture,chair,43,134,0,198003.27,1,34,bench,0
0115174_neurosketch,27,furniture,chair,44,135,0,202503.05,1,23,chair,1
0115174_neurosketch,27,furniture,chair,44,136,0,202503.05,1,23,chair,0
0115174_neurosketch,27,furniture,bed,45,137,1,205502.95,1,25,bed,1
0115174_neurosketch,27,furniture,bed,45,138,1,205502.95,1,25,bed,0
0115174_neurosketch,27,furniture,bed,45,139,1,205502.95,1,25,bed,0
0115174_neurosketch,27,furniture,table,46,140,1,210002.06,1,22,table,1
0115174_neurosketch,27,furniture,table,46,141,1,210002.06,1,22,table,0
0115174_neurosketch,27,furniture,table,46,142,1,210002.06,1,22,table,0
0115174_neurosketch,27,furniture,bench,47,143,0,214503.17,1,8,bench,1
0115174_neurosketch,27,furniture,bench,47,144,0,214503.17,1,8,bench,0
0115174_neurosketch,27,furniture,bench,47,145,0,214503.17,1,8,bench,0
0115174_neurosketch,27,furniture,bed,48,146,1,219002.59,1,10,bed,1
0115174_neurosketch,27,furniture,bed,48,147,1,219002.59,1,10,bed,0
0115174_neurosketch,27,2,table,49,148,1,222002.56,1,18,table,1
0115174_neurosketch,27,2,table,49,149,1,222002.56,1,18,table,0
0115174_neurosketch,27,2,table,49,150,1,222002.56,1,18,table,0
0115174_neurosketch,27,furniture,chair,50,151,0,226501.78,1,7,chair,1
0115174_neurosketch,27,furniture,chair,50,152,0,226501.78,1,7,chair,0
0115174_neurosketch,27,furniture,bench,51,153,0,229502.75,1,15,bench,1
0115174_neurosketch,27,furniture,bench,51,154,0,229502.75,1,15,bench,0
0115174_neurosketch,27,furniture,bench,51,155,0,229502.75,1,15,bench,0
0115174_neurosketch,27,furniture,bench,51,156,0,229502.75,1,15,bench,0
0115174_neurosketch,27,furniture,bench,52,157,0,235502.62,1,17,bench,1
0115174_neurosketch,27,furniture,bench,52,158,0,235502.62,1,17,bench,0
0115174_neurosketch,27,furniture,bench,52,159,0,235502.62,1,17,bench,0
0115174_neurosketch,27,furniture,chair,53,160,0,240002.88,1,39,chair,1
0115174_neurosketch,27,furniture,chair,53,161,0,240002.88,1,39,chair,0
0115174_neurosketch,27,furniture,table,54,162,1,243003.01,1,11,table,1
0115174_neurosketch,27,furniture,table,54,163,1,243003.01,1,11,table,0
0115174_neurosketch,27,furniture,bed,55,164,1,246002.88,1,13,bed,1
0115174_neurosketch,27,furniture,bed,55,165,1,246002.88,1,13,bed,0
0115174_neurosketch,27,furniture,bed,55,166,1,246002.88,1,13,bed,0
0115174_neurosketch,27,furniture,bench,56,167,0,250502.56,1,9,bench,1
0115174_neurosketch,27,furniture,bench,56,168,0,250502.56,1,9,bench,0
0115174_neurosketch,27,furniture,bench,56,169,0,250502.56,1,9,bench,0
0115174_neurosketch,27,furniture,bed,57,170,1,255003.97,1,33,bed,1
0115174_neurosketch,27,furniture,bed,57,171,1,255003.97,1,33,bed,0
0115174_neurosketch,27,furniture,table,58,172,1,258005.48,1,33,table,1
0115174_neurosketch,27,furniture,table,58,173,1,258005.48,1,33,table,0
0115174_neurosketch,27,furniture,table,58,174,1,258005.48,1,33,table,0
0115174_neurosketch,27,furniture,table,58,175,1,258005.48,1,33,table,0
0115174_neurosketch,27,2,chair,59,176,0,264002.86,1,27,chair,1
0115174_neurosketch,27,2,chair,59,177,0,264002.86,1,27,chair,0
0115174_neurosketch,27,2,chair,59,178,0,264002.86,1,27,chair,0
0115174_neurosketch,27,furniture,bed,60,179,1,268502.04,1,20,bed,1
0115174_neurosketch,27,furniture,bed,60,180,1,268502.04,1,20,bed,0
0115174_neurosketch,27,furniture,chair,61,181,0,271501.85,1,8,chair,1
0115174_neurosketch,27,furniture,chair,61,182,0,271501.85,1,8,chair,0
0115174_neurosketch,27,furniture,chair,61,183,0,271501.85,1,8,chair,0
0115174_neurosketch,27,furniture,chair,61,184,0,271501.85,1,8,chair,0
0115174_neurosketch,27,furniture,bench,62,185,0,277503.27,1,20,bench,1
0115174_neurosketch,27,furniture,bench,62,186,0,277503.27,1,20,bench,0
0115174_neurosketch,27,furniture,bench,62,187,0,277503.27,1,20,bench,0
0115174_neurosketch,27,furniture,bench,62,188,0,277503.27,1,20,bench,0
0115174_neurosketch,27,furniture,table,63,189,1,283502.94,1,4,table,1
0115174_neurosketch,27,furniture,table,63,190,1,283502.94,1,4,table,0
0115174_neurosketch,27,furniture,table,63,191,1,283502.94,1,4,table,0
0115174_neurosketch,27,furniture,table,63,192,1,283502.94,1,4,table,0
0115174_neurosketch,27,furniture,bed,64,193,1,289503.05,1,8,bed,1
0115174_neurosketch,27,furniture,bed,64,194,1,289503.05,1,8,bed,0
0115174_neurosketch,27,furniture,bed,64,195,1,289503.05,1,8,bed,0
0115174_neurosketch,27,furniture,table,65,196,1,294003.4,1,37,table,1
0115174_neurosketch,27,furniture,table,65,197,1,294003.4,1,37,table,0
0115174_neurosketch,27,furniture,chair,66,198,0,297002.86,1,6,chair,1
0115174_neurosketch,27,furniture,chair,66,199,0,297002.86,1,6,chair,0
0115174_neurosketch,27,furniture,chair,66,200,0,297002.86,1,6,chair,0
0115174_neurosketch,27,furniture,bench,67,201,0,301504.68,1,24,bench,1
0115174_neurosketch,27,furniture,bench,67,202,0,301504.68,1,24,bench,0
0115174_neurosketch,27,furniture,bench,68,203,0,304503.25,1,25,bench,1
0115174_neurosketch,27,furniture,bench,68,204,0,304503.25,1,25,bench,0
0115174_neurosketch,27,furniture,bench,68,205,0,304503.25,1,25,bench,0
0115174_neurosketch,27,2,chair,69,206,0,309003.19,1,30,chair,1
0115174_neurosketch,27,2,chair,69,207,0,309003.19,1,30,chair,0
0115174_neurosketch,27,furniture,table,70,208,1,312002.51,1,29,table,1
0115174_neurosketch,27,furniture,table,70,209,1,312002.51,1,29,table,0
0115174_neurosketch,27,furniture,bed,71,210,1,315002.42,1,21,bed,1
0115174_neurosketch,27,furniture,bed,71,211,1,315002.42,1,21,bed,0
0115174_neurosketch,27,furniture,bed,71,212,1,315002.42,1,21,bed,0
0115174_neurosketch,27,furniture,table,72,213,1,319502.26,1,35,table,1
0115174_neurosketch,27,furniture,table,72,214,1,319502.26,1,35,table,0
0115174_neurosketch,27,furniture,table,72,215,1,319502.26,1,35,table,0
0115174_neurosketch,27,furniture,table,72,216,1,319502.26,1,35,table,0
0115174_neurosketch,27,furniture,bed,73,217,1,325502.59,1,22,bed,1
0115174_neurosketch,27,furniture,bed,73,218,1,325502.59,1,22,bed,0
0115174_neurosketch,27,furniture,bed,73,219,1,325502.59,1,22,bed,0
0115174_neurosketch,27,furniture,bench,74,220,0,330002.32,1,2,bench,1
0115174_neurosketch,27,furniture,bench,74,221,0,330002.32,1,2,bench,0
0115174_neurosketch,27,furniture,chair,75,222,0,333001.72,1,35,chair,1
0115174_neurosketch,27,furniture,chair,75,223,0,333001.72,1,35,chair,0
0115174_neurosketch,27,furniture,chair,76,224,0,336003.04,1,10,chair,1
0115174_neurosketch,27,furniture,chair,76,225,0,336003.04,1,10,chair,0
0115174_neurosketch,27,furniture,chair,76,226,0,336003.04,1,10,chair,0
0115174_neurosketch,27,furniture,bench,77,227,0,340501.97,1,29,bench,1
0115174_neurosketch,27,furniture,bench,77,228,0,340501.97,1,29,bench,0
0115174_neurosketch,27,furniture,bench,77,229,0,340501.97,1,29,bench,0
0115174_neurosketch,27,furniture,bed,78,230,1,345003.19,1,26,bed,1
0115174_neurosketch,27,furniture,bed,78,231,1,345003.19,1,26,bed,0
0115174_neurosketch,27,2,table,79,232,1,348002.13,1,24,table,1
0115174_neurosketch,27,2,table,79,233,1,348002.13,1,24,table,0
0115174_neurosketch,27,2,table,79,234,1,348002.13,1,24,table,0
0115174_neurosketch,27,2,table,79,235,1,348002.13,1,24,table,0
0115174_neurosketch,27,2,table,79,236,1,348002.13,1,24,table,0
0115174_neurosketch,27,2,table,79,237,1,348002.13,1,24,table,0
0115174_neurosketch,27,2,table,79,238,1,348002.13,1,24,table,0
0115174_neurosketch,27,2,table,79,239,1,348002.13,1,24,table,0
0115174_neurosketch,27,furniture,table,80,0,-1,0.0,2,16,table,0
0115174_neurosketch,27,furniture,table,80,1,-1,0.0,2,16,table,0
0115174_neurosketch,27,furniture,table,80,2,-1,0.0,2,16,table,0
0115174_neurosketch,27,furniture,table,80,3,-1,0.0,2,16,table,0
0115174_neurosketch,27,furniture,table,80,4,-1,0.0,2,16,table,0
0115174_neurosketch,27,furniture,table,80,5,-1,0.0,2,16,table,0
0115174_neurosketch,27,furniture,table,80,6,-1,0.0,2,16,table,0
0115174_neurosketch,27,furniture,table,80,7,-1,0.0,2,16,table,0
0115174_neurosketch,27,furniture,table,80,8,1,12002.45,2,16,table,1
0115174_neurosketch,27,furniture,table,80,9,1,12002.45,2,16,table,0
0115174_neurosketch,27,furniture,bench,81,10,0,15002.13,2,7,bench,1
0115174_neurosketch,27,furniture,bench,81,11,0,15002.13,2,7,bench,0
0115174_neurosketch,27,furniture,bench,81,12,0,15002.13,2,7,bench,0
0115174_neurosketch,27,furniture,bench,81,13,0,15002.13,2,7,bench,0
0115174_neurosketch,27,furniture,bed,82,14,1,21002.14,2,5,bed,1
0115174_neurosketch,27,furniture,bed,82,15,1,21002.14,2,5,bed,0
0115174_neurosketch,27,furniture,chair,83,16,0,24001.8,2,4,chair,1
0115174_neurosketch,27,furniture,chair,83,17,0,24001.8,2,4,chair,0
0115174_neurosketch,27,furniture,chair,83,18,0,24001.8,2,4,chair,0
0115174_neurosketch,27,furniture,chair,84,19,0,28501.93,2,38,chair,1
0115174_neurosketch,27,furniture,chair,84,20,0,28501.93,2,38,chair,0
0115174_neurosketch,27,furniture,bench,85,21,0,31502.09,2,33,bench,1
0115174_neurosketch,27,furniture,bench,85,22,0,31502.09,2,33,bench,0
0115174_neurosketch,27,furniture,bench,85,23,0,31502.09,2,33,bench,0
0115174_neurosketch,27,furniture,table,86,24,1,36003.43,2,6,table,1
0115174_neurosketch,27,furniture,table,86,25,1,36003.43,2,6,table,0
0115174_neurosketch,27,furniture,table,86,26,1,36003.43,2,6,table,0
0115174_neurosketch,27,furniture,bed,87,27,1,40501.51,2,23,bed,1
0115174_neurosketch,27,furniture,bed,87,28,1,40501.51,2,23,bed,0
0115174_neurosketch,27,furniture,bed,87,29,1,40501.51,2,23,bed,0
0115174_neurosketch,27,furniture,bed,88,30,1,45001.98,2,32,bed,1
0115174_neurosketch,27,furniture,bed,88,31,1,45001.98,2,32,bed,0
0115174_neurosketch,27,2,chair,89,32,0,48001.67,2,22,chair,1
0115174_neurosketch,27,2,chair,89,33,0,48001.67,2,22,chair,0
0115174_neurosketch,27,2,chair,89,34,0,48001.67,2,22,chair,0
0115174_neurosketch,27,furniture,table,90,35,1,52502.6,2,32,table,1
0115174_neurosketch,27,furniture,table,90,36,1,52502.6,2,32,table,0
0115174_neurosketch,27,furniture,bench,91,37,0,55502.5,2,1,bench,1
0115174_neurosketch,27,furniture,bench,91,38,0,55502.5,2,1,bench,0
0115174_neurosketch,27,furniture,bench,91,39,0,55502.5,2,1,bench,0
0115174_neurosketch,27,furniture,bench,91,40,0,55502.5,2,1,bench,0
0115174_neurosketch,27,furniture,chair,92,41,0,61501.65,2,5,chair,1
0115174_neurosketch,27,furniture,chair,92,42,0,61501.65,2,5,chair,0
0115174_neurosketch,27,furniture,chair,92,43,0,61501.65,2,5,chair,0
0115174_neurosketch,27,furniture,bench,93,44,0,66002.52,2,0,bench,1
0115174_neurosketch,27,furniture,bench,93,45,0,66002.52,2,0,bench,0
0115174_neurosketch,27,furniture,table,94,46,1,69002.42,2,27,bed,1
0115174_neurosketch,27,furniture,table,94,47,1,69002.42,2,27,bed,0
0115174_neurosketch,27,furniture,bed,95,48,1,72001.78,2,9,bed,1
0115174_neurosketch,27,furniture,bed,95,49,1,72001.78,2,9,bed,0
0115174_neurosketch,27,furniture,bed,95,50,1,72001.78,2,9,bed,0
0115174_neurosketch,27,furniture,chair,96,51,0,76502.56,2,9,chair,1
0115174_neurosketch,27,furniture,chair,96,52,0,76502.56,2,9,chair,0
0115174_neurosketch,27,furniture,chair,96,53,0,76502.56,2,9,chair,0
0115174_neurosketch,27,furniture,bench,97,54,0,81002.66,2,16,bench,1
0115174_neurosketch,27,furniture,bench,97,55,0,81002.66,2,16,bench,0
0115174_neurosketch,27,furniture,bed,98,56,1,84002.01,2,29,bed,1
0115174_neurosketch,27,furniture,bed,98,57,1,84002.01,2,29,bed,0
0115174_neurosketch,27,furniture,bed,98,58,1,84002.01,2,29,bed,0
0115174_neurosketch,27,furniture,bed,98,59,1,84002.01,2,29,bed,0
0115174_neurosketch,27,2,table,99,60,1,90002.6,2,34,table,1
0115174_neurosketch,27,2,table,99,61,1,90002.6,2,34,table,0
0115174_neurosketch,27,2,table,99,62,1,90002.6,2,34,table,0
0115174_neurosketch,27,furniture,bench,100,63,0,94503.25,2,3,bench,1
0115174_neurosketch,27,furniture,bench,100,64,0,94503.25,2,3,bench,0
0115174_neurosketch,27,furniture,chair,101,65,0,97503.15,2,26,chair,1
0115174_neurosketch,27,furniture,chair,101,66,0,97503.15,2,26,chair,0
0115174_neurosketch,27,furniture,chair,101,67,0,97503.15,2,26,chair,0
0115174_neurosketch,27,furniture,chair,101,68,0,97503.15,2,26,chair,0
0115174_neurosketch,27,furniture,bed,102,69,1,103502.8,2,39,bed,1
0115174_neurosketch,27,furniture,bed,102,70,1,103502.8,2,39,bed,0
0115174_neurosketch,27,furniture,bed,102,71,1,103502.8,2,39,bed,0
0115174_neurosketch,27,furniture,bed,102,72,1,103502.8,2,39,bed,0
0115174_neurosketch,27,furniture,table,103,73,1,109502.62,2,21,table,1
0115174_neurosketch,27,furniture,table,103,74,1,109502.62,2,21,table,0
0115174_neurosketch,27,furniture,table,103,75,1,109502.62,2,21,table,0
0115174_neurosketch,27,furniture,table,103,76,1,109502.62,2,21,table,0
0115174_neurosketch,27,furniture,table,104,77,1,115502.47,2,36,table,1
0115174_neurosketch,27,furniture,table,104,78,1,115502.47,2,36,table,0
0115174_neurosketch,27,furniture,table,104,79,1,115502.47,2,36,table,0
0115174_neurosketch,27,furniture,bed,105,80,1,120002.52,2,6,bed,1
0115174_neurosketch,27,furniture,bed,105,81,1,120002.52,2,6,bed,0
0115174_neurosketch,27,furniture,bench,106,82,0,123003.04,2,34,bench,1
0115174_neurosketch,27,furniture,bench,106,83,0,123003.04,2,34,bench,0
0115174_neurosketch,27,furniture,bench,106,84,0,123003.04,2,34,bench,0
0115174_neurosketch,27,furniture,chair,107,85,0,127504.88,2,16,chair,1
0115174_neurosketch,27,furniture,chair,107,86,0,127504.88,2,16,chair,0
0115174_neurosketch,27,furniture,bed,108,87,1,130502.24,2,19,table,1
0115174_neurosketch,27,furniture,bed,108,88,1,130502.24,2,19,table,0
0115174_neurosketch,27,furniture,bed,108,89,1,130502.24,2,19,table,0
0115174_neurosketch,27,2,bench,109,90,0,135002.87,2,21,bench,1
0115174_neurosketch,27,2,bench,109,91,0,135002.87,2,21,bench,0
0115174_neurosketch,27,furniture,chair,110,92,0,138003.46,2,25,chair,1
0115174_neurosketch,27,furniture,chair,110,93,0,138003.46,2,25,chair,0
0115174_neurosketch,27,furniture,table,111,94,1,141003.22,2,10,table,1
0115174_neurosketch,27,furniture,table,111,95,1,141003.22,2,10,table,0
0115174_neurosketch,27,furniture,table,111,96,1,141003.22,2,10,table,0
0115174_neurosketch,27,furniture,bed,112,97,1,145502.3,2,28,bed,1
0115174_neurosketch,27,furniture,bed,112,98,1,145502.3,2,28,bed,0
0115174_neurosketch,27,furniture,bed,112,99,1,145502.3,2,28,bed,0
0115174_neurosketch,27,furniture,bed,112,100,1,145502.3,2,28,bed,0
0115174_neurosketch,27,furniture,chair,113,101,0,151502.84,2,2,chair,1
0115174_neurosketch,27,furniture,chair,113,102,0,151502.84,2,2,chair,0
0115174_neurosketch,27,furniture,chair,113,103,0,151502.84,2,2,chair,0
0115174_neurosketch,27,furniture,bench,114,104,0,156002.59,2,28,bench,1
0115174_neurosketch,27,furniture,bench,114,105,0,156002.59,2,28,bench,0
0115174_neurosketch,27,furniture,table,115,106,1,159002.96,2,1,table,1
0115174_neurosketch,27,furniture,table,115,107,1,159002.96,2,1,table,0
0115174_neurosketch,27,furniture,bench,116,108,0,162001.66,2,6,bench,1
0115174_neurosketch,27,furniture,bench,116,109,0,162001.66,2,6,bench,0
0115174_neurosketch,27,furniture,bench,116,110,0,162001.66,2,6,bench,0
0115174_neurosketch,27,furniture,table,117,111,1,166502.15,2,14,table,1
0115174_neurosketch,27,furniture,table,117,112,1,166502.15,2,14,table,0
0115174_neurosketch,27,furniture,table,117,113,1,166502.15,2,14,table,0
0115174_neurosketch,27,furniture,chair,118,114,0,171003.06,2,21,chair,1
0115174_neurosketch,27,furniture,chair,118,115,0,171003.06,2,21,chair,0
0115174_neurosketch,27,2,bed,119,116,1,174002.87,2,11,bed,1
0115174_neurosketch,27,2,bed,119,117,1,174002.87,2,11,bed,0
0115174_neurosketch,27,2,bed,119,118,1,174002.87,2,11,bed,0
0115174_neurosketch,27,2,bed,119,119,1,174002.87,2,11,bed,0
0115174_neurosketch,27,furniture,bench,120,120,0,180002.35,2,36,bench,1
0115174_neurosketch,27,furniture,bench,120,121,0,180002.35,2,36,bench,0
0115174_neurosketch,27,furniture,bed,121,122,1,183002.31,2,24,bed,1
0115174_neurosketch,27,furniture,bed,121,123,1,183002.31,2,24,bed,0
0115174_neurosketch,27,furniture,bed,121,124,1,183002.31,2,24,bed,0
0115174_neurosketch,27,furniture,bed,121,125,1,183002.31,2,24,bed,0
0115174_neurosketch,27,furniture,table,122,126,1,189002.83,2,17,table,1
0115174_neurosketch,27,furniture,table,122,127,1,189002.83,2,17,table,0
0115174_neurosketch,27,furniture,chair,123,128,0,192002.64,2,29,chair,1
0115174_neurosketch,27,furniture,chair,123,129,0,192002.64,2,29,chair,0
0115174_neurosketch,27,furniture,chair,123,130,0,192002.64,2,29,chair,0
0115174_neurosketch,27,furniture,chair,124,131,0,196502.14,2,31,chair,1
0115174_neurosketch,27,furniture,chair,124,132,0,196502.14,2,31,chair,0
0115174_neurosketch,27,furniture,bench,125,133,0,199501.76,2,22,bench,1
0115174_neurosketch,27,furniture,bench,125,134,0,199501.76,2,22,bench,0
0115174_neurosketch,27,furniture,bench,125,135,0,199501.76,2,22,bench,0
0115174_neurosketch,27,furniture,bed,126,136,1,204002.67,2,14,bed,1
0115174_neurosketch,27,furniture,bed,126,137,1,204002.67,2,14,bed,0
0115174_neurosketch,27,furniture,bed,126,138,1,204002.67,2,14,bed,0
0115174_neurosketch,27,furniture,table,127,139,1,208503.45,2,30,table,1
0115174_neurosketch,27,furniture,table,127,140,1,208503.45,2,30,table,0
0115174_neurosketch,27,furniture,table,127,141,1,208503.45,2,30,table,0
0115174_neurosketch,27,furniture,bench,128,142,0,213002.88,2,23,bench,1
0115174_neurosketch,27,furniture,bench,128,143,0,213002.88,2,23,bench,0
0115174_neurosketch,27,2,bed,129,144,1,216002.45,2,0,bed,1
0115174_neurosketch,27,2,bed,129,145,1,216002.45,2,0,bed,0
0115174_neurosketch,27,2,bed,129,146,1,216002.45,2,0,bed,0
0115174_neurosketch,27,furniture,chair,130,147,0,220504.23,2,19,chair,1
0115174_neurosketch,27,furniture,chair,130,148,0,220504.23,2,19,chair,0
0115174_neurosketch,27,furniture,table,131,149,1,223502.6,2,15,bed,1
0115174_neurosketch,27,furniture,table,131,150,1,223502.6,2,15,bed,0
0115174_neurosketch,27,furniture,table,131,151,1,223502.6,2,15,bed,0
0115174_neurosketch,27,furniture,table,131,152,1,223502.6,2,15,bed,0
0115174_neurosketch,27,furniture,bed,132,153,1,229502.09,2,15,bed,1
0115174_neurosketch,27,furniture,bed,132,154,1,229502.09,2,15,bed,0
0115174_neurosketch,27,furniture,bed,132,155,1,229502.09,2,15,bed,0
0115174_neurosketch,27,furniture,chair,133,156,0,234002.78,2,0,chair,1
0115174_neurosketch,27,furniture,chair,133,157,0,234002.78,2,0,chair,0
0115174_neurosketch,27,furniture,table,134,158,1,237002.21,2,3,table,1
0115174_neurosketch,27,furniture,table,134,159,1,237002.21,2,3,table,0
0115174_neurosketch,27,furniture,bench,135,160,0,240001.8,2,31,bench,1
0115174_neurosketch,27,furniture,bench,135,161,0,240001.8,2,31,bench,0
0115174_neurosketch,27,furniture,bench,135,162,0,240001.8,2,31,bench,0
0115174_neurosketch,27,furniture,chair,136,163,0,244502.65,2,15,chair,1
0115174_neurosketch,27,furniture,chair,136,164,0,244502.65,2,15,chair,0
0115174_neurosketch,27,furniture,chair,136,165,0,244502.65,2,15,chair,0
0115174_neurosketch,27,furniture,table,137,166,1,249002.94,2,31,table,1
0115174_neurosketch,27,furniture,table,137,167,1,249002.94,2,31,table,0
0115174_neurosketch,27,furniture,bed,138,168,1,252003.03,2,35,bed,1
0115174_neurosketch,27,furniture,bed,138,169,1,252003.03,2,35,bed,0
0115174_neurosketch,27,furniture,bed,138,170,1,252003.03,2,35,bed,0
0115174_neurosketch,27,furniture,bed,138,171,1,252003.03,2,35,bed,0
0115174_neurosketch,27,2,bench,139,172,0,258002.68,2,14,bench,1
0115174_neurosketch,27,2,bench,139,173,0,258002.68,2,14,bench,0
0115174_neurosketch,27,2,bench,139,174,0,258002.68,2,14,bench,0
0115174_neurosketch,27,furniture,bed,140,175,1,262503.22,2,12,bed,1
0115174_neurosketch,27,furniture,bed,140,176,1,262503.22,2,12,bed,0
0115174_neurosketch,27,furniture,table,141,177,1,265503.4,2,39,table,1
0115174_neurosketch,27,furniture,table,141,178,1,265503.4,2,39,table,0
0115174_neurosketch,27,furniture,table,141,179,1,265503.4,2,39,table,0
0115174_neurosketch,27,furniture,table,141,180,1,265503.4,2,39,table,0
0115174_neurosketch,27,furniture,chair,142,181,0,271503.01,2,20,chair,1
0115174_neurosketch,27,furniture,chair,142,182,0,271503.01,2,20,chair,0
0115174_neurosketch,27,furniture,chair,142,183,0,271503.01,2,20,chair,0
0115174_neurosketch,27,furniture,chair,142,184,0,271503.01,2,20,chair,0
0115174_neurosketch,27,furniture,bench,143,185,0,277503.29,2,5,bench,1
0115174_neurosketch,27,furniture,bench,143,186,0,277503.29,2,5,bench,0
0115174_neurosketch,27,furniture,bench,143,187,0,277503.29,2,5,bench,0
0115174_neurosketch,27,furniture,bench,143,188,0,277503.29,2,5,bench,0
0115174_neurosketch,27,furniture,chair,144,189,0,283502.87,2,14,chair,1
0115174_neurosketch,27,furniture,chair,144,190,0,283502.87,2,14,chair,0
0115174_neurosketch,27,furniture,chair,144,191,0,283502.87,2,14,chair,0
0115174_neurosketch,27,furniture,table,145,192,1,288003.54,2,19,table,1
0115174_neurosketch,27,furniture,table,145,193,1,288003.54,2,19,table,0
0115174_neurosketch,27,furniture,bed,146,194,1,291003.07,2,16,table,1
0115174_neurosketch,27,furniture,bed,146,195,1,291003.07,2,16,table,0
0115174_neurosketch,27,furniture,bed,146,196,1,291003.07,2,16,table,0
0115174_neurosketch,27,furniture,bench,147,197,0,295502.16,2,30,bench,1
0115174_neurosketch,27,furniture,bench,147,198,0,295502.16,2,30,bench,0
0115174_neurosketch,27,furniture,chair,148,199,0,298502.94,2,37,chair,1
0115174_neurosketch,27,furniture,chair,148,200,0,298502.94,2,37,chair,0
0115174_neurosketch,27,furniture,chair,148,201,0,298502.94,2,37,chair,0
0115174_neurosketch,27,2,bench,149,202,0,303004.23,2,26,bench,1
0115174_neurosketch,27,2,bench,149,203,0,303004.23,2,26,bench,0
0115174_neurosketch,27,furniture,table,150,204,1,306003.48,2,26,table,1
0115174_neurosketch,27,furniture,table,150,205,1,306003.48,2,26,table,0
0115174_neurosketch,27,furniture,bed,151,206,1,309002.82,2,34,bed,1
0115174_neurosketch,27,furniture,bed,151,207,1,309002.82,2,34,bed,0
0115174_neurosketch,27,furniture,bed,151,208,1,309002.82,2,34,bed,0
0115174_neurosketch,27,furniture,bed,152,209,1,313502.61,2,2,bed,1
0115174_neurosketch,27,furniture,bed,152,210,1,313502.61,2,2,bed,0
0115174_neurosketch,27,furniture,bed,152,211,1,313502.61,2,2,bed,0
0115174_neurosketch,27,furniture,bed,152,212,1,313502.61,2,2,bed,0
0115174_neurosketch,27,furniture,table,153,213,1,319502.52,2,12,table,1
0115174_neurosketch,27,furniture,table,153,214,1,319502.52,2,12,table,0
0115174_neurosketch,27,furniture,table,153,215,1,319502.52,2,12,table,0
0115174_neurosketch,27,furniture,bench,154,216,0,324002.82,2,11,bench,1
0115174_neurosketch,27,furniture,bench,154,217,0,324002.82,2,11,bench,0
0115174_neurosketch,27,furniture,chair,155,218,0,327003.98,2,24,chair,1
0115174_neurosketch,27,furniture,chair,155,219,0,327003.98,2,24,chair,0
0115174_neurosketch,27,furniture,bench,156,220,0,330002.55,2,10,bench,1
0115174_neurosketch,27,furniture,bench,156,221,0,330002.55,2,10,bench,0
0115174_neurosketch,27,furniture,bench,156,222,0,330002.55,2,10,bench,0
0115174_neurosketch,27,furniture,table,157,223,1,334502.91,2,23,table,1
0115174_neurosketch,27,furniture,table,157,224,1,334502.91,2,23,table,0
0115174_neurosketch,27,furniture,table,157,225,1,334502.91,2,23,table,0
0115174_neurosketch,27,furniture,chair,158,226,0,339002.75,2,36,chair,1
0115174_neurosketch,27,furniture,chair,158,227,0,339002.75,2,36,chair,0
0115174_neurosketch,27,2,bed,159,228,1,342003.07,2,37,bed,1
0115174_neurosketch,27,2,bed,159,229,1,342003.07,2,37,bed,0
0115174_neurosketch,27,2,bed,159,230,1,342003.07,2,37,bed,0
0115174_neurosketch,27,2,bed,159,231,1,342003.07,2,37,bed,0
0115174_neurosketch,27,2,bed,159,232,1,342003.07,2,37,bed,0
0115174_neurosketch,27,2,bed,159,233,1,342003.07,2,37,bed,0
0115174_neurosketch,27,2,bed,159,234,1,342003.07,2,37,bed,0
0115174_neurosketch,27,2,bed,159,235,1,342003.07,2,37,bed,0
0115174_neurosketch,27,2,bed,159,236,1,342003.07,2,37,bed,0
0115174_neurosketch,27,2,bed,159,237,1,342003.07,2,37,bed,0
0115174_neurosketch,27,2,bed,159,238,1,342003.07,2,37,bed,0
0115174_neurosketch,27,2,bed,159,239,1,342003.07,2,37,bed,0
0115174_neurosketch,27,furniture,bed,160,0,-1,0.0,3,37,bed,0
0115174_neurosketch,27,furniture,bed,160,1,-1,0.0,3,37,bed,0
0115174_neurosketch,27,furniture,bed,160,2,-1,0.0,3,37,bed,0
0115174_neurosketch,27,furniture,bed,160,3,-1,0.0,3,37,bed,0
0115174_neurosketch,27,furniture,bed,160,4,-1,0.0,3,37,bed,0
0115174_neurosketch,27,furniture,bed,160,5,-1,0.0,3,37,bed,0
0115174_neurosketch,27,furniture,bed,160,6,-1,0.0,3,37,bed,0
0115174_neurosketch,27,furniture,bed,160,7,-1,0.0,3,37,bed,0
0115174_neurosketch,27,furniture,bed,160,8,1,12001.47,3,37,bed,1
0115174_neurosketch,27,furniture,bed,160,9,1,12001.47,3,37,bed,0
0115174_neurosketch,27,furniture,chair,161,10,0,15001.84,3,36,chair,1
0115174_neurosketch,27,furniture,chair,161,11,0,15001.84,3,36,chair,0
0115174_neurosketch,27,furniture,chair,161,12,0,15001.84,3,36,chair,0
0115174_neurosketch,27,furniture,chair,161,13,0,15001.84,3,36,chair,0
0115174_neurosketch,27,furniture,table,162,14,1,21001.46,3,23,table,1
0115174_neurosketch,27,furniture,table,162,15,1,21001.46,3,23,table,0
0115174_neurosketch,27,furniture,bench,163,16,0,24001.79,3,10,bench,1
0115174_neurosketch,27,furniture,bench,163,17,0,24001.79,3,10,bench,0
0115174_neurosketch,27,furniture,bench,163,18,0,24001.79,3,10,bench,0
0115174_neurosketch,27,furniture,chair,164,19,0,28504.32,3,24,chair,1
0115174_neurosketch,27,furniture,chair,164,20,0,28504.32,3,24,chair,0
0115174_neurosketch,27,furniture,bench,165,21,0,31501.48,3,11,bench,1
0115174_neurosketch,27,furniture,bench,165,22,0,31501.48,3,11,bench,0
0115174_neurosketch,27,furniture,bench,165,23,0,31501.48,3,11,bench,0
0115174_neurosketch,27,furniture,table,166,24,1,36001.25,3,12,table,1
0115174_neurosketch,27,furniture,table,166,25,1,36001.25,3,12,table,0
0115174_neurosketch,27,furniture,table,166,26,1,36001.25,3,12,table,0
0115174_neurosketch,27,furniture,bed,167,27,1,40501.85,3,2,bed,1
0115174_neurosketch,27,furniture,bed,167,28,1,40501.85,3,2,bed,0
0115174_neurosketch,27,furniture,bed,167,29,1,40501.85,3,2,bed,0
0115174_neurosketch,27,furniture,bed,168,30,1,45002.21,3,34,bed,1
0115174_neurosketch,27,furniture,bed,168,31,1,45002.21,3,34,bed,0
0115174_neurosketch,27,2,table,169,32,1,48002.18,3,26,table,1
0115174_neurosketch,27,2,table,169,33,1,48002.18,3,26,table,0
0115174_neurosketch,27,2,table,169,34,1,48002.18,3,26,table,0
0115174_neurosketch,27,furniture,bench,170,35,0,52501.67,3,26,bench,1
0115174_neurosketch,27,furniture,bench,170,36,0,52501.67,3,26,bench,0
0115174_neurosketch,27,furniture,chair,171,37,0,55501.5,3,37,chair,1
0115174_neurosketch,27,furniture,chair,171,38,0,55501.5,3,37,chair,0
0115174_neurosketch,27,furniture,chair,171,39,0,55501.5,3,37,chair,0
0115174_neurosketch,27,furniture,chair,171,40,0,55501.5,3,37,chair,0
0115174_neurosketch,27,furniture,bench,172,41,0,61502.58,3,30,bench,1
0115174_neurosketch,27,furniture,bench,172,42,0,61502.58,3,30,bench,0
0115174_neurosketch,27,furniture,bench,172,43,0,61502.58,3,30,bench,0
0115174_neurosketch,27,furniture,bed,173,44,1,66002.07,3,16,bed,1
0115174_neurosketch,27,furniture,bed,173,45,1,66002.07,3,16,bed,0
0115174_neurosketch,27,furniture,table,174,46,1,69001.69,3,19,table,1
0115174_neurosketch,27,furniture,table,174,47,1,69001.69,3,19,table,0
0115174_neurosketch,27,furniture,chair,175,48,0,72002.33,3,14,chair,1
0115174_neurosketch,27,furniture,chair,175,49,0,72002.33,3,14,chair,0
0115174_neurosketch,27,furniture,chair,175,50,0,72002.33,3,14,chair,0
0115174_neurosketch,27,furniture,bench,176,51,0,76502.43,3,5,bench,1
0115174_neurosketch,27,furniture,bench,176,52,0,76502.43,3,5,bench,0
0115174_neurosketch,27,furniture,bench,176,53,0,76502.43,3,5,bench,0
0115174_neurosketch,27,furniture,chair,177,54,0,81001.94,3,20,chair,1
0115174_neurosketch,27,furniture,chair,177,55,0,81001.94,3,20,chair,0
0115174_neurosketch,27,furniture,table,178,56,1,84001.53,3,39,table,1
0115174_neurosketch,27,furniture,table,178,57,1,84001.53,3,39,table,0
0115174_neurosketch,27,furniture,table,178,58,1,84001.53,3,39,table,0
0115174_neurosketch,27,furniture,table,178,59,1,84001.53,3,39,table,0
0115174_neurosketch,27,2,bed,179,60,1,90001.92,3,12,bed,1
0115174_neurosketch,27,2,bed,179,61,1,90001.92,3,12,bed,0
0115174_neurosketch,27,2,bed,179,62,1,90001.92,3,12,bed,0
0115174_neurosketch,27,furniture,bench,180,63,0,94503.53,3,14,bench,1
0115174_neurosketch,27,furniture,bench,180,64,0,94503.53,3,14,bench,0
0115174_neurosketch,27,furniture,bed,181,65,1,97502.74,3,35,bed,1
0115174_neurosketch,27,furniture,bed,181,66,1,97502.74,3,35,bed,0
0115174_neurosketch,27,furniture,bed,181,67,1,97502.74,3,35,bed,0
0115174_neurosketch,27,furniture,bed,181,68,1,97502.74,3,35,bed,0
0115174_neurosketch,27,furniture,table,182,69,1,103502.21,3,31,table,1
0115174_neurosketch,27,furniture,table,182,70,1,103502.21,3,31,table,0
0115174_neurosketch,27,furniture,table,182,71,1,103502.21,3,31,table,0
0115174_neurosketch,27,furniture,table,182,72,1,103502.21,3,31,table,0
0115174_neurosketch,27,furniture,chair,183,73,0,109503.42,3,15,chair,1
0115174_neurosketch,27,furniture,chair,183,74,0,109503.42,3,15,chair,0
0115174_neurosketch,27,furniture,chair,183,75,0,109503.42,3,15,chair,0
0115174_neurosketch,27,furniture,chair,183,76,0,109503.42,3,15,chair,0
0115174_neurosketch,27,furniture,bench,184,77,0,115502.03,3,31,bench,1
0115174_neurosketch,27,furniture,bench,184,78,0,115502.03,3,31,bench,0
0115174_neurosketch,27,furniture,bench,184,79,0,115502.03,3,31,bench,0
0115174_neurosketch,27,furniture,table,185,80,1,120002.0,3,3,table,1
0115174_neurosketch,27,furniture,table,185,81,1,120002.0,3,3,table,0
0115174_neurosketch,27,furniture,chair,186,82,0,123004.26,3,0,chair,1
0115174_neurosketch,27,furniture,chair,186,83,0,123004.26,3,0,chair,0
0115174_neurosketch,27,furniture,chair,186,84,0,123004.26,3,0,chair,0
0115174_neurosketch,27,furniture,bed,187,85,1,127502.2,3,15,bed,1
0115174_neurosketch,27,furniture,bed,187,86,1,127502.2,3,15,bed,0
0115174_neurosketch,27,furniture,table,188,87,1,130502.57,3,15,table,1
0115174_neurosketch,27,furniture,table,188,88,1,130502.57,3,15,table,0
0115174_neurosketch,27,furniture,table,188,89,1,130502.57,3,15,table,0
0115174_neurosketch,27,2,chair,189,90,0,135004.63,3,19,chair,1
0115174_neurosketch,27,2,chair,189,91,0,135004.63,3,19,chair,0
0115174_neurosketch,27,furniture,bed,190,92,1,138003.34,3,0,bed,1
0115174_neurosketch,27,furniture,bed,190,93,1,138003.34,3,0,bed,0
0115174_neurosketch,27,furniture,bench,191,94,0,141002.3,3,23,bench,1
0115174_neurosketch,27,furniture,bench,191,95,0,141002.3,3,23,bench,0
0115174_neurosketch,27,furniture,bench,191,96,0,141002.3,3,23,bench,0
0115174_neurosketch,27,furniture,table,192,97,1,145503.43,3,30,table,1
0115174_neurosketch,27,furniture,table,192,98,1,145503.43,3,30,table,0
0115174_neurosketch,27,furniture,table,192,99,1,145503.43,3,30,table,0
0115174_neurosketch,27,furniture,table,192,100,1,145503.43,3,30,table,0
0115174_neurosketch,27,furniture,bed,193,101,1,151502.12,3,14,bed,1
0115174_neurosketch,27,furniture,bed,193,102,1,151502.12,3,14,bed,0
0115174_neurosketch,27,furniture,bed,193,103,1,151502.12,3,14,bed,0
0115174_neurosketch,27,furniture,bench,194,104,0,156002.97,3,22,bench,1
0115174_neurosketch,27,furniture,bench,194,105,0,156002.97,3,22,bench,0
0115174_neurosketch,27,furniture,chair,195,106,0,159002.19,3,31,chair,1
0115174_neurosketch,27,furniture,chair,195,107,0,159002.19,3,31,chair,0
0115174_neurosketch,27,furniture,chair,196,108,0,162002.93,3,29,chair,1
0115174_neurosketch,27,furniture,chair,196,109,0,162002.93,3,29,chair,0
0115174_neurosketch,27,furniture,chair,196,110,0,162002.93,3,29,chair,0
0115174_neurosketch,27,furniture,table,197,111,1,166503.03,3,17,table,1
0115174_neurosketch,27,furniture,table,197,112,1,166503.03,3,17,table,0
0115174_neurosketch,27,furniture,table,197,113,1,166503.03,3,17,table,0
0115174_neurosketch,27,furniture,bed,198,114,1,171002.08,3,24,bed,1
0115174_neurosketch,27,furniture,bed,198,115,1,171002.08,3,24,bed,0
0115174_neurosketch,27,2,bench,199,116,0,174002.56,3,36,bench,1
0115174_neurosketch,27,2,bench,199,117,0,174002.56,3,36,bench,0
0115174_neurosketch,27,2,bench,199,118,0,174002.56,3,36,bench,0
0115174_neurosketch,27,2,bench,199,119,0,174002.56,3,36,bench,0
0115174_neurosketch,27,furniture,bed,200,120,1,180002.75,3,11,bed,1
0115174_neurosketch,27,furniture,bed,200,121,1,180002.75,3,11,bed,0
0115174_neurosketch,27,furniture,chair,201,122,0,183003.19,3,21,chair,1
0115174_neurosketch,27,furniture,chair,201,123,0,183003.19,3,21,chair,0
0115174_neurosketch,27,furniture,chair,201,124,0,183003.19,3,21,chair,0
0115174_neurosketch,27,furniture,chair,201,125,0,183003.19,3,21,chair,0
0115174_neurosketch,27,furniture,table,202,126,1,189002.12,3,14,table,1
0115174_neurosketch,27,furniture,table,202,127,1,189002.12,3,14,table,0
0115174_neurosketch,27,furniture,bench,203,128,0,192003.05,3,6,bench,1
0115174_neurosketch,27,furniture,bench,203,129,0,192003.05,3,6,bench,0
0115174_neurosketch,27,furniture,bench,203,130,0,192003.05,3,6,bench,0
0115174_neurosketch,27,furniture,table,204,131,1,196502.35,3,1,table,1
0115174_neurosketch,27,furniture,table,204,132,1,196502.35,3,1,table,0
0115174_neurosketch,27,furniture,bench,205,133,0,199504.15,3,28,bench,1
0115174_neurosketch,27,furniture,bench,205,134,0,199504.15,3,28,bench,0
0115174_neurosketch,27,furniture,bench,205,135,0,199504.15,3,28,bench,0
0115174_neurosketch,27,furniture,chair,206,136,0,204002.53,3,2,chair,1
0115174_neurosketch,27,furniture,chair,206,137,0,204002.53,3,2,chair,0
0115174_neurosketch,27,furniture,chair,206,138,0,204002.53,3,2,chair,0
0115174_neurosketch,27,furniture,bed,207,139,1,208502.06,3,28,,1
0115174_neurosketch,27,furniture,bed,207,140,1,208502.06,3,28,,0
0115174_neurosketch,27,furniture,bed,207,141,1,208502.06,3,28,,0
0115174_neurosketch,27,furniture,table,208,142,1,213002.81,3,10,table,1
0115174_neurosketch,27,furniture,table,208,143,1,213002.81,3,10,table,0
0115174_neurosketch,27,2,chair,209,144,0,216002.01,3,25,chair,1
0115174_neurosketch,27,2,chair,209,145,0,216002.01,3,25,chair,0
0115174_neurosketch,27,2,chair,209,146,0,216002.01,3,25,chair,0
0115174_neurosketch,27,furniture,bench,210,147,0,220502.55,3,21,bench,1
0115174_neurosketch,27,furniture,bench,210,148,0,220502.55,3,21,bench,0
0115174_neurosketch,27,furniture,bed,211,149,1,223502.14,3,19,bed,1
0115174_neurosketch,27,furniture,bed,211,150,1,223502.14,3,19,bed,0
0115174_neurosketch,27,furniture,bed,211,151,1,223502.14,3,19,bed,0
0115174_neurosketch,27,furniture,bed,211,152,1,223502.14,3,19,bed,0
0115174_neurosketch,27,furniture,chair,212,153,0,229502.97,3,16,chair,1
0115174_neurosketch,27,furniture,chair,212,154,0,229502.97,3,16,chair,0
0115174_neurosketch,27,furniture,chair,212,155,0,229502.97,3,16,chair,0
0115174_neurosketch,27,furniture,bench,213,156,0,234002.46,3,34,bench,1
0115174_neurosketch,27,furniture,bench,213,157,0,234002.46,3,34,bench,0
0115174_neurosketch,27,furniture,bed,214,158,1,237001.77,3,6,bed,1
0115174_neurosketch,27,furniture,bed,214,159,1,237001.77,3,6,bed,0
0115174_neurosketch,27,furniture,table,215,160,1,240003.14,3,36,table,1
0115174_neurosketch,27,furniture,table,215,161,1,240003.14,3,36,table,0
0115174_neurosketch,27,furniture,table,215,162,1,240003.14,3,36,table,0
0115174_neurosketch,27,furniture,table,216,163,1,244502.71,3,21,table,1
0115174_neurosketch,27,furniture,table,216,164,1,244502.71,3,21,table,0
0115174_neurosketch,27,furniture,table,216,165,1,244502.71,3,21,table,0
0115174_neurosketch,27,furniture,bed,217,166,1,249002.5,3,39,bed,1
0115174_neurosketch,27,furniture,bed,217,167,1,249002.5,3,39,bed,0
0115174_neurosketch,27,furniture,chair,218,168,0,252003.03,3,26,chair,1
0115174_neurosketch,27,furniture,chair,218,169,0,252003.03,3,26,chair,0
0115174_neurosketch,27,furniture,chair,218,170,0,252003.03,3,26,chair,0
0115174_neurosketch,27,furniture,chair,218,171,0,252003.03,3,26,chair,0
0115174_neurosketch,27,2,bench,219,172,0,258002.68,3,3,bench,1
0115174_neurosketch,27,2,bench,219,173,0,258002.68,3,3,bench,0
0115174_neurosketch,27,2,bench,219,174,0,258002.68,3,3,bench,0
0115174_neurosketch,27,furniture,table,220,175,1,262502.92,3,34,table,1
0115174_neurosketch,27,furniture,table,220,176,1,262502.92,3,34,table,0
0115174_neurosketch,27,furniture,bed,221,177,1,265502.01,3,29,bed,1
0115174_neurosketch,27,furniture,bed,221,178,1,265502.01,3,29,bed,0
0115174_neurosketch,27,furniture,bed,221,179,1,265502.01,3,29,bed,0
0115174_neurosketch,27,furniture,bed,221,180,1,265502.01,3,29,bed,0
0115174_neurosketch,27,furniture,bench,222,181,0,271503.67,3,16,bench,1
0115174_neurosketch,27,furniture,bench,222,182,0,271503.67,3,16,bench,0
0115174_neurosketch,27,furniture,bench,222,183,0,271503.67,3,16,bench,0
0115174_neurosketch,27,furniture,bench,222,184,0,271503.67,3,16,bench,0
0115174_neurosketch,27,furniture,chair,223,185,0,277502.51,3,9,chair,1
0115174_neurosketch,27,furniture,chair,223,186,0,277502.51,3,9,chair,0
0115174_neurosketch,27,furniture,chair,223,187,0,277502.51,3,9,chair,0
0115174_neurosketch,27,furniture,chair,223,188,0,277502.51,3,9,chair,0
0115174_neurosketch,27,furniture,bed,224,189,1,283502.41,3,9,bed,1
0115174_neurosketch,27,furniture,bed,224,190,1,283502.41,3,9,bed,0
0115174_neurosketch,27,furniture,bed,224,191,1,283502.41,3,9,bed,0
0115174_neurosketch,27,furniture,table,225,192,1,288002.6,3,27,table,1
0115174_neurosketch,27,furniture,table,225,193,1,288002.6,3,27,table,0
0115174_neurosketch,27,furniture,bench,226,194,0,291004.61,3,0,bench,1
0115174_neurosketch,27,furniture,bench,226,195,0,291004.61,3,0,bench,0
0115174_neurosketch,27,furniture,bench,226,196,0,291004.61,3,0,bench,0
0115174_neurosketch,27,furniture,chair,227,197,0,295504.32,3,5,chair,1
0115174_neurosketch,27,furniture,chair,227,198,0,295504.32,3,5,chair,0
0115174_neurosketch,27,furniture,bench,228,199,0,298503.14,3,1,bench,1
0115174_neurosketch,27,furniture,bench,228,200,0,298503.14,3,1,bench,0
0115174_neurosketch,27,furniture,bench,228,201,0,298503.14,3,1,bench,0
0115174_neurosketch,27,2,table,229,202,1,303002.98,3,32,table,1
0115174_neurosketch,27,2,table,229,203,1,303002.98,3,32,table,0
0115174_neurosketch,27,furniture,chair,230,204,0,306002.25,3,22,chair,1
0115174_neurosketch,27,furniture,chair,230,205,0,306002.25,3,22,chair,0
0115174_neurosketch,27,furniture,bed,231,206,1,309002.64,3,32,table,1
0115174_neurosketch,27,furniture,bed,231,207,1,309002.64,3,32,table,0
0115174_neurosketch,27,furniture,bed,231,208,1,309002.64,3,32,table,0
0115174_neurosketch,27,furniture,bed,232,209,1,313504.6,3,23,bed,1
0115174_neurosketch,27,furniture,bed,232,210,1,313504.6,3,23,bed,0
0115174_neurosketch,27,furniture,bed,232,211,1,313504.6,3,23,bed,0
0115174_neurosketch,27,furniture,bed,232,212,1,313504.6,3,23,bed,0
0115174_neurosketch,27,furniture,table,233,213,1,319502.5,3,6,table,1
0115174_neurosketch,27,furniture,table,233,214,1,319502.5,3,6,table,0
0115174_neurosketch,27,furniture,table,233,215,1,319502.5,3,6,table,0
0115174_neurosketch,27,furniture,bench,234,216,0,324002.45,3,33,bench,1
0115174_neurosketch,27,furniture,bench,234,217,0,324002.45,3,33,bench,0
0115174_neurosketch,27,furniture,chair,235,218,0,327002.22,3,38,chair,1
0115174_neurosketch,27,furniture,chair,235,219,0,327002.22,3,38,chair,0
0115174_neurosketch,27,furniture,chair,236,220,0,330002.57,3,4,chair,1
0115174_neurosketch,27,furniture,chair,236,221,0,330002.57,3,4,chair,0
0115174_neurosketch,27,furniture,chair,236,222,0,330002.57,3,4,chair,0
0115174_neurosketch,27,furniture,bed,237,223,1,334502.1,3,5,bed,1
0115174_neurosketch,27,furniture,bed,237,224,1,334502.1,3,5,bed,0
0115174_neurosketch,27,furniture,bed,237,225,1,334502.1,3,5,bed,0
0115174_neurosketch,27,furniture,bench,238,226,0,339002.54,3,7,bench,1
0115174_neurosketch,27,furniture,bench,238,227,0,339002.54,3,7,bench,0
0115174_neurosketch,27,2,table,239,228,1,342002.98,3,16,table,1
0115174_neurosketch,27,2,table,239,229,1,342002.98,3,16,table,0
0115174_neurosketch,27,2,table,239,230,1,342002.98,3,16,table,0
0115174_neurosketch,27,2,table,239,231,1,342002.98,3,16,table,0
0115174_neurosketch,27,2,table,239,232,1,342002.98,3,16,table,0
0115174_neurosketch,27,2,table,239,233,1,342002.98,3,16,table,0
0115174_neurosketch,27,2,table,239,234,1,342002.98,3,16,table,0
0115174_neurosketch,27,2,table,239,235,1,342002.98,3,16,table,0
0115174_neurosketch,27,2,table,239,236,1,342002.98,3,16,table,0
0115174_neurosketch,27,2,table,239,237,1,342002.98,3,16,table,0
0115174_neurosketch,27,2,table,239,238,1,342002.98,3,16,table,0
0115174_neurosketch,27,2,table,239,239,1,342002.98,3,16,table,0
0115174_neurosketch,27,furniture,table,240,0,-1,0.0,4,24,table,0
0115174_neurosketch,27,furniture,table,240,1,-1,0.0,4,24,table,0
0115174_neurosketch,27,furniture,table,240,2,-1,0.0,4,24,table,0
0115174_neurosketch,27,furniture,table,240,3,-1,0.0,4,24,table,0
0115174_neurosketch,27,furniture,table,240,4,-1,0.0,4,24,table,0
0115174_neurosketch,27,furniture,table,240,5,-1,0.0,4,24,table,0
0115174_neurosketch,27,furniture,table,240,6,-1,0.0,4,24,table,0
0115174_neurosketch,27,furniture,table,240,7,-1,0.0,4,24,table,0
0115174_neurosketch,27,furniture,table,240,8,1,12002.09,4,24,table,1
0115174_neurosketch,27,furniture,table,240,9,1,12002.09,4,24,table,0
0115174_neurosketch,27,furniture,bed,241,10,1,15002.19,4,26,bed,1
0115174_neurosketch,27,furniture,bed,241,11,1,15002.19,4,26,bed,0
0115174_neurosketch,27,furniture,bed,241,12,1,15002.19,4,26,bed,0
0115174_neurosketch,27,furniture,bed,241,13,1,15002.19,4,26,bed,0
0115174_neurosketch,27,furniture,bench,242,14,0,21002.03,4,29,bench,1
0115174_neurosketch,27,furniture,bench,242,15,0,21002.03,4,29,bench,0
0115174_neurosketch,27,furniture,chair,243,16,0,24002.11,4,10,bench,1
0115174_neurosketch,27,furniture,chair,243,17,0,24002.11,4,10,bench,0
0115174_neurosketch,27,furniture,chair,243,18,0,24002.11,4,10,bench,0
0115174_neurosketch,27,furniture,chair,244,19,0,28501.9,4,35,chair,1
0115174_neurosketch,27,furniture,chair,244,20,0,28501.9,4,35,chair,0
0115174_neurosketch,27,furniture,bench,245,21,0,31502.29,4,2,bench,1
0115174_neurosketch,27,furniture,bench,245,22,0,31502.29,4,2,bench,0
0115174_neurosketch,27,furniture,bench,245,23,0,31502.29,4,2,bench,0
0115174_neurosketch,27,furniture,bed,246,24,1,36001.78,4,22,bed,1
0115174_neurosketch,27,furniture,bed,246,25,1,36001.78,4,22,bed,0
0115174_neurosketch,27,furniture,bed,246,26,1,36001.78,4,22,bed,0
0115174_neurosketch,27,furniture,table,247,27,1,40502.46,4,35,table,1
0115174_neurosketch,27,furniture,table,247,28,1,40502.46,4,35,table,0
0115174_neurosketch,27,furniture,table,247,29,1,40502.46,4,35,table,0
0115174_neurosketch,27,furniture,bed,248,30,1,45001.49,4,21,bed,1
0115174_neurosketch,27,furniture,bed,248,31,1,45001.49,4,21,bed,0
0115174_neurosketch,27,2,table,249,32,1,48002.03,4,29,table,1
0115174_neurosketch,27,2,table,249,33,1,48002.03,4,29,table,0
0115174_neurosketch,27,2,table,249,34,1,48002.03,4,29,table,0
0115174_neurosketch,27,furniture,chair,250,35,0,52502.98,4,30,chair,1
0115174_neurosketch,27,furniture,chair,250,36,0,52502.98,4,30,chair,0
0115174_neurosketch,27,furniture,bench,251,37,0,55501.64,4,25,bench,1
0115174_neurosketch,27,furniture,bench,251,38,0,55501.64,4,25,bench,0
0115174_neurosketch,27,furniture,bench,251,39,0,55501.64,4,25,bench,0
0115174_neurosketch,27,furniture,bench,251,40,0,55501.64,4,25,bench,0
0115174_neurosketch,27,furniture,bench,252,41,0,61502.14,4,24,bench,1
0115174_neurosketch,27,furniture,bench,252,42,0,61502.14,4,24,bench,0
0115174_neurosketch,27,furniture,bench,252,43,0,61502.14,4,24,bench,0
0115174_neurosketch,27,furniture,chair,253,44,0,66001.9,4,6,chair,1
0115174_neurosketch,27,furniture,chair,253,45,0,66001.9,4,6,chair,0
0115174_neurosketch,27,furniture,table,254,46,1,69002.39,4,37,table,1
0115174_neurosketch,27,furniture,table,254,47,1,69002.39,4,37,table,0
0115174_neurosketch,27,furniture,bed,255,48,1,72001.92,4,8,bed,1
0115174_neurosketch,27,furniture,bed,255,49,1,72001.92,4,8,bed,0
0115174_neurosketch,27,furniture,bed,255,50,1,72001.92,4,8,bed,0
0115174_neurosketch,27,furniture,table,256,51,1,76504.0,4,4,table,1
0115174_neurosketch,27,furniture,table,256,52,1,76504.0,4,4,table,0
0115174_neurosketch,27,furniture,table,256,53,1,76504.0,4,4,table,0
0115174_neurosketch,27,furniture,bench,257,54,0,81002.38,4,20,bench,1
0115174_neurosketch,27,furniture,bench,257,55,0,81002.38,4,20,bench,0
0115174_neurosketch,27,furniture,chair,258,56,0,84001.92,4,8,chair,1
0115174_neurosketch,27,furniture,chair,258,57,0,84001.92,4,8,chair,0
0115174_neurosketch,27,furniture,chair,258,58,0,84001.92,4,8,chair,0
0115174_neurosketch,27,furniture,chair,258,59,0,84001.92,4,8,chair,0
0115174_neurosketch,27,2,bed,259,60,1,90003.14,4,20,bed,1
0115174_neurosketch,27,2,bed,259,61,1,90003.14,4,20,bed,0
0115174_neurosketch,27,2,bed,259,62,1,90003.14,4,20,bed,0
0115174_neurosketch,27,furniture,chair,260,63,0,94503.03,4,27,chair,1
0115174_neurosketch,27,furniture,chair,260,64,0,94503.03,4,27,chair,0
0115174_neurosketch,27,furniture,table,261,65,1,97502.06,4,33,table,1
0115174_neurosketch,27,furniture,table,261,66,1,97502.06,4,33,table,0
0115174_neurosketch,27,furniture,table,261,67,1,97502.06,4,33,table,0
0115174_neurosketch,27,furniture,table,261,68,1,97502.06,4,33,table,0
0115174_neurosketch,27,furniture,bed,262,69,1,103503.97,4,33,bed,1
0115174_neurosketch,27,furniture,bed,262,70,1,103503.97,4,33,bed,0
0115174_neurosketch,27,furniture,bed,262,71,1,103503.97,4,33,bed,0
0115174_neurosketch,27,furniture,bed,262,72,1,103503.97,4,33,bed,0
0115174_neurosketch,27,furniture,bench,263,73,0,109502.76,4,9,bench,1
0115174_neurosketch,27,furniture,bench,263,74,0,109502.76,4,9,bench,0
0115174_neurosketch,27,furniture,bench,263,75,0,109502.76,4,9,bench,0
0115174_neurosketch,27,furniture,bench,263,76,0,109502.76,4,9,bench,0
0115174_neurosketch,27,furniture,bed,264,77,1,115503.03,4,13,bed,1
0115174_neurosketch,27,furniture,bed,264,78,1,115503.03,4,13,bed,0
0115174_neurosketch,27,furniture,bed,264,79,1,115503.03,4,13,bed,0
0115174_neurosketch,27,furniture,table,265,80,1,120002.68,4,11,table,1
0115174_neurosketch,27,furniture,table,265,81,1,120002.68,4,11,table,0
0115174_neurosketch,27,furniture,chair,266,82,0,123002.43,4,39,chair,1
0115174_neurosketch,27,furniture,chair,266,83,0,123002.43,4,39,chair,0
0115174_neurosketch,27,furniture,chair,266,84,0,123002.43,4,39,chair,0
0115174_neurosketch,27,furniture,bench,267,85,0,127504.26,4,17,bench,1
0115174_neurosketch,27,furniture,bench,267,86,0,127504.26,4,17,bench,0
0115174_neurosketch,27,furniture,bench,268,87,0,130502.35,4,15,bench,1
0115174_neurosketch,27,furniture,bench,268,88,0,130502.35,4,15,bench,0
0115174_neurosketch,27,furniture,bench,268,89,0,130502.35,4,15,bench,0
0115174_neurosketch,27,2,chair,269,90,0,135002.68,4,7,chair,1
0115174_neurosketch,27,2,chair,269,91,0,135002.68,4,7,chair,0
0115174_neurosketch,27,furniture,table,270,92,1,138002.7,4,18,table,1
0115174_neurosketch,27,furniture,table,270,93,1,138002.7,4,18,table,0
0115174_neurosketch,27,furniture,bed,271,94,1,141002.39,4,10,bed,1
0115174_neurosketch,27,furniture,bed,271,95,1,141002.39,4,10,bed,0
0115174_neurosketch,27,furniture,bed,271,96,1,141002.39,4,10,bed,0
0115174_neurosketch,27,furniture,bench,272,97,0,145502.74,4,8,bench,1
0115174_neurosketch,27,furniture,bench,272,98,0,145502.74,4,8,bench,0
0115174_neurosketch,27,furniture,bench,272,99,0,145502.74,4,8,bench,0
0115174_neurosketch,27,furniture,bench,272,100,0,145502.74,4,8,bench,0
0115174_neurosketch,27,furniture,table,273,101,1,151502.94,4,22,table,1
0115174_neurosketch,27,furniture,table,273,102,1,151502.94,4,22,table,0
0115174_neurosketch,27,furniture,table,273,103,1,151502.94,4,22,table,0
0115174_neurosketch,27,furniture,bed,274,104,1,156002.22,4,25,bed,1
0115174_neurosketch,27,furniture,bed,274,105,1,156002.22,4,25,bed,0
0115174_neurosketch,27,furniture,chair,275,106,0,159002.67,4,23,chair,1
0115174_neurosketch,27,furniture,chair,275,107,0,159002.67,4,23,chair,0
0115174_neurosketch,27,furniture,chair,276,108,0,162003.07,4,34,chair,1
0115174_neurosketch,27,furniture,chair,276,109,0,162003.07,4,34,chair,0
0115174_neurosketch,27,furniture,chair,276,110,0,162003.07,4,34,chair,0
0115174_neurosketch,27,furniture,bench,277,111,0,166502.81,4,27,,1
0115174_neurosketch,27,furniture,bench,277,112,0,166502.81,4,27,,0
0115174_neurosketch,27,furniture,bench,277,113,0,166502.81,4,27,,0
0115174_neurosketch,27,furniture,bed,278,114,1,171002.82,4,4,bed,1
0115174_neurosketch,27,furniture,bed,278,115,1,171002.82,4,4,bed,0
0115174_neurosketch,27,2,table,279,116,1,174002.22,4,8,table,1
0115174_neurosketch,27,2,table,279,117,1,174002.22,4,8,table,0
0115174_neurosketch,27,2,table,279,118,1,174002.22,4,8,table,0
0115174_neurosketch,27,2,table,279,119,1,174002.22,4,8,table,0
0115174_neurosketch,27,furniture,table,280,120,1,180002.8,4,13,table,1
0115174_neurosketch,27,furniture,table,280,121,1,180002.8,4,13,table,0
0115174_neurosketch,27,furniture,chair,281,122,0,183002.54,4,28,chair,1
0115174_neurosketch,27,furniture,chair,281,123,0,183002.54,4,28,chair,0
0115174_neurosketch,27,furniture,chair,281,124,0,183002.54,4,28,chair,0
0115174_neurosketch,27,furniture,chair,281,125,0,183002.54,4,28,chair,0
0115174_neurosketch,27,furniture,bench,282,126,0,189002.49,4,39,bench,1
0115174_neurosketch,27,furniture,bench,282,127,0,189002.49,4,39,bench,0
0115174_neurosketch,27,furniture,bed,283,128,1,192004.75,4,17,bed,1
0115174_neurosketch,27,furniture,bed,283,129,1,192004.75,4,17,bed,0
0115174_neurosketch,27,furniture,bed,283,130,1,192004.75,4,17,bed,0
0115174_neurosketch,27,furniture,chair,284,131,0,196502.8,4,11,chair,1
0115174_neurosketch,27,furniture,chair,284,132,0,196502.8,4,11,chair,0
0115174_neurosketch,27,furniture,bed,285,133,1,199502.76,4,7,bed,1
0115174_neurosketch,27,furniture,bed,285,134,1,199502.76,4,7,bed,0
0115174_neurosketch,27,furniture,bed,285,135,1,199502.76,4,7,bed,0
0115174_neurosketch,27,furniture,bench,286,136,0,204002.41,4,35,bench,1
0115174_neurosketch,27,furniture,bench,286,137,0,204002.41,4,35,bench,0
0115174_neurosketch,27,furniture,bench,286,138,0,204002.41,4,35,bench,0
0115174_neurosketch,27,furniture,table,287,139,1,208502.75,4,28,table,1
0115174_neurosketch,27,furniture,table,287,140,1,208502.75,4,28,table,0
0115174_neurosketch,27,furniture,table,287,141,1,208502.75,4,28,table,0
0115174_neurosketch,27,furniture,bench,288,142,0,213002.25,4,38,bench,1
0115174_neurosketch,27,furniture,bench,288,143,0,213002.25,4,38,bench,0
0115174_neurosketch,27,2,bed,289,144,1,216002.64,4,3,bed,1
0115174_neurosketch,27,2,bed,289,145,1,216002.64,4,3,bed,0
0115174_neurosketch,27,2,bed,289,146,1,216002.64,4,3,bed,0
0115174_neurosketch,27,furniture,table,290,147,1,220502.29,4,38,table,1
0115174_neurosketch,27,furniture,table,290,148,1,220502.29,4,38,table,0
0115174_neurosketch,27,furniture,chair,291,149,0,223501.18,4,12,chair,1
0115174_neurosketch,27,furniture,chair,291,150,0,223501.18,4,12,chair,0
0115174_neurosketch,27,furniture,chair,291,151,0,223501.18,4,12,chair,0
0115174_neurosketch,27,furniture,chair,291,152,0,223501.18,4,12,chair,0
0115174_neurosketch,27,furniture,table,292,153,1,229502.41,4,0,table,1
0115174_neurosketch,27,furniture,table,292,154,1,229502.41,4,0,table,0
0115174_neurosketch,27,furniture,table,292,155,1,229502.41,4,0,table,0
0115174_neurosketch,27,furniture,bench,293,156,0,234002.25,4,32,bench,1
0115174_neurosketch,27,furniture,bench,293,157,0,234002.25,4,32,bench,0
0115174_neurosketch,27,furniture,bed,294,158,1,237002.82,4,36,,1
0115174_neurosketch,27,furniture,bed,294,159,1,237002.82,4,36,,0
0115174_neurosketch,27,furniture,chair,295,160,0,240002.64,4,33,chair,1
0115174_neurosketch,27,furniture,chair,295,161,0,240002.64,4,33,chair,0
0115174_neurosketch,27,furniture,chair,295,162,0,240002.64,4,33,chair,0
0115174_neurosketch,27,furniture,table,296,163,1,244502.38,4,20,table,1
0115174_neurosketch,27,furniture,table,296,164,1,244502.38,4,20,table,0
0115174_neurosketch,27,furniture,table,296,165,1,244502.38,4,20,table,0
0115174_neurosketch,27,furniture,bed,297,166,1,249003.0,4,27,,1
0115174_neurosketch,27,furniture,bed,297,167,1,249003.0,4,27,,0
0115174_neurosketch,27,furniture,chair,298,168,0,252002.26,4,3,chair,1
0115174_neurosketch,27,furniture,chair,298,169,0,252002.26,4,3,chair,0
0115174_neurosketch,27,furniture,chair,298,170,0,252002.26,4,3,chair,0
0115174_neurosketch,27,furniture,chair,298,171,0,252002.26,4,3,chair,0
0115174_neurosketch,27,2,bench,299,172,0,258002.62,4,18,bench,1
0115174_neurosketch,27,2,bench,299,173,0,258002.62,4,18,bench,0
0115174_neurosketch,27,2,bench,299,174,0,258002.62,4,18,bench,0
0115174_neurosketch,27,furniture,table,300,175,1,262502.07,4,25,table,1
0115174_neurosketch,27,furniture,table,300,176,1,262502.07,4,25,table,0
0115174_neurosketch,27,furniture,bed,301,177,1,265503.04,4,38,bed,1
0115174_neurosketch,27,furniture,bed,301,178,1,265503.04,4,38,bed,0
0115174_neurosketch,27,furniture,bed,301,179,1,265503.04,4,38,bed,0
0115174_neurosketch,27,furniture,bed,301,180,1,265503.04,4,38,bed,0
0115174_neurosketch,27,furniture,bench,302,181,0,271502.42,4,19,bench,1
0115174_neurosketch,27,furniture,bench,302,182,0,271502.42,4,19,bench,0
0115174_neurosketch,27,furniture,bench,302,183,0,271502.42,4,19,bench,0
0115174_neurosketch,27,furniture,bench,302,184,0,271502.42,4,19,bench,0
0115174_neurosketch,27,furniture,chair,303,185,0,277503.07,4,17,chair,1
0115174_neurosketch,27,furniture,chair,303,186,0,277503.07,4,17,chair,0
0115174_neurosketch,27,furniture,chair,303,187,0,277503.07,4,17,chair,0
0115174_neurosketch,27,furniture,chair,303,188,0,277503.07,4,17,chair,0
0115174_neurosketch,27,furniture,bench,304,189,0,283502.07,4,4,bench,1
0115174_neurosketch,27,furniture,bench,304,190,0,283502.07,4,4,bench,0
0115174_neurosketch,27,furniture,bench,304,191,0,283502.07,4,4,bench,0
0115174_neurosketch,27,furniture,bed,305,192,1,288002.73,4,31,bed,1
0115174_neurosketch,27,furniture,bed,305,193,1,288002.73,4,31,bed,0
0115174_neurosketch,27,furniture,table,306,194,1,291005.31,4,7,table,1
0115174_neurosketch,27,furniture,table,306,195,1,291005.31,4,7,table,0
0115174_neurosketch,27,furniture,table,306,196,1,291005.31,4,7,table,0
0115174_neurosketch,27,furniture,chair,307,197,0,295502.78,4,13,chair,1
0115174_neurosketch,27,furniture,chair,307,198,0,295502.78,4,13,chair,0
0115174_neurosketch,27,furniture,bed,308,199,1,298502.81,4,1,bed,1
0115174_neurosketch,27,furniture,bed,308,200,1,298502.81,4,1,bed,0
0115174_neurosketch,27,furniture,bed,308,201,1,298502.81,4,1,bed,0
0115174_neurosketch,27,2,table,309,202,1,303003.03,4,2,table,1
0115174_neurosketch,27,2,table,309,203,1,303003.03,4,2,table,0
0115174_neurosketch,27,furniture,chair,310,204,0,306003.19,4,18,,1
0115174_neurosketch,27,furniture,chair,310,205,0,306003.19,4,18,,0
0115174_neurosketch,27,furniture,bench,311,206,0,309005.21,4,37,bench,1
0115174_neurosketch,27,furniture,bench,311,207,0,309005.21,4,37,bench,0
0115174_neurosketch,27,furniture,bench,311,208,0,309005.21,4,37,bench,0
0115174_neurosketch,27,furniture,chair,312,209,0,313503.3,4,32,chair,1
0115174_neurosketch,27,furniture,chair,312,210,0,313503.3,4,32,chair,0
0115174_neurosketch,27,furniture,chair,312,211,0,313503.3,4,32,chair,0
0115174_neurosketch,27,furniture,chair,312,212,0,313503.3,4,32,chair,0
0115174_neurosketch,27,furniture,bed,313,213,1,319503.06,4,18,bed,1
0115174_neurosketch,27,furniture,bed,313,214,1,319503.06,4,18,bed,0
0115174_neurosketch,27,furniture,bed,313,215,1,319503.06,4,18,bed,0
0115174_neurosketch,27,furniture,bench,314,216,0,324002.23,4,12,,1
0115174_neurosketch,27,furniture,bench,314,217,0,324002.23,4,12,,0
0115174_neurosketch,27,furniture,table,315,218,1,327001.04,4,9,table,1
0115174_neurosketch,27,furniture,table,315,219,1,327001.04,4,9,table,0
0115174_neurosketch,27,furniture,chair,316,220,0,330002.54,4,1,chair,1
0115174_neurosketch,27,furniture,chair,316,221,0,330002.54,4,1,chair,0
0115174_neurosketch,27,furniture,chair,316,222,0,330002.54,4,1,chair,0
0115174_neurosketch,27,furniture,bed,317,223,1,334502.72,4,30,table,1
0115174_neurosketch,27,furniture,bed,317,224,1,334502.72,4,30,table,0
0115174_neurosketch,27,furniture,bed,317,225,1,334502.72,4,30,table,0
0115174_neurosketch,27,furniture,table,318,226,1,339002.57,4,5,table,1
0115174_neurosketch,27,furniture,table,318,227,1,339002.57,4,5,table,0
0115174_neurosketch,27,2,bench,319,228,0,342003.23,4,13,bench,1
0115174_neurosketch,27,2,bench,319,229,0,342003.23,4,13,bench,0
0115174_neurosketch,27,2,bench,319,230,0,342003.23,4,13,bench,0
0115174_neurosketch,27,2,bench,319,231,0,342003.23,4,13,bench,0
0115174_neurosketch,27,2,bench,319,232,0,342003.23,4,13,bench,0
0115174_neurosketch,27,2,bench,319,233,0,342003.23,4,13,bench,0
0115174_neurosketch,27,2,bench,319,234,0,342003.23,4,13,bench,0
0115174_neurosketch,27,2,bench,319,235,0,342003.23,4,13,bench,0
0115174_neurosketch,27,2,bench,319,236,0,342003.23,4,13,bench,0
0115174_neurosketch,27,2,bench,319,237,0,342003.23,4,13,bench,0
0115174_neurosketch,27,2,bench,319,238,0,342003.23,4,13,bench,0
0115174_neurosketch,27,2,bench,319,239,0,342003.23,4,13,bench,0
0115174_neurosketch,27,furniture,bench,360,0,-1,0.0,9,13,,0
0115174_neurosketch,27,furniture,bench,360,1,-1,0.0,9,13,,0
0115174_neurosketch,27,furniture,bench,360,2,-1,0.0,9,13,,0
0115174_neurosketch,27,furniture,bench,360,3,-1,0.0,9,13,,0
0115174_neurosketch,27,furniture,bench,360,4,-1,0.0,9,13,,0
0115174_neurosketch,27,furniture,bench,360,5,-1,0.0,9,13,,0
0115174_neurosketch,27,furniture,bench,360,6,-1,0.0,9,13,,0
0115174_neurosketch,27,furniture,bench,360,7,-1,0.0,9,13,,0
0115174_neurosketch,27,furniture,bench,360,8,0,12003.23,9,13,,1
0115174_neurosketch,27,furniture,bench,360,9,0,12003.23,9,13,,0
0115174_neurosketch,27,furniture,table,361,10,1,15002.38,9,5,table,1
0115174_neurosketch,27,furniture,table,361,11,1,15002.38,9,5,table,0
0115174_neurosketch,27,furniture,table,361,12,1,15002.38,9,5,table,0
0115174_neurosketch,27,furniture,table,361,13,1,15002.38,9,5,table,0
0115174_neurosketch,27,furniture,bed,362,14,1,21001.84,9,30,bed,1
0115174_neurosketch,27,furniture,bed,362,15,1,21001.84,9,30,bed,0
0115174_neurosketch,27,furniture,chair,363,16,0,24002.24,9,1,chair,1
0115174_neurosketch,27,furniture,chair,363,17,0,24002.24,9,1,chair,0
0115174_neurosketch,27,furniture,chair,363,18,0,24002.24,9,1,chair,0
0115174_neurosketch,27,furniture,table,364,19,1,28504.12,9,9,table,1
0115174_neurosketch,27,furniture,table,364,20,1,28504.12,9,9,table,0
0115174_neurosketch,27,furniture,bench,365,21,0,31502.1,9,12,bench,1
0115174_neurosketch,27,furniture,bench,365,22,0,31502.1,9,12,bench,0
0115174_neurosketch,27,furniture,bench,365,23,0,31502.1,9,12,bench,0
0115174_neurosketch,27,furniture,bed,366,24,1,36002.31,9,18,bed,1
0115174_neurosketch,27,furniture,bed,366,25,1,36002.31,9,18,bed,0
0115174_neurosketch,27,furniture,bed,366,26,1,36002.31,9,18,bed,0
0115174_neurosketch,27,furniture,chair,367,27,0,40502.33,9,32,chair,1
0115174_neurosketch,27,furniture,chair,367,28,0,40502.33,9,32,chair,0
0115174_neurosketch,27,furniture,chair,367,29,0,40502.33,9,32,chair,0
0115174_neurosketch,27,furniture,bench,368,30,0,45001.88,9,37,bench,1
0115174_neurosketch,27,furniture,bench,368,31,0,45001.88,9,37,bench,0
0115174_neurosketch,27,2,chair,369,32,0,48002.31,9,18,chair,1
0115174_neurosketch,27,2,chair,369,33,0,48002.31,9,18,chair,0
0115174_neurosketch,27,2,chair,369,34,0,48002.31,9,18,chair,0
0115174_neurosketch,27,furniture,table,370,35,1,52502.59,9,2,table,1
0115174_neurosketch,27,furniture,table,370,36,1,52502.59,9,2,table,0
0115174_neurosketch,27,furniture,bed,371,37,1,55502.59,9,1,bed,1
0115174_neurosketch,27,furniture,bed,371,38,1,55502.59,9,1,bed,0
0115174_neurosketch,27,furniture,bed,371,39,1,55502.59,9,1,bed,0
0115174_neurosketch,27,furniture,bed,371,40,1,55502.59,9,1,bed,0
0115174_neurosketch,27,furniture,chair,372,41,0,61502.47,9,13,chair,1
0115174_neurosketch,27,furniture,chair,372,42,0,61502.47,9,13,chair,0
0115174_neurosketch,27,furniture,chair,372,43,0,61502.47,9,13,chair,0
0115174_neurosketch,27,furniture,table,373,44,1,66002.6,9,7,table,1
0115174_neurosketch,27,furniture,table,373,45,1,66002.6,9,7,table,0
0115174_neurosketch,27,furniture,bed,374,46,1,69002.21,9,31,bed,1
0115174_neurosketch,27,furniture,bed,374,47,1,69002.21,9,31,bed,0
0115174_neurosketch,27,furniture,bench,375,48,0,72002.6,9,4,bench,1
0115174_neurosketch,27,furniture,bench,375,49,0,72002.6,9,4,bench,0
0115174_neurosketch,27,furniture,bench,375,50,0,72002.6,9,4,bench,0
0115174_neurosketch,27,furniture,chair,376,51,0,76502.3,9,17,chair,1
0115174_neurosketch,27,furniture,chair,376,52,0,76502.3,9,17,chair,0
0115174_neurosketch,27,furniture,chair,376,53,0,76502.3,9,17,chair,0
0115174_neurosketch,27,furniture,bench,377,54,0,81002.88,9,19,bench,1
0115174_neurosketch,27,furniture,bench,377,55,0,81002.88,9,19,bench,0
0115174_neurosketch,27,furniture,bed,378,56,1,84002.14,9,38,table,1
0115174_neurosketch,27,furniture,bed,378,57,1,84002.14,9,38,table,0
0115174_neurosketch,27,furniture,bed,378,58,1,84002.14,9,38,table,0
0115174_neurosketch,27,furniture,bed,378,59,1,84002.14,9,38,table,0
0115174_neurosketch,27,2,table,379,60,1,90001.92,9,25,table,1
0115174_neurosketch,27,2,table,379,61,1,90001.92,9,25,table,0
0115174_neurosketch,27,2,table,379,62,1,90001.92,9,25,table,0
0115174_neurosketch,27,furniture,bench,380,63,0,94502.24,9,18,bench,1
0115174_neurosketch,27,furniture,bench,380,64,0,94502.24,9,18,bench,0
0115174_neurosketch,27,furniture,chair,381,65,0,97501.87,9,3,chair,1
0115174_neurosketch,27,furniture,chair,381,66,0,97501.87,9,3,chair,0
0115174_neurosketch,27,furniture,chair,381,67,0,97501.87,9,3,chair,0
0115174_neurosketch,27,furniture,chair,381,68,0,97501.87,9,3,chair,0
0115174_neurosketch,27,furniture,bed,382,69,1,103502.02,9,27,bed,1
0115174_neurosketch,27,furniture,bed,382,70,1,103502.02,9,27,bed,0
0115174_neurosketch,27,furniture,bed,382,71,1,103502.02,9,27,bed,0
0115174_neurosketch,27,furniture,bed,382,72,1,103502.02,9,27,bed,0
0115174_neurosketch,27,furniture,table,383,73,1,109501.94,9,20,table,1
0115174_neurosketch,27,furniture,table,383,74,1,109501.94,9,20,table,0
0115174_neurosketch,27,furniture,table,383,75,1,109501.94,9,20,table,0
0115174_neurosketch,27,furniture,table,383,76,1,109501.94,9,20,table,0
0115174_neurosketch,27,furniture,chair,384,77,0,115504.03,9,33,chair,1
0115174_neurosketch,27,furniture,chair,384,78,0,115504.03,9,33,chair,0
0115174_neurosketch,27,furniture,chair,384,79,0,115504.03,9,33,chair,0
0115174_neurosketch,27,furniture,bed,385,80,1,120003.67,9,36,bed,1
0115174_neurosketch,27,furniture,bed,385,81,1,120003.67,9,36,bed,0
0115174_neurosketch,27,furniture,bench,386,82,0,123002.78,9,32,bench,1
0115174_neurosketch,27,furniture,bench,386,83,0,123002.78,9,32,bench,0
0115174_neurosketch,27,furniture,bench,386,84,0,123002.78,9,32,bench,0
0115174_neurosketch,27,furniture,table,387,85,1,127502.12,9,0,table,1
0115174_neurosketch,27,furniture,table,387,86,1,127502.12,9,0,table,0
0115174_neurosketch,27,furniture,chair,388,87,0,130503.03,9,12,chair,1
0115174_neurosketch,27,furniture,chair,388,88,0,130503.03,9,12,chair,0
0115174_neurosketch,27,furniture,chair,388,89,0,130503.03,9,12,chair,0
0115174_neurosketch,27,2,table,389,90,1,135001.87,9,38,table,1
0115174_neurosketch,27,2,table,389,91,1,135001.87,9,38,table,0
0115174_neurosketch,27,furniture,bed,390,92,1,138002.79,9,3,bed,1
0115174_neurosketch,27,furniture,bed,390,93,1,138002.79,9,3,bed,0
0115174_neurosketch,27,furniture,bench,391,94,0,141002.86,9,38,,1
0115174_neurosketch,27,furniture,bench,391,95,0,141002.86,9,38,,0
0115174_neurosketch,27,furniture,bench,391,96,0,141002.86,9,38,,0
0115174_neurosketch,27,furniture,table,392,97,1,145502.49,9,28,bed,1
0115174_neurosketch,27,furniture,table,392,98,1,145502.49,9,28,bed,0
0115174_neurosketch,27,furniture,table,392,99,1,145502.49,9,28,bed,0
0115174_neurosketch,27,furniture,table,392,100,1,145502.49,9,28,bed,0
0115174_neurosketch,27,furniture,bench,393,101,0,151502.91,9,35,bench,1
0115174_neurosketch,27,furniture,bench,393,102,0,151502.91,9,35,bench,0
0115174_neurosketch,27,furniture,bench,393,103,0,151502.91,9,35,bench,0
0115174_neurosketch,27,furniture,bed,394,104,1,156003.65,9,7,bed,1
0115174_neurosketch,27,furniture,bed,394,105,1,156003.65,9,7,bed,0
0115174_neurosketch,27,furniture,chair,395,106,0,159002.87,9,11,chair,1
0115174_neurosketch,27,furniture,chair,395,107,0,159002.87,9,11,chair,0
0115174_neurosketch,27,furniture,bed,396,108,1,162003.87,9,17,bed,1
0115174_neurosketch,27,furniture,bed,396,109,1,162003.87,9,17,bed,0
0115174_neurosketch,27,furniture,bed,396,110,1,162003.87,9,17,bed,0
0115174_neurosketch,27,furniture,bench,397,111,0,166502.93,9,39,bench,1
0115174_neurosketch,27,furniture,bench,397,112,0,166502.93,9,39,bench,0
0115174_neurosketch,27,furniture,bench,397,113,0,166502.93,9,39,bench,0
0115174_neurosketch,27,furniture,chair,398,114,0,171004.05,9,28,chair,1
0115174_neurosketch,27,furniture,chair,398,115,0,171004.05,9,28,chair,0
0115174_neurosketch,27,2,table,399,116,1,174002.61,9,13,table,1
0115174_neurosketch,27,2,table,399,117,1,174002.61,9,13,table,0
0115174_neurosketch,27,2,table,399,118,1,174002.61,9,13,table,0
0115174_neurosketch,27,2,table,399,119,1,174002.61,9,13,table,0
0115174_neurosketch,27,furniture,table,400,120,1,180001.99,9,8,table,1
0115174_neurosketch,27,furniture,table,400,121,1,180001.99,9,8,table,0
0115174_neurosketch,27,furniture,bed,401,122,1,183006.0,9,4,bed,1
0115174_neurosketch,27,furniture,bed,401,123,1,183006.0,9,4,bed,0
0115174_neurosketch,27,furniture,bed,401,124,1,183006.0,9,4,bed,0
0115174_neurosketch,27,furniture,bed,401,125,1,183006.0,9,4,bed,0
0115174_neurosketch,27,furniture,bench,402,126,0,189002.05,9,27,bench,1
0115174_neurosketch,27,furniture,bench,402,127,0,189002.05,9,27,bench,0
0115174_neurosketch,27,furniture,chair,403,128,0,192002.68,9,34,chair,1
0115174_neurosketch,27,furniture,chair,403,129,0,192002.68,9,34,chair,0
0115174_neurosketch,27,furniture,chair,403,130,0,192002.68,9,34,chair,0
0115174_neurosketch,27,furniture,chair,404,131,0,196503.08,9,23,chair,1
0115174_neurosketch,27,furniture,chair,404,132,0,196503.08,9,23,chair,0
0115174_neurosketch,27,furniture,bed,405,133,1,199502.47,9,25,bed,1
0115174_neurosketch,27,furniture,bed,405,134,1,199502.47,9,25,bed,0
0115174_neurosketch,27,furniture,bed,405,135,1,199502.47,9,25,bed,0
0115174_neurosketch,27,furniture,table,406,136,1,204002.52,9,22,table,1
0115174_neurosketch,27,furniture,table,406,137,1,204002.52,9,22,table,0
0115174_neurosketch,27,furniture,table,406,138,1,204002.52,9,22,table,0
0115174_neurosketch,27,furniture,bench,407,139,0,208502.7,9,8,bench,1
0115174_neurosketch,27,furniture,bench,407,140,0,208502.7,9,8,bench,0
0115174_neurosketch,27,furniture,bench,407,141,0,208502.7,9,8,bench,0
0115174_neurosketch,27,furniture,bed,408,142,1,213002.06,9,10,bed,1
0115174_neurosketch,27,furniture,bed,408,143,1,213002.06,9,10,bed,0
0115174_neurosketch,27,2,table,409,144,1,216003.34,9,18,table,1
0115174_neurosketch,27,2,table,409,145,1,216003.34,9,18,table,0
0115174_neurosketch,27,2,table,409,146,1,216003.34,9,18,table,0
0115174_neurosketch,27,furniture,chair,410,147,0,220502.21,9,7,chair,1
0115174_neurosketch,27,furniture,chair,410,148,0,220502.21,9,7,chair,0
0115174_neurosketch,27,furniture,bench,411,149,0,223502.31,9,15,bench,1
0115174_neurosketch,27,furniture,bench,411,150,0,223502.31,9,15,bench,0
0115174_neurosketch,27,furniture,bench,411,151,0,223502.31,9,15,bench,0
0115174_neurosketch,27,furniture,bench,411,152,0,223502.31,9,15,bench,0
0115174_neurosketch,27,furniture,bench,412,153,0,229502.67,9,17,bench,1
0115174_neurosketch,27,furniture,bench,412,154,0,229502.67,9,17,bench,0
0115174_neurosketch,27,furniture,bench,412,155,0,229502.67,9,17,bench,0
0115174_neurosketch,27,furniture,chair,413,156,0,234002.88,9,39,chair,1
0115174_neurosketch,27,furniture,chair,413,157,0,234002.88,9,39,chair,0
0115174_neurosketch,27,furniture,table,414,158,1,237003.1,9,11,table,1
0115174_neurosketch,27,furniture,table,414,159,1,237003.1,9,11,table,0
0115174_neurosketch,27,furniture,bed,415,160,1,240001.86,9,13,bed,1
0115174_neurosketch,27,furniture,bed,415,161,1,240001.86,9,13,bed,0
0115174_neurosketch,27,furniture,bed,415,162,1,240001.86,9,13,bed,0
0115174_neurosketch,27,furniture,bench,416,163,0,244501.61,9,9,bench,1
0115174_neurosketch,27,furniture,bench,416,164,0,244501.61,9,9,bench,0
0115174_neurosketch,27,furniture,bench,416,165,0,244501.61,9,9,bench,0
0115174_neurosketch,27,furniture,bed,417,166,1,249002.21,9,33,bed,1
0115174_neurosketch,27,furniture,bed,417,167,1,249002.21,9,33,bed,0
0115174_neurosketch,27,furniture,table,418,168,1,252002.59,9,33,table,1
0115174_neurosketch,27,furniture,table,418,169,1,252002.59,9,33,table,0
0115174_neurosketch,27,furniture,table,418,170,1,252002.59,9,33,table,0
0115174_neurosketch,27,furniture,table,418,171,1,252002.59,9,33,table,0
0115174_neurosketch,27,2,chair,419,172,0,258002.98,9,27,chair,1
0115174_neurosketch,27,2,chair,419,173,0,258002.98,9,27,chair,0
0115174_neurosketch,27,2,chair,419,174,0,258002.98,9,27,chair,0
0115174_neurosketch,27,furniture,bed,420,175,1,262503.22,9,20,bed,1
0115174_neurosketch,27,furniture,bed,420,176,1,262503.22,9,20,bed,0
0115174_neurosketch,27,furniture,chair,421,177,0,265504.31,9,8,chair,1
0115174_neurosketch,27,furniture,chair,421,178,0,265504.31,9,8,chair,0
0115174_neurosketch,27,furniture,chair,421,179,0,265504.31,9,8,chair,0
0115174_neurosketch,27,furniture,chair,421,180,0,265504.31,9,8,chair,0
0115174_neurosketch,27,furniture,bench,422,181,0,271502.05,9,20,bench,1
0115174_neurosketch,27,furniture,bench,422,182,0,271502.05,9,20,bench,0
0115174_neurosketch,27,furniture,bench,422,183,0,271502.05,9,20,bench,0
0115174_neurosketch,27,furniture,bench,422,184,0,271502.05,9,20,bench,0
0115174_neurosketch,27,furniture,table,423,185,1,277502.67,9,4,table,1
0115174_neurosketch,27,furniture,table,423,186,1,277502.67,9,4,table,0
0115174_neurosketch,27,furniture,table,423,187,1,277502.67,9,4,table,0
0115174_neurosketch,27,furniture,table,423,188,1,277502.67,9,4,table,0
0115174_neurosketch,27,furniture,bed,424,189,1,283502.36,9,8,bed,1
0115174_neurosketch,27,furniture,bed,424,190,1,283502.36,9,8,bed,0
0115174_neurosketch,27,furniture,bed,424,191,1,283502.36,9,8,bed,0
0115174_neurosketch,27,furniture,table,425,192,1,288002.47,9,37,table,1
0115174_neurosketch,27,furniture,table,425,193,1,288002.47,9,37,table,0
0115174_neurosketch,27,furniture,chair,426,194,0,291002.42,9,6,chair,1
0115174_neurosketch,27,furniture,chair,426,195,0,291002.42,9,6,chair,0
0115174_neurosketch,27,furniture,chair,426,196,0,291002.42,9,6,chair,0
0115174_neurosketch,27,furniture,bench,427,197,0,295502.96,9,24,bench,1
0115174_neurosketch,27,furniture,bench,427,198,0,295502.96,9,24,bench,0
0115174_neurosketch,27,furniture,bench,428,199,0,298503.02,9,25,bench,1
0115174_neurosketch,27,furniture,bench,428,200,0,298503.02,9,25,bench,0
0115174_neurosketch,27,furniture,bench,428,201,0,298503.02,9,25,bench,0
0115174_neurosketch,27,2,chair,429,202,0,303003.0,9,30,bench,1
0115174_neurosketch,27,2,chair,429,203,0,303003.0,9,30,bench,0
0115174_neurosketch,27,furniture,table,430,204,1,306003.37,9,29,table,1
0115174_neurosketch,27,furniture,table,430,205,1,306003.37,9,29,table,0
0115174_neurosketch,27,furniture,bed,431,206,1,309002.96,9,21,bed,1
0115174_neurosketch,27,furniture,bed,431,207,1,309002.96,9,21,bed,0
0115174_neurosketch,27,furniture,bed,431,208,1,309002.96,9,21,bed,0
0115174_neurosketch,27,furniture,table,432,209,1,313503.69,9,35,table,1
0115174_neurosketch,27,furniture,table,432,210,1,313503.69,9,35,table,0
0115174_neurosketch,27,furniture,table,432,211,1,313503.69,9,35,table,0
0115174_neurosketch,27,furniture,table,432,212,1,313503.69,9,35,table,0
0115174_neurosketch,27,furniture,bed,433,213,1,319503.4,9,22,bed,1
0115174_neurosketch,27,furniture,bed,433,214,1,319503.4,9,22,bed,0
0115174_neurosketch,27,furniture,bed,433,215,1,319503.4,9,22,bed,0
0115174_neurosketch,27,furniture,bench,434,216,0,324002.74,9,2,bench,1
0115174_neurosketch,27,furniture,bench,434,217,0,324002.74,9,2,bench,0
0115174_neurosketch,27,furniture,chair,435,218,0,327003.3,9,35,chair,1
0115174_neurosketch,27,furniture,chair,435,219,0,327003.3,9,35,chair,0
0115174_neurosketch,27,furniture,chair,436,220,0,330004.65,9,10,chair,1
0115174_neurosketch,27,furniture,chair,436,221,0,330004.65,9,10,chair,0
0115174_neurosketch,27,furniture,chair,436,222,0,330004.65,9,10,chair,0
0115174_neurosketch,27,furniture,bench,437,223,0,334502.24,9,29,bench,1
0115174_neurosketch,27,furniture,bench,437,224,0,334502.24,9,29,bench,0
0115174_neurosketch,27,furniture,bench,437,225,0,334502.24,9,29,bench,0
0115174_neurosketch,27,furniture,bed,438,226,1,339003.17,9,26,bed,1
0115174_neurosketch,27,furniture,bed,438,227,1,339003.17,9,26,bed,0
0115174_neurosketch,27,2,table,439,228,1,342002.29,9,24,table,1
0115174_neurosketch,27,2,table,439,229,1,342002.29,9,24,table,0
0115174_neurosketch,27,2,table,439,230,1,342002.29,9,24,table,0
0115174_neurosketch,27,2,table,439,231,1,342002.29,9,24,table,0
0115174_neurosketch,27,2,table,439,232,1,342002.29,9,24,table,0
0115174_neurosketch,27,2,table,439,233,1,342002.29,9,24,table,0
0115174_neurosketch,27,2,table,439,234,1,342002.29,9,24,table,0
0115174_neurosketch,27,2,table,439,235,1,342002.29,9,24,table,0
0115174_neurosketch,27,2,table,439,236,1,342002.29,9,24,table,0
0115174_neurosketch,27,2,table,439,237,1,342002.29,9,24,table,0
0115174_neurosketch,27,2,table,439,238,1,342002.29,9,24,table,0
0115174_neurosketch,27,2,table,439,239,1,342002.29,9,24,table,0
0115174_neurosketch,27,furniture,table,440,0,-1,0.0,10,16,table,0
0115174_neurosketch,27,furniture,table,440,1,-1,0.0,10,16,table,0
0115174_neurosketch,27,furniture,table,440,2,-1,0.0,10,16,table,0
0115174_neurosketch,27,furniture,table,440,3,-1,0.0,10,16,table,0
0115174_neurosketch,27,furniture,table,440,4,-1,0.0,10,16,table,0
0115174_neurosketch,27,furniture,table,440,5,-1,0.0,10,16,table,0
0115174_neurosketch,27,furniture,table,440,6,-1,0.0,10,16,table,0
0115174_neurosketch,27,furniture,table,440,7,-1,0.0,10,16,table,0
0115174_neurosketch,27,furniture,table,440,8,1,12002.21,10,16,table,1
0115174_neurosketch,27,furniture,table,440,9,1,12002.21,10,16,table,0
0115174_neurosketch,27,furniture,bench,441,10,0,15002.4,10,7,bench,1
0115174_neurosketch,27,furniture,bench,441,11,0,15002.4,10,7,bench,0
0115174_neurosketch,27,furniture,bench,441,12,0,15002.4,10,7,bench,0
0115174_neurosketch,27,furniture,bench,441,13,0,15002.4,10,7,bench,0
0115174_neurosketch,27,furniture,bed,442,14,1,21001.81,10,5,bed,1
0115174_neurosketch,27,furniture,bed,442,15,1,21001.81,10,5,bed,0
0115174_neurosketch,27,furniture,chair,443,16,0,24001.64,10,4,chair,1
0115174_neurosketch,27,furniture,chair,443,17,0,24001.64,10,4,chair,0
0115174_neurosketch,27,furniture,chair,443,18,0,24001.64,10,4,chair,0
0115174_neurosketch,27,furniture,chair,444,19,0,28502.12,10,38,chair,1
0115174_neurosketch,27,furniture,chair,444,20,0,28502.12,10,38,chair,0
0115174_neurosketch,27,furniture,bench,445,21,0,31501.99,10,33,bench,1
0115174_neurosketch,27,furniture,bench,445,22,0,31501.99,10,33,bench,0
0115174_neurosketch,27,furniture,bench,445,23,0,31501.99,10,33,bench,0
0115174_neurosketch,27,furniture,table,446,24,1,36002.16,10,6,table,1
0115174_neurosketch,27,furniture,table,446,25,1,36002.16,10,6,table,0
0115174_neurosketch,27,furniture,table,446,26,1,36002.16,10,6,table,0
0115174_neurosketch,27,furniture,bed,447,27,1,40502.09,10,23,bed,1
0115174_neurosketch,27,furniture,bed,447,28,1,40502.09,10,23,bed,0
0115174_neurosketch,27,furniture,bed,447,29,1,40502.09,10,23,bed,0
0115174_neurosketch,27,furniture,bed,448,30,1,45001.38,10,32,bed,1
0115174_neurosketch,27,furniture,bed,448,31,1,45001.38,10,32,bed,0
0115174_neurosketch,27,2,chair,449,32,0,48002.08,10,22,chair,1
0115174_neurosketch,27,2,chair,449,33,0,48002.08,10,22,chair,0
0115174_neurosketch,27,2,chair,449,34,0,48002.08,10,22,chair,0
0115174_neurosketch,27,furniture,table,450,35,1,52502.21,10,32,table,1
0115174_neurosketch,27,furniture,table,450,36,1,52502.21,10,32,table,0
0115174_neurosketch,27,furniture,bench,451,37,0,55501.61,10,1,bench,1
0115174_neurosketch,27,furniture,bench,451,38,0,55501.61,10,1,bench,0
0115174_neurosketch,27,furniture,bench,451,39,0,55501.61,10,1,bench,0
0115174_neurosketch,27,furniture,bench,451,40,0,55501.61,10,1,bench,0
0115174_neurosketch,27,furniture,chair,452,41,0,61501.95,10,5,chair,1
0115174_neurosketch,27,furniture,chair,452,42,0,61501.95,10,5,chair,0
0115174_neurosketch,27,furniture,chair,452,43,0,61501.95,10,5,chair,0
0115174_neurosketch,27,furniture,bench,453,44,0,66001.86,10,0,bench,1
0115174_neurosketch,27,furniture,bench,453,45,0,66001.86,10,0,bench,0
0115174_neurosketch,27,furniture,table,454,46,1,69001.56,10,27,table,1
0115174_neurosketch,27,furniture,table,454,47,1,69001.56,10,27,table,0
0115174_neurosketch,27,furniture,bed,455,48,1,72001.98,10,9,bed,1
0115174_neurosketch,27,furniture,bed,455,49,1,72001.98,10,9,bed,0
0115174_neurosketch,27,furniture,bed,455,50,1,72001.98,10,9,bed,0
0115174_neurosketch,27,furniture,chair,456,51,0,76502.22,10,9,chair,1
0115174_neurosketch,27,furniture,chair,456,52,0,76502.22,10,9,chair,0
0115174_neurosketch,27,furniture,chair,456,53,0,76502.22,10,9,chair,0
0115174_neurosketch,27,furniture,bench,457,54,0,81002.24,10,16,bench,1
0115174_neurosketch,27,furniture,bench,457,55,0,81002.24,10,16,bench,0
0115174_neurosketch,27,furniture,bed,458,56,1,84001.74,10,29,bed,1
0115174_neurosketch,27,furniture,bed,458,57,1,84001.74,10,29,bed,0
0115174_neurosketch,27,furniture,bed,458,58,1,84001.74,10,29,bed,0
0115174_neurosketch,27,furniture,bed,458,59,1,84001.74,10,29,bed,0
0115174_neurosketch,27,2,table,459,60,1,90001.86,10,34,table,1
0115174_neurosketch,27,2,table,459,61,1,90001.86,10,34,table,0
0115174_neurosketch,27,2,table,459,62,1,90001.86,10,34,table,0
0115174_neurosketch,27,furniture,bench,460,63,0,94502.66,10,3,bench,1
0115174_neurosketch,27,furniture,bench,460,64,0,94502.66,10,3,bench,0
0115174_neurosketch,27,furniture,chair,461,65,0,97502.14,10,26,chair,1
0115174_neurosketch,27,furniture,chair,461,66,0,97502.14,10,26,chair,0
0115174_neurosketch,27,furniture,chair,461,67,0,97502.14,10,26,chair,0
0115174_neurosketch,27,furniture,chair,461,68,0,97502.14,10,26,chair,0
0115174_neurosketch,27,furniture,bed,462,69,1,103502.28,10,39,bed,1
0115174_neurosketch,27,furniture,bed,462,70,1,103502.28,10,39,bed,0
0115174_neurosketch,27,furniture,bed,462,71,1,103502.28,10,39,bed,0
0115174_neurosketch,27,furniture,bed,462,72,1,103502.28,10,39,bed,0
0115174_neurosketch,27,furniture,table,463,73,1,109502.2,10,21,,1
0115174_neurosketch,27,furniture,table,463,74,1,109502.2,10,21,,0
0115174_neurosketch,27,furniture,table,463,75,1,109502.2,10,21,,0
0115174_neurosketch,27,furniture,table,463,76,1,109502.2,10,21,,0
0115174_neurosketch,27,furniture,table,464,77,1,115502.13,10,36,table,1
0115174_neurosketch,27,furniture,table,464,78,1,115502.13,10,36,table,0
0115174_neurosketch,27,furniture,table,464,79,1,115502.13,10,36,table,0
0115174_neurosketch,27,furniture,bed,465,80,1,120002.43,10,6,bed,1
0115174_neurosketch,27,furniture,bed,465,81,1,120002.43,10,6,bed,0
0115174_neurosketch,27,furniture,bench,466,82,0,123002.42,10,34,bench,1
0115174_neurosketch,27,furniture,bench,466,83,0,123002.42,10,34,bench,0
0115174_neurosketch,27,furniture,bench,466,84,0,123002.42,10,34,bench,0
0115174_neurosketch,27,furniture,chair,467,85,0,127502.14,10,16,chair,1
0115174_neurosketch,27,furniture,chair,467,86,0,127502.14,10,16,chair,0
0115174_neurosketch,27,furniture,bed,468,87,1,130501.96,10,19,bed,1
0115174_neurosketch,27,furniture,bed,468,88,1,130501.96,10,19,bed,0
0115174_neurosketch,27,furniture,bed,468,89,1,130501.96,10,19,bed,0
0115174_neurosketch,27,2,bench,469,90,0,135002.06,10,21,bench,1
0115174_neurosketch,27,2,bench,469,91,0,135002.06,10,21,bench,0
0115174_neurosketch,27,furniture,chair,470,92,0,138002.24,10,25,chair,1
0115174_neurosketch,27,furniture,chair,470,93,0,138002.24,10,25,chair,0
0115174_neurosketch,27,furniture,table,471,94,1,141002.46,10,10,table,1
0115174_neurosketch,27,furniture,table,471,95,1,141002.46,10,10,table,0
0115174_neurosketch,27,furniture,table,471,96,1,141002.46,10,10,table,0
0115174_neurosketch,27,furniture,bed,472,97,1,145503.17,10,28,bed,1
0115174_neurosketch,27,furniture,bed,472,98,1,145503.17,10,28,bed,0
0115174_neurosketch,27,furniture,bed,472,99,1,145503.17,10,28,bed,0
0115174_neurosketch,27,furniture,bed,472,100,1,145503.17,10,28,bed,0
0115174_neurosketch,27,furniture,chair,473,101,0,151503.0,10,2,chair,1
0115174_neurosketch,27,furniture,chair,473,102,0,151503.0,10,2,chair,0
0115174_neurosketch,27,furniture,chair,473,103,0,151503.0,10,2,chair,0
0115174_neurosketch,27,furniture,bench,474,104,0,156002.58,10,28,bench,1
0115174_neurosketch,27,furniture,bench,474,105,0,156002.58,10,28,bench,0
0115174_neurosketch,27,furniture,table,475,106,1,159002.76,10,1,table,1
0115174_neurosketch,27,furniture,table,475,107,1,159002.76,10,1,table,0
0115174_neurosketch,27,furniture,bench,476,108,0,162002.98,10,6,bench,1
0115174_neurosketch,27,furniture,bench,476,109,0,162002.98,10,6,bench,0
0115174_neurosketch,27,furniture,bench,476,110,0,162002.98,10,6,bench,0
0115174_neurosketch,27,furniture,table,477,111,1,166502.17,10,14,table,1
0115174_neurosketch,27,furniture,table,477,112,1,166502.17,10,14,table,0
0115174_neurosketch,27,furniture,table,477,113,1,166502.17,10,14,table,0
0115174_neurosketch,27,furniture,chair,478,114,0,171002.72,10,21,chair,1
0115174_neurosketch,27,furniture,chair,478,115,0,171002.72,10,21,chair,0
0115174_neurosketch,27,2,bed,479,116,1,174002.6,10,11,bed,1
0115174_neurosketch,27,2,bed,479,117,1,174002.6,10,11,bed,0
0115174_neurosketch,27,2,bed,479,118,1,174002.6,10,11,bed,0
0115174_neurosketch,27,2,bed,479,119,1,174002.6,10,11,bed,0
0115174_neurosketch,27,furniture,bench,480,120,0,180002.8,10,36,bench,1
0115174_neurosketch,27,furniture,bench,480,121,0,180002.8,10,36,bench,0
0115174_neurosketch,27,furniture,bed,481,122,1,183002.28,10,24,bed,1
0115174_neurosketch,27,furniture,bed,481,123,1,183002.28,10,24,bed,0
0115174_neurosketch,27,furniture,bed,481,124,1,183002.28,10,24,bed,0
0115174_neurosketch,27,furniture,bed,481,125,1,183002.28,10,24,bed,0
0115174_neurosketch,27,furniture,table,482,126,1,189002.33,10,17,table,1
0115174_neurosketch,27,furniture,table,482,127,1,189002.33,10,17,table,0
0115174_neurosketch,27,furniture,chair,483,128,0,192002.67,10,29,chair,1
0115174_neurosketch,27,furniture,chair,483,129,0,192002.67,10,29,chair,0
0115174_neurosketch,27,furniture,chair,483,130,0,192002.67,10,29,chair,0
0115174_neurosketch,27,furniture,chair,484,131,0,196502.38,10,31,chair,1
0115174_neurosketch,27,furniture,chair,484,132,0,196502.38,10,31,chair,0
0115174_neurosketch,27,furniture,bench,485,133,0,199502.18,10,22,bench,1
0115174_neurosketch,27,furniture,bench,485,134,0,199502.18,10,22,bench,0
0115174_neurosketch,27,furniture,bench,485,135,0,199502.18,10,22,bench,0
0115174_neurosketch,27,furniture,bed,486,136,1,204002.6,10,14,bed,1
0115174_neurosketch,27,furniture,bed,486,137,1,204002.6,10,14,bed,0
0115174_neurosketch,27,furniture,bed,486,138,1,204002.6,10,14,bed,0
0115174_neurosketch,27,furniture,table,487,139,1,208502.59,10,30,table,1
0115174_neurosketch,27,furniture,table,487,140,1,208502.59,10,30,table,0
0115174_neurosketch,27,furniture,table,487,141,1,208502.59,10,30,table,0
0115174_neurosketch,27,furniture,bench,488,142,0,213002.58,10,23,bench,1
0115174_neurosketch,27,furniture,bench,488,143,0,213002.58,10,23,bench,0
0115174_neurosketch,27,2,bed,489,144,1,216002.4,10,0,bed,1
0115174_neurosketch,27,2,bed,489,145,1,216002.4,10,0,bed,0
0115174_neurosketch,27,2,bed,489,146,1,216002.4,10,0,bed,0
0115174_neurosketch,27,furniture,chair,490,147,0,220502.57,10,19,chair,1
0115174_neurosketch,27,furniture,chair,490,148,0,220502.57,10,19,chair,0
0115174_neurosketch,27,furniture,table,491,149,1,223502.62,10,15,table,1
0115174_neurosketch,27,furniture,table,491,150,1,223502.62,10,15,table,0
0115174_neurosketch,27,furniture,table,491,151,1,223502.62,10,15,table,0
0115174_neurosketch,27,furniture,table,491,152,1,223502.62,10,15,table,0
0115174_neurosketch,27,furniture,bed,492,153,1,229502.14,10,15,bed,1
0115174_neurosketch,27,furniture,bed,492,154,1,229502.14,10,15,bed,0
0115174_neurosketch,27,furniture,bed,492,155,1,229502.14,10,15,bed,0
0115174_neurosketch,27,furniture,chair,493,156,0,234002.53,10,0,chair,1
0115174_neurosketch,27,furniture,chair,493,157,0,234002.53,10,0,chair,0
0115174_neurosketch,27,furniture,table,494,158,1,237001.74,10,3,table,1
0115174_neurosketch,27,furniture,table,494,159,1,237001.74,10,3,table,0
0115174_neurosketch,27,furniture,bench,495,160,0,240002.63,10,31,bench,1
0115174_neurosketch,27,furniture,bench,495,161,0,240002.63,10,31,bench,0
0115174_neurosketch,27,furniture,bench,495,162,0,240002.63,10,31,bench,0
0115174_neurosketch,27,furniture,chair,496,163,0,244503.04,10,15,chair,1
0115174_neurosketch,27,furniture,chair,496,164,0,244503.04,10,15,chair,0
0115174_neurosketch,27,furniture,chair,496,165,0,244503.04,10,15,chair,0
0115174_neurosketch,27,furniture,table,497,166,1,249002.27,10,31,table,1
0115174_neurosketch,27,furniture,table,497,167,1,249002.27,10,31,table,0
0115174_neurosketch,27,furniture,bed,498,168,1,252002.51,10,35,bed,1
0115174_neurosketch,27,furniture,bed,498,169,1,252002.51,10,35,bed,0
0115174_neurosketch,27,furniture,bed,498,170,1,252002.51,10,35,bed,0
0115174_neurosketch,27,furniture,bed,498,171,1,252002.51,10,35,bed,0
0115174_neurosketch,27,2,bench,499,172,0,258003.04,10,14,bench,1
0115174_neurosketch,27,2,bench,499,173,0,258003.04,10,14,bench,0
0115174_neurosketch,27,2,bench,499,174,0,258003.04,10,14,bench,0
0115174_neurosketch,27,furniture,bed,500,175,1,262502.34,10,12,bed,1
0115174_neurosketch,27,furniture,bed,500,176,1,262502.34,10,12,bed,0
0115174_neurosketch,27,furniture,table,501,177,1,265501.67,10,39,table,1
0115174_neurosketch,27,furniture,table,501,178,1,265501.67,10,39,table,0
0115174_neurosketch,27,furniture,table,501,179,1,265501.67,10,39,table,0
0115174_neurosketch,27,furniture,table,501,180,1,265501.67,10,39,table,0
0115174_neurosketch,27,furniture,chair,502,181,0,271502.16,10,20,chair,1
0115174_neurosketch,27,furniture,chair,502,182,0,271502.16,10,20,chair,0
0115174_neurosketch,27,furniture,chair,502,183,0,271502.16,10,20,chair,0
0115174_neurosketch,27,furniture,chair,502,184,0,271502.16,10,20,chair,0
0115174_neurosketch,27,furniture,bench,503,185,0,277502.14,10,5,bench,1
0115174_neurosketch,27,furniture,bench,503,186,0,277502.14,10,5,bench,0
0115174_neurosketch,27,furniture,bench,503,187,0,277502.14,10,5,bench,0
0115174_neurosketch,27,furniture,bench,503,188,0,277502.14,10,5,bench,0
0115174_neurosketch,27,furniture,chair,504,189,0,283502.25,10,14,chair,1
0115174_neurosketch,27,furniture,chair,504,190,0,283502.25,10,14,chair,0
0115174_neurosketch,27,furniture,chair,504,191,0,283502.25,10,14,chair,0
0115174_neurosketch,27,furniture,table,505,192,1,288001.47,10,19,table,1
0115174_neurosketch,27,furniture,table,505,193,1,288001.47,10,19,table,0
0115174_neurosketch,27,furniture,bed,506,194,1,291002.22,10,16,bed,1
0115174_neurosketch,27,furniture,bed,506,195,1,291002.22,10,16,bed,0
0115174_neurosketch,27,furniture,bed,506,196,1,291002.22,10,16,bed,0
0115174_neurosketch,27,furniture,bench,507,197,0,295502.11,10,30,bench,1
0115174_neurosketch,27,furniture,bench,507,198,0,295502.11,10,30,bench,0
0115174_neurosketch,27,furniture,chair,508,199,0,298502.2,10,37,chair,1
0115174_neurosketch,27,furniture,chair,508,200,0,298502.2,10,37,chair,0
0115174_neurosketch,27,furniture,chair,508,201,0,298502.2,10,37,chair,0
0115174_neurosketch,27,2,bench,509,202,0,303002.42,10,26,bench,1
0115174_neurosketch,27,2,bench,509,203,0,303002.42,10,26,bench,0
0115174_neurosketch,27,furniture,table,510,204,1,306003.58,10,26,table,1
0115174_neurosketch,27,furniture,table,510,205,1,306003.58,10,26,table,0
0115174_neurosketch,27,furniture,bed,511,206,1,309002.42,10,34,bed,1
0115174_neurosketch,27,furniture,bed,511,207,1,309002.42,10,34,bed,0
0115174_neurosketch,27,furniture,bed,511,208,1,309002.42,10,34,bed,0
0115174_neurosketch,27,furniture,bed,512,209,1,313503.59,10,2,bed,1
0115174_neurosketch,27,furniture,bed,512,210,1,313503.59,10,2,bed,0
0115174_neurosketch,27,furniture,bed,512,211,1,313503.59,10,2,bed,0
0115174_neurosketch,27,furniture,bed,512,212,1,313503.59,10,2,bed,0
0115174_neurosketch,27,furniture,table,513,213,1,319502.48,10,12,table,1
0115174_neurosketch,27,furniture,table,513,214,1,319502.48,10,12,table,0
0115174_neurosketch,27,furniture,table,513,215,1,319502.48,10,12,table,0
0115174_neurosketch,27,furniture,bench,514,216,0,324003.61,10,11,bench,1
0115174_neurosketch,27,furniture,bench,514,217,0,324003.61,10,11,bench,0
0115174_neurosketch,27,furniture,chair,515,218,0,327002.26,10,24,chair,1
0115174_neurosketch,27,furniture,chair,515,219,0,327002.26,10,24,chair,0
0115174_neurosketch,27,furniture,bench,516,220,0,330002.02,10,10,bench,1
0115174_neurosketch,27,furniture,bench,516,221,0,330002.02,10,10,bench,0
0115174_neurosketch,27,furniture,bench,516,222,0,330002.02,10,10,bench,0
0115174_neurosketch,27,furniture,table,517,223,1,334502.79,10,23,table,1
0115174_neurosketch,27,furniture,table,517,224,1,334502.79,10,23,table,0
0115174_neurosketch,27,furniture,table,517,225,1,334502.79,10,23,table,0
0115174_neurosketch,27,furniture,chair,518,226,0,339002.46,10,36,chair,1
0115174_neurosketch,27,furniture,chair,518,227,0,339002.46,10,36,chair,0
0115174_neurosketch,27,2,bed,519,228,1,342002.81,10,37,bed,1
0115174_neurosketch,27,2,bed,519,229,1,342002.81,10,37,bed,0
0115174_neurosketch,27,2,bed,519,230,1,342002.81,10,37,bed,0
0115174_neurosketch,27,2,bed,519,231,1,342002.81,10,37,bed,0
0115174_neurosketch,27,2,bed,519,232,1,342002.81,10,37,bed,0
0115174_neurosketch,27,2,bed,519,233,1,342002.81,10,37,bed,0
0115174_neurosketch,27,2,bed,519,234,1,342002.81,10,37,bed,0
0115174_neurosketch,27,2,bed,519,235,1,342002.81,10,37,bed,0
0115174_neurosketch,27,2,bed,519,236,1,342002.81,10,37,bed,0
0115174_neurosketch,27,2,bed,519,237,1,342002.81,10,37,bed,0
0115174_neurosketch,27,2,bed,519,238,1,342002.81,10,37,bed,0
0115174_neurosketch,27,2,bed,519,239,1,342002.81,10,37,bed,0
