wID,versionNum,category,object,trial,TRnum,condition,onset_time,run_num,viewpoint,response,onset
0117171_neurosketch,30,furniture,table,0,0,-1,0.0,1,33,,0
0117171_neurosketch,30,furniture,table,0,1,-1,0.0,1,33,,0
0117171_neurosketch,30,furniture,table,0,2,-1,0.0,1,33,,0
0117171_neurosketch,30,furniture,table,0,3,-1,0.0,1,33,,0
0117171_neurosketch,30,furniture,table,0,4,-1,0.0,1,33,,0
0117171_neurosketch,30,furniture,table,0,5,-1,0.0,1,33,,0
0117171_neurosketch,30,furniture,table,0,6,-1,0.0,1,33,,0
0117171_neurosketch,30,furniture,table,0,7,-1,0.0,1,33,,0
0117171_neurosketch,30,furniture,table,0,8,0,12004.34,1,33,,1
0117171_neurosketch,30,furniture,table,0,9,0,12004.34,1,33,,0
0117171_neurosketch,30,furniture,table,0,10,0,12004.34,1,33,,0
0117171_neurosketch,30,furniture,table,0,11,0,12004.34,1,33,,0
0117171_neurosketch,30,furniture,table,0,12,0,12004.34,1,33,,0
0117171_neurosketch,30,furniture,table,0,13,0,12004.34,1,33,,0
0117171_neurosketch,30,furniture,table,0,14,0,12004.34,1,33,,0
0117171_neurosketch,30,furniture,bench,1,15,0,22502.31,1,5,bench,1
0117171_neurosketch,30,furniture,bench,1,16,0,22502.31,1,5,bench,0
0117171_neurosketch,30,furniture,bench,1,17,0,22502.31,1,5,bench,0
0117171_neurosketch,30,furniture,bench,1,18,0,22502.31,1,5,bench,0
0117171_neurosketch,30,furniture,bed,2,19,1,28502.49,1,3,bed,1
0117171_neurosketch,30,furniture,bed,2,20,1,28502.49,1,3,bed,0
0117171_neurosketch,30,furniture,chair,3,21,1,31502.54,1,23,chair,1
0117171_neurosketch,30,furniture,chair,3,22,1,31502.54,1,23,chair,0
0117171_neurosketch,30,furniture,chair,3,23,1,31502.54,1,23,chair,0
0117171_neurosketch,30,furniture,bed,4,24,1,36003.37,1,12,bed,1
0117171_neurosketch,30,furniture,bed,4,25,1,36003.37,1,12,bed,0
0117171_neurosketch,30,furniture,bench,5,26,0,39001.46,1,7,,1
0117171_neurosketch,30,furniture,bench,5,27,0,39001.46,1,7,,0
0117171_neurosketch,30,furniture,bench,5,28,0,39001.46,1,7,,0
0117171_neurosketch,30,furniture,chair,6,29,1,43502.56,1,24,chair,1
0117171_neurosketch,30,furniture,chair,6,30,1,43502.56,1,24,chair,0
0117171_neurosketch,30,furniture,table,7,31,0,46503.08,1,2,table,1
0117171_neurosketch,30,furniture,table,7,32,0,46503.08,1,2,table,0
0117171_neurosketch,30,furniture,table,7,33,0,46503.08,1,2,table,0
0117171_neurosketch,30,furniture,bench,8,34,0,51001.64,1,21,bench,1
0117171_neurosketch,30,furniture,bench,8,35,0,51001.64,1,21,bench,0
0117171_neurosketch,30,2,bed,9,36,1,54001.62,1,2,bed,1
0117171_neurosketch,30,2,bed,9,37,1,54001.62,1,2,bed,0
0117171_neurosketch,30,2,bed,9,38,1,54001.62,1,2,bed,0
0117171_neurosketch,30,2,bed,9,39,1,54001.62,1,2,bed,0
0117171_neurosketch,30,furniture,chair,10,40,1,60001.57,1,34,chair,1
0117171_neurosketch,30,furniture,chair,10,41,1,60001.57,1,34,chair,0
0117171_neurosketch,30,furniture,chair,10,42,1,60001.57,1,34,chair,0
0117171_neurosketch,30,furniture,chair,10,43,1,60001.57,1,34,chair,0
0117171_neurosketch,30,furniture,table,11,44,0,66001.6,1,24,table,1
0117171_neurosketch,30,furniture,table,11,45,0,66001.6,1,24,table,0
0117171_neurosketch,30,furniture,table,11,46,0,66001.6,1,24,table,0
0117171_neurosketch,30,furniture,table,12,47,0,70501.77,1,13,table,1
0117171_neurosketch,30,furniture,table,12,48,0,70501.77,1,13,table,0
0117171_neurosketch,30,furniture,table,12,49,0,70501.77,1,13,table,0
0117171_neurosketch,30,furniture,bench,13,50,0,75002.73,1,3,bench,1
0117171_neurosketch,30,furniture,bench,13,51,0,75002.73,1,3,bench,0
0117171_neurosketch,30,furniture,bed,14,52,1,78002.56,1,38,bed,1
0117171_neurosketch,30,furniture,bed,14,53,1,78002.56,1,38,bed,0
0117171_neurosketch,30,furniture,chair,15,54,1,81002.0,1,29,chair,1
0117171_neurosketch,30,furniture,chair,15,55,1,81002.0,1,29,chair,0
0117171_neurosketch,30,furniture,bench,16,56,0,84003.42,1,17,bench,1
0117171_neurosketch,30,furniture,bench,16,57,0,84003.42,1,17,bench,0
0117171_neurosketch,30,furniture,bench,16,58,0,84003.42,1,17,bench,0
0117171_neurosketch,30,furniture,table,17,59,0,88502.08,1,12,table,1
0117171_neurosketch,30,furniture,table,17,60,0,88502.08,1,12,table,0
0117171_neurosketch,30,furniture,table,17,61,0,88502.08,1,12,table,0
0117171_neurosketch,30,furniture,chair,18,62,1,93002.2,1,37,chair,1
0117171_neurosketch,30,furniture,chair,18,63,1,93002.2,1,37,chair,0
0117171_neurosketch,30,furniture,chair,18,64,1,93002.2,1,37,chair,0
0117171_neurosketch,30,furniture,chair,18,65,1,93002.2,1,37,chair,0
0117171_neurosketch,30,2,bed,19,66,1,99002.73,1,9,bed,1
0117171_neurosketch,30,2,bed,19,67,1,99002.73,1,9,bed,0
0117171_neurosketch,30,furniture,bed,20,68,1,102002.66,1,6,bed,1
0117171_neurosketch,30,furniture,bed,20,69,1,102002.66,1,6,bed,0
0117171_neurosketch,30,furniture,bed,20,70,1,102002.66,1,6,bed,0
0117171_neurosketch,30,furniture,bench,21,71,0,106501.98,1,22,bench,1
0117171_neurosketch,30,furniture,bench,21,72,0,106501.98,1,22,bench,0
0117171_neurosketch,30,furniture,chair,22,73,1,109503.41,1,3,chair,1
0117171_neurosketch,30,furniture,chair,22,74,1,109503.41,1,3,chair,0
0117171_neurosketch,30,furniture,table,23,75,0,112503.29,1,7,table,1
0117171_neurosketch,30,furniture,table,23,76,0,112503.29,1,7,table,0
0117171_neurosketch,30,furniture,table,23,77,0,112503.29,1,7,table,0
0117171_neurosketch,30,furniture,table,24,78,0,117003.4,1,30,table,1
0117171_neurosketch,30,furniture,table,24,79,0,117003.4,1,30,table,0
0117171_neurosketch,30,furniture,table,24,80,0,117003.4,1,30,table,0
0117171_neurosketch,30,furniture,bench,25,81,0,121502.75,1,24,bench,1
0117171_neurosketch,30,furniture,bench,25,82,0,121502.75,1,24,bench,0
0117171_neurosketch,30,furniture,bench,25,83,0,121502.75,1,24,bench,0
0117171_neurosketch,30,furniture,bed,26,84,1,126001.81,1,0,bed,1
0117171_neurosketch,30,furniture,bed,26,85,1,126001.81,1,0,bed,0
0117171_neurosketch,30,furniture,bed,26,86,1,126001.81,1,0,bed,0
0117171_neurosketch,30,furniture,chair,27,87,1,130504.79,1,35,chair,1
0117171_neurosketch,30,furniture,chair,27,88,1,130504.79,1,35,chair,0
0117171_neurosketch,30,furniture,chair,27,89,1,130504.79,1,35,chair,0
0117171_neurosketch,30,furniture,chair,27,90,1,130504.79,1,35,chair,0
0117171_neurosketch,30,furniture,chair,28,91,1,136501.17,1,21,chair,1
0117171_neurosketch,30,furniture,chair,28,92,1,136501.17,1,21,chair,0
0117171_neurosketch,30,2,bench,29,93,0,139502.53,1,35,bench,1
0117171_neurosketch,30,2,bench,29,94,0,139502.53,1,35,bench,0
0117171_neurosketch,30,furniture,table,30,95,0,142502.9,1,36,table,1
0117171_neurosketch,30,furniture,table,30,96,0,142502.9,1,36,table,0
0117171_neurosketch,30,furniture,bed,31,97,1,145503.1,1,20,bed,1
0117171_neurosketch,30,furniture,bed,31,98,1,145503.1,1,20,bed,0
0117171_neurosketch,30,furniture,bed,31,99,1,145503.1,1,20,bed,0
0117171_neurosketch,30,furniture,bench,32,100,0,150001.82,1,29,bench,1
0117171_neurosketch,30,furniture,bench,32,101,0,150001.82,1,29,bench,0
0117171_neurosketch,30,furniture,bed,33,102,1,153002.76,1,1,bed,1
0117171_neurosketch,30,furniture,bed,33,103,1,153002.76,1,1,bed,0
0117171_neurosketch,30,furniture,bed,33,104,1,153002.76,1,1,bed,0
0117171_neurosketch,30,furniture,table,34,105,0,157502.08,1,37,table,1
0117171_neurosketch,30,furniture,table,34,106,0,157502.08,1,37,table,0
0117171_neurosketch,30,furniture,table,34,107,0,157502.08,1,37,table,0
0117171_neurosketch,30,furniture,table,34,108,0,157502.08,1,37,table,0
0117171_neurosketch,30,furniture,chair,35,109,1,163502.04,1,17,chair,1
0117171_neurosketch,30,furniture,chair,35,110,1,163502.04,1,17,chair,0
0117171_neurosketch,30,furniture,table,36,111,0,166502.89,1,39,table,1
0117171_neurosketch,30,furniture,table,36,112,0,166502.89,1,39,table,0
0117171_neurosketch,30,furniture,table,36,113,0,166502.89,1,39,table,0
0117171_neurosketch,30,furniture,chair,37,114,1,171002.79,1,8,chair,1
0117171_neurosketch,30,furniture,chair,37,115,1,171002.79,1,8,chair,0
0117171_neurosketch,30,furniture,bed,38,116,1,174001.56,1,4,bed,1
0117171_neurosketch,30,furniture,bed,38,117,1,174001.56,1,4,bed,0
0117171_neurosketch,30,furniture,bed,38,118,1,174001.56,1,4,bed,0
0117171_neurosketch,30,furniture,bed,38,119,1,174001.56,1,4,bed,0
0117171_neurosketch,30,2,bench,39,120,0,180002.97,1,28,bench,1
0117171_neurosketch,30,2,bench,39,121,0,180002.97,1,28,bench,0
0117171_neurosketch,30,2,bench,39,122,0,180002.97,1,28,bench,0
0117171_neurosketch,30,2,bench,39,123,0,180002.97,1,28,bench,0
0117171_neurosketch,30,furniture,bed,40,124,1,186002.89,1,17,bed,1
0117171_neurosketch,30,furniture,bed,40,125,1,186002.89,1,17,bed,0
0117171_neurosketch,30,furniture,bed,40,126,1,186002.89,1,17,bed,0
0117171_neurosketch,30,furniture,table,41,127,0,190504.0,1,34,table,1
0117171_neurosketch,30,furniture,table,41,128,0,190504.0,1,34,table,0
0117171_neurosketch,30,furniture,table,41,129,0,190504.0,1,34,table,0
0117171_neurosketch,30,furniture,table,41,130,0,190504.0,1,34,table,0
0117171_neurosketch,30,furniture,chair,42,131,1,196503.02,1,12,chair,1
0117171_neurosketch,30,furniture,chair,42,132,1,196503.02,1,12,chair,0
0117171_neurosketch,30,furniture,bench,43,133,0,199502.58,1,16,bench,1
0117171_neurosketch,30,furniture,bench,43,134,0,199502.58,1,16,bench,0
0117171_neurosketch,30,furniture,bench,43,135,0,199502.58,1,16,bench,0
0117171_neurosketch,30,furniture,bed,44,136,1,204002.85,1,22,bed,1
0117171_neurosketch,30,furniture,bed,44,137,1,204002.85,1,22,bed,0
0117171_neurosketch,30,furniture,table,45,138,0,207002.36,1,25,table,1
0117171_neurosketch,30,furniture,table,45,139,0,207002.36,1,25,table,0
0117171_neurosketch,30,furniture,table,45,140,0,207002.36,1,25,table,0
0117171_neurosketch,30,furniture,chair,46,141,1,211502.39,1,7,chair,1
0117171_neurosketch,30,furniture,chair,46,142,1,211502.39,1,7,chair,0
0117171_neurosketch,30,furniture,bench,47,143,0,214502.94,1,30,bench,1
0117171_neurosketch,30,furniture,bench,47,144,0,214502.94,1,30,bench,0
0117171_neurosketch,30,furniture,bench,47,145,0,214502.94,1,30,bench,0
0117171_neurosketch,30,furniture,bed,48,146,1,219002.83,1,21,bed,1
0117171_neurosketch,30,furniture,bed,48,147,1,219002.83,1,21,bed,0
0117171_neurosketch,30,2,table,49,148,0,222002.9,1,21,table,1
0117171_neurosketch,30,2,table,49,149,0,222002.9,1,21,table,0
0117171_neurosketch,30,2,table,49,150,0,222002.9,1,21,table,0
0117171_neurosketch,30,2,table,49,151,0,222002.9,1,21,table,0
0117171_neurosketch,30,furniture,chair,50,152,1,228001.58,1,14,chair,1
0117171_neurosketch,30,furniture,chair,50,153,1,228001.58,1,14,chair,0
0117171_neurosketch,30,furniture,chair,50,154,1,228001.58,1,14,chair,0
0117171_neurosketch,30,furniture,chair,50,155,1,228001.58,1,14,chair,0
0117171_neurosketch,30,furniture,bench,51,156,0,234002.73,1,31,bench,1
0117171_neurosketch,30,furniture,bench,51,157,0,234002.73,1,31,bench,0
0117171_neurosketch,30,furniture,bench,51,158,0,234002.73,1,31,bench,0
0117171_neurosketch,30,furniture,chair,52,159,1,238502.2,1,39,chair,1
0117171_neurosketch,30,furniture,chair,52,160,1,238502.2,1,39,chair,0
0117171_neurosketch,30,furniture,chair,52,161,1,238502.2,1,39,chair,0
0117171_neurosketch,30,furniture,table,53,162,0,243003.06,1,8,table,1
0117171_neurosketch,30,furniture,table,53,163,0,243003.06,1,8,table,0
0117171_neurosketch,30,furniture,bench,54,164,0,246002.86,1,33,bench,1
0117171_neurosketch,30,furniture,bench,54,165,0,246002.86,1,33,bench,0
0117171_neurosketch,30,furniture,bed,55,166,1,249002.27,1,16,bed,1
0117171_neurosketch,30,furniture,bed,55,167,1,249002.27,1,16,bed,0
0117171_neurosketch,30,furniture,bed,56,168,1,252001.55,1,37,bed,1
0117171_neurosketch,30,furniture,bed,56,169,1,252001.55,1,37,bed,0
0117171_neurosketch,30,furniture,bed,56,170,1,252001.55,1,37,bed,0
0117171_neurosketch,30,furniture,table,57,171,0,256502.39,1,22,table,1
0117171_neurosketch,30,furniture,table,57,172,0,256502.39,1,22,table,0
0117171_neurosketch,30,furniture,table,57,173,0,256502.39,1,22,table,0
0117171_neurosketch,30,furniture,chair,58,174,1,261002.38,1,33,chair,1
0117171_neurosketch,30,furniture,chair,58,175,1,261002.38,1,33,chair,0
0117171_neurosketch,30,furniture,chair,58,176,1,261002.38,1,33,chair,0
0117171_neurosketch,30,furniture,chair,58,177,1,261002.38,1,33,chair,0
0117171_neurosketch,30,2,bench,59,178,0,267002.66,1,8,bench,1
0117171_neurosketch,30,2,bench,59,179,0,267002.66,1,8,bench,0
0117171_neurosketch,30,furniture,chair,60,180,1,270002.11,1,15,chair,1
0117171_neurosketch,30,furniture,chair,60,181,1,270002.11,1,15,chair,0
0117171_neurosketch,30,furniture,chair,60,182,1,270002.11,1,15,chair,0
0117171_neurosketch,30,furniture,bed,61,183,1,274502.99,1,28,bed,1
0117171_neurosketch,30,furniture,bed,61,184,1,274502.99,1,28,bed,0
0117171_neurosketch,30,furniture,bench,62,185,0,277503.4,1,13,bench,1
0117171_neurosketch,30,furniture,bench,62,186,0,277503.4,1,13,bench,0
0117171_neurosketch,30,furniture,table,63,187,0,280503.47,1,18,table,1
0117171_neurosketch,30,furniture,table,63,188,0,280503.47,1,18,table,0
0117171_neurosketch,30,furniture,table,63,189,0,280503.47,1,18,table,0
0117171_neurosketch,30,furniture,bed,64,190,1,285003.72,1,18,bed,1
0117171_neurosketch,30,furniture,bed,64,191,1,285003.72,1,18,bed,0
0117171_neurosketch,30,furniture,bed,64,192,1,285003.72,1,18,bed,0
0117171_neurosketch,30,furniture,bench,65,193,0,289502.84,1,19,bench,1
0117171_neurosketch,30,furniture,bench,65,194,0,289502.84,1,19,bench,0
0117171_neurosketch,30,furniture,bench,65,195,0,289502.84,1,19,bench,0
0117171_neurosketch,30,furniture,chair,66,196,1,294003.04,1,5,chair,1
0117171_neurosketch,30,furniture,chair,66,197,1,294003.04,1,5,chair,0
0117171_neurosketch,30,furniture,chair,66,198,1,294003.04,1,5,chair,0
0117171_neurosketch,30,furniture,table,67,199,0,298503.1,1,32,table,1
0117171_neurosketch,30,furniture,table,67,200,0,298503.1,1,32,table,0
0117171_neurosketch,30,furniture,table,67,201,0,298503.1,1,32,table,0
0117171_neurosketch,30,furniture,table,67,202,0,298503.1,1,32,table,0
0117171_neurosketch,30,furniture,bed,68,203,1,304503.19,1,10,bed,1
0117171_neurosketch,30,furniture,bed,68,204,1,304503.19,1,10,bed,0
0117171_neurosketch,30,2,bench,69,205,0,307503.08,1,38,bench,1
0117171_neurosketch,30,2,bench,69,206,0,307503.08,1,38,bench,0
0117171_neurosketch,30,furniture,table,70,207,0,310502.42,1,38,table,1
0117171_neurosketch,30,furniture,table,70,208,0,310502.42,1,38,table,0
0117171_neurosketch,30,furniture,chair,71,209,1,313502.06,1,32,chair,1
0117171_neurosketch,30,furniture,chair,71,210,1,313502.06,1,32,chair,0
0117171_neurosketch,30,furniture,chair,71,211,1,313502.06,1,32,chair,0
0117171_neurosketch,30,furniture,chair,72,212,1,318002.53,1,4,chair,1
0117171_neurosketch,30,furniture,chair,72,213,1,318002.53,1,4,chair,0
0117171_neurosketch,30,furniture,table,73,214,0,321002.14,1,19,,1
0117171_neurosketch,30,furniture,table,73,215,0,321002.14,1,19,,0
0117171_neurosketch,30,furniture,table,73,216,0,321002.14,1,19,,0
0117171_neurosketch,30,furniture,bed,74,217,1,325503.9,1,8,bed,1
0117171_neurosketch,30,furniture,bed,74,218,1,325503.9,1,8,bed,0
0117171_neurosketch,30,furniture,bed,74,219,1,325503.9,1,8,bed,0
0117171_neurosketch,30,furniture,bed,74,220,1,325503.9,1,8,bed,0
0117171_neurosketch,30,furniture,bench,75,221,0,331502.23,1,18,bench,1
0117171_neurosketch,30,furniture,bench,75,222,0,331502.23,1,18,bench,0
0117171_neurosketch,30,furniture,chair,76,223,1,334503.08,1,27,chair,1
0117171_neurosketch,30,furniture,chair,76,224,1,334503.08,1,27,chair,0
0117171_neurosketch,30,furniture,chair,76,225,1,334503.08,1,27,chair,0
0117171_neurosketch,30,furniture,bed,77,226,1,339001.85,1,36,bed,1
0117171_neurosketch,30,furniture,bed,77,227,1,339001.85,1,36,bed,0
0117171_neurosketch,30,furniture,bench,78,228,0,342003.83,1,27,bench,1
0117171_neurosketch,30,furniture,bench,78,229,0,342003.83,1,27,bench,0
0117171_neurosketch,30,furniture,bench,78,230,0,342003.83,1,27,bench,0
0117171_neurosketch,30,furniture,bench,78,231,0,342003.83,1,27,bench,0
0117171_neurosketch,30,2,table,79,232,0,348002.9,1,4,table,1
0117171_neurosketch,30,2,table,79,233,0,348002.9,1,4,table,0
0117171_neurosketch,30,2,table,79,234,0,348002.9,1,4,table,0
0117171_neurosketch,30,2,table,79,235,0,348002.9,1,4,table,0
0117171_neurosketch,30,2,table,79,236,0,348002.9,1,4,table,0
0117171_neurosketch,30,2,table,79,237,0,348002.9,1,4,table,0
0117171_neurosketch,30,2,table,79,238,0,348002.9,1,4,table,0
0117171_neurosketch,30,2,table,79,239,0,348002.9,1,4,table,0
0117171_neurosketch,30,furniture,table,80,0,-1,0.0,2,31,table,0
0117171_neurosketch,30,furniture,table,80,1,-1,0.0,2,31,table,0
0117171_neurosketch,30,furniture,table,80,2,-1,0.0,2,31,table,0
0117171_neurosketch,30,furniture,table,80,3,-1,0.0,2,31,table,0
0117171_neurosketch,30,furniture,table,80,4,-1,0.0,2,31,table,0
0117171_neurosketch,30,furniture,table,80,5,-1,0.0,2,31,table,0
0117171_neurosketch,30,furniture,table,80,6,-1,0.0,2,31,table,0
0117171_neurosketch,30,furniture,table,80,7,-1,0.0,2,31,table,0
0117171_neurosketch,30,furniture,table,80,8,0,12002.21,2,31,table,1
0117171_neurosketch,30,furniture,table,80,9,0,12002.21,2,31,table,0
0117171_neurosketch,30,furniture,table,80,10,0,12002.21,2,31,table,0
0117171_neurosketch,30,furniture,chair,81,11,1,16501.35,2,31,chair,1
0117171_neurosketch,30,furniture,chair,81,12,1,16501.35,2,31,chair,0
0117171_neurosketch,30,furniture,chair,81,13,1,16501.35,2,31,chair,0
0117171_neurosketch,30,furniture,chair,81,14,1,16501.35,2,31,chair,0
0117171_neurosketch,30,furniture,bed,82,15,1,22502.02,2,7,bed,1
0117171_neurosketch,30,furniture,bed,82,16,1,22502.02,2,7,bed,0
0117171_neurosketch,30,furniture,bench,83,17,0,25501.5,2,32,bench,1
0117171_neurosketch,30,furniture,bench,83,18,0,25501.5,2,32,bench,0
0117171_neurosketch,30,furniture,bench,83,19,0,25501.5,2,32,bench,0
0117171_neurosketch,30,furniture,bed,84,20,1,30001.5,2,5,bed,1
0117171_neurosketch,30,furniture,bed,84,21,1,30001.5,2,5,bed,0
0117171_neurosketch,30,furniture,chair,85,22,1,33001.5,2,28,chair,1
0117171_neurosketch,30,furniture,chair,85,23,1,33001.5,2,28,chair,0
0117171_neurosketch,30,furniture,chair,85,24,1,33001.5,2,28,chair,0
0117171_neurosketch,30,furniture,table,86,25,0,37501.73,2,6,table,1
0117171_neurosketch,30,furniture,table,86,26,0,37501.73,2,6,table,0
0117171_neurosketch,30,furniture,bench,87,27,0,40501.53,2,34,bench,1
0117171_neurosketch,30,furniture,bench,87,28,0,40501.53,2,34,bench,0
0117171_neurosketch,30,furniture,bench,87,29,0,40501.53,2,34,bench,0
0117171_neurosketch,30,furniture,table,88,30,0,45002.38,2,14,table,1
0117171_neurosketch,30,furniture,table,88,31,0,45002.38,2,14,table,0
0117171_neurosketch,30,2,chair,89,32,1,48002.64,2,2,chair,1
0117171_neurosketch,30,2,chair,89,33,1,48002.64,2,2,chair,0
0117171_neurosketch,30,2,chair,89,34,1,48002.64,2,2,chair,0
0117171_neurosketch,30,2,chair,89,35,1,48002.64,2,2,chair,0
0117171_neurosketch,30,furniture,bed,90,36,1,54002.42,2,27,bed,1
0117171_neurosketch,30,furniture,bed,90,37,1,54002.42,2,27,bed,0
0117171_neurosketch,30,furniture,bed,90,38,1,54002.42,2,27,bed,0
0117171_neurosketch,30,furniture,bed,90,39,1,54002.42,2,27,bed,0
0117171_neurosketch,30,furniture,bench,91,40,0,60002.46,2,26,bench,1
0117171_neurosketch,30,furniture,bench,91,41,0,60002.46,2,26,bench,0
0117171_neurosketch,30,furniture,bench,91,42,0,60002.46,2,26,bench,0
0117171_neurosketch,30,furniture,bed,92,43,1,64502.31,2,32,bed,1
0117171_neurosketch,30,furniture,bed,92,44,1,64502.31,2,32,bed,0
0117171_neurosketch,30,furniture,bed,92,45,1,64502.31,2,32,bed,0
0117171_neurosketch,30,furniture,bench,93,46,0,69002.48,2,9,bench,1
0117171_neurosketch,30,furniture,bench,93,47,0,69002.48,2,9,bench,0
0117171_neurosketch,30,furniture,chair,94,48,1,72002.14,2,36,chair,1
0117171_neurosketch,30,furniture,chair,94,49,1,72002.14,2,36,chair,0
0117171_neurosketch,30,furniture,table,95,50,0,75004.32,2,15,,1
0117171_neurosketch,30,furniture,table,95,51,0,75004.32,2,15,,0
0117171_neurosketch,30,furniture,bench,96,52,0,78003.19,2,10,bench,1
0117171_neurosketch,30,furniture,bench,96,53,0,78003.19,2,10,bench,0
0117171_neurosketch,30,furniture,bench,96,54,0,78003.19,2,10,bench,0
0117171_neurosketch,30,furniture,bed,97,55,1,82501.58,2,13,bed,1
0117171_neurosketch,30,furniture,bed,97,56,1,82501.58,2,13,bed,0
0117171_neurosketch,30,furniture,bed,97,57,1,82501.58,2,13,bed,0
0117171_neurosketch,30,furniture,table,98,58,0,87002.33,2,27,table,1
0117171_neurosketch,30,furniture,table,98,59,0,87002.33,2,27,table,0
0117171_neurosketch,30,furniture,table,98,60,0,87002.33,2,27,table,0
0117171_neurosketch,30,furniture,table,98,61,0,87002.33,2,27,table,0
0117171_neurosketch,30,2,chair,99,62,1,93002.9,2,9,chair,1
0117171_neurosketch,30,2,chair,99,63,1,93002.9,2,9,chair,0
0117171_neurosketch,30,furniture,chair,100,64,1,96002.67,2,1,chair,1
0117171_neurosketch,30,furniture,chair,100,65,1,96002.67,2,1,chair,0
0117171_neurosketch,30,furniture,chair,100,66,1,96002.67,2,1,chair,0
0117171_neurosketch,30,furniture,bed,101,67,1,100501.88,2,19,bed,1
0117171_neurosketch,30,furniture,bed,101,68,1,100501.88,2,19,bed,0
0117171_neurosketch,30,furniture,table,102,69,0,103502.17,2,9,table,1
0117171_neurosketch,30,furniture,table,102,70,0,103502.17,2,9,table,0
0117171_neurosketch,30,furniture,bench,103,71,0,106502.71,2,0,bench,1
0117171_neurosketch,30,furniture,bench,103,72,0,106502.71,2,0,bench,0
0117171_neurosketch,30,furniture,bench,103,73,0,106502.71,2,0,bench,0
0117171_neurosketch,30,furniture,bed,104,74,1,111002.2,2,34,bed,1
0117171_neurosketch,30,furniture,bed,104,75,1,111002.2,2,34,bed,0
0117171_neurosketch,30,furniture,bed,104,76,1,111002.2,2,34,bed,0
0117171_neurosketch,30,furniture,bench,105,77,0,115502.21,2,4,bench,1
0117171_neurosketch,30,furniture,bench,105,78,0,115502.21,2,4,bench,0
0117171_neurosketch,30,furniture,bench,105,79,0,115502.21,2,4,bench,0
0117171_neurosketch,30,furniture,table,106,80,0,120002.9,2,16,table,1
0117171_neurosketch,30,furniture,table,106,81,0,120002.9,2,16,table,0
0117171_neurosketch,30,furniture,table,106,82,0,120002.9,2,16,table,0
0117171_neurosketch,30,furniture,chair,107,83,1,124502.03,2,26,chair,1
0117171_neurosketch,30,furniture,chair,107,84,1,124502.03,2,26,chair,0
0117171_neurosketch,30,furniture,chair,107,85,1,124502.03,2,26,chair,0
0117171_neurosketch,30,furniture,chair,107,86,1,124502.03,2,26,chair,0
0117171_neurosketch,30,furniture,chair,108,87,1,130503.32,2,16,chair,1
0117171_neurosketch,30,furniture,chair,108,88,1,130503.32,2,16,chair,0
0117171_neurosketch,30,2,bench,109,89,0,133502.49,2,36,bench,1
0117171_neurosketch,30,2,bench,109,90,0,133502.49,2,36,bench,0
0117171_neurosketch,30,furniture,table,110,91,0,136502.58,2,28,table,1
0117171_neurosketch,30,furniture,table,110,92,0,136502.58,2,28,table,0
0117171_neurosketch,30,furniture,bed,111,93,1,139502.27,2,26,bed,1
0117171_neurosketch,30,furniture,bed,111,94,1,139502.27,2,26,bed,0
0117171_neurosketch,30,furniture,bed,111,95,1,139502.27,2,26,bed,0
0117171_neurosketch,30,furniture,bench,112,96,0,144002.89,2,14,bench,1
0117171_neurosketch,30,furniture,bench,112,97,0,144002.89,2,14,bench,0
0117171_neurosketch,30,furniture,chair,113,98,1,147002.92,2,13,chair,1
0117171_neurosketch,30,furniture,chair,113,99,1,147002.92,2,13,chair,0
0117171_neurosketch,30,furniture,chair,113,100,1,147002.92,2,13,chair,0
0117171_neurosketch,30,furniture,table,114,101,0,151502.96,2,3,table,1
0117171_neurosketch,30,furniture,table,114,102,0,151502.96,2,3,table,0
0117171_neurosketch,30,furniture,table,114,103,0,151502.96,2,3,table,0
0117171_neurosketch,30,furniture,table,114,104,0,151502.96,2,3,table,0
0117171_neurosketch,30,furniture,bed,115,105,1,157503.3,2,33,bed,1
0117171_neurosketch,30,furniture,bed,115,106,1,157503.3,2,33,bed,0
0117171_neurosketch,30,furniture,chair,116,107,1,160502.2,2,38,chair,1
0117171_neurosketch,30,furniture,chair,116,108,1,160502.2,2,38,chair,0
0117171_neurosketch,30,furniture,chair,116,109,1,160502.2,2,38,chair,0
0117171_neurosketch,30,furniture,bench,117,110,0,165002.35,2,1,bench,1
0117171_neurosketch,30,furniture,bench,117,111,0,165002.35,2,1,bench,0
0117171_neurosketch,30,furniture,bed,118,112,1,168002.86,2,15,bed,1
0117171_neurosketch,30,furniture,bed,118,113,1,168002.86,2,15,bed,0
0117171_neurosketch,30,furniture,bed,118,114,1,168002.86,2,15,bed,0
0117171_neurosketch,30,furniture,bed,118,115,1,168002.86,2,15,bed,0
0117171_neurosketch,30,2,table,119,116,0,174001.52,2,26,table,1
0117171_neurosketch,30,2,table,119,117,0,174001.52,2,26,table,0
0117171_neurosketch,30,2,table,119,118,0,174001.52,2,26,table,0
0117171_neurosketch,30,2,table,119,119,0,174001.52,2,26,table,0
0117171_neurosketch,30,furniture,chair,120,120,1,180002.77,2,6,chair,1
0117171_neurosketch,30,furniture,chair,120,121,1,180002.77,2,6,chair,0
0117171_neurosketch,30,furniture,chair,120,122,1,180002.77,2,6,chair,0
0117171_neurosketch,30,furniture,table,121,123,0,184503.64,2,10,table,1
0117171_neurosketch,30,furniture,table,121,124,0,184503.64,2,10,table,0
0117171_neurosketch,30,furniture,table,121,125,0,184503.64,2,10,table,0
0117171_neurosketch,30,furniture,table,121,126,0,184503.64,2,10,table,0
0117171_neurosketch,30,furniture,bed,122,127,1,190502.37,2,11,bed,1
0117171_neurosketch,30,furniture,bed,122,128,1,190502.37,2,11,bed,0
0117171_neurosketch,30,furniture,bench,123,129,0,193502.88,2,37,bench,1
0117171_neurosketch,30,furniture,bench,123,130,0,193502.88,2,37,bench,0
0117171_neurosketch,30,furniture,bench,123,131,0,193502.88,2,37,bench,0
0117171_neurosketch,30,furniture,chair,124,132,1,198001.61,2,25,chair,1
0117171_neurosketch,30,furniture,chair,124,133,1,198001.61,2,25,chair,0
0117171_neurosketch,30,furniture,bed,125,134,1,201002.31,2,31,bed,1
0117171_neurosketch,30,furniture,bed,125,135,1,201002.31,2,31,bed,0
0117171_neurosketch,30,furniture,bed,125,136,1,201002.31,2,31,bed,0
0117171_neurosketch,30,furniture,table,126,137,0,205502.85,2,0,table,1
0117171_neurosketch,30,furniture,table,126,138,0,205502.85,2,0,table,0
0117171_neurosketch,30,furniture,bench,127,139,0,208502.44,2,6,bench,1
0117171_neurosketch,30,furniture,bench,127,140,0,208502.44,2,6,bench,0
0117171_neurosketch,30,furniture,bench,127,141,0,208502.44,2,6,bench,0
0117171_neurosketch,30,furniture,bench,128,142,0,213002.32,2,15,bench,1
0117171_neurosketch,30,furniture,bench,128,143,0,213002.32,2,15,bench,0
0117171_neurosketch,30,2,bed,129,144,1,216002.9,2,29,bed,1
0117171_neurosketch,30,2,bed,129,145,1,216002.9,2,29,bed,0
0117171_neurosketch,30,2,bed,129,146,1,216002.9,2,29,bed,0
0117171_neurosketch,30,2,bed,129,147,1,216002.9,2,29,bed,0
0117171_neurosketch,30,furniture,chair,130,148,1,222003.64,2,11,chair,1
0117171_neurosketch,30,furniture,chair,130,149,1,222003.64,2,11,chair,0
0117171_neurosketch,30,furniture,chair,130,150,1,222003.64,2,11,chair,0
0117171_neurosketch,30,furniture,chair,130,151,1,222003.64,2,11,chair,0
0117171_neurosketch,30,furniture,table,131,152,0,228002.6,2,17,table,1
0117171_neurosketch,30,furniture,table,131,153,0,228002.6,2,17,table,0
0117171_neurosketch,30,furniture,table,131,154,0,228002.6,2,17,table,0
0117171_neurosketch,30,furniture,chair,132,155,1,232503.05,2,30,chair,1
0117171_neurosketch,30,furniture,chair,132,156,1,232503.05,2,30,chair,0
0117171_neurosketch,30,furniture,chair,132,157,1,232503.05,2,30,chair,0
0117171_neurosketch,30,furniture,bed,133,158,1,237002.29,2,25,bed,1
0117171_neurosketch,30,furniture,bed,133,159,1,237002.29,2,25,bed,0
0117171_neurosketch,30,furniture,bench,134,160,0,240001.48,2,20,bench,1
0117171_neurosketch,30,furniture,bench,134,161,0,240001.48,2,20,bench,0
0117171_neurosketch,30,furniture,table,135,162,0,243002.44,2,23,table,1
0117171_neurosketch,30,furniture,table,135,163,0,243002.44,2,23,table,0
0117171_neurosketch,30,furniture,table,136,164,0,246002.06,2,11,table,1
0117171_neurosketch,30,furniture,table,136,165,0,246002.06,2,11,table,0
0117171_neurosketch,30,furniture,table,136,166,0,246002.06,2,11,table,0
0117171_neurosketch,30,furniture,bench,137,167,0,250502.11,2,39,bench,1
0117171_neurosketch,30,furniture,bench,137,168,0,250502.11,2,39,bench,0
0117171_neurosketch,30,furniture,bench,137,169,0,250502.11,2,39,bench,0
0117171_neurosketch,30,furniture,bed,138,170,1,255002.52,2,24,bed,1
0117171_neurosketch,30,furniture,bed,138,171,1,255002.52,2,24,bed,0
0117171_neurosketch,30,furniture,bed,138,172,1,255002.52,2,24,bed,0
0117171_neurosketch,30,furniture,bed,138,173,1,255002.52,2,24,bed,0
0117171_neurosketch,30,2,chair,139,174,1,261002.51,2,20,chair,1
0117171_neurosketch,30,2,chair,139,175,1,261002.51,2,20,chair,0
0117171_neurosketch,30,furniture,bench,140,176,0,264002.64,2,2,,1
0117171_neurosketch,30,furniture,bench,140,177,0,264002.64,2,2,,0
0117171_neurosketch,30,furniture,bench,140,178,0,264002.64,2,2,,0
0117171_neurosketch,30,furniture,chair,141,179,1,268502.92,2,19,chair,1
0117171_neurosketch,30,furniture,chair,141,180,1,268502.92,2,19,chair,0
0117171_neurosketch,30,furniture,bed,142,181,1,271502.74,2,14,bed,1
0117171_neurosketch,30,furniture,bed,142,182,1,271502.74,2,14,bed,0
0117171_neurosketch,30,furniture,table,143,183,0,274502.56,2,29,table,1
0117171_neurosketch,30,furniture,table,143,184,0,274502.56,2,29,table,0
0117171_neurosketch,30,furniture,table,143,185,0,274502.56,2,29,table,0
0117171_neurosketch,30,furniture,chair,144,186,1,279003.02,2,18,chair,1
0117171_neurosketch,30,furniture,chair,144,187,1,279003.02,2,18,chair,0
0117171_neurosketch,30,furniture,chair,144,188,1,279003.02,2,18,chair,0
0117171_neurosketch,30,furniture,bench,145,189,0,283502.56,2,11,bench,1
0117171_neurosketch,30,furniture,bench,145,190,0,283502.56,2,11,bench,0
0117171_neurosketch,30,furniture,bench,145,191,0,283502.56,2,11,bench,0
0117171_neurosketch,30,furniture,bed,146,192,1,288002.81,2,30,bed,1
0117171_neurosketch,30,furniture,bed,146,193,1,288002.81,2,30,bed,0
0117171_neurosketch,30,furniture,bed,146,194,1,288002.81,2,30,bed,0
0117171_neurosketch,30,furniture,table,147,195,0,292502.26,2,20,table,1
0117171_neurosketch,30,furniture,table,147,196,0,292502.26,2,20,table,0
0117171_neurosketch,30,furniture,table,147,197,0,292502.26,2,20,table,0
0117171_neurosketch,30,furniture,table,147,198,0,292502.26,2,20,table,0
0117171_neurosketch,30,furniture,table,148,199,0,298503.0,2,35,table,1
0117171_neurosketch,30,furniture,table,148,200,0,298503.0,2,35,table,0
0117171_neurosketch,30,2,chair,149,201,1,301502.47,2,10,chair,1
0117171_neurosketch,30,2,chair,149,202,1,301502.47,2,10,chair,0
0117171_neurosketch,30,furniture,bench,150,203,0,304502.44,2,12,bench,1
0117171_neurosketch,30,furniture,bench,150,204,0,304502.44,2,12,bench,0
0117171_neurosketch,30,furniture,bed,151,205,1,307503.29,2,39,bed,1
0117171_neurosketch,30,furniture,bed,151,206,1,307503.29,2,39,bed,0
0117171_neurosketch,30,furniture,bed,151,207,1,307503.29,2,39,bed,0
0117171_neurosketch,30,furniture,table,152,208,0,312002.33,2,1,table,1
0117171_neurosketch,30,furniture,table,152,209,0,312002.33,2,1,table,0
0117171_neurosketch,30,furniture,chair,153,210,1,315003.91,2,22,bed,1
0117171_neurosketch,30,furniture,chair,153,211,1,315003.91,2,22,bed,0
0117171_neurosketch,30,furniture,chair,153,212,1,315003.91,2,22,bed,0
0117171_neurosketch,30,furniture,bed,154,213,1,319502.42,2,23,bed,1
0117171_neurosketch,30,furniture,bed,154,214,1,319502.42,2,23,bed,0
0117171_neurosketch,30,furniture,bed,154,215,1,319502.42,2,23,bed,0
0117171_neurosketch,30,furniture,bed,154,216,1,319502.42,2,23,bed,0
0117171_neurosketch,30,furniture,bench,155,217,0,325503.03,2,23,bench,1
0117171_neurosketch,30,furniture,bench,155,218,0,325503.03,2,23,bench,0
0117171_neurosketch,30,furniture,bed,156,219,1,328503.77,2,35,bed,1
0117171_neurosketch,30,furniture,bed,156,220,1,328503.77,2,35,bed,0
0117171_neurosketch,30,furniture,bed,156,221,1,328503.77,2,35,bed,0
0117171_neurosketch,30,furniture,bench,157,222,0,333002.5,2,25,bench,1
0117171_neurosketch,30,furniture,bench,157,223,0,333002.5,2,25,bench,0
0117171_neurosketch,30,furniture,table,158,224,0,336004.33,2,5,table,1
0117171_neurosketch,30,furniture,table,158,225,0,336004.33,2,5,table,0
0117171_neurosketch,30,furniture,table,158,226,0,336004.33,2,5,table,0
0117171_neurosketch,30,furniture,table,158,227,0,336004.33,2,5,table,0
0117171_neurosketch,30,2,chair,159,228,1,342001.79,2,0,chair,1
0117171_neurosketch,30,2,chair,159,229,1,342001.79,2,0,chair,0
0117171_neurosketch,30,2,chair,159,230,1,342001.79,2,0,chair,0
0117171_neurosketch,30,2,chair,159,231,1,342001.79,2,0,chair,0
0117171_neurosketch,30,2,chair,159,232,1,342001.79,2,0,chair,0
0117171_neurosketch,30,2,chair,159,233,1,342001.79,2,0,chair,0
0117171_neurosketch,30,2,chair,159,234,1,342001.79,2,0,chair,0
0117171_neurosketch,30,2,chair,159,235,1,342001.79,2,0,chair,0
0117171_neurosketch,30,2,chair,159,236,1,342001.79,2,0,chair,0
0117171_neurosketch,30,2,chair,159,237,1,342001.79,2,0,chair,0
0117171_neurosketch,30,2,chair,159,238,1,342001.79,2,0,chair,0
0117171_neurosketch,30,2,chair,159,239,1,342001.79,2,0,chair,0
0117171_neurosketch,30,furniture,chair,160,0,-1,0.0,3,0,chair,0
0117171_neurosketch,30,furniture,chair,160,1,-1,0.0,3,0,chair,0
0117171_neurosketch,30,furniture,chair,160,2,-1,0.0,3,0,chair,0
0117171_neurosketch,30,furniture,chair,160,3,-1,0.0,3,0,chair,0
0117171_neurosketch,30,furniture,chair,160,4,-1,0.0,3,0,chair,0
0117171_neurosketch,30,furniture,chair,160,5,-1,0.0,3,0,chair,0
0117171_neurosketch,30,furniture,chair,160,6,-1,0.0,3,0,chair,0
0117171_neurosketch,30,furniture,chair,160,7,-1,0.0,3,0,chair,0
0117171_neurosketch,30,furniture,chair,160,8,1,12002.17,3,0,chair,1
0117171_neurosketch,30,furniture,chair,160,9,1,12002.17,3,0,chair,0
0117171_neurosketch,30,furniture,chair,160,10,1,12002.17,3,0,chair,0
0117171_neurosketch,30,furniture,table,161,11,0,16501.63,3,5,table,1
0117171_neurosketch,30,furniture,table,161,12,0,16501.63,3,5,table,0
0117171_neurosketch,30,furniture,table,161,13,0,16501.63,3,5,table,0
0117171_neurosketch,30,furniture,table,161,14,0,16501.63,3,5,table,0
0117171_neurosketch,30,furniture,bench,162,15,0,22501.59,3,25,table,1
0117171_neurosketch,30,furniture,bench,162,16,0,22501.59,3,25,table,0
0117171_neurosketch,30,furniture,bed,163,17,1,25501.94,3,35,bed,1
0117171_neurosketch,30,furniture,bed,163,18,1,25501.94,3,35,bed,0
0117171_neurosketch,30,furniture,bed,163,19,1,25501.94,3,35,bed,0
0117171_neurosketch,30,furniture,bench,164,20,0,30001.52,3,23,bench,1
0117171_neurosketch,30,furniture,bench,164,21,0,30001.52,3,23,bench,0
0117171_neurosketch,30,furniture,bed,165,22,1,33001.55,3,23,bed,1
0117171_neurosketch,30,furniture,bed,165,23,1,33001.55,3,23,bed,0
0117171_neurosketch,30,furniture,bed,165,24,1,33001.55,3,23,bed,0
0117171_neurosketch,30,furniture,chair,166,25,1,37501.84,3,22,chair,1
0117171_neurosketch,30,furniture,chair,166,26,1,37501.84,3,22,chair,0
0117171_neurosketch,30,furniture,table,167,27,0,40501.47,3,1,table,1
0117171_neurosketch,30,furniture,table,167,28,0,40501.47,3,1,table,0
0117171_neurosketch,30,furniture,table,167,29,0,40501.47,3,1,table,0
0117171_neurosketch,30,furniture,bed,168,30,1,45001.57,3,39,bed,1
0117171_neurosketch,30,furniture,bed,168,31,1,45001.57,3,39,bed,0
0117171_neurosketch,30,2,bench,169,32,0,48002.52,3,12,bench,1
0117171_neurosketch,30,2,bench,169,33,0,48002.52,3,12,bench,0
0117171_neurosketch,30,2,bench,169,34,0,48002.52,3,12,bench,0
0117171_neurosketch,30,2,bench,169,35,0,48002.52,3,12,bench,0
0117171_neurosketch,30,furniture,chair,170,36,1,54002.94,3,10,chair,1
0117171_neurosketch,30,furniture,chair,170,37,1,54002.94,3,10,chair,0
0117171_neurosketch,30,furniture,chair,170,38,1,54002.94,3,10,chair,0
0117171_neurosketch,30,furniture,chair,170,39,1,54002.94,3,10,chair,0
0117171_neurosketch,30,furniture,table,171,40,0,60002.51,3,35,table,1
0117171_neurosketch,30,furniture,table,171,41,0,60002.51,3,35,table,0
0117171_neurosketch,30,furniture,table,171,42,0,60002.51,3,35,table,0
0117171_neurosketch,30,furniture,table,172,43,0,64502.51,3,20,table,1
0117171_neurosketch,30,furniture,table,172,44,0,64502.51,3,20,table,0
0117171_neurosketch,30,furniture,table,172,45,0,64502.51,3,20,table,0
0117171_neurosketch,30,furniture,bed,173,46,1,69002.32,3,30,bed,1
0117171_neurosketch,30,furniture,bed,173,47,1,69002.32,3,30,bed,0
0117171_neurosketch,30,furniture,bench,174,48,0,72002.17,3,11,bench,1
0117171_neurosketch,30,furniture,bench,174,49,0,72002.17,3,11,bench,0
0117171_neurosketch,30,furniture,chair,175,50,1,75001.98,3,18,chair,1
0117171_neurosketch,30,furniture,chair,175,51,1,75001.98,3,18,chair,0
0117171_neurosketch,30,furniture,table,176,52,0,78002.22,3,29,table,1
0117171_neurosketch,30,furniture,table,176,53,0,78002.22,3,29,table,0
0117171_neurosketch,30,furniture,table,176,54,0,78002.22,3,29,table,0
0117171_neurosketch,30,furniture,bed,177,55,1,82504.4,3,14,,1
0117171_neurosketch,30,furniture,bed,177,56,1,82504.4,3,14,,0
0117171_neurosketch,30,furniture,bed,177,57,1,82504.4,3,14,,0
0117171_neurosketch,30,furniture,chair,178,58,1,87001.56,3,19,chair,1
0117171_neurosketch,30,furniture,chair,178,59,1,87001.56,3,19,chair,0
0117171_neurosketch,30,furniture,chair,178,60,1,87001.56,3,19,chair,0
0117171_neurosketch,30,furniture,chair,178,61,1,87001.56,3,19,chair,0
0117171_neurosketch,30,2,bench,179,62,0,93003.46,3,2,bench,1
0117171_neurosketch,30,2,bench,179,63,0,93003.46,3,2,bench,0
0117171_neurosketch,30,furniture,chair,180,64,1,96002.17,3,20,chair,1
0117171_neurosketch,30,furniture,chair,180,65,1,96002.17,3,20,chair,0
0117171_neurosketch,30,furniture,chair,180,66,1,96002.17,3,20,chair,0
0117171_neurosketch,30,furniture,bed,181,67,1,100502.65,3,24,bed,1
0117171_neurosketch,30,furniture,bed,181,68,1,100502.65,3,24,bed,0
0117171_neurosketch,30,furniture,bench,182,69,0,103501.73,3,39,bench,1
0117171_neurosketch,30,furniture,bench,182,70,0,103501.73,3,39,bench,0
0117171_neurosketch,30,furniture,table,183,71,0,106502.13,3,11,table,1
0117171_neurosketch,30,furniture,table,183,72,0,106502.13,3,11,table,0
0117171_neurosketch,30,furniture,table,183,73,0,106502.13,3,11,table,0
0117171_neurosketch,30,furniture,table,184,74,0,111004.31,3,23,table,1
0117171_neurosketch,30,furniture,table,184,75,0,111004.31,3,23,table,0
0117171_neurosketch,30,furniture,table,184,76,0,111004.31,3,23,table,0
0117171_neurosketch,30,furniture,bench,185,77,0,115502.25,3,20,bench,1
0117171_neurosketch,30,furniture,bench,185,78,0,115502.25,3,20,bench,0
0117171_neurosketch,30,furniture,bench,185,79,0,115502.25,3,20,bench,0
0117171_neurosketch,30,furniture,bed,186,80,1,120002.58,3,25,bed,1
0117171_neurosketch,30,furniture,bed,186,81,1,120002.58,3,25,bed,0
0117171_neurosketch,30,furniture,bed,186,82,1,120002.58,3,25,bed,0
0117171_neurosketch,30,furniture,chair,187,83,1,124502.31,3,30,chair,1
0117171_neurosketch,30,furniture,chair,187,84,1,124502.31,3,30,chair,0
0117171_neurosketch,30,furniture,chair,187,85,1,124502.31,3,30,chair,0
0117171_neurosketch,30,furniture,chair,187,86,1,124502.31,3,30,chair,0
0117171_neurosketch,30,furniture,table,188,87,0,130502.08,3,17,table,1
0117171_neurosketch,30,furniture,table,188,88,0,130502.08,3,17,table,0
0117171_neurosketch,30,2,chair,189,89,1,133502.25,3,11,chair,1
0117171_neurosketch,30,2,chair,189,90,1,133502.25,3,11,chair,0
0117171_neurosketch,30,furniture,bed,190,91,1,136503.08,3,29,bed,1
0117171_neurosketch,30,furniture,bed,190,92,1,136503.08,3,29,bed,0
0117171_neurosketch,30,furniture,bench,191,93,0,139502.38,3,15,bench,1
0117171_neurosketch,30,furniture,bench,191,94,0,139502.38,3,15,bench,0
0117171_neurosketch,30,furniture,bench,191,95,0,139502.38,3,15,bench,0
0117171_neurosketch,30,furniture,bench,192,96,0,144004.31,3,6,bench,1
0117171_neurosketch,30,furniture,bench,192,97,0,144004.31,3,6,bench,0
0117171_neurosketch,30,furniture,table,193,98,0,147003.14,3,0,table,1
0117171_neurosketch,30,furniture,table,193,99,0,147003.14,3,0,table,0
0117171_neurosketch,30,furniture,table,193,100,0,147003.14,3,0,table,0
0117171_neurosketch,30,furniture,bed,194,101,1,151503.39,3,31,bed,1
0117171_neurosketch,30,furniture,bed,194,102,1,151503.39,3,31,bed,0
0117171_neurosketch,30,furniture,bed,194,103,1,151503.39,3,31,bed,0
0117171_neurosketch,30,furniture,bed,194,104,1,151503.39,3,31,bed,0
0117171_neurosketch,30,furniture,chair,195,105,1,157502.88,3,25,chair,1
0117171_neurosketch,30,furniture,chair,195,106,1,157502.88,3,25,chair,0
0117171_neurosketch,30,furniture,bench,196,107,0,160503.06,3,37,bench,1
0117171_neurosketch,30,furniture,bench,196,108,0,160503.06,3,37,bench,0
0117171_neurosketch,30,furniture,bench,196,109,0,160503.06,3,37,bench,0
0117171_neurosketch,30,furniture,bed,197,110,1,165004.47,3,11,bed,1
0117171_neurosketch,30,furniture,bed,197,111,1,165004.47,3,11,bed,0
0117171_neurosketch,30,furniture,table,198,112,0,168003.24,3,10,table,1
0117171_neurosketch,30,furniture,table,198,113,0,168003.24,3,10,table,0
0117171_neurosketch,30,furniture,table,198,114,0,168003.24,3,10,table,0
0117171_neurosketch,30,furniture,table,198,115,0,168003.24,3,10,table,0
0117171_neurosketch,30,2,chair,199,116,1,174003.1,3,6,chair,1
0117171_neurosketch,30,2,chair,199,117,1,174003.1,3,6,chair,0
0117171_neurosketch,30,2,chair,199,118,1,174003.1,3,6,chair,0
0117171_neurosketch,30,2,chair,199,119,1,174003.1,3,6,chair,0
0117171_neurosketch,30,furniture,table,200,120,0,180002.42,3,26,table,1
0117171_neurosketch,30,furniture,table,200,121,0,180002.42,3,26,table,0
0117171_neurosketch,30,furniture,table,200,122,0,180002.42,3,26,table,0
0117171_neurosketch,30,furniture,bed,201,123,1,184502.56,3,15,bed,1
0117171_neurosketch,30,furniture,bed,201,124,1,184502.56,3,15,bed,0
0117171_neurosketch,30,furniture,bed,201,125,1,184502.56,3,15,bed,0
0117171_neurosketch,30,furniture,bed,201,126,1,184502.56,3,15,bed,0
0117171_neurosketch,30,furniture,bench,202,127,0,190502.25,3,1,bench,1
0117171_neurosketch,30,furniture,bench,202,128,0,190502.25,3,1,bench,0
0117171_neurosketch,30,furniture,chair,203,129,1,193502.25,3,38,chair,1
0117171_neurosketch,30,furniture,chair,203,130,1,193502.25,3,38,chair,0
0117171_neurosketch,30,furniture,chair,203,131,1,193502.25,3,38,chair,0
0117171_neurosketch,30,furniture,bed,204,132,1,198002.04,3,33,bed,1
0117171_neurosketch,30,furniture,bed,204,133,1,198002.04,3,33,bed,0
0117171_neurosketch,30,furniture,table,205,134,0,201002.64,3,3,table,1
0117171_neurosketch,30,furniture,table,205,135,0,201002.64,3,3,table,0
0117171_neurosketch,30,furniture,table,205,136,0,201002.64,3,3,table,0
0117171_neurosketch,30,furniture,chair,206,137,1,205502.4,3,13,chair,1
0117171_neurosketch,30,furniture,chair,206,138,1,205502.4,3,13,chair,0
0117171_neurosketch,30,furniture,bench,207,139,0,208501.62,3,14,bench,1
0117171_neurosketch,30,furniture,bench,207,140,0,208501.62,3,14,bench,0
0117171_neurosketch,30,furniture,bench,207,141,0,208501.62,3,14,bench,0
0117171_neurosketch,30,furniture,bed,208,142,1,213002.16,3,26,bed,1
0117171_neurosketch,30,furniture,bed,208,143,1,213002.16,3,26,bed,0
0117171_neurosketch,30,2,table,209,144,0,216003.03,3,28,table,1
0117171_neurosketch,30,2,table,209,145,0,216003.03,3,28,table,0
0117171_neurosketch,30,2,table,209,146,0,216003.03,3,28,table,0
0117171_neurosketch,30,2,table,209,147,0,216003.03,3,28,table,0
0117171_neurosketch,30,furniture,bench,210,148,0,222002.23,3,36,bench,1
0117171_neurosketch,30,furniture,bench,210,149,0,222002.23,3,36,bench,0
0117171_neurosketch,30,furniture,bench,210,150,0,222002.23,3,36,bench,0
0117171_neurosketch,30,furniture,bench,210,151,0,222002.23,3,36,bench,0
0117171_neurosketch,30,furniture,chair,211,152,1,228002.32,3,16,chair,1
0117171_neurosketch,30,furniture,chair,211,153,1,228002.32,3,16,chair,0
0117171_neurosketch,30,furniture,chair,211,154,1,228002.32,3,16,chair,0
0117171_neurosketch,30,furniture,chair,212,155,1,232502.44,3,26,chair,1
0117171_neurosketch,30,furniture,chair,212,156,1,232502.44,3,26,chair,0
0117171_neurosketch,30,furniture,chair,212,157,1,232502.44,3,26,chair,0
0117171_neurosketch,30,furniture,table,213,158,0,237002.9,3,16,table,1
0117171_neurosketch,30,furniture,table,213,159,0,237002.9,3,16,table,0
0117171_neurosketch,30,furniture,bench,214,160,0,240001.64,3,4,bench,1
0117171_neurosketch,30,furniture,bench,214,161,0,240001.64,3,4,bench,0
0117171_neurosketch,30,furniture,bed,215,162,1,243002.27,3,34,bed,1
0117171_neurosketch,30,furniture,bed,215,163,1,243002.27,3,34,bed,0
0117171_neurosketch,30,furniture,bench,216,164,0,246002.19,3,0,bench,1
0117171_neurosketch,30,furniture,bench,216,165,0,246002.19,3,0,bench,0
0117171_neurosketch,30,furniture,bench,216,166,0,246002.19,3,0,bench,0
0117171_neurosketch,30,furniture,table,217,167,0,250502.76,3,9,table,1
0117171_neurosketch,30,furniture,table,217,168,0,250502.76,3,9,table,0
0117171_neurosketch,30,furniture,table,217,169,0,250502.76,3,9,table,0
0117171_neurosketch,30,furniture,bed,218,170,1,255002.3,3,19,bed,1
0117171_neurosketch,30,furniture,bed,218,171,1,255002.3,3,19,bed,0
0117171_neurosketch,30,furniture,bed,218,172,1,255002.3,3,19,bed,0
0117171_neurosketch,30,furniture,bed,218,173,1,255002.3,3,19,bed,0
0117171_neurosketch,30,2,chair,219,174,1,261002.16,3,1,chair,1
0117171_neurosketch,30,2,chair,219,175,1,261002.16,3,1,chair,0
0117171_neurosketch,30,furniture,chair,220,176,1,264002.71,3,9,chair,1
0117171_neurosketch,30,furniture,chair,220,177,1,264002.71,3,9,chair,0
0117171_neurosketch,30,furniture,chair,220,178,1,264002.71,3,9,chair,0
0117171_neurosketch,30,furniture,table,221,179,0,268502.13,3,27,table,1
0117171_neurosketch,30,furniture,table,221,180,0,268502.13,3,27,table,0
0117171_neurosketch,30,furniture,bed,222,181,1,271502.99,3,13,bed,1
0117171_neurosketch,30,furniture,bed,222,182,1,271502.99,3,13,bed,0
0117171_neurosketch,30,furniture,bench,223,183,0,274502.61,3,10,bench,1
0117171_neurosketch,30,furniture,bench,223,184,0,274502.61,3,10,bench,0
0117171_neurosketch,30,furniture,bench,223,185,0,274502.61,3,10,bench,0
0117171_neurosketch,30,furniture,table,224,186,0,279002.78,3,15,table,1
0117171_neurosketch,30,furniture,table,224,187,0,279002.78,3,15,table,0
0117171_neurosketch,30,furniture,table,224,188,0,279002.78,3,15,table,0
0117171_neurosketch,30,furniture,chair,225,189,1,283502.36,3,36,chair,1
0117171_neurosketch,30,furniture,chair,225,190,1,283502.36,3,36,chair,0
0117171_neurosketch,30,furniture,chair,225,191,1,283502.36,3,36,chair,0
0117171_neurosketch,30,furniture,bench,226,192,0,288002.42,3,9,bench,1
0117171_neurosketch,30,furniture,bench,226,193,0,288002.42,3,9,bench,0
0117171_neurosketch,30,furniture,bench,226,194,0,288002.42,3,9,bench,0
0117171_neurosketch,30,furniture,bed,227,195,1,292502.32,3,32,bed,1
0117171_neurosketch,30,furniture,bed,227,196,1,292502.32,3,32,bed,0
0117171_neurosketch,30,furniture,bed,227,197,1,292502.32,3,32,bed,0
0117171_neurosketch,30,furniture,bed,227,198,1,292502.32,3,32,bed,0
0117171_neurosketch,30,furniture,bench,228,199,0,298502.83,3,26,bench,1
0117171_neurosketch,30,furniture,bench,228,200,0,298502.83,3,26,bench,0
0117171_neurosketch,30,2,bed,229,201,1,301504.76,3,27,bed,1
0117171_neurosketch,30,2,bed,229,202,1,301504.76,3,27,bed,0
0117171_neurosketch,30,furniture,chair,230,203,1,304502.69,3,2,chair,1
0117171_neurosketch,30,furniture,chair,230,204,1,304502.69,3,2,chair,0
0117171_neurosketch,30,furniture,table,231,205,0,307503.54,3,14,bench,1
0117171_neurosketch,30,furniture,table,231,206,0,307503.54,3,14,bench,0
0117171_neurosketch,30,furniture,table,231,207,0,307503.54,3,14,bench,0
0117171_neurosketch,30,furniture,bench,232,208,0,312004.42,3,34,bench,1
0117171_neurosketch,30,furniture,bench,232,209,0,312004.42,3,34,bench,0
0117171_neurosketch,30,furniture,table,233,210,0,315004.8,3,6,table,1
0117171_neurosketch,30,furniture,table,233,211,0,315004.8,3,6,table,0
0117171_neurosketch,30,furniture,table,233,212,0,315004.8,3,6,table,0
0117171_neurosketch,30,furniture,chair,234,213,1,319503.3,3,28,chair,1
0117171_neurosketch,30,furniture,chair,234,214,1,319503.3,3,28,chair,0
0117171_neurosketch,30,furniture,chair,234,215,1,319503.3,3,28,chair,0
0117171_neurosketch,30,furniture,chair,234,216,1,319503.3,3,28,chair,0
0117171_neurosketch,30,furniture,bed,235,217,1,325502.81,3,5,bed,1
0117171_neurosketch,30,furniture,bed,235,218,1,325502.81,3,5,bed,0
0117171_neurosketch,30,furniture,bench,236,219,0,328503.44,3,32,bench,1
0117171_neurosketch,30,furniture,bench,236,220,0,328503.44,3,32,bench,0
0117171_neurosketch,30,furniture,bench,236,221,0,328503.44,3,32,bench,0
0117171_neurosketch,30,furniture,bed,237,222,1,333002.37,3,7,bed,1
0117171_neurosketch,30,furniture,bed,237,223,1,333002.37,3,7,bed,0
0117171_neurosketch,30,furniture,chair,238,224,1,336004.17,3,31,chair,1
0117171_neurosketch,30,furniture,chair,238,225,1,336004.17,3,31,chair,0
0117171_neurosketch,30,furniture,chair,238,226,1,336004.17,3,31,chair,0
0117171_neurosketch,30,furniture,chair,238,227,1,336004.17,3,31,chair,0
0117171_neurosketch,30,2,table,239,228,0,342003.36,3,31,table,1
0117171_neurosketch,30,2,table,239,229,0,342003.36,3,31,table,0
0117171_neurosketch,30,2,table,239,230,0,342003.36,3,31,table,0
0117171_neurosketch,30,2,table,239,231,0,342003.36,3,31,table,0
0117171_neurosketch,30,2,table,239,232,0,342003.36,3,31,table,0
0117171_neurosketch,30,2,table,239,233,0,342003.36,3,31,table,0
0117171_neurosketch,30,2,table,239,234,0,342003.36,3,31,table,0
0117171_neurosketch,30,2,table,239,235,0,342003.36,3,31,table,0
0117171_neurosketch,30,2,table,239,236,0,342003.36,3,31,table,0
0117171_neurosketch,30,2,table,239,237,0,342003.36,3,31,table,0
0117171_neurosketch,30,2,table,239,238,0,342003.36,3,31,table,0
0117171_neurosketch,30,2,table,239,239,0,342003.36,3,31,table,0
0117171_neurosketch,30,furniture,table,240,0,-1,0.0,4,4,table,0
0117171_neurosketch,30,furniture,table,240,1,-1,0.0,4,4,table,0
0117171_neurosketch,30,furniture,table,240,2,-1,0.0,4,4,table,0
0117171_neurosketch,30,furniture,table,240,3,-1,0.0,4,4,table,0
0117171_neurosketch,30,furniture,table,240,4,-1,0.0,4,4,table,0
0117171_neurosketch,30,furniture,table,240,5,-1,0.0,4,4,table,0
0117171_neurosketch,30,furniture,table,240,6,-1,0.0,4,4,table,0
0117171_neurosketch,30,furniture,table,240,7,-1,0.0,4,4,table,0
0117171_neurosketch,30,furniture,table,240,8,0,12001.32,4,4,table,1
0117171_neurosketch,30,furniture,table,240,9,0,12001.32,4,4,table,0
0117171_neurosketch,30,furniture,table,240,10,0,12001.32,4,4,table,0
0117171_neurosketch,30,furniture,bench,241,11,0,16501.63,4,27,bench,1
0117171_neurosketch,30,furniture,bench,241,12,0,16501.63,4,27,bench,0
0117171_neurosketch,30,furniture,bench,241,13,0,16501.63,4,27,bench,0
0117171_neurosketch,30,furniture,bench,241,14,0,16501.63,4,27,bench,0
0117171_neurosketch,30,furniture,bed,242,15,1,22501.45,4,36,bed,1
0117171_neurosketch,30,furniture,bed,242,16,1,22501.45,4,36,bed,0
0117171_neurosketch,30,furniture,chair,243,17,1,25502.87,4,27,chair,1
0117171_neurosketch,30,furniture,chair,243,18,1,25502.87,4,27,chair,0
0117171_neurosketch,30,furniture,chair,243,19,1,25502.87,4,27,chair,0
0117171_neurosketch,30,furniture,bench,244,20,0,30001.55,4,18,bench,1
0117171_neurosketch,30,furniture,bench,244,21,0,30001.55,4,18,bench,0
0117171_neurosketch,30,furniture,bed,245,22,1,33001.6,4,8,bed,1
0117171_neurosketch,30,furniture,bed,245,23,1,33001.6,4,8,bed,0
0117171_neurosketch,30,furniture,bed,245,24,1,33001.6,4,8,bed,0
0117171_neurosketch,30,furniture,table,246,25,0,37502.43,4,19,table,1
0117171_neurosketch,30,furniture,table,246,26,0,37502.43,4,19,table,0
0117171_neurosketch,30,furniture,chair,247,27,1,40501.78,4,4,chair,1
0117171_neurosketch,30,furniture,chair,247,28,1,40501.78,4,4,chair,0
0117171_neurosketch,30,furniture,chair,247,29,1,40501.78,4,4,chair,0
0117171_neurosketch,30,furniture,chair,248,30,1,45001.58,4,32,chair,1
0117171_neurosketch,30,furniture,chair,248,31,1,45001.58,4,32,chair,0
0117171_neurosketch,30,2,table,249,32,0,48001.23,4,38,table,1
0117171_neurosketch,30,2,table,249,33,0,48001.23,4,38,table,0
0117171_neurosketch,30,2,table,249,34,0,48001.23,4,38,table,0
0117171_neurosketch,30,2,table,249,35,0,48001.23,4,38,table,0
0117171_neurosketch,30,furniture,bench,250,36,0,54001.53,4,38,bench,1
0117171_neurosketch,30,furniture,bench,250,37,0,54001.53,4,38,bench,0
0117171_neurosketch,30,furniture,bench,250,38,0,54001.53,4,38,bench,0
0117171_neurosketch,30,furniture,bench,250,39,0,54001.53,4,38,bench,0
0117171_neurosketch,30,furniture,bed,251,40,1,60002.0,4,10,bed,1
0117171_neurosketch,30,furniture,bed,251,41,1,60002.0,4,10,bed,0
0117171_neurosketch,30,furniture,bed,251,42,1,60002.0,4,10,bed,0
0117171_neurosketch,30,furniture,table,252,43,0,64502.55,4,32,table,1
0117171_neurosketch,30,furniture,table,252,44,0,64502.55,4,32,table,0
0117171_neurosketch,30,furniture,table,252,45,0,64502.55,4,32,table,0
0117171_neurosketch,30,furniture,chair,253,46,1,69002.1,4,5,chair,1
0117171_neurosketch,30,furniture,chair,253,47,1,69002.1,4,5,chair,0
0117171_neurosketch,30,furniture,bench,254,48,0,72002.29,4,19,bench,1
0117171_neurosketch,30,furniture,bench,254,49,0,72002.29,4,19,bench,0
0117171_neurosketch,30,furniture,bed,255,50,1,75001.61,4,18,bed,1
0117171_neurosketch,30,furniture,bed,255,51,1,75001.61,4,18,bed,0
0117171_neurosketch,30,furniture,table,256,52,0,78002.02,4,18,table,1
0117171_neurosketch,30,furniture,table,256,53,0,78002.02,4,18,table,0
0117171_neurosketch,30,furniture,table,256,54,0,78002.02,4,18,table,0
0117171_neurosketch,30,furniture,bench,257,55,0,82502.28,4,13,bench,1
0117171_neurosketch,30,furniture,bench,257,56,0,82502.28,4,13,bench,0
0117171_neurosketch,30,furniture,bench,257,57,0,82502.28,4,13,bench,0
0117171_neurosketch,30,furniture,bed,258,58,1,87002.23,4,28,bed,1
0117171_neurosketch,30,furniture,bed,258,59,1,87002.23,4,28,bed,0
0117171_neurosketch,30,furniture,bed,258,60,1,87002.23,4,28,bed,0
0117171_neurosketch,30,furniture,bed,258,61,1,87002.23,4,28,bed,0
0117171_neurosketch,30,2,chair,259,62,1,93001.63,4,15,chair,1
0117171_neurosketch,30,2,chair,259,63,1,93001.63,4,15,chair,0
0117171_neurosketch,30,furniture,bench,260,64,0,96002.43,4,8,bench,1
0117171_neurosketch,30,furniture,bench,260,65,0,96002.43,4,8,bench,0
0117171_neurosketch,30,furniture,bench,260,66,0,96002.43,4,8,bench,0
0117171_neurosketch,30,furniture,chair,261,67,1,100502.64,4,33,chair,1
0117171_neurosketch,30,furniture,chair,261,68,1,100502.64,4,33,chair,0
0117171_neurosketch,30,furniture,table,262,69,0,103502.12,4,22,table,1
0117171_neurosketch,30,furniture,table,262,70,0,103502.12,4,22,table,0
0117171_neurosketch,30,furniture,bed,263,71,1,106502.43,4,37,bed,1
0117171_neurosketch,30,furniture,bed,263,72,1,106502.43,4,37,bed,0
0117171_neurosketch,30,furniture,bed,263,73,1,106502.43,4,37,bed,0
0117171_neurosketch,30,furniture,bed,264,74,1,111002.27,4,16,bed,1
0117171_neurosketch,30,furniture,bed,264,75,1,111002.27,4,16,bed,0
0117171_neurosketch,30,furniture,bed,264,76,1,111002.27,4,16,bed,0
0117171_neurosketch,30,furniture,bench,265,77,0,115502.7,4,33,bench,1
0117171_neurosketch,30,furniture,bench,265,78,0,115502.7,4,33,bench,0
0117171_neurosketch,30,furniture,bench,265,79,0,115502.7,4,33,bench,0
0117171_neurosketch,30,furniture,table,266,80,0,120002.14,4,8,table,1
0117171_neurosketch,30,furniture,table,266,81,0,120002.14,4,8,table,0
0117171_neurosketch,30,furniture,table,266,82,0,120002.14,4,8,table,0
0117171_neurosketch,30,furniture,chair,267,83,1,124502.97,4,39,chair,1
0117171_neurosketch,30,furniture,chair,267,84,1,124502.97,4,39,chair,0
0117171_neurosketch,30,furniture,chair,267,85,1,124502.97,4,39,chair,0
0117171_neurosketch,30,furniture,chair,267,86,1,124502.97,4,39,chair,0
0117171_neurosketch,30,furniture,bench,268,87,0,130501.85,4,31,bench,1
0117171_neurosketch,30,furniture,bench,268,88,0,130501.85,4,31,bench,0
0117171_neurosketch,30,2,chair,269,89,1,133503.07,4,14,chair,1
0117171_neurosketch,30,2,chair,269,90,1,133503.07,4,14,chair,0
0117171_neurosketch,30,furniture,table,270,91,0,136502.85,4,21,table,1
0117171_neurosketch,30,furniture,table,270,92,0,136502.85,4,21,table,0
0117171_neurosketch,30,furniture,bed,271,93,1,139502.5,4,21,bed,1
0117171_neurosketch,30,furniture,bed,271,94,1,139502.5,4,21,bed,0
0117171_neurosketch,30,furniture,bed,271,95,1,139502.5,4,21,bed,0
0117171_neurosketch,30,furniture,bench,272,96,0,144002.72,4,30,bench,1
0117171_neurosketch,30,furniture,bench,272,97,0,144002.72,4,30,bench,0
0117171_neurosketch,30,furniture,chair,273,98,1,147002.27,4,7,chair,1
0117171_neurosketch,30,furniture,chair,273,99,1,147002.27,4,7,chair,0
0117171_neurosketch,30,furniture,chair,273,100,1,147002.27,4,7,chair,0
0117171_neurosketch,30,furniture,table,274,101,0,151502.35,4,25,table,1
0117171_neurosketch,30,furniture,table,274,102,0,151502.35,4,25,table,0
0117171_neurosketch,30,furniture,table,274,103,0,151502.35,4,25,table,0
0117171_neurosketch,30,furniture,table,274,104,0,151502.35,4,25,table,0
0117171_neurosketch,30,furniture,bed,275,105,1,157502.95,4,22,bed,1
0117171_neurosketch,30,furniture,bed,275,106,1,157502.95,4,22,bed,0
0117171_neurosketch,30,furniture,bench,276,107,0,160502.52,4,16,bench,1
0117171_neurosketch,30,furniture,bench,276,108,0,160502.52,4,16,bench,0
0117171_neurosketch,30,furniture,bench,276,109,0,160502.52,4,16,bench,0
0117171_neurosketch,30,furniture,chair,277,110,1,165002.73,4,12,chair,1
0117171_neurosketch,30,furniture,chair,277,111,1,165002.73,4,12,chair,0
0117171_neurosketch,30,furniture,table,278,112,0,168004.61,4,34,table,1
0117171_neurosketch,30,furniture,table,278,113,0,168004.61,4,34,table,0
0117171_neurosketch,30,furniture,table,278,114,0,168004.61,4,34,table,0
0117171_neurosketch,30,furniture,table,278,115,0,168004.61,4,34,table,0
0117171_neurosketch,30,2,bed,279,116,1,174003.04,4,17,bed,1
0117171_neurosketch,30,2,bed,279,117,1,174003.04,4,17,bed,0
0117171_neurosketch,30,2,bed,279,118,1,174003.04,4,17,bed,0
0117171_neurosketch,30,2,bed,279,119,1,174003.04,4,17,bed,0
0117171_neurosketch,30,furniture,bench,280,120,0,180003.05,4,28,bench,1
0117171_neurosketch,30,furniture,bench,280,121,0,180003.05,4,28,bench,0
0117171_neurosketch,30,furniture,bench,280,122,0,180003.05,4,28,bench,0
0117171_neurosketch,30,furniture,bed,281,123,1,184502.35,4,4,bed,1
0117171_neurosketch,30,furniture,bed,281,124,1,184502.35,4,4,bed,0
0117171_neurosketch,30,furniture,bed,281,125,1,184502.35,4,4,bed,0
0117171_neurosketch,30,furniture,bed,281,126,1,184502.35,4,4,bed,0
0117171_neurosketch,30,furniture,chair,282,127,1,190502.2,4,8,chair,1
0117171_neurosketch,30,furniture,chair,282,128,1,190502.2,4,8,chair,0
0117171_neurosketch,30,furniture,table,283,129,0,193502.56,4,39,table,1
0117171_neurosketch,30,furniture,table,283,130,0,193502.56,4,39,table,0
0117171_neurosketch,30,furniture,table,283,131,0,193502.56,4,39,table,0
0117171_neurosketch,30,furniture,chair,284,132,1,198002.78,4,17,chair,1
0117171_neurosketch,30,furniture,chair,284,133,1,198002.78,4,17,chair,0
0117171_neurosketch,30,furniture,table,285,134,0,201001.96,4,37,table,1
0117171_neurosketch,30,furniture,table,285,135,0,201001.96,4,37,table,0
0117171_neurosketch,30,furniture,table,285,136,0,201001.96,4,37,table,0
0117171_neurosketch,30,furniture,bed,286,137,1,205502.29,4,1,bed,1
0117171_neurosketch,30,furniture,bed,286,138,1,205502.29,4,1,bed,0
0117171_neurosketch,30,furniture,bench,287,139,0,208502.93,4,29,bench,1
0117171_neurosketch,30,furniture,bench,287,140,0,208502.93,4,29,bench,0
0117171_neurosketch,30,furniture,bench,287,141,0,208502.93,4,29,bench,0
0117171_neurosketch,30,furniture,bed,288,142,1,213002.96,4,20,bed,1
0117171_neurosketch,30,furniture,bed,288,143,1,213002.96,4,20,bed,0
0117171_neurosketch,30,2,table,289,144,0,216002.96,4,36,table,1
0117171_neurosketch,30,2,table,289,145,0,216002.96,4,36,table,0
0117171_neurosketch,30,2,table,289,146,0,216002.96,4,36,table,0
0117171_neurosketch,30,2,table,289,147,0,216002.96,4,36,table,0
0117171_neurosketch,30,furniture,bench,290,148,0,222003.27,4,35,bench,1
0117171_neurosketch,30,furniture,bench,290,149,0,222003.27,4,35,bench,0
0117171_neurosketch,30,furniture,bench,290,150,0,222003.27,4,35,bench,0
0117171_neurosketch,30,furniture,bench,290,151,0,222003.27,4,35,bench,0
0117171_neurosketch,30,furniture,chair,291,152,1,228002.31,4,21,chair,1
0117171_neurosketch,30,furniture,chair,291,153,1,228002.31,4,21,chair,0
0117171_neurosketch,30,furniture,chair,291,154,1,228002.31,4,21,chair,0
0117171_neurosketch,30,furniture,chair,292,155,1,232502.08,4,35,chair,1
0117171_neurosketch,30,furniture,chair,292,156,1,232502.08,4,35,chair,0
0117171_neurosketch,30,furniture,chair,292,157,1,232502.08,4,35,chair,0
0117171_neurosketch,30,furniture,bed,293,158,1,237002.32,4,0,bed,1
0117171_neurosketch,30,furniture,bed,293,159,1,237002.32,4,0,bed,0
0117171_neurosketch,30,furniture,bench,294,160,0,240002.1,4,24,bench,1
0117171_neurosketch,30,furniture,bench,294,161,0,240002.1,4,24,bench,0
0117171_neurosketch,30,furniture,table,295,162,0,243002.29,4,30,table,1
0117171_neurosketch,30,furniture,table,295,163,0,243002.29,4,30,table,0
0117171_neurosketch,30,furniture,table,296,164,0,246002.98,4,7,table,1
0117171_neurosketch,30,furniture,table,296,165,0,246002.98,4,7,table,0
0117171_neurosketch,30,furniture,table,296,166,0,246002.98,4,7,table,0
0117171_neurosketch,30,furniture,chair,297,167,1,250502.48,4,3,chair,1
0117171_neurosketch,30,furniture,chair,297,168,1,250502.48,4,3,chair,0
0117171_neurosketch,30,furniture,chair,297,169,1,250502.48,4,3,chair,0
0117171_neurosketch,30,furniture,bench,298,170,0,255002.46,4,22,bench,1
0117171_neurosketch,30,furniture,bench,298,171,0,255002.46,4,22,bench,0
0117171_neurosketch,30,furniture,bench,298,172,0,255002.46,4,22,bench,0
0117171_neurosketch,30,furniture,bench,298,173,0,255002.46,4,22,bench,0
0117171_neurosketch,30,2,bed,299,174,1,261002.28,4,6,bed,1
0117171_neurosketch,30,2,bed,299,175,1,261002.28,4,6,bed,0
0117171_neurosketch,30,furniture,bed,300,176,1,264002.94,4,9,bed,1
0117171_neurosketch,30,furniture,bed,300,177,1,264002.94,4,9,bed,0
0117171_neurosketch,30,furniture,bed,300,178,1,264002.94,4,9,bed,0
0117171_neurosketch,30,furniture,chair,301,179,1,268502.12,4,37,chair,1
0117171_neurosketch,30,furniture,chair,301,180,1,268502.12,4,37,chair,0
0117171_neurosketch,30,furniture,table,302,181,0,271501.35,4,12,table,1
0117171_neurosketch,30,furniture,table,302,182,0,271501.35,4,12,table,0
0117171_neurosketch,30,furniture,bench,303,183,0,274501.71,4,17,bench,1
0117171_neurosketch,30,furniture,bench,303,184,0,274501.71,4,17,bench,0
0117171_neurosketch,30,furniture,bench,303,185,0,274501.71,4,17,bench,0
0117171_neurosketch,30,furniture,chair,304,186,1,279002.14,4,29,chair,1
0117171_neurosketch,30,furniture,chair,304,187,1,279002.14,4,29,chair,0
0117171_neurosketch,30,furniture,chair,304,188,1,279002.14,4,29,chair,0
0117171_neurosketch,30,furniture,bed,305,189,1,283504.24,4,38,bed,1
0117171_neurosketch,30,furniture,bed,305,190,1,283504.24,4,38,bed,0
0117171_neurosketch,30,furniture,bed,305,191,1,283504.24,4,38,bed,0
0117171_neurosketch,30,furniture,bench,306,192,0,288003.1,4,3,,1
0117171_neurosketch,30,furniture,bench,306,193,0,288003.1,4,3,,0
0117171_neurosketch,30,furniture,bench,306,194,0,288003.1,4,3,,0
0117171_neurosketch,30,furniture,table,307,195,0,292502.62,4,13,table,1
0117171_neurosketch,30,furniture,table,307,196,0,292502.62,4,13,table,0
0117171_neurosketch,30,furniture,table,307,197,0,292502.62,4,13,table,0
0117171_neurosketch,30,furniture,table,307,198,0,292502.62,4,13,table,0
0117171_neurosketch,30,furniture,table,308,199,0,298504.39,4,24,table,1
0117171_neurosketch,30,furniture,table,308,200,0,298504.39,4,24,table,0
0117171_neurosketch,30,2,chair,309,201,1,301502.57,4,34,chair,1
0117171_neurosketch,30,2,chair,309,202,1,301502.57,4,34,chair,0
0117171_neurosketch,30,furniture,bed,310,203,1,304502.66,4,2,bed,1
0117171_neurosketch,30,furniture,bed,310,204,1,304502.66,4,2,bed,0
0117171_neurosketch,30,furniture,bench,311,205,0,307502.86,4,21,,1
0117171_neurosketch,30,furniture,bench,311,206,0,307502.86,4,21,,0
0117171_neurosketch,30,furniture,bench,311,207,0,307502.86,4,21,,0
0117171_neurosketch,30,furniture,table,312,208,0,312005.69,4,2,table,1
0117171_neurosketch,30,furniture,table,312,209,0,312005.69,4,2,table,0
0117171_neurosketch,30,furniture,chair,313,210,1,315003.98,4,24,chair,1
0117171_neurosketch,30,furniture,chair,313,211,1,315003.98,4,24,chair,0
0117171_neurosketch,30,furniture,chair,313,212,1,315003.98,4,24,chair,0
0117171_neurosketch,30,furniture,bench,314,213,0,319503.22,4,7,bench,1
0117171_neurosketch,30,furniture,bench,314,214,0,319503.22,4,7,bench,0
0117171_neurosketch,30,furniture,bench,314,215,0,319503.22,4,7,bench,0
0117171_neurosketch,30,furniture,bench,314,216,0,319503.22,4,7,bench,0
0117171_neurosketch,30,furniture,bed,315,217,1,325504.09,4,12,bed,1
0117171_neurosketch,30,furniture,bed,315,218,1,325504.09,4,12,bed,0
0117171_neurosketch,30,furniture,chair,316,219,1,328502.36,4,23,chair,1
0117171_neurosketch,30,furniture,chair,316,220,1,328502.36,4,23,chair,0
0117171_neurosketch,30,furniture,chair,316,221,1,328502.36,4,23,chair,0
0117171_neurosketch,30,furniture,bed,317,222,1,333004.73,4,3,bed,1
0117171_neurosketch,30,furniture,bed,317,223,1,333004.73,4,3,bed,0
0117171_neurosketch,30,furniture,bench,318,224,0,336002.18,4,5,bench,1
0117171_neurosketch,30,furniture,bench,318,225,0,336002.18,4,5,bench,0
0117171_neurosketch,30,furniture,bench,318,226,0,336002.18,4,5,bench,0
0117171_neurosketch,30,furniture,bench,318,227,0,336002.18,4,5,bench,0
0117171_neurosketch,30,2,table,319,228,0,342003.64,4,33,table,1
0117171_neurosketch,30,2,table,319,229,0,342003.64,4,33,table,0
0117171_neurosketch,30,2,table,319,230,0,342003.64,4,33,table,0
0117171_neurosketch,30,2,table,319,231,0,342003.64,4,33,table,0
0117171_neurosketch,30,2,table,319,232,0,342003.64,4,33,table,0
0117171_neurosketch,30,2,table,319,233,0,342003.64,4,33,table,0
0117171_neurosketch,30,2,table,319,234,0,342003.64,4,33,table,0
0117171_neurosketch,30,2,table,319,235,0,342003.64,4,33,table,0
0117171_neurosketch,30,2,table,319,236,0,342003.64,4,33,table,0
0117171_neurosketch,30,2,table,319,237,0,342003.64,4,33,table,0
0117171_neurosketch,30,2,table,319,238,0,342003.64,4,33,table,0
0117171_neurosketch,30,2,table,319,239,0,342003.64,4,33,table,0
0117171_neurosketch,30,furniture,table,360,0,-1,0.0,9,33,,0
0117171_neurosketch,30,furniture,table,360,1,-1,0.0,9,33,,0
0117171_neurosketch,30,furniture,table,360,2,-1,0.0,9,33,,0
0117171_neurosketch,30,furniture,table,360,3,-1,0.0,9,33,,0
0117171_neurosketch,30,furniture,table,360,4,-1,0.0,9,33,,0
0117171_neurosketch,30,furniture,table,360,5,-1,0.0,9,33,,0
0117171_neurosketch,30,furniture,table,360,6,-1,0.0,9,33,,0
0117171_neurosketch,30,furniture,table,360,7,-1,0.0,9,33,,0
0117171_neurosketch,30,furniture,table,360,8,0,12004.29,9,33,,1
0117171_neurosketch,30,furniture,table,360,9,0,12004.29,9,33,,0
0117171_neurosketch,30,furniture,table,360,10,0,12004.29,9,33,,0
0117171_neurosketch,30,furniture,bench,361,11,0,16501.5,9,5,bench,1
0117171_neurosketch,30,furniture,bench,361,12,0,16501.5,9,5,bench,0
0117171_neurosketch,30,furniture,bench,361,13,0,16501.5,9,5,bench,0
0117171_neurosketch,30,furniture,bench,361,14,0,16501.5,9,5,bench,0
0117171_neurosketch,30,furniture,bed,362,15,1,22502.03,9,3,bed,1
0117171_neurosketch,30,furniture,bed,362,16,1,22502.03,9,3,bed,0
0117171_neurosketch,30,furniture,chair,363,17,1,25502.28,9,23,chair,1
0117171_neurosketch,30,furniture,chair,363,18,1,25502.28,9,23,chair,0
0117171_neurosketch,30,furniture,chair,363,19,1,25502.28,9,23,chair,0
0117171_neurosketch,30,furniture,bed,364,20,1,30003.6,9,12,bed,1
0117171_neurosketch,30,furniture,bed,364,21,1,30003.6,9,12,bed,0
0117171_neurosketch,30,furniture,bench,365,22,0,33002.55,9,7,bench,1
0117171_neurosketch,30,furniture,bench,365,23,0,33002.55,9,7,bench,0
0117171_neurosketch,30,furniture,bench,365,24,0,33002.55,9,7,bench,0
0117171_neurosketch,30,furniture,chair,366,25,1,37502.1,9,24,chair,1
0117171_neurosketch,30,furniture,chair,366,26,1,37502.1,9,24,chair,0
0117171_neurosketch,30,furniture,table,367,27,0,40502.18,9,2,table,1
0117171_neurosketch,30,furniture,table,367,28,0,40502.18,9,2,table,0
0117171_neurosketch,30,furniture,table,367,29,0,40502.18,9,2,table,0
0117171_neurosketch,30,furniture,bench,368,30,0,45002.44,9,21,bench,1
0117171_neurosketch,30,furniture,bench,368,31,0,45002.44,9,21,bench,0
0117171_neurosketch,30,2,bed,369,32,1,48001.79,9,2,bed,1
0117171_neurosketch,30,2,bed,369,33,1,48001.79,9,2,bed,0
0117171_neurosketch,30,2,bed,369,34,1,48001.79,9,2,bed,0
0117171_neurosketch,30,2,bed,369,35,1,48001.79,9,2,bed,0
0117171_neurosketch,30,furniture,chair,370,36,1,54002.25,9,34,chair,1
0117171_neurosketch,30,furniture,chair,370,37,1,54002.25,9,34,chair,0
0117171_neurosketch,30,furniture,chair,370,38,1,54002.25,9,34,chair,0
0117171_neurosketch,30,furniture,chair,370,39,1,54002.25,9,34,chair,0
0117171_neurosketch,30,furniture,table,371,40,0,60002.03,9,24,table,1
0117171_neurosketch,30,furniture,table,371,41,0,60002.03,9,24,table,0
0117171_neurosketch,30,furniture,table,371,42,0,60002.03,9,24,table,0
0117171_neurosketch,30,furniture,table,372,43,0,64502.24,9,13,table,1
0117171_neurosketch,30,furniture,table,372,44,0,64502.24,9,13,table,0
0117171_neurosketch,30,furniture,table,372,45,0,64502.24,9,13,table,0
0117171_neurosketch,30,furniture,bench,373,46,0,69002.54,9,3,bench,1
0117171_neurosketch,30,furniture,bench,373,47,0,69002.54,9,3,bench,0
0117171_neurosketch,30,furniture,bed,374,48,1,72002.09,9,38,,1
0117171_neurosketch,30,furniture,bed,374,49,1,72002.09,9,38,,0
0117171_neurosketch,30,furniture,chair,375,50,1,75001.95,9,29,chair,1
0117171_neurosketch,30,furniture,chair,375,51,1,75001.95,9,29,chair,0
0117171_neurosketch,30,furniture,bench,376,52,0,78002.71,9,17,bench,1
0117171_neurosketch,30,furniture,bench,376,53,0,78002.71,9,17,bench,0
0117171_neurosketch,30,furniture,bench,376,54,0,78002.71,9,17,bench,0
0117171_neurosketch,30,furniture,table,377,55,0,82502.73,9,12,table,1
0117171_neurosketch,30,furniture,table,377,56,0,82502.73,9,12,table,0
0117171_neurosketch,30,furniture,table,377,57,0,82502.73,9,12,table,0
0117171_neurosketch,30,furniture,chair,378,58,1,87002.8,9,37,chair,1
0117171_neurosketch,30,furniture,chair,378,59,1,87002.8,9,37,chair,0
0117171_neurosketch,30,furniture,chair,378,60,1,87002.8,9,37,chair,0
0117171_neurosketch,30,furniture,chair,378,61,1,87002.8,9,37,chair,0
0117171_neurosketch,30,2,bed,379,62,1,93002.65,9,9,bed,1
0117171_neurosketch,30,2,bed,379,63,1,93002.65,9,9,bed,0
0117171_neurosketch,30,furniture,bed,380,64,1,96002.18,9,6,chair,1
0117171_neurosketch,30,furniture,bed,380,65,1,96002.18,9,6,chair,0
0117171_neurosketch,30,furniture,bed,380,66,1,96002.18,9,6,chair,0
0117171_neurosketch,30,furniture,bench,381,67,0,100501.93,9,22,bench,1
0117171_neurosketch,30,furniture,bench,381,68,0,100501.93,9,22,bench,0
0117171_neurosketch,30,furniture,chair,382,69,1,103502.7,9,3,chair,1
0117171_neurosketch,30,furniture,chair,382,70,1,103502.7,9,3,chair,0
0117171_neurosketch,30,furniture,table,383,71,0,106504.59,9,7,table,1
0117171_neurosketch,30,furniture,table,383,72,0,106504.59,9,7,table,0
0117171_neurosketch,30,furniture,table,383,73,0,106504.59,9,7,table,0
0117171_neurosketch,30,furniture,table,384,74,0,111002.81,9,30,table,1
0117171_neurosketch,30,furniture,table,384,75,0,111002.81,9,30,table,0
0117171_neurosketch,30,furniture,table,384,76,0,111002.81,9,30,table,0
0117171_neurosketch,30,furniture,bench,385,77,0,115502.96,9,24,bench,1
0117171_neurosketch,30,furniture,bench,385,78,0,115502.96,9,24,bench,0
0117171_neurosketch,30,furniture,bench,385,79,0,115502.96,9,24,bench,0
0117171_neurosketch,30,furniture,bed,386,80,1,120002.65,9,0,bed,1
0117171_neurosketch,30,furniture,bed,386,81,1,120002.65,9,0,bed,0
0117171_neurosketch,30,furniture,bed,386,82,1,120002.65,9,0,bed,0
0117171_neurosketch,30,furniture,chair,387,83,1,124501.95,9,35,chair,1
0117171_neurosketch,30,furniture,chair,387,84,1,124501.95,9,35,chair,0
0117171_neurosketch,30,furniture,chair,387,85,1,124501.95,9,35,chair,0
0117171_neurosketch,30,furniture,chair,387,86,1,124501.95,9,35,chair,0
0117171_neurosketch,30,furniture,chair,388,87,1,130503.0,9,21,chair,1
0117171_neurosketch,30,furniture,chair,388,88,1,130503.0,9,21,chair,0
0117171_neurosketch,30,2,bench,389,89,0,133502.41,9,35,bench,1
0117171_neurosketch,30,2,bench,389,90,0,133502.41,9,35,bench,0
0117171_neurosketch,30,furniture,table,390,91,0,136503.02,9,36,table,1
0117171_neurosketch,30,furniture,table,390,92,0,136503.02,9,36,table,0
0117171_neurosketch,30,furniture,bed,391,93,1,139502.42,9,20,bed,1
0117171_neurosketch,30,furniture,bed,391,94,1,139502.42,9,20,bed,0
0117171_neurosketch,30,furniture,bed,391,95,1,139502.42,9,20,bed,0
0117171_neurosketch,30,furniture,bench,392,96,0,144002.78,9,29,bench,1
0117171_neurosketch,30,furniture,bench,392,97,0,144002.78,9,29,bench,0
0117171_neurosketch,30,furniture,bed,393,98,1,147002.36,9,1,bed,1
0117171_neurosketch,30,furniture,bed,393,99,1,147002.36,9,1,bed,0
0117171_neurosketch,30,furniture,bed,393,100,1,147002.36,9,1,bed,0
0117171_neurosketch,30,furniture,table,394,101,0,151502.11,9,37,table,1
0117171_neurosketch,30,furniture,table,394,102,0,151502.11,9,37,table,0
0117171_neurosketch,30,furniture,table,394,103,0,151502.11,9,37,table,0
0117171_neurosketch,30,furniture,table,394,104,0,151502.11,9,37,table,0
0117171_neurosketch,30,furniture,chair,395,105,1,157502.03,9,17,chair,1
0117171_neurosketch,30,furniture,chair,395,106,1,157502.03,9,17,chair,0
0117171_neurosketch,30,furniture,table,396,107,0,160502.49,9,39,table,1
0117171_neurosketch,30,furniture,table,396,108,0,160502.49,9,39,table,0
0117171_neurosketch,30,furniture,table,396,109,0,160502.49,9,39,table,0
0117171_neurosketch,30,furniture,chair,397,110,1,165004.47,9,8,chair,1
0117171_neurosketch,30,furniture,chair,397,111,1,165004.47,9,8,chair,0
0117171_neurosketch,30,furniture,bed,398,112,1,168002.37,9,4,,1
0117171_neurosketch,30,furniture,bed,398,113,1,168002.37,9,4,,0
0117171_neurosketch,30,furniture,bed,398,114,1,168002.37,9,4,,0
0117171_neurosketch,30,furniture,bed,398,115,1,168002.37,9,4,,0
0117171_neurosketch,30,2,bench,399,116,0,174002.21,9,28,bench,1
0117171_neurosketch,30,2,bench,399,117,0,174002.21,9,28,bench,0
0117171_neurosketch,30,2,bench,399,118,0,174002.21,9,28,bench,0
0117171_neurosketch,30,2,bench,399,119,0,174002.21,9,28,bench,0
0117171_neurosketch,30,furniture,bed,400,120,1,180002.28,9,17,bed,1
0117171_neurosketch,30,furniture,bed,400,121,1,180002.28,9,17,bed,0
0117171_neurosketch,30,furniture,bed,400,122,1,180002.28,9,17,bed,0
0117171_neurosketch,30,furniture,table,401,123,0,184502.83,9,34,table,1
0117171_neurosketch,30,furniture,table,401,124,0,184502.83,9,34,table,0
0117171_neurosketch,30,furniture,table,401,125,0,184502.83,9,34,table,0
0117171_neurosketch,30,furniture,table,401,126,0,184502.83,9,34,table,0
0117171_neurosketch,30,furniture,chair,402,127,1,190502.53,9,12,chair,1
0117171_neurosketch,30,furniture,chair,402,128,1,190502.53,9,12,chair,0
0117171_neurosketch,30,furniture,bench,403,129,0,193502.9,9,16,bench,1
0117171_neurosketch,30,furniture,bench,403,130,0,193502.9,9,16,bench,0
0117171_neurosketch,30,furniture,bench,403,131,0,193502.9,9,16,bench,0
0117171_neurosketch,30,furniture,bed,404,132,1,198002.85,9,22,bed,1
0117171_neurosketch,30,furniture,bed,404,133,1,198002.85,9,22,bed,0
0117171_neurosketch,30,furniture,table,405,134,0,201002.5,9,25,table,1
0117171_neurosketch,30,furniture,table,405,135,0,201002.5,9,25,table,0
0117171_neurosketch,30,furniture,table,405,136,0,201002.5,9,25,table,0
0117171_neurosketch,30,furniture,chair,406,137,1,205504.63,9,7,chair,1
0117171_neurosketch,30,furniture,chair,406,138,1,205504.63,9,7,chair,0
0117171_neurosketch,30,furniture,bench,407,139,0,208502.61,9,30,bench,1
0117171_neurosketch,30,furniture,bench,407,140,0,208502.61,9,30,bench,0
0117171_neurosketch,30,furniture,bench,407,141,0,208502.61,9,30,bench,0
0117171_neurosketch,30,furniture,bed,408,142,1,213001.88,9,21,bed,1
0117171_neurosketch,30,furniture,bed,408,143,1,213001.88,9,21,bed,0
0117171_neurosketch,30,2,table,409,144,0,216002.64,9,21,table,1
0117171_neurosketch,30,2,table,409,145,0,216002.64,9,21,table,0
0117171_neurosketch,30,2,table,409,146,0,216002.64,9,21,table,0
0117171_neurosketch,30,2,table,409,147,0,216002.64,9,21,table,0
0117171_neurosketch,30,furniture,chair,410,148,1,222003.16,9,14,chair,1
0117171_neurosketch,30,furniture,chair,410,149,1,222003.16,9,14,chair,0
0117171_neurosketch,30,furniture,chair,410,150,1,222003.16,9,14,chair,0
0117171_neurosketch,30,furniture,chair,410,151,1,222003.16,9,14,chair,0
0117171_neurosketch,30,furniture,bench,411,152,0,228004.29,9,31,bench,1
0117171_neurosketch,30,furniture,bench,411,153,0,228004.29,9,31,bench,0
0117171_neurosketch,30,furniture,bench,411,154,0,228004.29,9,31,bench,0
0117171_neurosketch,30,furniture,chair,412,155,1,232502.63,9,39,chair,1
0117171_neurosketch,30,furniture,chair,412,156,1,232502.63,9,39,chair,0
0117171_neurosketch,30,furniture,chair,412,157,1,232502.63,9,39,chair,0
0117171_neurosketch,30,furniture,table,413,158,0,237003.33,9,8,table,1
0117171_neurosketch,30,furniture,table,413,159,0,237003.33,9,8,table,0
0117171_neurosketch,30,furniture,bench,414,160,0,240002.93,9,33,bench,1
0117171_neurosketch,30,furniture,bench,414,161,0,240002.93,9,33,bench,0
0117171_neurosketch,30,furniture,bed,415,162,1,243003.18,9,16,chair,1
0117171_neurosketch,30,furniture,bed,415,163,1,243003.18,9,16,chair,0
0117171_neurosketch,30,furniture,bed,416,164,1,246003.0,9,37,bed,1
0117171_neurosketch,30,furniture,bed,416,165,1,246003.0,9,37,bed,0
0117171_neurosketch,30,furniture,bed,416,166,1,246003.0,9,37,bed,0
0117171_neurosketch,30,furniture,table,417,167,0,250505.41,9,22,table,1
0117171_neurosketch,30,furniture,table,417,168,0,250505.41,9,22,table,0
0117171_neurosketch,30,furniture,table,417,169,0,250505.41,9,22,table,0
0117171_neurosketch,30,furniture,chair,418,170,1,255002.39,9,33,chair,1
0117171_neurosketch,30,furniture,chair,418,171,1,255002.39,9,33,chair,0
0117171_neurosketch,30,furniture,chair,418,172,1,255002.39,9,33,chair,0
0117171_neurosketch,30,furniture,chair,418,173,1,255002.39,9,33,chair,0
0117171_neurosketch,30,2,bench,419,174,0,261002.69,9,8,bench,1
0117171_neurosketch,30,2,bench,419,175,0,261002.69,9,8,bench,0
0117171_neurosketch,30,furniture,chair,420,176,1,264002.64,9,15,chair,1
0117171_neurosketch,30,furniture,chair,420,177,1,264002.64,9,15,chair,0
0117171_neurosketch,30,furniture,chair,420,178,1,264002.64,9,15,chair,0
0117171_neurosketch,30,furniture,bed,421,179,1,268502.25,9,28,bed,1
0117171_neurosketch,30,furniture,bed,421,180,1,268502.25,9,28,bed,0
0117171_neurosketch,30,furniture,bench,422,181,0,271502.29,9,13,bench,1
0117171_neurosketch,30,furniture,bench,422,182,0,271502.29,9,13,bench,0
0117171_neurosketch,30,furniture,table,423,183,0,274502.3,9,18,table,1
0117171_neurosketch,30,furniture,table,423,184,0,274502.3,9,18,table,0
0117171_neurosketch,30,furniture,table,423,185,0,274502.3,9,18,table,0
0117171_neurosketch,30,furniture,bed,424,186,1,279003.19,9,18,bed,1
0117171_neurosketch,30,furniture,bed,424,187,1,279003.19,9,18,bed,0
0117171_neurosketch,30,furniture,bed,424,188,1,279003.19,9,18,bed,0
0117171_neurosketch,30,furniture,bench,425,189,0,283502.36,9,19,bench,1
0117171_neurosketch,30,furniture,bench,425,190,0,283502.36,9,19,bench,0
0117171_neurosketch,30,furniture,bench,425,191,0,283502.36,9,19,bench,0
0117171_neurosketch,30,furniture,chair,426,192,1,288003.58,9,5,chair,1
0117171_neurosketch,30,furniture,chair,426,193,1,288003.58,9,5,chair,0
0117171_neurosketch,30,furniture,chair,426,194,1,288003.58,9,5,chair,0
0117171_neurosketch,30,furniture,table,427,195,0,292502.25,9,32,table,1
0117171_neurosketch,30,furniture,table,427,196,0,292502.25,9,32,table,0
0117171_neurosketch,30,furniture,table,427,197,0,292502.25,9,32,table,0
0117171_neurosketch,30,furniture,table,427,198,0,292502.25,9,32,table,0
0117171_neurosketch,30,furniture,bed,428,199,1,298501.67,9,10,bed,1
0117171_neurosketch,30,furniture,bed,428,200,1,298501.67,9,10,bed,0
0117171_neurosketch,30,2,bench,429,201,0,301502.06,9,38,,1
0117171_neurosketch,30,2,bench,429,202,0,301502.06,9,38,,0
0117171_neurosketch,30,furniture,table,430,203,0,304502.31,9,38,table,1
0117171_neurosketch,30,furniture,table,430,204,0,304502.31,9,38,table,0
0117171_neurosketch,30,furniture,chair,431,205,1,307502.6,9,32,chair,1
0117171_neurosketch,30,furniture,chair,431,206,1,307502.6,9,32,chair,0
0117171_neurosketch,30,furniture,chair,431,207,1,307502.6,9,32,chair,0
0117171_neurosketch,30,furniture,chair,432,208,1,312002.97,9,4,chair,1
0117171_neurosketch,30,furniture,chair,432,209,1,312002.97,9,4,chair,0
0117171_neurosketch,30,furniture,table,433,210,0,315003.08,9,19,table,1
0117171_neurosketch,30,furniture,table,433,211,0,315003.08,9,19,table,0
0117171_neurosketch,30,furniture,table,433,212,0,315003.08,9,19,table,0
0117171_neurosketch,30,furniture,bed,434,213,1,319502.64,9,8,bed,1
0117171_neurosketch,30,furniture,bed,434,214,1,319502.64,9,8,bed,0
0117171_neurosketch,30,furniture,bed,434,215,1,319502.64,9,8,bed,0
0117171_neurosketch,30,furniture,bed,434,216,1,319502.64,9,8,bed,0
0117171_neurosketch,30,furniture,bench,435,217,0,325504.08,9,18,bench,1
0117171_neurosketch,30,furniture,bench,435,218,0,325504.08,9,18,bench,0
0117171_neurosketch,30,furniture,chair,436,219,1,328501.67,9,27,chair,1
0117171_neurosketch,30,furniture,chair,436,220,1,328501.67,9,27,chair,0
0117171_neurosketch,30,furniture,chair,436,221,1,328501.67,9,27,chair,0
0117171_neurosketch,30,furniture,bed,437,222,1,333002.78,9,36,bed,1
0117171_neurosketch,30,furniture,bed,437,223,1,333002.78,9,36,bed,0
0117171_neurosketch,30,furniture,bench,438,224,0,336003.07,9,27,bench,1
0117171_neurosketch,30,furniture,bench,438,225,0,336003.07,9,27,bench,0
0117171_neurosketch,30,furniture,bench,438,226,0,336003.07,9,27,bench,0
0117171_neurosketch,30,furniture,bench,438,227,0,336003.07,9,27,bench,0
0117171_neurosketch,30,2,table,439,228,0,342003.28,9,4,table,1
0117171_neurosketch,30,2,table,439,229,0,342003.28,9,4,table,0
0117171_neurosketch,30,2,table,439,230,0,342003.28,9,4,table,0
0117171_neurosketch,30,2,table,439,231,0,342003.28,9,4,table,0
0117171_neurosketch,30,2,table,439,232,0,342003.28,9,4,table,0
0117171_neurosketch,30,2,table,439,233,0,342003.28,9,4,table,0
0117171_neurosketch,30,2,table,439,234,0,342003.28,9,4,table,0
0117171_neurosketch,30,2,table,439,235,0,342003.28,9,4,table,0
0117171_neurosketch,30,2,table,439,236,0,342003.28,9,4,table,0
0117171_neurosketch,30,2,table,439,237,0,342003.28,9,4,table,0
0117171_neurosketch,30,2,table,439,238,0,342003.28,9,4,table,0
0117171_neurosketch,30,2,table,439,239,0,342003.28,9,4,table,0
0117171_neurosketch,30,furniture,table,440,0,-1,0.0,10,31,table,0
0117171_neurosketch,30,furniture,table,440,1,-1,0.0,10,31,table,0
0117171_neurosketch,30,furniture,table,440,2,-1,0.0,10,31,table,0
0117171_neurosketch,30,furniture,table,440,3,-1,0.0,10,31,table,0
0117171_neurosketch,30,furniture,table,440,4,-1,0.0,10,31,table,0
0117171_neurosketch,30,furniture,table,440,5,-1,0.0,10,31,table,0
0117171_neurosketch,30,furniture,table,440,6,-1,0.0,10,31,table,0
0117171_neurosketch,30,furniture,table,440,7,-1,0.0,10,31,table,0
0117171_neurosketch,30,furniture,table,440,8,0,12001.21,10,31,table,1
0117171_neurosketch,30,furniture,table,440,9,0,12001.21,10,31,table,0
0117171_neurosketch,30,furniture,table,440,10,0,12001.21,10,31,table,0
0117171_neurosketch,30,furniture,chair,441,11,1,16502.0,10,31,chair,1
0117171_neurosketch,30,furniture,chair,441,12,1,16502.0,10,31,chair,0
0117171_neurosketch,30,furniture,chair,441,13,1,16502.0,10,31,chair,0
0117171_neurosketch,30,furniture,chair,441,14,1,16502.0,10,31,chair,0
0117171_neurosketch,30,furniture,bed,442,15,1,22501.64,10,7,bed,1
0117171_neurosketch,30,furniture,bed,442,16,1,22501.64,10,7,bed,0
0117171_neurosketch,30,furniture,bench,443,17,0,25502.14,10,32,bench,1
0117171_neurosketch,30,furniture,bench,443,18,0,25502.14,10,32,bench,0
0117171_neurosketch,30,furniture,bench,443,19,0,25502.14,10,32,bench,0
0117171_neurosketch,30,furniture,bed,444,20,1,30001.94,10,5,bed,1
0117171_neurosketch,30,furniture,bed,444,21,1,30001.94,10,5,bed,0
0117171_neurosketch,30,furniture,chair,445,22,1,33002.05,10,28,chair,1
0117171_neurosketch,30,furniture,chair,445,23,1,33002.05,10,28,chair,0
0117171_neurosketch,30,furniture,chair,445,24,1,33002.05,10,28,chair,0
0117171_neurosketch,30,furniture,table,446,25,0,37501.72,10,6,table,1
0117171_neurosketch,30,furniture,table,446,26,0,37501.72,10,6,table,0
0117171_neurosketch,30,furniture,bench,447,27,0,40502.29,10,34,bench,1
0117171_neurosketch,30,furniture,bench,447,28,0,40502.29,10,34,bench,0
0117171_neurosketch,30,furniture,bench,447,29,0,40502.29,10,34,bench,0
0117171_neurosketch,30,furniture,table,448,30,0,45002.13,10,14,table,1
0117171_neurosketch,30,furniture,table,448,31,0,45002.13,10,14,table,0
0117171_neurosketch,30,2,chair,449,32,1,48002.25,10,2,chair,1
0117171_neurosketch,30,2,chair,449,33,1,48002.25,10,2,chair,0
0117171_neurosketch,30,2,chair,449,34,1,48002.25,10,2,chair,0
0117171_neurosketch,30,2,chair,449,35,1,48002.25,10,2,chair,0
0117171_neurosketch,30,furniture,bed,450,36,1,54003.53,10,27,bed,1
0117171_neurosketch,30,furniture,bed,450,37,1,54003.53,10,27,bed,0
0117171_neurosketch,30,furniture,bed,450,38,1,54003.53,10,27,bed,0
0117171_neurosketch,30,furniture,bed,450,39,1,54003.53,10,27,bed,0
0117171_neurosketch,30,furniture,bench,451,40,0,60002.77,10,26,bench,1
0117171_neurosketch,30,furniture,bench,451,41,0,60002.77,10,26,bench,0
0117171_neurosketch,30,furniture,bench,451,42,0,60002.77,10,26,bench,0
0117171_neurosketch,30,furniture,bed,452,43,1,64502.44,10,32,bed,1
0117171_neurosketch,30,furniture,bed,452,44,1,64502.44,10,32,bed,0
0117171_neurosketch,30,furniture,bed,452,45,1,64502.44,10,32,bed,0
0117171_neurosketch,30,furniture,bench,453,46,0,69002.39,10,9,bench,1
0117171_neurosketch,30,furniture,bench,453,47,0,69002.39,10,9,bench,0
0117171_neurosketch,30,furniture,chair,454,48,1,72002.24,10,36,chair,1
0117171_neurosketch,30,furniture,chair,454,49,1,72002.24,10,36,chair,0
0117171_neurosketch,30,furniture,table,455,50,0,75002.92,10,15,table,1
0117171_neurosketch,30,furniture,table,455,51,0,75002.92,10,15,table,0
0117171_neurosketch,30,furniture,bench,456,52,0,78002.45,10,10,bench,1
0117171_neurosketch,30,furniture,bench,456,53,0,78002.45,10,10,bench,0
0117171_neurosketch,30,furniture,bench,456,54,0,78002.45,10,10,bench,0
0117171_neurosketch,30,furniture,bed,457,55,1,82501.71,10,13,bed,1
0117171_neurosketch,30,furniture,bed,457,56,1,82501.71,10,13,bed,0
0117171_neurosketch,30,furniture,bed,457,57,1,82501.71,10,13,bed,0
0117171_neurosketch,30,furniture,table,458,58,0,87002.57,10,27,table,1
0117171_neurosketch,30,furniture,table,458,59,0,87002.57,10,27,table,0
0117171_neurosketch,30,furniture,table,458,60,0,87002.57,10,27,table,0
0117171_neurosketch,30,furniture,table,458,61,0,87002.57,10,27,table,0
0117171_neurosketch,30,2,chair,459,62,1,93002.64,10,9,chair,1
0117171_neurosketch,30,2,chair,459,63,1,93002.64,10,9,chair,0
0117171_neurosketch,30,furniture,chair,460,64,1,96001.88,10,1,chair,1
0117171_neurosketch,30,furniture,chair,460,65,1,96001.88,10,1,chair,0
0117171_neurosketch,30,furniture,chair,460,66,1,96001.88,10,1,chair,0
0117171_neurosketch,30,furniture,bed,461,67,1,100502.61,10,19,bed,1
0117171_neurosketch,30,furniture,bed,461,68,1,100502.61,10,19,bed,0
0117171_neurosketch,30,furniture,table,462,69,0,103502.53,10,9,table,1
0117171_neurosketch,30,furniture,table,462,70,0,103502.53,10,9,table,0
0117171_neurosketch,30,furniture,bench,463,71,0,106502.3,10,0,bench,1
0117171_neurosketch,30,furniture,bench,463,72,0,106502.3,10,0,bench,0
0117171_neurosketch,30,furniture,bench,463,73,0,106502.3,10,0,bench,0
0117171_neurosketch,30,furniture,bed,464,74,1,111002.97,10,34,bed,1
0117171_neurosketch,30,furniture,bed,464,75,1,111002.97,10,34,bed,0
0117171_neurosketch,30,furniture,bed,464,76,1,111002.97,10,34,bed,0
0117171_neurosketch,30,furniture,bench,465,77,0,115502.58,10,4,bench,1
0117171_neurosketch,30,furniture,bench,465,78,0,115502.58,10,4,bench,0
0117171_neurosketch,30,furniture,bench,465,79,0,115502.58,10,4,bench,0
0117171_neurosketch,30,furniture,table,466,80,0,120001.73,10,16,table,1
0117171_neurosketch,30,furniture,table,466,81,0,120001.73,10,16,table,0
0117171_neurosketch,30,furniture,table,466,82,0,120001.73,10,16,table,0
0117171_neurosketch,30,furniture,chair,467,83,1,124502.09,10,26,chair,1
0117171_neurosketch,30,furniture,chair,467,84,1,124502.09,10,26,chair,0
0117171_neurosketch,30,furniture,chair,467,85,1,124502.09,10,26,chair,0
0117171_neurosketch,30,furniture,chair,467,86,1,124502.09,10,26,chair,0
0117171_neurosketch,30,furniture,chair,468,87,1,130502.73,10,16,chair,1
0117171_neurosketch,30,furniture,chair,468,88,1,130502.73,10,16,chair,0
0117171_neurosketch,30,2,bench,469,89,0,133502.74,10,36,bench,1
0117171_neurosketch,30,2,bench,469,90,0,133502.74,10,36,bench,0
0117171_neurosketch,30,furniture,table,470,91,0,136502.67,10,28,table,1
0117171_neurosketch,30,furniture,table,470,92,0,136502.67,10,28,table,0
0117171_neurosketch,30,furniture,bed,471,93,1,139502.6,10,26,bed,1
0117171_neurosketch,30,furniture,bed,471,94,1,139502.6,10,26,bed,0
0117171_neurosketch,30,furniture,bed,471,95,1,139502.6,10,26,bed,0
0117171_neurosketch,30,furniture,bench,472,96,0,144001.84,10,14,bench,1
0117171_neurosketch,30,furniture,bench,472,97,0,144001.84,10,14,bench,0
0117171_neurosketch,30,furniture,chair,473,98,1,147004.47,10,13,chair,1
0117171_neurosketch,30,furniture,chair,473,99,1,147004.47,10,13,chair,0
0117171_neurosketch,30,furniture,chair,473,100,1,147004.47,10,13,chair,0
0117171_neurosketch,30,furniture,table,474,101,0,151502.07,10,3,table,1
0117171_neurosketch,30,furniture,table,474,102,0,151502.07,10,3,table,0
0117171_neurosketch,30,furniture,table,474,103,0,151502.07,10,3,table,0
0117171_neurosketch,30,furniture,table,474,104,0,151502.07,10,3,table,0
0117171_neurosketch,30,furniture,bed,475,105,1,157502.86,10,33,bed,1
0117171_neurosketch,30,furniture,bed,475,106,1,157502.86,10,33,bed,0
0117171_neurosketch,30,furniture,chair,476,107,1,160502.96,10,38,chair,1
0117171_neurosketch,30,furniture,chair,476,108,1,160502.96,10,38,chair,0
0117171_neurosketch,30,furniture,chair,476,109,1,160502.96,10,38,chair,0
0117171_neurosketch,30,furniture,bench,477,110,0,165004.61,10,1,bench,1
0117171_neurosketch,30,furniture,bench,477,111,0,165004.61,10,1,bench,0
0117171_neurosketch,30,furniture,bed,478,112,1,168002.47,10,15,bed,1
0117171_neurosketch,30,furniture,bed,478,113,1,168002.47,10,15,bed,0
0117171_neurosketch,30,furniture,bed,478,114,1,168002.47,10,15,bed,0
0117171_neurosketch,30,furniture,bed,478,115,1,168002.47,10,15,bed,0
0117171_neurosketch,30,2,table,479,116,0,174002.73,10,26,table,1
0117171_neurosketch,30,2,table,479,117,0,174002.73,10,26,table,0
0117171_neurosketch,30,2,table,479,118,0,174002.73,10,26,table,0
0117171_neurosketch,30,2,table,479,119,0,174002.73,10,26,table,0
0117171_neurosketch,30,furniture,chair,480,120,1,180002.09,10,6,chair,1
0117171_neurosketch,30,furniture,chair,480,121,1,180002.09,10,6,chair,0
0117171_neurosketch,30,furniture,chair,480,122,1,180002.09,10,6,chair,0
0117171_neurosketch,30,furniture,table,481,123,0,184502.99,10,10,table,1
0117171_neurosketch,30,furniture,table,481,124,0,184502.99,10,10,table,0
0117171_neurosketch,30,furniture,table,481,125,0,184502.99,10,10,table,0
0117171_neurosketch,30,furniture,table,481,126,0,184502.99,10,10,table,0
0117171_neurosketch,30,furniture,bed,482,127,1,190503.02,10,11,bed,1
0117171_neurosketch,30,furniture,bed,482,128,1,190503.02,10,11,bed,0
0117171_neurosketch,30,furniture,bench,483,129,0,193502.23,10,37,bench,1
0117171_neurosketch,30,furniture,bench,483,130,0,193502.23,10,37,bench,0
0117171_neurosketch,30,furniture,bench,483,131,0,193502.23,10,37,bench,0
0117171_neurosketch,30,furniture,chair,484,132,1,198002.85,10,25,chair,1
0117171_neurosketch,30,furniture,chair,484,133,1,198002.85,10,25,chair,0
0117171_neurosketch,30,furniture,bed,485,134,1,201002.88,10,31,bed,1
0117171_neurosketch,30,furniture,bed,485,135,1,201002.88,10,31,bed,0
0117171_neurosketch,30,furniture,bed,485,136,1,201002.88,10,31,bed,0
0117171_neurosketch,30,furniture,table,486,137,0,205502.31,10,0,table,1
0117171_neurosketch,30,furniture,table,486,138,0,205502.31,10,0,table,0
0117171_neurosketch,30,furniture,bench,487,139,0,208502.68,10,6,bench,1
0117171_neurosketch,30,furniture,bench,487,140,0,208502.68,10,6,bench,0
0117171_neurosketch,30,furniture,bench,487,141,0,208502.68,10,6,bench,0
0117171_neurosketch,30,furniture,bench,488,142,0,213002.24,10,15,bench,1
0117171_neurosketch,30,furniture,bench,488,143,0,213002.24,10,15,bench,0
0117171_neurosketch,30,2,bed,489,144,1,216003.26,10,29,bed,1
0117171_neurosketch,30,2,bed,489,145,1,216003.26,10,29,bed,0
0117171_neurosketch,30,2,bed,489,146,1,216003.26,10,29,bed,0
0117171_neurosketch,30,2,bed,489,147,1,216003.26,10,29,bed,0
0117171_neurosketch,30,furniture,chair,490,148,1,222003.11,10,11,chair,1
0117171_neurosketch,30,furniture,chair,490,149,1,222003.11,10,11,chair,0
0117171_neurosketch,30,furniture,chair,490,150,1,222003.11,10,11,chair,0
0117171_neurosketch,30,furniture,chair,490,151,1,222003.11,10,11,chair,0
0117171_neurosketch,30,furniture,table,491,152,0,228002.67,10,17,table,1
0117171_neurosketch,30,furniture,table,491,153,0,228002.67,10,17,table,0
0117171_neurosketch,30,furniture,table,491,154,0,228002.67,10,17,table,0
0117171_neurosketch,30,furniture,chair,492,155,1,232502.37,10,30,chair,1
0117171_neurosketch,30,furniture,chair,492,156,1,232502.37,10,30,chair,0
0117171_neurosketch,30,furniture,chair,492,157,1,232502.37,10,30,chair,0
0117171_neurosketch,30,furniture,bed,493,158,1,237002.84,10,25,bed,1
0117171_neurosketch,30,furniture,bed,493,159,1,237002.84,10,25,bed,0
0117171_neurosketch,30,furniture,bench,494,160,0,240002.53,10,20,bench,1
0117171_neurosketch,30,furniture,bench,494,161,0,240002.53,10,20,bench,0
0117171_neurosketch,30,furniture,table,495,162,0,243002.05,10,23,table,1
0117171_neurosketch,30,furniture,table,495,163,0,243002.05,10,23,table,0
0117171_neurosketch,30,furniture,table,496,164,0,246001.92,10,11,table,1
0117171_neurosketch,30,furniture,table,496,165,0,246001.92,10,11,table,0
0117171_neurosketch,30,furniture,table,496,166,0,246001.92,10,11,table,0
0117171_neurosketch,30,furniture,bench,497,167,0,250502.84,10,39,bench,1
0117171_neurosketch,30,furniture,bench,497,168,0,250502.84,10,39,bench,0
0117171_neurosketch,30,furniture,bench,497,169,0,250502.84,10,39,bench,0
0117171_neurosketch,30,furniture,bed,498,170,1,255002.49,10,24,bed,1
0117171_neurosketch,30,furniture,bed,498,171,1,255002.49,10,24,bed,0
0117171_neurosketch,30,furniture,bed,498,172,1,255002.49,10,24,bed,0
0117171_neurosketch,30,furniture,bed,498,173,1,255002.49,10,24,bed,0
0117171_neurosketch,30,2,chair,499,174,1,261003.03,10,20,chair,1
0117171_neurosketch,30,2,chair,499,175,1,261003.03,10,20,chair,0
0117171_neurosketch,30,furniture,bench,500,176,0,264002.53,10,2,bench,1
0117171_neurosketch,30,furniture,bench,500,177,0,264002.53,10,2,bench,0
0117171_neurosketch,30,furniture,bench,500,178,0,264002.53,10,2,bench,0
0117171_neurosketch,30,furniture,chair,501,179,1,268503.25,10,19,chair,1
0117171_neurosketch,30,furniture,chair,501,180,1,268503.25,10,19,chair,0
0117171_neurosketch,30,furniture,bed,502,181,1,271502.27,10,14,,1
0117171_neurosketch,30,furniture,bed,502,182,1,271502.27,10,14,,0
0117171_neurosketch,30,furniture,table,503,183,0,274502.85,10,29,table,1
0117171_neurosketch,30,furniture,table,503,184,0,274502.85,10,29,table,0
0117171_neurosketch,30,furniture,table,503,185,0,274502.85,10,29,table,0
0117171_neurosketch,30,furniture,chair,504,186,1,279003.05,10,18,chair,1
0117171_neurosketch,30,furniture,chair,504,187,1,279003.05,10,18,chair,0
0117171_neurosketch,30,furniture,chair,504,188,1,279003.05,10,18,chair,0
0117171_neurosketch,30,furniture,bench,505,189,0,283503.83,10,11,bench,1
0117171_neurosketch,30,furniture,bench,505,190,0,283503.83,10,11,bench,0
0117171_neurosketch,30,furniture,bench,505,191,0,283503.83,10,11,bench,0
0117171_neurosketch,30,furniture,bed,506,192,1,288002.7,10,30,bed,1
0117171_neurosketch,30,furniture,bed,506,193,1,288002.7,10,30,bed,0
0117171_neurosketch,30,furniture,bed,506,194,1,288002.7,10,30,bed,0
0117171_neurosketch,30,furniture,table,507,195,0,292502.76,10,20,table,1
0117171_neurosketch,30,furniture,table,507,196,0,292502.76,10,20,table,0
0117171_neurosketch,30,furniture,table,507,197,0,292502.76,10,20,table,0
0117171_neurosketch,30,furniture,table,507,198,0,292502.76,10,20,table,0
0117171_neurosketch,30,furniture,table,508,199,0,298502.14,10,35,table,1
0117171_neurosketch,30,furniture,table,508,200,0,298502.14,10,35,table,0
0117171_neurosketch,30,2,chair,509,201,1,301502.92,10,10,chair,1
0117171_neurosketch,30,2,chair,509,202,1,301502.92,10,10,chair,0
0117171_neurosketch,30,furniture,bench,510,203,0,304504.3,10,12,bench,1
0117171_neurosketch,30,furniture,bench,510,204,0,304504.3,10,12,bench,0
0117171_neurosketch,30,furniture,bed,511,205,1,307502.22,10,39,bed,1
0117171_neurosketch,30,furniture,bed,511,206,1,307502.22,10,39,bed,0
0117171_neurosketch,30,furniture,bed,511,207,1,307502.22,10,39,bed,0
0117171_neurosketch,30,furniture,table,512,208,0,312003.03,10,1,table,1
0117171_neurosketch,30,furniture,table,512,209,0,312003.03,10,1,table,0
0117171_neurosketch,30,furniture,chair,513,210,1,315003.06,10,22,chair,1
0117171_neurosketch,30,furniture,chair,513,211,1,315003.06,10,22,chair,0
0117171_neurosketch,30,furniture,chair,513,212,1,315003.06,10,22,chair,0
0117171_neurosketch,30,furniture,bed,514,213,1,319502.21,10,23,bed,1
0117171_neurosketch,30,furniture,bed,514,214,1,319502.21,10,23,bed,0
0117171_neurosketch,30,furniture,bed,514,215,1,319502.21,10,23,bed,0
0117171_neurosketch,30,furniture,bed,514,216,1,319502.21,10,23,bed,0
0117171_neurosketch,30,furniture,bench,515,217,0,325503.07,10,23,bench,1
0117171_neurosketch,30,furniture,bench,515,218,0,325503.07,10,23,bench,0
0117171_neurosketch,30,furniture,bed,516,219,1,328504.07,10,35,,1
0117171_neurosketch,30,furniture,bed,516,220,1,328504.07,10,35,,0
0117171_neurosketch,30,furniture,bed,516,221,1,328504.07,10,35,,0
0117171_neurosketch,30,furniture,bench,517,222,0,333003.15,10,25,bench,1
0117171_neurosketch,30,furniture,bench,517,223,0,333003.15,10,25,bench,0
0117171_neurosketch,30,furniture,table,518,224,0,336002.59,10,5,table,1
0117171_neurosketch,30,furniture,table,518,225,0,336002.59,10,5,table,0
0117171_neurosketch,30,furniture,table,518,226,0,336002.59,10,5,table,0
0117171_neurosketch,30,furniture,table,518,227,0,336002.59,10,5,table,0
0117171_neurosketch,30,2,chair,519,228,1,342002.11,10,0,chair,1
0117171_neurosketch,30,2,chair,519,229,1,342002.11,10,0,chair,0
0117171_neurosketch,30,2,chair,519,230,1,342002.11,10,0,chair,0
0117171_neurosketch,30,2,chair,519,231,1,342002.11,10,0,chair,0
0117171_neurosketch,30,2,chair,519,232,1,342002.11,10,0,chair,0
0117171_neurosketch,30,2,chair,519,233,1,342002.11,10,0,chair,0
0117171_neurosketch,30,2,chair,519,234,1,342002.11,10,0,chair,0
0117171_neurosketch,30,2,chair,519,235,1,342002.11,10,0,chair,0
0117171_neurosketch,30,2,chair,519,236,1,342002.11,10,0,chair,0
0117171_neurosketch,30,2,chair,519,237,1,342002.11,10,0,chair,0
0117171_neurosketch,30,2,chair,519,238,1,342002.11,10,0,chair,0
0117171_neurosketch,30,2,chair,519,239,1,342002.11,10,0,chair,0
