wID,versionNum,category,object,trial,TRnum,condition,onset_time,run_num,viewpoint,response,onset
0118172_neurosketch,33,furniture,chair,0,0,-1,0.0,1,18,,0
0118172_neurosketch,33,furniture,chair,0,1,-1,0.0,1,18,,0
0118172_neurosketch,33,furniture,chair,0,2,-1,0.0,1,18,,0
0118172_neurosketch,33,furniture,chair,0,3,-1,0.0,1,18,,0
0118172_neurosketch,33,furniture,chair,0,4,-1,0.0,1,18,,0
0118172_neurosketch,33,furniture,chair,0,5,-1,0.0,1,18,,0
0118172_neurosketch,33,furniture,chair,0,6,-1,0.0,1,18,,0
0118172_neurosketch,33,furniture,chair,0,7,-1,0.0,1,18,,0
0118172_neurosketch,33,furniture,chair,0,8,0,12004.28,1,18,,1
0118172_neurosketch,33,furniture,chair,0,9,0,12004.28,1,18,,0
0118172_neurosketch,33,furniture,chair,0,10,0,12004.28,1,18,,0
0118172_neurosketch,33,furniture,chair,0,11,0,12004.28,1,18,,0
0118172_neurosketch,33,furniture,table,1,12,0,18002.93,1,12,chair,1
0118172_neurosketch,33,furniture,table,1,13,0,18002.93,1,12,chair,0
0118172_neurosketch,33,furniture,bed,2,14,1,21002.87,1,34,bed,1
0118172_neurosketch,33,furniture,bed,2,15,1,21002.87,1,34,bed,0
0118172_neurosketch,33,furniture,bed,2,16,1,21002.87,1,34,bed,0
0118172_neurosketch,33,furniture,bench,3,17,1,25501.74,1,8,,1
0118172_neurosketch,33,furniture,bench,3,18,1,25501.74,1,8,,0
0118172_neurosketch,33,furniture,bench,3,19,1,25501.74,1,8,,0
0118172_neurosketch,33,furniture,bench,3,20,1,25501.74,1,8,,0
0118172_neurosketch,33,furniture,chair,4,21,0,31503.83,1,27,chair,1
0118172_neurosketch,33,furniture,chair,4,22,0,31503.83,1,27,chair,0
0118172_neurosketch,33,furniture,chair,4,23,0,31503.83,1,27,chair,0
0118172_neurosketch,33,furniture,chair,4,24,0,31503.83,1,27,chair,0
0118172_neurosketch,33,furniture,bench,5,25,1,37503.69,1,32,bench,1
0118172_neurosketch,33,furniture,bench,5,26,1,37503.69,1,32,bench,0
0118172_neurosketch,33,furniture,bench,5,27,1,37503.69,1,32,bench,0
0118172_neurosketch,33,furniture,bed,6,28,1,42002.16,1,27,bed,1
0118172_neurosketch,33,furniture,bed,6,29,1,42002.16,1,27,bed,0
0118172_neurosketch,33,furniture,table,7,30,0,45002.29,1,20,table,1
0118172_neurosketch,33,furniture,table,7,31,0,45002.29,1,20,table,0
0118172_neurosketch,33,furniture,table,8,32,0,48001.97,1,19,table,1
0118172_neurosketch,33,furniture,table,8,33,0,48001.97,1,19,table,0
0118172_neurosketch,33,2,chair,9,34,0,51001.46,1,0,chair,1
0118172_neurosketch,33,2,chair,9,35,0,51001.46,1,0,chair,0
0118172_neurosketch,33,2,chair,9,36,0,51001.46,1,0,chair,0
0118172_neurosketch,33,furniture,bed,10,37,1,55502.78,1,26,bed,1
0118172_neurosketch,33,furniture,bed,10,38,1,55502.78,1,26,bed,0
0118172_neurosketch,33,furniture,bed,10,39,1,55502.78,1,26,bed,0
0118172_neurosketch,33,furniture,bed,10,40,1,55502.78,1,26,bed,0
0118172_neurosketch,33,furniture,bench,11,41,1,61504.57,1,4,bench,1
0118172_neurosketch,33,furniture,bench,11,42,1,61504.57,1,4,bench,0
0118172_neurosketch,33,furniture,bed,12,43,1,64501.78,1,29,bed,1
0118172_neurosketch,33,furniture,bed,12,44,1,64501.78,1,29,bed,0
0118172_neurosketch,33,furniture,bed,12,45,1,64501.78,1,29,bed,0
0118172_neurosketch,33,furniture,chair,13,46,0,69002.04,1,9,,1
0118172_neurosketch,33,furniture,chair,13,47,0,69002.04,1,9,,0
0118172_neurosketch,33,furniture,chair,13,48,0,69002.04,1,9,,0
0118172_neurosketch,33,furniture,bench,14,49,1,73503.26,1,24,bench,1
0118172_neurosketch,33,furniture,bench,14,50,1,73503.26,1,24,bench,0
0118172_neurosketch,33,furniture,bench,14,51,1,73503.26,1,24,bench,0
0118172_neurosketch,33,furniture,table,15,52,0,78001.45,1,37,table,1
0118172_neurosketch,33,furniture,table,15,53,0,78001.45,1,37,table,0
0118172_neurosketch,33,furniture,table,15,54,0,78001.45,1,37,table,0
0118172_neurosketch,33,furniture,chair,16,55,0,82503.33,1,30,table,1
0118172_neurosketch,33,furniture,chair,16,56,0,82503.33,1,30,table,0
0118172_neurosketch,33,furniture,table,17,57,0,85502.82,1,18,,1
0118172_neurosketch,33,furniture,table,17,58,0,85502.82,1,18,,0
0118172_neurosketch,33,furniture,table,17,59,0,85502.82,1,18,,0
0118172_neurosketch,33,furniture,table,17,60,0,85502.82,1,18,,0
0118172_neurosketch,33,furniture,bench,18,61,1,91502.7,1,16,bench,1
0118172_neurosketch,33,furniture,bench,18,62,1,91502.7,1,16,bench,0
0118172_neurosketch,33,2,bed,19,63,1,94501.96,1,18,bed,1
0118172_neurosketch,33,2,bed,19,64,1,94501.96,1,18,bed,0
0118172_neurosketch,33,2,bed,19,65,1,94501.96,1,18,bed,0
0118172_neurosketch,33,2,bed,19,66,1,94501.96,1,18,bed,0
0118172_neurosketch,33,furniture,bed,20,67,1,100502.62,1,10,bed,1
0118172_neurosketch,33,furniture,bed,20,68,1,100502.62,1,10,bed,0
0118172_neurosketch,33,furniture,bench,21,69,1,103502.93,1,3,bench,1
0118172_neurosketch,33,furniture,bench,21,70,1,103502.93,1,3,bench,0
0118172_neurosketch,33,furniture,bench,21,71,1,103502.93,1,3,bench,0
0118172_neurosketch,33,furniture,table,22,72,0,108002.79,1,25,table,1
0118172_neurosketch,33,furniture,table,22,73,0,108002.79,1,25,table,0
0118172_neurosketch,33,furniture,table,22,74,0,108002.79,1,25,table,0
0118172_neurosketch,33,furniture,chair,23,75,0,112503.75,1,4,chair,1
0118172_neurosketch,33,furniture,chair,23,76,0,112503.75,1,4,chair,0
0118172_neurosketch,33,furniture,chair,23,77,0,112503.75,1,4,chair,0
0118172_neurosketch,33,furniture,chair,24,78,0,117004.8,1,11,chair,1
0118172_neurosketch,33,furniture,chair,24,79,0,117004.8,1,11,chair,0
0118172_neurosketch,33,furniture,bench,25,80,1,120002.47,1,21,bench,1
0118172_neurosketch,33,furniture,bench,25,81,1,120002.47,1,21,bench,0
0118172_neurosketch,33,furniture,bed,26,82,1,123002.31,1,36,bed,1
0118172_neurosketch,33,furniture,bed,26,83,1,123002.31,1,36,bed,0
0118172_neurosketch,33,furniture,bed,26,84,1,123002.31,1,36,bed,0
0118172_neurosketch,33,furniture,bed,26,85,1,123002.31,1,36,bed,0
0118172_neurosketch,33,furniture,table,27,86,0,129002.37,1,2,table,1
0118172_neurosketch,33,furniture,table,27,87,0,129002.37,1,2,table,0
0118172_neurosketch,33,furniture,bench,28,88,1,132002.92,1,15,,1
0118172_neurosketch,33,furniture,bench,28,89,1,132002.92,1,15,,0
0118172_neurosketch,33,furniture,bench,28,90,1,132002.92,1,15,,0
0118172_neurosketch,33,furniture,bench,28,91,1,132002.92,1,15,,0
0118172_neurosketch,33,2,table,29,92,0,138004.61,1,4,table,1
0118172_neurosketch,33,2,table,29,93,0,138004.61,1,4,table,0
0118172_neurosketch,33,2,table,29,94,0,138004.61,1,4,table,0
0118172_neurosketch,33,furniture,chair,30,95,0,142502.86,1,37,chair,1
0118172_neurosketch,33,furniture,chair,30,96,0,142502.86,1,37,chair,0
0118172_neurosketch,33,furniture,bed,31,97,1,145503.72,1,14,bench,1
0118172_neurosketch,33,furniture,bed,31,98,1,145503.72,1,14,bench,0
0118172_neurosketch,33,furniture,table,32,99,0,148503.12,1,33,table,1
0118172_neurosketch,33,furniture,table,32,100,0,148503.12,1,33,table,0
0118172_neurosketch,33,furniture,bench,33,101,1,151501.48,1,0,bench,1
0118172_neurosketch,33,furniture,bench,33,102,1,151501.48,1,0,bench,0
0118172_neurosketch,33,furniture,bench,33,103,1,151501.48,1,0,bench,0
0118172_neurosketch,33,furniture,bench,33,104,1,151501.48,1,0,bench,0
0118172_neurosketch,33,furniture,bed,34,105,1,157502.7,1,39,bed,1
0118172_neurosketch,33,furniture,bed,34,106,1,157502.7,1,39,bed,0
0118172_neurosketch,33,furniture,bed,34,107,1,157502.7,1,39,bed,0
0118172_neurosketch,33,furniture,chair,35,108,0,162002.58,1,24,chair,1
0118172_neurosketch,33,furniture,chair,35,109,0,162002.58,1,24,chair,0
0118172_neurosketch,33,furniture,chair,35,110,0,162002.58,1,24,chair,0
0118172_neurosketch,33,furniture,bed,36,111,1,166502.46,1,2,bench,1
0118172_neurosketch,33,furniture,bed,36,112,1,166502.46,1,2,bench,0
0118172_neurosketch,33,furniture,bed,36,113,1,166502.46,1,2,bench,0
0118172_neurosketch,33,furniture,bench,37,114,1,171002.88,1,2,,1
0118172_neurosketch,33,furniture,bench,37,115,1,171002.88,1,2,,0
0118172_neurosketch,33,furniture,bench,37,116,1,171002.88,1,2,,0
0118172_neurosketch,33,furniture,table,38,117,0,175502.93,1,29,table,1
0118172_neurosketch,33,furniture,table,38,118,0,175502.93,1,29,table,0
0118172_neurosketch,33,furniture,table,38,119,0,175502.93,1,29,table,0
0118172_neurosketch,33,2,chair,39,120,0,180002.19,1,39,chair,1
0118172_neurosketch,33,2,chair,39,121,0,180002.19,1,39,chair,0
0118172_neurosketch,33,furniture,bench,40,122,1,183002.69,1,20,bench,1
0118172_neurosketch,33,furniture,bench,40,123,1,183002.69,1,20,bench,0
0118172_neurosketch,33,furniture,table,41,124,0,186002.31,1,31,table,1
0118172_neurosketch,33,furniture,table,41,125,0,186002.31,1,31,table,0
0118172_neurosketch,33,furniture,bed,42,126,1,189002.77,1,1,bed,1
0118172_neurosketch,33,furniture,bed,42,127,1,189002.77,1,1,bed,0
0118172_neurosketch,33,furniture,bed,42,128,1,189002.77,1,1,bed,0
0118172_neurosketch,33,furniture,chair,43,129,0,193502.43,1,31,chair,1
0118172_neurosketch,33,furniture,chair,43,130,0,193502.43,1,31,chair,0
0118172_neurosketch,33,furniture,chair,43,131,0,193502.43,1,31,chair,0
0118172_neurosketch,33,furniture,chair,43,132,0,193502.43,1,31,chair,0
0118172_neurosketch,33,furniture,bench,44,133,1,199502.71,1,30,bench,1
0118172_neurosketch,33,furniture,bench,44,134,1,199502.71,1,30,bench,0
0118172_neurosketch,33,furniture,bench,44,135,1,199502.71,1,30,bench,0
0118172_neurosketch,33,furniture,bench,44,136,1,199502.71,1,30,bench,0
0118172_neurosketch,33,furniture,table,45,137,0,205502.19,1,8,table,1
0118172_neurosketch,33,furniture,table,45,138,0,205502.19,1,8,table,0
0118172_neurosketch,33,furniture,table,45,139,0,205502.19,1,8,table,0
0118172_neurosketch,33,furniture,chair,46,140,0,210002.5,1,26,chair,1
0118172_neurosketch,33,furniture,chair,46,141,0,210002.5,1,26,chair,0
0118172_neurosketch,33,furniture,bed,47,142,1,213005.12,1,31,bed,1
0118172_neurosketch,33,furniture,bed,47,143,1,213005.12,1,31,bed,0
0118172_neurosketch,33,furniture,table,48,144,0,216002.67,1,0,table,1
0118172_neurosketch,33,furniture,table,48,145,0,216002.67,1,0,table,0
0118172_neurosketch,33,2,bed,49,146,1,219003.04,1,16,bed,1
0118172_neurosketch,33,2,bed,49,147,1,219003.04,1,16,bed,0
0118172_neurosketch,33,2,bed,49,148,1,219003.04,1,16,bed,0
0118172_neurosketch,33,furniture,bench,50,149,1,223502.98,1,11,bench,1
0118172_neurosketch,33,furniture,bench,50,150,1,223502.98,1,11,bench,0
0118172_neurosketch,33,furniture,bench,50,151,1,223502.98,1,11,bench,0
0118172_neurosketch,33,furniture,bench,50,152,1,223502.98,1,11,bench,0
0118172_neurosketch,33,furniture,chair,51,153,0,229502.84,1,12,chair,1
0118172_neurosketch,33,furniture,chair,51,154,0,229502.84,1,12,chair,0
0118172_neurosketch,33,furniture,chair,52,155,0,232502.41,1,28,chair,1
0118172_neurosketch,33,furniture,chair,52,156,0,232502.41,1,28,chair,0
0118172_neurosketch,33,furniture,chair,52,157,0,232502.41,1,28,chair,0
0118172_neurosketch,33,furniture,bed,53,158,1,237002.12,1,21,bed,1
0118172_neurosketch,33,furniture,bed,53,159,1,237002.12,1,21,bed,0
0118172_neurosketch,33,furniture,bed,53,160,1,237002.12,1,21,bed,0
0118172_neurosketch,33,furniture,table,54,161,0,241503.31,1,23,table,1
0118172_neurosketch,33,furniture,table,54,162,0,241503.31,1,23,table,0
0118172_neurosketch,33,furniture,table,54,163,0,241503.31,1,23,table,0
0118172_neurosketch,33,furniture,bench,55,164,1,246002.71,1,14,bench,1
0118172_neurosketch,33,furniture,bench,55,165,1,246002.71,1,14,bench,0
0118172_neurosketch,33,furniture,bench,55,166,1,246002.71,1,14,bench,0
0118172_neurosketch,33,furniture,chair,56,167,0,250502.94,1,25,chair,1
0118172_neurosketch,33,furniture,chair,56,168,0,250502.94,1,25,chair,0
0118172_neurosketch,33,furniture,bench,57,169,1,253504.29,1,36,bench,1
0118172_neurosketch,33,furniture,bench,57,170,1,253504.29,1,36,bench,0
0118172_neurosketch,33,furniture,bench,57,171,1,253504.29,1,36,bench,0
0118172_neurosketch,33,furniture,bench,57,172,1,253504.29,1,36,bench,0
0118172_neurosketch,33,furniture,table,58,173,0,259503.4,1,6,table,1
0118172_neurosketch,33,furniture,table,58,174,0,259503.4,1,6,table,0
0118172_neurosketch,33,2,bed,59,175,1,262503.95,1,20,bed,1
0118172_neurosketch,33,2,bed,59,176,1,262503.95,1,20,bed,0
0118172_neurosketch,33,2,bed,59,177,1,262503.95,1,20,bed,0
0118172_neurosketch,33,2,bed,59,178,1,262503.95,1,20,bed,0
0118172_neurosketch,33,furniture,table,60,179,0,268503.27,1,38,table,1
0118172_neurosketch,33,furniture,table,60,180,0,268503.27,1,38,table,0
0118172_neurosketch,33,furniture,bench,61,181,1,271504.0,1,37,bench,1
0118172_neurosketch,33,furniture,bench,61,182,1,271504.0,1,37,bench,0
0118172_neurosketch,33,furniture,bench,61,183,1,271504.0,1,37,bench,0
0118172_neurosketch,33,furniture,bed,62,184,1,276003.5,1,12,bed,1
0118172_neurosketch,33,furniture,bed,62,185,1,276003.5,1,12,bed,0
0118172_neurosketch,33,furniture,bed,62,186,1,276003.5,1,12,bed,0
0118172_neurosketch,33,furniture,chair,63,187,0,280503.12,1,3,chair,1
0118172_neurosketch,33,furniture,chair,63,188,0,280503.12,1,3,chair,0
0118172_neurosketch,33,furniture,chair,63,189,0,280503.12,1,3,chair,0
0118172_neurosketch,33,furniture,bench,64,190,1,285003.47,1,9,bed,1
0118172_neurosketch,33,furniture,bench,64,191,1,285003.47,1,9,bed,0
0118172_neurosketch,33,furniture,bed,65,192,1,288003.39,1,9,bed,1
0118172_neurosketch,33,furniture,bed,65,193,1,288003.39,1,9,bed,0
0118172_neurosketch,33,furniture,table,66,194,0,291004.28,1,9,,1
0118172_neurosketch,33,furniture,table,66,195,0,291004.28,1,9,,0
0118172_neurosketch,33,furniture,table,66,196,0,291004.28,1,9,,0
0118172_neurosketch,33,furniture,table,66,197,0,291004.28,1,9,,0
0118172_neurosketch,33,furniture,chair,67,198,0,297002.42,1,38,chair,1
0118172_neurosketch,33,furniture,chair,67,199,0,297002.42,1,38,chair,0
0118172_neurosketch,33,furniture,table,68,200,0,300002.43,1,32,table,1
0118172_neurosketch,33,furniture,table,68,201,0,300002.43,1,32,table,0
0118172_neurosketch,33,furniture,table,68,202,0,300002.43,1,32,table,0
0118172_neurosketch,33,furniture,table,68,203,0,300002.43,1,32,table,0
0118172_neurosketch,33,2,bed,69,204,1,306002.91,1,24,bed,1
0118172_neurosketch,33,2,bed,69,205,1,306002.91,1,24,bed,0
0118172_neurosketch,33,2,bed,69,206,1,306002.91,1,24,bed,0
0118172_neurosketch,33,furniture,chair,70,207,0,310502.4,1,15,chair,1
0118172_neurosketch,33,furniture,chair,70,208,0,310502.4,1,15,chair,0
0118172_neurosketch,33,furniture,bench,71,209,1,313502.75,1,31,bench,1
0118172_neurosketch,33,furniture,bench,71,210,1,313502.75,1,31,bench,0
0118172_neurosketch,33,furniture,bed,72,211,1,316502.11,1,38,bed,1
0118172_neurosketch,33,furniture,bed,72,212,1,316502.11,1,38,bed,0
0118172_neurosketch,33,furniture,bench,73,213,1,319501.78,1,19,bench,1
0118172_neurosketch,33,furniture,bench,73,214,1,319501.78,1,19,bench,0
0118172_neurosketch,33,furniture,bench,73,215,1,319501.78,1,19,bench,0
0118172_neurosketch,33,furniture,bench,73,216,1,319501.78,1,19,bench,0
0118172_neurosketch,33,furniture,chair,74,217,0,325503.51,1,16,chair,1
0118172_neurosketch,33,furniture,chair,74,218,0,325503.51,1,16,chair,0
0118172_neurosketch,33,furniture,chair,74,219,0,325503.51,1,16,chair,0
0118172_neurosketch,33,furniture,table,75,220,0,330002.01,1,7,table,1
0118172_neurosketch,33,furniture,table,75,221,0,330002.01,1,7,table,0
0118172_neurosketch,33,furniture,table,75,222,0,330002.01,1,7,table,0
0118172_neurosketch,33,furniture,bed,76,223,1,334501.96,1,19,bed,1
0118172_neurosketch,33,furniture,bed,76,224,1,334501.96,1,19,bed,0
0118172_neurosketch,33,furniture,bed,76,225,1,334501.96,1,19,bed,0
0118172_neurosketch,33,furniture,table,77,226,0,339001.33,1,10,table,1
0118172_neurosketch,33,furniture,table,77,227,0,339001.33,1,10,table,0
0118172_neurosketch,33,furniture,table,77,228,0,339001.33,1,10,table,0
0118172_neurosketch,33,furniture,bench,78,229,1,343501.31,1,38,bench,1
0118172_neurosketch,33,furniture,bench,78,230,1,343501.31,1,38,bench,0
0118172_neurosketch,33,furniture,bench,78,231,1,343501.31,1,38,bench,0
0118172_neurosketch,33,2,chair,79,232,0,348002.28,1,23,chair,1
0118172_neurosketch,33,2,chair,79,233,0,348002.28,1,23,chair,0
0118172_neurosketch,33,2,chair,79,234,0,348002.28,1,23,chair,0
0118172_neurosketch,33,2,chair,79,235,0,348002.28,1,23,chair,0
0118172_neurosketch,33,2,chair,79,236,0,348002.28,1,23,chair,0
0118172_neurosketch,33,2,chair,79,237,0,348002.28,1,23,chair,0
0118172_neurosketch,33,2,chair,79,238,0,348002.28,1,23,chair,0
0118172_neurosketch,33,2,chair,79,239,0,348002.28,1,23,chair,0
0118172_neurosketch,33,furniture,table,80,0,-1,0.0,2,24,table,0
0118172_neurosketch,33,furniture,table,80,1,-1,0.0,2,24,table,0
0118172_neurosketch,33,furniture,table,80,2,-1,0.0,2,24,table,0
0118172_neurosketch,33,furniture,table,80,3,-1,0.0,2,24,table,0
0118172_neurosketch,33,furniture,table,80,4,-1,0.0,2,24,table,0
0118172_neurosketch,33,furniture,table,80,5,-1,0.0,2,24,table,0
0118172_neurosketch,33,furniture,table,80,6,-1,0.0,2,24,table,0
0118172_neurosketch,33,furniture,table,80,7,-1,0.0,2,24,table,0
0118172_neurosketch,33,furniture,table,80,8,0,12001.74,2,24,table,1
0118172_neurosketch,33,furniture,table,80,9,0,12001.74,2,24,table,0
0118172_neurosketch,33,furniture,chair,81,10,0,15001.67,2,13,chair,1
0118172_neurosketch,33,furniture,chair,81,11,0,15001.67,2,13,chair,0
0118172_neurosketch,33,furniture,bed,82,12,1,18001.58,2,32,bed,1
0118172_neurosketch,33,furniture,bed,82,13,1,18001.58,2,32,bed,0
0118172_neurosketch,33,furniture,bed,82,14,1,18001.58,2,32,bed,0
0118172_neurosketch,33,furniture,bench,83,15,1,22502.62,2,12,bench,1
0118172_neurosketch,33,furniture,bench,83,16,1,22502.62,2,12,bench,0
0118172_neurosketch,33,furniture,bench,83,17,1,22502.62,2,12,bench,0
0118172_neurosketch,33,furniture,bench,83,18,1,22502.62,2,12,bench,0
0118172_neurosketch,33,furniture,chair,84,19,0,28501.88,2,19,chair,1
0118172_neurosketch,33,furniture,chair,84,20,0,28501.88,2,19,chair,0
0118172_neurosketch,33,furniture,chair,84,21,0,28501.88,2,19,chair,0
0118172_neurosketch,33,furniture,chair,84,22,0,28501.88,2,19,chair,0
0118172_neurosketch,33,furniture,bench,85,23,1,34502.42,2,35,bench,1
0118172_neurosketch,33,furniture,bench,85,24,1,34502.42,2,35,bench,0
0118172_neurosketch,33,furniture,bench,85,25,1,34502.42,2,35,bench,0
0118172_neurosketch,33,furniture,table,86,26,0,39002.31,2,35,,1
0118172_neurosketch,33,furniture,table,86,27,0,39002.31,2,35,,0
0118172_neurosketch,33,furniture,bed,87,28,1,42001.81,2,37,bed,1
0118172_neurosketch,33,furniture,bed,87,29,1,42001.81,2,37,bed,0
0118172_neurosketch,33,furniture,bed,88,30,1,45001.53,2,22,bench,1
0118172_neurosketch,33,furniture,bed,88,31,1,45001.53,2,22,bench,0
0118172_neurosketch,33,2,chair,89,32,0,48002.0,2,29,,1
0118172_neurosketch,33,2,chair,89,33,0,48002.0,2,29,,0
0118172_neurosketch,33,2,chair,89,34,0,48002.0,2,29,,0
0118172_neurosketch,33,furniture,bench,90,35,1,52502.21,2,7,bench,1
0118172_neurosketch,33,furniture,bench,90,36,1,52502.21,2,7,bench,0
0118172_neurosketch,33,furniture,bench,90,37,1,52502.21,2,7,bench,0
0118172_neurosketch,33,furniture,bench,90,38,1,52502.21,2,7,bench,0
0118172_neurosketch,33,furniture,table,91,39,0,58502.67,2,14,table,1
0118172_neurosketch,33,furniture,table,91,40,0,58502.67,2,14,table,0
0118172_neurosketch,33,furniture,chair,92,41,0,61502.44,2,33,chair,1
0118172_neurosketch,33,furniture,chair,92,42,0,61502.44,2,33,chair,0
0118172_neurosketch,33,furniture,chair,92,43,0,61502.44,2,33,chair,0
0118172_neurosketch,33,furniture,table,93,44,0,66002.31,2,5,,1
0118172_neurosketch,33,furniture,table,93,45,0,66002.31,2,5,,0
0118172_neurosketch,33,furniture,table,93,46,0,66002.31,2,5,,0
0118172_neurosketch,33,furniture,bench,94,47,1,70501.83,2,28,bench,1
0118172_neurosketch,33,furniture,bench,94,48,1,70501.83,2,28,bench,0
0118172_neurosketch,33,furniture,bench,94,49,1,70501.83,2,28,bench,0
0118172_neurosketch,33,furniture,bed,95,50,1,75004.56,2,5,bed,1
0118172_neurosketch,33,furniture,bed,95,51,1,75004.56,2,5,bed,0
0118172_neurosketch,33,furniture,bed,95,52,1,75004.56,2,5,bed,0
0118172_neurosketch,33,furniture,bed,96,53,1,79502.44,2,0,bed,1
0118172_neurosketch,33,furniture,bed,96,54,1,79502.44,2,0,bed,0
0118172_neurosketch,33,furniture,bench,97,55,1,82502.15,2,23,bench,1
0118172_neurosketch,33,furniture,bench,97,56,1,82502.15,2,23,bench,0
0118172_neurosketch,33,furniture,bench,97,57,1,82502.15,2,23,bench,0
0118172_neurosketch,33,furniture,bench,97,58,1,82502.15,2,23,bench,0
0118172_neurosketch,33,furniture,table,98,59,0,88503.44,2,1,table,1
0118172_neurosketch,33,furniture,table,98,60,0,88503.44,2,1,table,0
0118172_neurosketch,33,2,chair,99,61,0,91503.01,2,1,chair,1
0118172_neurosketch,33,2,chair,99,62,0,91503.01,2,1,chair,0
0118172_neurosketch,33,2,chair,99,63,0,91503.01,2,1,chair,0
0118172_neurosketch,33,2,chair,99,64,0,91503.01,2,1,chair,0
0118172_neurosketch,33,furniture,table,100,65,0,97502.67,2,16,table,1
0118172_neurosketch,33,furniture,table,100,66,0,97502.67,2,16,table,0
0118172_neurosketch,33,furniture,bench,101,67,1,100502.69,2,6,bench,1
0118172_neurosketch,33,furniture,bench,101,68,1,100502.69,2,6,bench,0
0118172_neurosketch,33,furniture,bench,101,69,1,100502.69,2,6,bench,0
0118172_neurosketch,33,furniture,chair,102,70,0,105003.1,2,14,chair,1
0118172_neurosketch,33,furniture,chair,102,71,0,105003.1,2,14,chair,0
0118172_neurosketch,33,furniture,chair,102,72,0,105003.1,2,14,chair,0
0118172_neurosketch,33,furniture,bed,103,73,1,109502.8,2,30,,1
0118172_neurosketch,33,furniture,bed,103,74,1,109502.8,2,30,,0
0118172_neurosketch,33,furniture,bed,103,75,1,109502.8,2,30,,0
0118172_neurosketch,33,furniture,bench,104,76,1,114002.22,2,26,bench,1
0118172_neurosketch,33,furniture,bench,104,77,1,114002.22,2,26,bench,0
0118172_neurosketch,33,furniture,chair,105,78,0,117002.6,2,22,chair,1
0118172_neurosketch,33,furniture,chair,105,79,0,117002.6,2,22,chair,0
0118172_neurosketch,33,furniture,table,106,80,0,120002.98,2,22,table,1
0118172_neurosketch,33,furniture,table,106,81,0,120002.98,2,22,table,0
0118172_neurosketch,33,furniture,table,106,82,0,120002.98,2,22,table,0
0118172_neurosketch,33,furniture,table,106,83,0,120002.98,2,22,table,0
0118172_neurosketch,33,furniture,bed,107,84,1,126002.42,2,11,bed,1
0118172_neurosketch,33,furniture,bed,107,85,1,126002.42,2,11,bed,0
0118172_neurosketch,33,furniture,bench,108,86,1,129003.1,2,33,,1
0118172_neurosketch,33,furniture,bench,108,87,1,129003.1,2,33,,0
0118172_neurosketch,33,furniture,bench,108,88,1,129003.1,2,33,,0
0118172_neurosketch,33,furniture,bench,108,89,1,129003.1,2,33,,0
0118172_neurosketch,33,2,bed,109,90,1,135002.78,2,33,,1
0118172_neurosketch,33,2,bed,109,91,1,135002.78,2,33,,0
0118172_neurosketch,33,2,bed,109,92,1,135002.78,2,33,,0
0118172_neurosketch,33,furniture,chair,110,93,0,139502.43,2,20,chair,1
0118172_neurosketch,33,furniture,chair,110,94,0,139502.43,2,20,chair,0
0118172_neurosketch,33,furniture,table,111,95,0,142501.96,2,15,table,1
0118172_neurosketch,33,furniture,table,111,96,0,142501.96,2,15,table,0
0118172_neurosketch,33,furniture,bed,112,97,1,145505.01,2,13,bed,1
0118172_neurosketch,33,furniture,bed,112,98,1,145505.01,2,13,bed,0
0118172_neurosketch,33,furniture,chair,113,99,0,148502.47,2,17,chair,1
0118172_neurosketch,33,furniture,chair,113,100,0,148502.47,2,17,chair,0
0118172_neurosketch,33,furniture,chair,113,101,0,148502.47,2,17,chair,0
0118172_neurosketch,33,furniture,chair,113,102,0,148502.47,2,17,chair,0
0118172_neurosketch,33,furniture,bench,114,103,1,154502.25,2,13,bench,1
0118172_neurosketch,33,furniture,bench,114,104,1,154502.25,2,13,bench,0
0118172_neurosketch,33,furniture,bench,114,105,1,154502.25,2,13,bench,0
0118172_neurosketch,33,furniture,table,115,106,0,159002.32,2,36,table,1
0118172_neurosketch,33,furniture,table,115,107,0,159002.32,2,36,table,0
0118172_neurosketch,33,furniture,table,115,108,0,159002.32,2,36,table,0
0118172_neurosketch,33,furniture,bench,116,109,1,163503.45,2,17,bench,1
0118172_neurosketch,33,furniture,bench,116,110,1,163503.45,2,17,bench,0
0118172_neurosketch,33,furniture,bench,116,111,1,163503.45,2,17,bench,0
0118172_neurosketch,33,furniture,table,117,112,0,168002.52,2,39,table,1
0118172_neurosketch,33,furniture,table,117,113,0,168002.52,2,39,table,0
0118172_neurosketch,33,furniture,table,117,114,0,168002.52,2,39,table,0
0118172_neurosketch,33,furniture,chair,118,115,0,172502.56,2,5,chair,1
0118172_neurosketch,33,furniture,chair,118,116,0,172502.56,2,5,chair,0
0118172_neurosketch,33,furniture,chair,118,117,0,172502.56,2,5,chair,0
0118172_neurosketch,33,2,bed,119,118,1,177002.81,2,28,bed,1
0118172_neurosketch,33,2,bed,119,119,1,177002.81,2,28,bed,0
0118172_neurosketch,33,furniture,chair,120,120,0,180002.8,2,36,chair,1
0118172_neurosketch,33,furniture,chair,120,121,0,180002.8,2,36,chair,0
0118172_neurosketch,33,furniture,bed,121,122,1,183002.89,2,17,bed,1
0118172_neurosketch,33,furniture,bed,121,123,1,183002.89,2,17,bed,0
0118172_neurosketch,33,furniture,table,122,124,0,186002.6,2,11,table,1
0118172_neurosketch,33,furniture,table,122,125,0,186002.6,2,11,table,0
0118172_neurosketch,33,furniture,table,122,126,0,186002.6,2,11,table,0
0118172_neurosketch,33,furniture,bench,123,127,1,190502.66,2,22,bench,1
0118172_neurosketch,33,furniture,bench,123,128,1,190502.66,2,22,bench,0
0118172_neurosketch,33,furniture,bench,123,129,1,190502.66,2,22,bench,0
0118172_neurosketch,33,furniture,bench,123,130,1,190502.66,2,22,bench,0
0118172_neurosketch,33,furniture,table,124,131,0,196502.21,2,17,,1
0118172_neurosketch,33,furniture,table,124,132,0,196502.21,2,17,,0
0118172_neurosketch,33,furniture,table,124,133,0,196502.21,2,17,,0
0118172_neurosketch,33,furniture,table,124,134,0,196502.21,2,17,,0
0118172_neurosketch,33,furniture,bed,125,135,1,202504.72,2,4,bed,1
0118172_neurosketch,33,furniture,bed,125,136,1,202504.72,2,4,bed,0
0118172_neurosketch,33,furniture,bed,125,137,1,202504.72,2,4,bed,0
0118172_neurosketch,33,furniture,chair,126,138,0,207002.53,2,2,chair,1
0118172_neurosketch,33,furniture,chair,126,139,0,207002.53,2,2,chair,0
0118172_neurosketch,33,furniture,bench,127,140,1,210002.86,2,18,bench,1
0118172_neurosketch,33,furniture,bench,127,141,1,210002.86,2,18,bench,0
0118172_neurosketch,33,furniture,table,128,142,0,213003.09,2,26,table,1
0118172_neurosketch,33,furniture,table,128,143,0,213003.09,2,26,table,0
0118172_neurosketch,33,2,bed,129,144,1,216003.04,2,35,,1
0118172_neurosketch,33,2,bed,129,145,1,216003.04,2,35,,0
0118172_neurosketch,33,2,bed,129,146,1,216003.04,2,35,,0
0118172_neurosketch,33,furniture,bench,130,147,1,220502.96,2,34,bench,1
0118172_neurosketch,33,furniture,bench,130,148,1,220502.96,2,34,bench,0
0118172_neurosketch,33,furniture,bench,130,149,1,220502.96,2,34,bench,0
0118172_neurosketch,33,furniture,bench,130,150,1,220502.96,2,34,bench,0
0118172_neurosketch,33,furniture,chair,131,151,0,226503.34,2,8,chair,1
0118172_neurosketch,33,furniture,chair,131,152,0,226503.34,2,8,chair,0
0118172_neurosketch,33,furniture,bench,132,153,1,229502.77,2,5,bench,1
0118172_neurosketch,33,furniture,bench,132,154,1,229502.77,2,5,bench,0
0118172_neurosketch,33,furniture,bench,132,155,1,229502.77,2,5,bench,0
0118172_neurosketch,33,furniture,bed,133,156,1,234002.84,2,25,bed,1
0118172_neurosketch,33,furniture,bed,133,157,1,234002.84,2,25,bed,0
0118172_neurosketch,33,furniture,bed,133,158,1,234002.84,2,25,bed,0
0118172_neurosketch,33,furniture,chair,134,159,0,238502.28,2,32,,1
0118172_neurosketch,33,furniture,chair,134,160,0,238502.28,2,32,,0
0118172_neurosketch,33,furniture,chair,134,161,0,238502.28,2,32,,0
0118172_neurosketch,33,furniture,table,135,162,0,243002.9,2,13,table,1
0118172_neurosketch,33,furniture,table,135,163,0,243002.9,2,13,table,0
0118172_neurosketch,33,furniture,table,135,164,0,243002.9,2,13,table,0
0118172_neurosketch,33,furniture,chair,136,165,0,247503.79,2,21,chair,1
0118172_neurosketch,33,furniture,chair,136,166,0,247503.79,2,21,chair,0
0118172_neurosketch,33,furniture,table,137,167,0,250502.34,2,3,table,1
0118172_neurosketch,33,furniture,table,137,168,0,250502.34,2,3,table,0
0118172_neurosketch,33,furniture,table,137,169,0,250502.34,2,3,table,0
0118172_neurosketch,33,furniture,table,137,170,0,250502.34,2,3,table,0
0118172_neurosketch,33,furniture,bed,138,171,1,256502.9,2,6,bed,1
0118172_neurosketch,33,furniture,bed,138,172,1,256502.9,2,6,bed,0
0118172_neurosketch,33,2,bench,139,173,1,259502.88,2,27,bench,1
0118172_neurosketch,33,2,bench,139,174,1,259502.88,2,27,bench,0
0118172_neurosketch,33,2,bench,139,175,1,259502.88,2,27,bench,0
0118172_neurosketch,33,2,bench,139,176,1,259502.88,2,27,bench,0
0118172_neurosketch,33,furniture,bed,140,177,1,265502.76,2,8,bed,1
0118172_neurosketch,33,furniture,bed,140,178,1,265502.76,2,8,bed,0
0118172_neurosketch,33,furniture,chair,141,179,0,268503.03,2,7,chair,1
0118172_neurosketch,33,furniture,chair,141,180,0,268503.03,2,7,chair,0
0118172_neurosketch,33,furniture,chair,141,181,0,268503.03,2,7,chair,0
0118172_neurosketch,33,furniture,table,142,182,0,273003.12,2,30,table,1
0118172_neurosketch,33,furniture,table,142,183,0,273003.12,2,30,table,0
0118172_neurosketch,33,furniture,table,142,184,0,273003.12,2,30,table,0
0118172_neurosketch,33,furniture,bench,143,185,1,277503.18,2,25,bench,1
0118172_neurosketch,33,furniture,bench,143,186,1,277503.18,2,25,bench,0
0118172_neurosketch,33,furniture,bench,143,187,1,277503.18,2,25,bench,0
0118172_neurosketch,33,furniture,table,144,188,0,282005.0,2,27,table,1
0118172_neurosketch,33,furniture,table,144,189,0,282005.0,2,27,table,0
0118172_neurosketch,33,furniture,bench,145,190,1,285003.17,2,39,bench,1
0118172_neurosketch,33,furniture,bench,145,191,1,285003.17,2,39,bench,0
0118172_neurosketch,33,furniture,chair,146,192,0,288002.77,2,10,chair,1
0118172_neurosketch,33,furniture,chair,146,193,0,288002.77,2,10,chair,0
0118172_neurosketch,33,furniture,chair,146,194,0,288002.77,2,10,chair,0
0118172_neurosketch,33,furniture,chair,146,195,0,288002.77,2,10,chair,0
0118172_neurosketch,33,furniture,bed,147,196,1,294002.32,2,15,bed,1
0118172_neurosketch,33,furniture,bed,147,197,1,294002.32,2,15,bed,0
0118172_neurosketch,33,furniture,bench,148,198,1,297004.36,2,29,bench,1
0118172_neurosketch,33,furniture,bench,148,199,1,297004.36,2,29,bench,0
0118172_neurosketch,33,furniture,bench,148,200,1,297004.36,2,29,bench,0
0118172_neurosketch,33,furniture,bench,148,201,1,297004.36,2,29,bench,0
0118172_neurosketch,33,2,table,149,202,0,303002.5,2,21,table,1
0118172_neurosketch,33,2,table,149,203,0,303002.5,2,21,table,0
0118172_neurosketch,33,2,table,149,204,0,303002.5,2,21,table,0
0118172_neurosketch,33,furniture,chair,150,205,0,307503.12,2,34,chair,1
0118172_neurosketch,33,furniture,chair,150,206,0,307503.12,2,34,chair,0
0118172_neurosketch,33,furniture,bed,151,207,1,310503.14,2,7,bed,1
0118172_neurosketch,33,furniture,bed,151,208,1,310503.14,2,7,bed,0
0118172_neurosketch,33,furniture,chair,152,209,0,313502.63,2,35,,1
0118172_neurosketch,33,furniture,chair,152,210,0,313502.63,2,35,,0
0118172_neurosketch,33,furniture,table,153,211,0,316502.44,2,28,table,1
0118172_neurosketch,33,furniture,table,153,212,0,316502.44,2,28,table,0
0118172_neurosketch,33,furniture,table,153,213,0,316502.44,2,28,table,0
0118172_neurosketch,33,furniture,table,153,214,0,316502.44,2,28,table,0
0118172_neurosketch,33,furniture,bed,154,215,1,322502.43,2,3,bed,1
0118172_neurosketch,33,furniture,bed,154,216,1,322502.43,2,3,bed,0
0118172_neurosketch,33,furniture,bed,154,217,1,322502.43,2,3,bed,0
0118172_neurosketch,33,furniture,bench,155,218,1,327001.1,2,10,bench,1
0118172_neurosketch,33,furniture,bench,155,219,1,327001.1,2,10,bench,0
0118172_neurosketch,33,furniture,bench,155,220,1,327001.1,2,10,bench,0
0118172_neurosketch,33,furniture,chair,156,221,0,331503.05,2,6,chair,1
0118172_neurosketch,33,furniture,chair,156,222,0,331503.05,2,6,chair,0
0118172_neurosketch,33,furniture,chair,156,223,0,331503.05,2,6,chair,0
0118172_neurosketch,33,furniture,table,157,224,0,336002.56,2,34,table,1
0118172_neurosketch,33,furniture,table,157,225,0,336002.56,2,34,table,0
0118172_neurosketch,33,furniture,table,157,226,0,336002.56,2,34,table,0
0118172_neurosketch,33,furniture,bed,158,227,1,340503.12,2,23,bed,1
0118172_neurosketch,33,furniture,bed,158,228,1,340503.12,2,23,bed,0
0118172_neurosketch,33,furniture,bed,158,229,1,340503.12,2,23,bed,0
0118172_neurosketch,33,2,bench,159,230,1,345001.79,2,1,,1
0118172_neurosketch,33,2,bench,159,231,1,345001.79,2,1,,0
0118172_neurosketch,33,2,bench,159,232,1,345001.79,2,1,,0
0118172_neurosketch,33,2,bench,159,233,1,345001.79,2,1,,0
0118172_neurosketch,33,2,bench,159,234,1,345001.79,2,1,,0
0118172_neurosketch,33,2,bench,159,235,1,345001.79,2,1,,0
0118172_neurosketch,33,2,bench,159,236,1,345001.79,2,1,,0
0118172_neurosketch,33,2,bench,159,237,1,345001.79,2,1,,0
0118172_neurosketch,33,2,bench,159,238,1,345001.79,2,1,,0
0118172_neurosketch,33,2,bench,159,239,1,345001.79,2,1,,0
0118172_neurosketch,33,furniture,bench,160,0,-1,0.0,3,1,,0
0118172_neurosketch,33,furniture,bench,160,1,-1,0.0,3,1,,0
0118172_neurosketch,33,furniture,bench,160,2,-1,0.0,3,1,,0
0118172_neurosketch,33,furniture,bench,160,3,-1,0.0,3,1,,0
0118172_neurosketch,33,furniture,bench,160,4,-1,0.0,3,1,,0
0118172_neurosketch,33,furniture,bench,160,5,-1,0.0,3,1,,0
0118172_neurosketch,33,furniture,bench,160,6,-1,0.0,3,1,,0
0118172_neurosketch,33,furniture,bench,160,7,-1,0.0,3,1,,0
0118172_neurosketch,33,furniture,bench,160,8,1,12002.11,3,1,,1
0118172_neurosketch,33,furniture,bench,160,9,1,12002.11,3,1,,0
0118172_neurosketch,33,furniture,bed,161,10,1,15000.9,3,23,bed,1
0118172_neurosketch,33,furniture,bed,161,11,1,15000.9,3,23,bed,0
0118172_neurosketch,33,furniture,table,162,12,0,18002.91,3,34,table,1
0118172_neurosketch,33,furniture,table,162,13,0,18002.91,3,34,table,0
0118172_neurosketch,33,furniture,table,162,14,0,18002.91,3,34,table,0
0118172_neurosketch,33,furniture,chair,163,15,0,22501.25,3,6,chair,1
0118172_neurosketch,33,furniture,chair,163,16,0,22501.25,3,6,chair,0
0118172_neurosketch,33,furniture,chair,163,17,0,22501.25,3,6,chair,0
0118172_neurosketch,33,furniture,chair,163,18,0,22501.25,3,6,chair,0
0118172_neurosketch,33,furniture,bench,164,19,1,28502.02,3,10,bench,1
0118172_neurosketch,33,furniture,bench,164,20,1,28502.02,3,10,bench,0
0118172_neurosketch,33,furniture,bench,164,21,1,28502.02,3,10,bench,0
0118172_neurosketch,33,furniture,bench,164,22,1,28502.02,3,10,bench,0
0118172_neurosketch,33,furniture,bed,165,23,1,34501.75,3,3,bed,1
0118172_neurosketch,33,furniture,bed,165,24,1,34501.75,3,3,bed,0
0118172_neurosketch,33,furniture,bed,165,25,1,34501.75,3,3,bed,0
0118172_neurosketch,33,furniture,table,166,26,0,39002.1,3,28,table,1
0118172_neurosketch,33,furniture,table,166,27,0,39002.1,3,28,table,0
0118172_neurosketch,33,furniture,chair,167,28,0,42001.84,3,35,table,1
0118172_neurosketch,33,furniture,chair,167,29,0,42001.84,3,35,table,0
0118172_neurosketch,33,furniture,bed,168,30,1,45002.29,3,7,bed,1
0118172_neurosketch,33,furniture,bed,168,31,1,45002.29,3,7,bed,0
0118172_neurosketch,33,2,chair,169,32,0,48001.6,3,34,chair,1
0118172_neurosketch,33,2,chair,169,33,0,48001.6,3,34,chair,0
0118172_neurosketch,33,2,chair,169,34,0,48001.6,3,34,chair,0
0118172_neurosketch,33,furniture,table,170,35,0,52502.43,3,21,table,1
0118172_neurosketch,33,furniture,table,170,36,0,52502.43,3,21,table,0
0118172_neurosketch,33,furniture,table,170,37,0,52502.43,3,21,table,0
0118172_neurosketch,33,furniture,table,170,38,0,52502.43,3,21,table,0
0118172_neurosketch,33,furniture,bench,171,39,1,58502.62,3,29,bench,1
0118172_neurosketch,33,furniture,bench,171,40,1,58502.62,3,29,bench,0
0118172_neurosketch,33,furniture,bed,172,41,1,61502.73,3,15,bed,1
0118172_neurosketch,33,furniture,bed,172,42,1,61502.73,3,15,bed,0
0118172_neurosketch,33,furniture,bed,172,43,1,61502.73,3,15,bed,0
0118172_neurosketch,33,furniture,chair,173,44,0,66002.32,3,10,chair,1
0118172_neurosketch,33,furniture,chair,173,45,0,66002.32,3,10,chair,0
0118172_neurosketch,33,furniture,chair,173,46,0,66002.32,3,10,chair,0
0118172_neurosketch,33,furniture,bench,174,47,1,70501.97,3,39,bench,1
0118172_neurosketch,33,furniture,bench,174,48,1,70501.97,3,39,bench,0
0118172_neurosketch,33,furniture,bench,174,49,1,70501.97,3,39,bench,0
0118172_neurosketch,33,furniture,table,175,50,0,75001.81,3,27,table,1
0118172_neurosketch,33,furniture,table,175,51,0,75001.81,3,27,table,0
0118172_neurosketch,33,furniture,table,175,52,0,75001.81,3,27,table,0
0118172_neurosketch,33,furniture,bench,176,53,1,79503.48,3,25,bench,1
0118172_neurosketch,33,furniture,bench,176,54,1,79503.48,3,25,bench,0
0118172_neurosketch,33,furniture,table,177,55,0,82502.29,3,30,table,1
0118172_neurosketch,33,furniture,table,177,56,0,82502.29,3,30,table,0
0118172_neurosketch,33,furniture,table,177,57,0,82502.29,3,30,table,0
0118172_neurosketch,33,furniture,table,177,58,0,82502.29,3,30,table,0
0118172_neurosketch,33,furniture,chair,178,59,0,88502.26,3,7,chair,1
0118172_neurosketch,33,furniture,chair,178,60,0,88502.26,3,7,chair,0
0118172_neurosketch,33,2,bed,179,61,1,91502.15,3,8,,1
0118172_neurosketch,33,2,bed,179,62,1,91502.15,3,8,,0
0118172_neurosketch,33,2,bed,179,63,1,91502.15,3,8,,0
0118172_neurosketch,33,2,bed,179,64,1,91502.15,3,8,,0
0118172_neurosketch,33,furniture,bench,180,65,1,97502.39,3,27,bench,1
0118172_neurosketch,33,furniture,bench,180,66,1,97502.39,3,27,bench,0
0118172_neurosketch,33,furniture,bed,181,67,1,100503.47,3,6,bed,1
0118172_neurosketch,33,furniture,bed,181,68,1,100503.47,3,6,bed,0
0118172_neurosketch,33,furniture,bed,181,69,1,100503.47,3,6,bed,0
0118172_neurosketch,33,furniture,table,182,70,0,105001.75,3,3,table,1
0118172_neurosketch,33,furniture,table,182,71,0,105001.75,3,3,table,0
0118172_neurosketch,33,furniture,table,182,72,0,105001.75,3,3,table,0
0118172_neurosketch,33,furniture,chair,183,73,0,109501.99,3,21,chair,1
0118172_neurosketch,33,furniture,chair,183,74,0,109501.99,3,21,chair,0
0118172_neurosketch,33,furniture,chair,183,75,0,109501.99,3,21,chair,0
0118172_neurosketch,33,furniture,table,184,76,0,114001.87,3,13,table,1
0118172_neurosketch,33,furniture,table,184,77,0,114001.87,3,13,table,0
0118172_neurosketch,33,furniture,chair,185,78,0,117002.35,3,32,chair,1
0118172_neurosketch,33,furniture,chair,185,79,0,117002.35,3,32,chair,0
0118172_neurosketch,33,furniture,bed,186,80,1,120002.36,3,25,bed,1
0118172_neurosketch,33,furniture,bed,186,81,1,120002.36,3,25,bed,0
0118172_neurosketch,33,furniture,bed,186,82,1,120002.36,3,25,bed,0
0118172_neurosketch,33,furniture,bed,186,83,1,120002.36,3,25,bed,0
0118172_neurosketch,33,furniture,bench,187,84,1,126001.95,3,5,bench,1
0118172_neurosketch,33,furniture,bench,187,85,1,126001.95,3,5,bench,0
0118172_neurosketch,33,furniture,chair,188,86,0,129002.47,3,8,chair,1
0118172_neurosketch,33,furniture,chair,188,87,0,129002.47,3,8,chair,0
0118172_neurosketch,33,furniture,chair,188,88,0,129002.47,3,8,chair,0
0118172_neurosketch,33,furniture,chair,188,89,0,129002.47,3,8,chair,0
0118172_neurosketch,33,2,bench,189,90,1,135002.72,3,34,bench,1
0118172_neurosketch,33,2,bench,189,91,1,135002.72,3,34,bench,0
0118172_neurosketch,33,2,bench,189,92,1,135002.72,3,34,bench,0
0118172_neurosketch,33,furniture,bed,190,93,1,139502.45,3,35,bed,1
0118172_neurosketch,33,furniture,bed,190,94,1,139502.45,3,35,bed,0
0118172_neurosketch,33,furniture,table,191,95,0,142502.63,3,26,,1
0118172_neurosketch,33,furniture,table,191,96,0,142502.63,3,26,,0
0118172_neurosketch,33,furniture,bench,192,97,1,145503.13,3,18,bench,1
0118172_neurosketch,33,furniture,bench,192,98,1,145503.13,3,18,bench,0
0118172_neurosketch,33,furniture,chair,193,99,0,148502.13,3,2,chair,1
0118172_neurosketch,33,furniture,chair,193,100,0,148502.13,3,2,chair,0
0118172_neurosketch,33,furniture,chair,193,101,0,148502.13,3,2,chair,0
0118172_neurosketch,33,furniture,chair,193,102,0,148502.13,3,2,chair,0
0118172_neurosketch,33,furniture,bed,194,103,1,154502.54,3,4,bed,1
0118172_neurosketch,33,furniture,bed,194,104,1,154502.54,3,4,bed,0
0118172_neurosketch,33,furniture,bed,194,105,1,154502.54,3,4,bed,0
0118172_neurosketch,33,furniture,table,195,106,0,159002.31,3,17,table,1
0118172_neurosketch,33,furniture,table,195,107,0,159002.31,3,17,table,0
0118172_neurosketch,33,furniture,table,195,108,0,159002.31,3,17,table,0
0118172_neurosketch,33,furniture,bench,196,109,1,163502.39,3,22,bench,1
0118172_neurosketch,33,furniture,bench,196,110,1,163502.39,3,22,bench,0
0118172_neurosketch,33,furniture,bench,196,111,1,163502.39,3,22,bench,0
0118172_neurosketch,33,furniture,table,197,112,0,168003.04,3,11,table,1
0118172_neurosketch,33,furniture,table,197,113,0,168003.04,3,11,table,0
0118172_neurosketch,33,furniture,table,197,114,0,168003.04,3,11,table,0
0118172_neurosketch,33,furniture,bed,198,115,1,172502.59,3,17,bed,1
0118172_neurosketch,33,furniture,bed,198,116,1,172502.59,3,17,bed,0
0118172_neurosketch,33,furniture,bed,198,117,1,172502.59,3,17,bed,0
0118172_neurosketch,33,2,chair,199,118,0,177002.57,3,36,chair,1
0118172_neurosketch,33,2,chair,199,119,0,177002.57,3,36,chair,0
0118172_neurosketch,33,furniture,bed,200,120,1,180002.59,3,28,,1
0118172_neurosketch,33,furniture,bed,200,121,1,180002.59,3,28,,0
0118172_neurosketch,33,furniture,chair,201,122,0,183002.46,3,5,chair,1
0118172_neurosketch,33,furniture,chair,201,123,0,183002.46,3,5,chair,0
0118172_neurosketch,33,furniture,table,202,124,0,186002.96,3,39,table,1
0118172_neurosketch,33,furniture,table,202,125,0,186002.96,3,39,table,0
0118172_neurosketch,33,furniture,table,202,126,0,186002.96,3,39,table,0
0118172_neurosketch,33,furniture,bench,203,127,1,190502.81,3,17,bench,1
0118172_neurosketch,33,furniture,bench,203,128,1,190502.81,3,17,bench,0
0118172_neurosketch,33,furniture,bench,203,129,1,190502.81,3,17,bench,0
0118172_neurosketch,33,furniture,bench,203,130,1,190502.81,3,17,bench,0
0118172_neurosketch,33,furniture,table,204,131,0,196503.14,3,36,table,1
0118172_neurosketch,33,furniture,table,204,132,0,196503.14,3,36,table,0
0118172_neurosketch,33,furniture,table,204,133,0,196503.14,3,36,table,0
0118172_neurosketch,33,furniture,table,204,134,0,196503.14,3,36,table,0
0118172_neurosketch,33,furniture,bench,205,135,1,202501.38,3,13,bench,1
0118172_neurosketch,33,furniture,bench,205,136,1,202501.38,3,13,bench,0
0118172_neurosketch,33,furniture,bench,205,137,1,202501.38,3,13,bench,0
0118172_neurosketch,33,furniture,chair,206,138,0,207002.09,3,17,chair,1
0118172_neurosketch,33,furniture,chair,206,139,0,207002.09,3,17,chair,0
0118172_neurosketch,33,furniture,bed,207,140,1,210002.74,3,13,bed,1
0118172_neurosketch,33,furniture,bed,207,141,1,210002.74,3,13,bed,0
0118172_neurosketch,33,furniture,table,208,142,0,213002.4,3,15,chair,1
0118172_neurosketch,33,furniture,table,208,143,0,213002.4,3,15,chair,0
0118172_neurosketch,33,2,chair,209,144,0,216004.62,3,20,chair,1
0118172_neurosketch,33,2,chair,209,145,0,216004.62,3,20,chair,0
0118172_neurosketch,33,2,chair,209,146,0,216004.62,3,20,chair,0
0118172_neurosketch,33,furniture,bed,210,147,1,220502.87,3,33,bed,1
0118172_neurosketch,33,furniture,bed,210,148,1,220502.87,3,33,bed,0
0118172_neurosketch,33,furniture,bed,210,149,1,220502.87,3,33,bed,0
0118172_neurosketch,33,furniture,bed,210,150,1,220502.87,3,33,bed,0
0118172_neurosketch,33,furniture,bench,211,151,1,226502.5,3,33,bench,1
0118172_neurosketch,33,furniture,bench,211,152,1,226502.5,3,33,bench,0
0118172_neurosketch,33,furniture,bed,212,153,1,229503.25,3,11,bed,1
0118172_neurosketch,33,furniture,bed,212,154,1,229503.25,3,11,bed,0
0118172_neurosketch,33,furniture,bed,212,155,1,229503.25,3,11,bed,0
0118172_neurosketch,33,furniture,table,213,156,0,234004.07,3,22,table,1
0118172_neurosketch,33,furniture,table,213,157,0,234004.07,3,22,table,0
0118172_neurosketch,33,furniture,table,213,158,0,234004.07,3,22,table,0
0118172_neurosketch,33,furniture,chair,214,159,0,238502.59,3,22,chair,1
0118172_neurosketch,33,furniture,chair,214,160,0,238502.59,3,22,chair,0
0118172_neurosketch,33,furniture,chair,214,161,0,238502.59,3,22,chair,0
0118172_neurosketch,33,furniture,bench,215,162,1,243002.87,3,26,bench,1
0118172_neurosketch,33,furniture,bench,215,163,1,243002.87,3,26,bench,0
0118172_neurosketch,33,furniture,bench,215,164,1,243002.87,3,26,bench,0
0118172_neurosketch,33,furniture,bed,216,165,1,247504.54,3,30,,1
0118172_neurosketch,33,furniture,bed,216,166,1,247504.54,3,30,,0
0118172_neurosketch,33,furniture,chair,217,167,0,250502.45,3,14,chair,1
0118172_neurosketch,33,furniture,chair,217,168,0,250502.45,3,14,chair,0
0118172_neurosketch,33,furniture,chair,217,169,0,250502.45,3,14,chair,0
0118172_neurosketch,33,furniture,chair,217,170,0,250502.45,3,14,chair,0
0118172_neurosketch,33,furniture,bench,218,171,1,256502.89,3,6,bench,1
0118172_neurosketch,33,furniture,bench,218,172,1,256502.89,3,6,bench,0
0118172_neurosketch,33,2,table,219,173,0,259503.66,3,16,table,1
0118172_neurosketch,33,2,table,219,174,0,259503.66,3,16,table,0
0118172_neurosketch,33,2,table,219,175,0,259503.66,3,16,table,0
0118172_neurosketch,33,2,table,219,176,0,259503.66,3,16,table,0
0118172_neurosketch,33,furniture,chair,220,177,0,265502.78,3,1,chair,1
0118172_neurosketch,33,furniture,chair,220,178,0,265502.78,3,1,chair,0
0118172_neurosketch,33,furniture,table,221,179,0,268501.39,3,1,table,1
0118172_neurosketch,33,furniture,table,221,180,0,268501.39,3,1,table,0
0118172_neurosketch,33,furniture,table,221,181,0,268501.39,3,1,table,0
0118172_neurosketch,33,furniture,bench,222,182,1,273002.5,3,23,bench,1
0118172_neurosketch,33,furniture,bench,222,183,1,273002.5,3,23,bench,0
0118172_neurosketch,33,furniture,bench,222,184,1,273002.5,3,23,bench,0
0118172_neurosketch,33,furniture,bed,223,185,1,277502.75,3,0,bed,1
0118172_neurosketch,33,furniture,bed,223,186,1,277502.75,3,0,bed,0
0118172_neurosketch,33,furniture,bed,223,187,1,277502.75,3,0,bed,0
0118172_neurosketch,33,furniture,bed,224,188,1,282002.16,3,5,bed,1
0118172_neurosketch,33,furniture,bed,224,189,1,282002.16,3,5,bed,0
0118172_neurosketch,33,furniture,bench,225,190,1,285002.51,3,28,bench,1
0118172_neurosketch,33,furniture,bench,225,191,1,285002.51,3,28,bench,0
0118172_neurosketch,33,furniture,table,226,192,0,288002.06,3,5,,1
0118172_neurosketch,33,furniture,table,226,193,0,288002.06,3,5,,0
0118172_neurosketch,33,furniture,table,226,194,0,288002.06,3,5,,0
0118172_neurosketch,33,furniture,table,226,195,0,288002.06,3,5,,0
0118172_neurosketch,33,furniture,chair,227,196,0,294002.93,3,33,chair,1
0118172_neurosketch,33,furniture,chair,227,197,0,294002.93,3,33,chair,0
0118172_neurosketch,33,furniture,table,228,198,0,297004.16,3,14,table,1
0118172_neurosketch,33,furniture,table,228,199,0,297004.16,3,14,table,0
0118172_neurosketch,33,furniture,table,228,200,0,297004.16,3,14,table,0
0118172_neurosketch,33,furniture,table,228,201,0,297004.16,3,14,table,0
0118172_neurosketch,33,2,bench,229,202,1,303002.05,3,7,bench,1
0118172_neurosketch,33,2,bench,229,203,1,303002.05,3,7,bench,0
0118172_neurosketch,33,2,bench,229,204,1,303002.05,3,7,bench,0
0118172_neurosketch,33,furniture,chair,230,205,0,307501.29,3,29,chair,1
0118172_neurosketch,33,furniture,chair,230,206,0,307501.29,3,29,chair,0
0118172_neurosketch,33,furniture,bed,231,207,1,310503.93,3,22,bed,1
0118172_neurosketch,33,furniture,bed,231,208,1,310503.93,3,22,bed,0
0118172_neurosketch,33,furniture,bed,232,209,1,313502.87,3,37,bed,1
0118172_neurosketch,33,furniture,bed,232,210,1,313502.87,3,37,bed,0
0118172_neurosketch,33,furniture,table,233,211,0,316502.45,3,35,table,1
0118172_neurosketch,33,furniture,table,233,212,0,316502.45,3,35,table,0
0118172_neurosketch,33,furniture,table,233,213,0,316502.45,3,35,table,0
0118172_neurosketch,33,furniture,table,233,214,0,316502.45,3,35,table,0
0118172_neurosketch,33,furniture,bench,234,215,1,322502.67,3,35,bench,1
0118172_neurosketch,33,furniture,bench,234,216,1,322502.67,3,35,bench,0
0118172_neurosketch,33,furniture,bench,234,217,1,322502.67,3,35,bench,0
0118172_neurosketch,33,furniture,chair,235,218,0,327002.99,3,19,chair,1
0118172_neurosketch,33,furniture,chair,235,219,0,327002.99,3,19,chair,0
0118172_neurosketch,33,furniture,chair,235,220,0,327002.99,3,19,chair,0
0118172_neurosketch,33,furniture,bench,236,221,1,331501.98,3,12,bench,1
0118172_neurosketch,33,furniture,bench,236,222,1,331501.98,3,12,bench,0
0118172_neurosketch,33,furniture,bench,236,223,1,331501.98,3,12,bench,0
0118172_neurosketch,33,furniture,bed,237,224,1,336002.71,3,32,bed,1
0118172_neurosketch,33,furniture,bed,237,225,1,336002.71,3,32,bed,0
0118172_neurosketch,33,furniture,bed,237,226,1,336002.71,3,32,bed,0
0118172_neurosketch,33,furniture,chair,238,227,0,340502.71,3,13,chair,1
0118172_neurosketch,33,furniture,chair,238,228,0,340502.71,3,13,chair,0
0118172_neurosketch,33,furniture,chair,238,229,0,340502.71,3,13,chair,0
0118172_neurosketch,33,2,table,239,230,0,345002.47,3,24,table,1
0118172_neurosketch,33,2,table,239,231,0,345002.47,3,24,table,0
0118172_neurosketch,33,2,table,239,232,0,345002.47,3,24,table,0
0118172_neurosketch,33,2,table,239,233,0,345002.47,3,24,table,0
0118172_neurosketch,33,2,table,239,234,0,345002.47,3,24,table,0
0118172_neurosketch,33,2,table,239,235,0,345002.47,3,24,table,0
0118172_neurosketch,33,2,table,239,236,0,345002.47,3,24,table,0
0118172_neurosketch,33,2,table,239,237,0,345002.47,3,24,table,0
0118172_neurosketch,33,2,table,239,238,0,345002.47,3,24,table,0
0118172_neurosketch,33,2,table,239,239,0,345002.47,3,24,table,0
0118172_neurosketch,33,furniture,chair,240,0,-1,0.0,4,23,chair,0
0118172_neurosketch,33,furniture,chair,240,1,-1,0.0,4,23,chair,0
0118172_neurosketch,33,furniture,chair,240,2,-1,0.0,4,23,chair,0
0118172_neurosketch,33,furniture,chair,240,3,-1,0.0,4,23,chair,0
0118172_neurosketch,33,furniture,chair,240,4,-1,0.0,4,23,chair,0
0118172_neurosketch,33,furniture,chair,240,5,-1,0.0,4,23,chair,0
0118172_neurosketch,33,furniture,chair,240,6,-1,0.0,4,23,chair,0
0118172_neurosketch,33,furniture,chair,240,7,-1,0.0,4,23,chair,0
0118172_neurosketch,33,furniture,chair,240,8,0,12001.2,4,23,chair,1
0118172_neurosketch,33,furniture,chair,240,9,0,12001.2,4,23,chair,0
0118172_neurosketch,33,furniture,bench,241,10,1,15001.21,4,38,bench,1
0118172_neurosketch,33,furniture,bench,241,11,1,15001.21,4,38,bench,0
0118172_neurosketch,33,furniture,table,242,12,0,18001.4,4,10,table,1
0118172_neurosketch,33,furniture,table,242,13,0,18001.4,4,10,table,0
0118172_neurosketch,33,furniture,table,242,14,0,18001.4,4,10,table,0
0118172_neurosketch,33,furniture,bed,243,15,1,22501.59,4,19,bed,1
0118172_neurosketch,33,furniture,bed,243,16,1,22501.59,4,19,bed,0
0118172_neurosketch,33,furniture,bed,243,17,1,22501.59,4,19,bed,0
0118172_neurosketch,33,furniture,bed,243,18,1,22501.59,4,19,bed,0
0118172_neurosketch,33,furniture,table,244,19,0,28502.14,4,7,table,1
0118172_neurosketch,33,furniture,table,244,20,0,28502.14,4,7,table,0
0118172_neurosketch,33,furniture,table,244,21,0,28502.14,4,7,table,0
0118172_neurosketch,33,furniture,table,244,22,0,28502.14,4,7,table,0
0118172_neurosketch,33,furniture,chair,245,23,0,34501.52,4,16,chair,1
0118172_neurosketch,33,furniture,chair,245,24,0,34501.52,4,16,chair,0
0118172_neurosketch,33,furniture,chair,245,25,0,34501.52,4,16,chair,0
0118172_neurosketch,33,furniture,bench,246,26,1,39001.71,4,19,bench,1
0118172_neurosketch,33,furniture,bench,246,27,1,39001.71,4,19,bench,0
0118172_neurosketch,33,furniture,bed,247,28,1,42001.51,4,38,bed,1
0118172_neurosketch,33,furniture,bed,247,29,1,42001.51,4,38,bed,0
0118172_neurosketch,33,furniture,bench,248,30,1,45001.58,4,31,bench,1
0118172_neurosketch,33,furniture,bench,248,31,1,45001.58,4,31,bench,0
0118172_neurosketch,33,2,chair,249,32,0,48002.12,4,15,chair,1
0118172_neurosketch,33,2,chair,249,33,0,48002.12,4,15,chair,0
0118172_neurosketch,33,2,chair,249,34,0,48002.12,4,15,chair,0
0118172_neurosketch,33,furniture,bed,250,35,1,52501.82,4,24,bed,1
0118172_neurosketch,33,furniture,bed,250,36,1,52501.82,4,24,bed,0
0118172_neurosketch,33,furniture,bed,250,37,1,52501.82,4,24,bed,0
0118172_neurosketch,33,furniture,bed,250,38,1,52501.82,4,24,bed,0
0118172_neurosketch,33,furniture,table,251,39,0,58503.71,4,32,table,1
0118172_neurosketch,33,furniture,table,251,40,0,58503.71,4,32,table,0
0118172_neurosketch,33,furniture,chair,252,41,0,61502.62,4,38,chair,1
0118172_neurosketch,33,furniture,chair,252,42,0,61502.62,4,38,chair,0
0118172_neurosketch,33,furniture,chair,252,43,0,61502.62,4,38,chair,0
0118172_neurosketch,33,furniture,table,253,44,0,66001.73,4,9,table,1
0118172_neurosketch,33,furniture,table,253,45,0,66001.73,4,9,table,0
0118172_neurosketch,33,furniture,table,253,46,0,66001.73,4,9,table,0
0118172_neurosketch,33,furniture,bed,254,47,1,70502.56,4,9,bed,1
0118172_neurosketch,33,furniture,bed,254,48,1,70502.56,4,9,bed,0
0118172_neurosketch,33,furniture,bed,254,49,1,70502.56,4,9,bed,0
0118172_neurosketch,33,furniture,bench,255,50,1,75002.96,4,9,bench,1
0118172_neurosketch,33,furniture,bench,255,51,1,75002.96,4,9,bench,0
0118172_neurosketch,33,furniture,bench,255,52,1,75002.96,4,9,bench,0
0118172_neurosketch,33,furniture,chair,256,53,0,79502.98,4,3,chair,1
0118172_neurosketch,33,furniture,chair,256,54,0,79502.98,4,3,chair,0
0118172_neurosketch,33,furniture,bed,257,55,1,82501.62,4,12,bed,1
0118172_neurosketch,33,furniture,bed,257,56,1,82501.62,4,12,bed,0
0118172_neurosketch,33,furniture,bed,257,57,1,82501.62,4,12,bed,0
0118172_neurosketch,33,furniture,bed,257,58,1,82501.62,4,12,bed,0
0118172_neurosketch,33,furniture,bench,258,59,1,88501.9,4,37,,1
0118172_neurosketch,33,furniture,bench,258,60,1,88501.9,4,37,,0
0118172_neurosketch,33,2,table,259,61,0,91502.61,4,38,,1
0118172_neurosketch,33,2,table,259,62,0,91502.61,4,38,,0
0118172_neurosketch,33,2,table,259,63,0,91502.61,4,38,,0
0118172_neurosketch,33,2,table,259,64,0,91502.61,4,38,,0
0118172_neurosketch,33,furniture,bed,260,65,1,97502.19,4,20,bed,1
0118172_neurosketch,33,furniture,bed,260,66,1,97502.19,4,20,bed,0
0118172_neurosketch,33,furniture,table,261,67,0,100502.38,4,6,table,1
0118172_neurosketch,33,furniture,table,261,68,0,100502.38,4,6,table,0
0118172_neurosketch,33,furniture,table,261,69,0,100502.38,4,6,table,0
0118172_neurosketch,33,furniture,bench,262,70,1,105002.22,4,36,bench,1
0118172_neurosketch,33,furniture,bench,262,71,1,105002.22,4,36,bench,0
0118172_neurosketch,33,furniture,bench,262,72,1,105002.22,4,36,bench,0
0118172_neurosketch,33,furniture,chair,263,73,0,109502.44,4,25,chair,1
0118172_neurosketch,33,furniture,chair,263,74,0,109502.44,4,25,chair,0
0118172_neurosketch,33,furniture,chair,263,75,0,109502.44,4,25,chair,0
0118172_neurosketch,33,furniture,bench,264,76,1,114002.94,4,14,bench,1
0118172_neurosketch,33,furniture,bench,264,77,1,114002.94,4,14,bench,0
0118172_neurosketch,33,furniture,table,265,78,0,117002.16,4,23,table,1
0118172_neurosketch,33,furniture,table,265,79,0,117002.16,4,23,table,0
0118172_neurosketch,33,furniture,bed,266,80,1,120001.94,4,21,bed,1
0118172_neurosketch,33,furniture,bed,266,81,1,120001.94,4,21,bed,0
0118172_neurosketch,33,furniture,bed,266,82,1,120001.94,4,21,bed,0
0118172_neurosketch,33,furniture,bed,266,83,1,120001.94,4,21,bed,0
0118172_neurosketch,33,furniture,chair,267,84,0,126002.62,4,28,table,1
0118172_neurosketch,33,furniture,chair,267,85,0,126002.62,4,28,table,0
0118172_neurosketch,33,furniture,chair,268,86,0,129002.76,4,12,,1
0118172_neurosketch,33,furniture,chair,268,87,0,129002.76,4,12,,0
0118172_neurosketch,33,furniture,chair,268,88,0,129002.76,4,12,,0
0118172_neurosketch,33,furniture,chair,268,89,0,129002.76,4,12,,0
0118172_neurosketch,33,2,bench,269,90,1,135002.31,4,11,bench,1
0118172_neurosketch,33,2,bench,269,91,1,135002.31,4,11,bench,0
0118172_neurosketch,33,2,bench,269,92,1,135002.31,4,11,bench,0
0118172_neurosketch,33,furniture,bed,270,93,1,139502.87,4,16,bed,1
0118172_neurosketch,33,furniture,bed,270,94,1,139502.87,4,16,bed,0
0118172_neurosketch,33,furniture,table,271,95,0,142501.96,4,0,table,1
0118172_neurosketch,33,furniture,table,271,96,0,142501.96,4,0,table,0
0118172_neurosketch,33,furniture,bed,272,97,1,145502.78,4,31,bed,1
0118172_neurosketch,33,furniture,bed,272,98,1,145502.78,4,31,bed,0
0118172_neurosketch,33,furniture,chair,273,99,0,148501.83,4,26,,1
0118172_neurosketch,33,furniture,chair,273,100,0,148501.83,4,26,,0
0118172_neurosketch,33,furniture,chair,273,101,0,148501.83,4,26,,0
0118172_neurosketch,33,furniture,chair,273,102,0,148501.83,4,26,,0
0118172_neurosketch,33,furniture,table,274,103,0,154502.08,4,8,table,1
0118172_neurosketch,33,furniture,table,274,104,0,154502.08,4,8,table,0
0118172_neurosketch,33,furniture,table,274,105,0,154502.08,4,8,table,0
0118172_neurosketch,33,furniture,bench,275,106,1,159002.13,4,30,bench,1
0118172_neurosketch,33,furniture,bench,275,107,1,159002.13,4,30,bench,0
0118172_neurosketch,33,furniture,bench,275,108,1,159002.13,4,30,bench,0
0118172_neurosketch,33,furniture,chair,276,109,0,163502.13,4,31,chair,1
0118172_neurosketch,33,furniture,chair,276,110,0,163502.13,4,31,chair,0
0118172_neurosketch,33,furniture,chair,276,111,0,163502.13,4,31,chair,0
0118172_neurosketch,33,furniture,bed,277,112,1,168002.62,4,1,bed,1
0118172_neurosketch,33,furniture,bed,277,113,1,168002.62,4,1,bed,0
0118172_neurosketch,33,furniture,bed,277,114,1,168002.62,4,1,bed,0
0118172_neurosketch,33,furniture,table,278,115,0,172503.96,4,31,table,1
0118172_neurosketch,33,furniture,table,278,116,0,172503.96,4,31,table,0
0118172_neurosketch,33,furniture,table,278,117,0,172503.96,4,31,table,0
0118172_neurosketch,33,2,bench,279,118,1,177003.05,4,20,bench,1
0118172_neurosketch,33,2,bench,279,119,1,177003.05,4,20,bench,0
0118172_neurosketch,33,furniture,chair,280,120,0,180002.92,4,39,chair,1
0118172_neurosketch,33,furniture,chair,280,121,0,180002.92,4,39,chair,0
0118172_neurosketch,33,furniture,table,281,122,0,183004.78,4,29,table,1
0118172_neurosketch,33,furniture,table,281,123,0,183004.78,4,29,table,0
0118172_neurosketch,33,furniture,bench,282,124,1,186002.44,4,2,bench,1
0118172_neurosketch,33,furniture,bench,282,125,1,186002.44,4,2,bench,0
0118172_neurosketch,33,furniture,bench,282,126,1,186002.44,4,2,bench,0
0118172_neurosketch,33,furniture,bed,283,127,1,190502.96,4,2,bed,1
0118172_neurosketch,33,furniture,bed,283,128,1,190502.96,4,2,bed,0
0118172_neurosketch,33,furniture,bed,283,129,1,190502.96,4,2,bed,0
0118172_neurosketch,33,furniture,bed,283,130,1,190502.96,4,2,bed,0
0118172_neurosketch,33,furniture,chair,284,131,0,196502.44,4,24,chair,1
0118172_neurosketch,33,furniture,chair,284,132,0,196502.44,4,24,chair,0
0118172_neurosketch,33,furniture,chair,284,133,0,196502.44,4,24,chair,0
0118172_neurosketch,33,furniture,chair,284,134,0,196502.44,4,24,chair,0
0118172_neurosketch,33,furniture,bed,285,135,1,202501.99,4,39,bed,1
0118172_neurosketch,33,furniture,bed,285,136,1,202501.99,4,39,bed,0
0118172_neurosketch,33,furniture,bed,285,137,1,202501.99,4,39,bed,0
0118172_neurosketch,33,furniture,bench,286,138,1,207002.99,4,0,bench,1
0118172_neurosketch,33,furniture,bench,286,139,1,207002.99,4,0,bench,0
0118172_neurosketch,33,furniture,table,287,140,0,210002.4,4,33,table,1
0118172_neurosketch,33,furniture,table,287,141,0,210002.4,4,33,table,0
0118172_neurosketch,33,furniture,bed,288,142,1,213003.0,4,14,bed,1
0118172_neurosketch,33,furniture,bed,288,143,1,213003.0,4,14,bed,0
0118172_neurosketch,33,2,chair,289,144,0,216002.68,4,37,chair,1
0118172_neurosketch,33,2,chair,289,145,0,216002.68,4,37,chair,0
0118172_neurosketch,33,2,chair,289,146,0,216002.68,4,37,chair,0
0118172_neurosketch,33,furniture,table,290,147,0,220502.41,4,4,table,1
0118172_neurosketch,33,furniture,table,290,148,0,220502.41,4,4,table,0
0118172_neurosketch,33,furniture,table,290,149,0,220502.41,4,4,table,0
0118172_neurosketch,33,furniture,table,290,150,0,220502.41,4,4,table,0
0118172_neurosketch,33,furniture,bench,291,151,1,226503.34,4,15,bench,1
0118172_neurosketch,33,furniture,bench,291,152,1,226503.34,4,15,bench,0
0118172_neurosketch,33,furniture,table,292,153,0,229503.31,4,2,table,1
0118172_neurosketch,33,furniture,table,292,154,0,229503.31,4,2,table,0
0118172_neurosketch,33,furniture,table,292,155,0,229503.31,4,2,table,0
0118172_neurosketch,33,furniture,bed,293,156,1,234003.0,4,36,bed,1
0118172_neurosketch,33,furniture,bed,293,157,1,234003.0,4,36,bed,0
0118172_neurosketch,33,furniture,bed,293,158,1,234003.0,4,36,bed,0
0118172_neurosketch,33,furniture,bench,294,159,1,238502.69,4,21,bench,1
0118172_neurosketch,33,furniture,bench,294,160,1,238502.69,4,21,bench,0
0118172_neurosketch,33,furniture,bench,294,161,1,238502.69,4,21,bench,0
0118172_neurosketch,33,furniture,chair,295,162,0,243002.74,4,11,,1
0118172_neurosketch,33,furniture,chair,295,163,0,243002.74,4,11,,0
0118172_neurosketch,33,furniture,chair,295,164,0,243002.74,4,11,,0
0118172_neurosketch,33,furniture,chair,296,165,0,247503.6,4,4,chair,1
0118172_neurosketch,33,furniture,chair,296,166,0,247503.6,4,4,chair,0
0118172_neurosketch,33,furniture,table,297,167,0,250502.79,4,25,table,1
0118172_neurosketch,33,furniture,table,297,168,0,250502.79,4,25,table,0
0118172_neurosketch,33,furniture,table,297,169,0,250502.79,4,25,table,0
0118172_neurosketch,33,furniture,table,297,170,0,250502.79,4,25,table,0
0118172_neurosketch,33,furniture,bench,298,171,1,256502.67,4,3,bench,1
0118172_neurosketch,33,furniture,bench,298,172,1,256502.67,4,3,bench,0
0118172_neurosketch,33,2,bed,299,173,1,259502.45,4,10,bed,1
0118172_neurosketch,33,2,bed,299,174,1,259502.45,4,10,bed,0
0118172_neurosketch,33,2,bed,299,175,1,259502.45,4,10,bed,0
0118172_neurosketch,33,2,bed,299,176,1,259502.45,4,10,bed,0
0118172_neurosketch,33,furniture,bed,300,177,1,265503.14,4,18,bed,1
0118172_neurosketch,33,furniture,bed,300,178,1,265503.14,4,18,bed,0
0118172_neurosketch,33,furniture,bench,301,179,1,268503.06,4,16,bench,1
0118172_neurosketch,33,furniture,bench,301,180,1,268503.06,4,16,bench,0
0118172_neurosketch,33,furniture,bench,301,181,1,268503.06,4,16,bench,0
0118172_neurosketch,33,furniture,table,302,182,0,273002.62,4,18,table,1
0118172_neurosketch,33,furniture,table,302,183,0,273002.62,4,18,table,0
0118172_neurosketch,33,furniture,table,302,184,0,273002.62,4,18,table,0
0118172_neurosketch,33,furniture,chair,303,185,0,277502.91,4,30,chair,1
0118172_neurosketch,33,furniture,chair,303,186,0,277502.91,4,30,chair,0
0118172_neurosketch,33,furniture,chair,303,187,0,277502.91,4,30,chair,0
0118172_neurosketch,33,furniture,table,304,188,0,282002.91,4,37,table,1
0118172_neurosketch,33,furniture,table,304,189,0,282002.91,4,37,table,0
0118172_neurosketch,33,furniture,bench,305,190,1,285002.83,4,24,bench,1
0118172_neurosketch,33,furniture,bench,305,191,1,285002.83,4,24,bench,0
0118172_neurosketch,33,furniture,chair,306,192,0,288002.21,4,9,chair,1
0118172_neurosketch,33,furniture,chair,306,193,0,288002.21,4,9,chair,0
0118172_neurosketch,33,furniture,chair,306,194,0,288002.21,4,9,chair,0
0118172_neurosketch,33,furniture,chair,306,195,0,288002.21,4,9,chair,0
0118172_neurosketch,33,furniture,bed,307,196,1,294002.86,4,29,bed,1
0118172_neurosketch,33,furniture,bed,307,197,1,294002.86,4,29,bed,0
0118172_neurosketch,33,furniture,bench,308,198,1,297002.5,4,4,bench,1
0118172_neurosketch,33,furniture,bench,308,199,1,297002.5,4,4,bench,0
0118172_neurosketch,33,furniture,bench,308,200,1,297002.5,4,4,bench,0
0118172_neurosketch,33,furniture,bench,308,201,1,297002.5,4,4,bench,0
0118172_neurosketch,33,2,bed,309,202,1,303002.82,4,26,bed,1
0118172_neurosketch,33,2,bed,309,203,1,303002.82,4,26,bed,0
0118172_neurosketch,33,2,bed,309,204,1,303002.82,4,26,bed,0
0118172_neurosketch,33,furniture,chair,310,205,0,307502.38,4,0,chair,1
0118172_neurosketch,33,furniture,chair,310,206,0,307502.38,4,0,chair,0
0118172_neurosketch,33,furniture,table,311,207,0,310502.41,4,19,table,1
0118172_neurosketch,33,furniture,table,311,208,0,310502.41,4,19,table,0
0118172_neurosketch,33,furniture,table,312,209,0,313502.76,4,20,table,1
0118172_neurosketch,33,furniture,table,312,210,0,313502.76,4,20,table,0
0118172_neurosketch,33,furniture,bed,313,211,1,316502.66,4,27,bed,1
0118172_neurosketch,33,furniture,bed,313,212,1,316502.66,4,27,bed,0
0118172_neurosketch,33,furniture,bed,313,213,1,316502.66,4,27,bed,0
0118172_neurosketch,33,furniture,bed,313,214,1,316502.66,4,27,bed,0
0118172_neurosketch,33,furniture,bench,314,215,1,322502.46,4,32,bench,1
0118172_neurosketch,33,furniture,bench,314,216,1,322502.46,4,32,bench,0
0118172_neurosketch,33,furniture,bench,314,217,1,322502.46,4,32,bench,0
0118172_neurosketch,33,furniture,chair,315,218,0,327003.31,4,27,chair,1
0118172_neurosketch,33,furniture,chair,315,219,0,327003.31,4,27,chair,0
0118172_neurosketch,33,furniture,chair,315,220,0,327003.31,4,27,chair,0
0118172_neurosketch,33,furniture,bench,316,221,1,331501.73,4,8,bench,1
0118172_neurosketch,33,furniture,bench,316,222,1,331501.73,4,8,bench,0
0118172_neurosketch,33,furniture,bench,316,223,1,331501.73,4,8,bench,0
0118172_neurosketch,33,furniture,bed,317,224,1,336002.84,4,34,bed,1
0118172_neurosketch,33,furniture,bed,317,225,1,336002.84,4,34,bed,0
0118172_neurosketch,33,furniture,bed,317,226,1,336002.84,4,34,bed,0
0118172_neurosketch,33,furniture,table,318,227,0,340502.75,4,12,table,1
0118172_neurosketch,33,furniture,table,318,228,0,340502.75,4,12,table,0
0118172_neurosketch,33,furniture,table,318,229,0,340502.75,4,12,table,0
0118172_neurosketch,33,2,chair,319,230,0,345002.41,4,18,chair,1
0118172_neurosketch,33,2,chair,319,231,0,345002.41,4,18,chair,0
0118172_neurosketch,33,2,chair,319,232,0,345002.41,4,18,chair,0
0118172_neurosketch,33,2,chair,319,233,0,345002.41,4,18,chair,0
0118172_neurosketch,33,2,chair,319,234,0,345002.41,4,18,chair,0
0118172_neurosketch,33,2,chair,319,235,0,345002.41,4,18,chair,0
0118172_neurosketch,33,2,chair,319,236,0,345002.41,4,18,chair,0
0118172_neurosketch,33,2,chair,319,237,0,345002.41,4,18,chair,0
0118172_neurosketch,33,2,chair,319,238,0,345002.41,4,18,chair,0
0118172_neurosketch,33,2,chair,319,239,0,345002.41,4,18,chair,0
0118172_neurosketch,33,furniture,chair,360,0,-1,0.0,9,18,,0
0118172_neurosketch,33,furniture,chair,360,1,-1,0.0,9,18,,0
0118172_neurosketch,33,furniture,chair,360,2,-1,0.0,9,18,,0
0118172_neurosketch,33,furniture,chair,360,3,-1,0.0,9,18,,0
0118172_neurosketch,33,furniture,chair,360,4,-1,0.0,9,18,,0
0118172_neurosketch,33,furniture,chair,360,5,-1,0.0,9,18,,0
0118172_neurosketch,33,furniture,chair,360,6,-1,0.0,9,18,,0
0118172_neurosketch,33,furniture,chair,360,7,-1,0.0,9,18,,0
0118172_neurosketch,33,furniture,chair,360,8,0,12003.53,9,18,,1
0118172_neurosketch,33,furniture,chair,360,9,0,12003.53,9,18,,0
0118172_neurosketch,33,furniture,table,361,10,0,15001.87,9,12,table,1
0118172_neurosketch,33,furniture,table,361,11,0,15001.87,9,12,table,0
0118172_neurosketch,33,furniture,bed,362,12,1,18002.05,9,34,bed,1
0118172_neurosketch,33,furniture,bed,362,13,1,18002.05,9,34,bed,0
0118172_neurosketch,33,furniture,bed,362,14,1,18002.05,9,34,bed,0
0118172_neurosketch,33,furniture,bench,363,15,1,22502.16,9,8,bench,1
0118172_neurosketch,33,furniture,bench,363,16,1,22502.16,9,8,bench,0
0118172_neurosketch,33,furniture,bench,363,17,1,22502.16,9,8,bench,0
0118172_neurosketch,33,furniture,bench,363,18,1,22502.16,9,8,bench,0
0118172_neurosketch,33,furniture,chair,364,19,0,28503.18,9,27,chair,1
0118172_neurosketch,33,furniture,chair,364,20,0,28503.18,9,27,chair,0
0118172_neurosketch,33,furniture,chair,364,21,0,28503.18,9,27,chair,0
0118172_neurosketch,33,furniture,chair,364,22,0,28503.18,9,27,chair,0
0118172_neurosketch,33,furniture,bench,365,23,1,34501.25,9,32,bench,1
0118172_neurosketch,33,furniture,bench,365,24,1,34501.25,9,32,bench,0
0118172_neurosketch,33,furniture,bench,365,25,1,34501.25,9,32,bench,0
0118172_neurosketch,33,furniture,bed,366,26,1,39002.38,9,27,bed,1
0118172_neurosketch,33,furniture,bed,366,27,1,39002.38,9,27,bed,0
0118172_neurosketch,33,furniture,table,367,28,0,42001.49,9,20,table,1
0118172_neurosketch,33,furniture,table,367,29,0,42001.49,9,20,table,0
0118172_neurosketch,33,furniture,table,368,30,0,45002.27,9,19,table,1
0118172_neurosketch,33,furniture,table,368,31,0,45002.27,9,19,table,0
0118172_neurosketch,33,2,chair,369,32,0,48003.99,9,0,chair,1
0118172_neurosketch,33,2,chair,369,33,0,48003.99,9,0,chair,0
0118172_neurosketch,33,2,chair,369,34,0,48003.99,9,0,chair,0
0118172_neurosketch,33,furniture,bed,370,35,1,52501.83,9,26,bed,1
0118172_neurosketch,33,furniture,bed,370,36,1,52501.83,9,26,bed,0
0118172_neurosketch,33,furniture,bed,370,37,1,52501.83,9,26,bed,0
0118172_neurosketch,33,furniture,bed,370,38,1,52501.83,9,26,bed,0
0118172_neurosketch,33,furniture,bench,371,39,1,58502.38,9,4,bench,1
0118172_neurosketch,33,furniture,bench,371,40,1,58502.38,9,4,bench,0
0118172_neurosketch,33,furniture,bed,372,41,1,61501.97,9,29,bench,1
0118172_neurosketch,33,furniture,bed,372,42,1,61501.97,9,29,bench,0
0118172_neurosketch,33,furniture,bed,372,43,1,61501.97,9,29,bench,0
0118172_neurosketch,33,furniture,chair,373,44,0,66002.35,9,9,chair,1
0118172_neurosketch,33,furniture,chair,373,45,0,66002.35,9,9,chair,0
0118172_neurosketch,33,furniture,chair,373,46,0,66002.35,9,9,chair,0
0118172_neurosketch,33,furniture,bench,374,47,1,70504.01,9,24,bench,1
0118172_neurosketch,33,furniture,bench,374,48,1,70504.01,9,24,bench,0
0118172_neurosketch,33,furniture,bench,374,49,1,70504.01,9,24,bench,0
0118172_neurosketch,33,furniture,table,375,50,0,75001.61,9,37,table,1
0118172_neurosketch,33,furniture,table,375,51,0,75001.61,9,37,table,0
0118172_neurosketch,33,furniture,table,375,52,0,75001.61,9,37,table,0
0118172_neurosketch,33,furniture,chair,376,53,0,79502.64,9,30,chair,1
0118172_neurosketch,33,furniture,chair,376,54,0,79502.64,9,30,chair,0
0118172_neurosketch,33,furniture,table,377,55,0,82502.06,9,18,table,1
0118172_neurosketch,33,furniture,table,377,56,0,82502.06,9,18,table,0
0118172_neurosketch,33,furniture,table,377,57,0,82502.06,9,18,table,0
0118172_neurosketch,33,furniture,table,377,58,0,82502.06,9,18,table,0
0118172_neurosketch,33,furniture,bench,378,59,1,88502.58,9,16,bench,1
0118172_neurosketch,33,furniture,bench,378,60,1,88502.58,9,16,bench,0
0118172_neurosketch,33,2,bed,379,61,1,91502.04,9,18,bed,1
0118172_neurosketch,33,2,bed,379,62,1,91502.04,9,18,bed,0
0118172_neurosketch,33,2,bed,379,63,1,91502.04,9,18,bed,0
0118172_neurosketch,33,2,bed,379,64,1,91502.04,9,18,bed,0
0118172_neurosketch,33,furniture,bed,380,65,1,97502.01,9,10,bed,1
0118172_neurosketch,33,furniture,bed,380,66,1,97502.01,9,10,bed,0
0118172_neurosketch,33,furniture,bench,381,67,1,100502.04,9,3,bench,1
0118172_neurosketch,33,furniture,bench,381,68,1,100502.04,9,3,bench,0
0118172_neurosketch,33,furniture,bench,381,69,1,100502.04,9,3,bench,0
0118172_neurosketch,33,furniture,table,382,70,0,105002.27,9,25,table,1
0118172_neurosketch,33,furniture,table,382,71,0,105002.27,9,25,table,0
0118172_neurosketch,33,furniture,table,382,72,0,105002.27,9,25,table,0
0118172_neurosketch,33,furniture,chair,383,73,0,109502.6,9,4,chair,1
0118172_neurosketch,33,furniture,chair,383,74,0,109502.6,9,4,chair,0
0118172_neurosketch,33,furniture,chair,383,75,0,109502.6,9,4,chair,0
0118172_neurosketch,33,furniture,chair,384,76,0,114001.88,9,11,chair,1
0118172_neurosketch,33,furniture,chair,384,77,0,114001.88,9,11,chair,0
0118172_neurosketch,33,furniture,bench,385,78,1,117003.5,9,21,,1
0118172_neurosketch,33,furniture,bench,385,79,1,117003.5,9,21,,0
0118172_neurosketch,33,furniture,bed,386,80,1,120002.9,9,36,bed,1
0118172_neurosketch,33,furniture,bed,386,81,1,120002.9,9,36,bed,0
0118172_neurosketch,33,furniture,bed,386,82,1,120002.9,9,36,bed,0
0118172_neurosketch,33,furniture,bed,386,83,1,120002.9,9,36,bed,0
0118172_neurosketch,33,furniture,table,387,84,0,126002.81,9,2,table,1
0118172_neurosketch,33,furniture,table,387,85,0,126002.81,9,2,table,0
0118172_neurosketch,33,furniture,bench,388,86,1,129001.87,9,15,bench,1
0118172_neurosketch,33,furniture,bench,388,87,1,129001.87,9,15,bench,0
0118172_neurosketch,33,furniture,bench,388,88,1,129001.87,9,15,bench,0
0118172_neurosketch,33,furniture,bench,388,89,1,129001.87,9,15,bench,0
0118172_neurosketch,33,2,table,389,90,0,135002.46,9,4,table,1
0118172_neurosketch,33,2,table,389,91,0,135002.46,9,4,table,0
0118172_neurosketch,33,2,table,389,92,0,135002.46,9,4,table,0
0118172_neurosketch,33,furniture,chair,390,93,0,139502.84,9,37,chair,1
0118172_neurosketch,33,furniture,chair,390,94,0,139502.84,9,37,chair,0
0118172_neurosketch,33,furniture,bed,391,95,1,142502.56,9,14,bed,1
0118172_neurosketch,33,furniture,bed,391,96,1,142502.56,9,14,bed,0
0118172_neurosketch,33,furniture,table,392,97,0,145502.92,9,33,table,1
0118172_neurosketch,33,furniture,table,392,98,0,145502.92,9,33,table,0
0118172_neurosketch,33,furniture,bench,393,99,1,148502.83,9,0,bench,1
0118172_neurosketch,33,furniture,bench,393,100,1,148502.83,9,0,bench,0
0118172_neurosketch,33,furniture,bench,393,101,1,148502.83,9,0,bench,0
0118172_neurosketch,33,furniture,bench,393,102,1,148502.83,9,0,bench,0
0118172_neurosketch,33,furniture,bed,394,103,1,154502.83,9,39,bed,1
0118172_neurosketch,33,furniture,bed,394,104,1,154502.83,9,39,bed,0
0118172_neurosketch,33,furniture,bed,394,105,1,154502.83,9,39,bed,0
0118172_neurosketch,33,furniture,chair,395,106,0,159002.81,9,24,chair,1
0118172_neurosketch,33,furniture,chair,395,107,0,159002.81,9,24,chair,0
0118172_neurosketch,33,furniture,chair,395,108,0,159002.81,9,24,chair,0
0118172_neurosketch,33,furniture,bed,396,109,1,163503.06,9,2,bed,1
0118172_neurosketch,33,furniture,bed,396,110,1,163503.06,9,2,bed,0
0118172_neurosketch,33,furniture,bed,396,111,1,163503.06,9,2,bed,0
0118172_neurosketch,33,furniture,bench,397,112,1,168002.77,9,2,bed,1
0118172_neurosketch,33,furniture,bench,397,113,1,168002.77,9,2,bed,0
0118172_neurosketch,33,furniture,bench,397,114,1,168002.77,9,2,bed,0
0118172_neurosketch,33,furniture,table,398,115,0,172503.07,9,29,table,1
0118172_neurosketch,33,furniture,table,398,116,0,172503.07,9,29,table,0
0118172_neurosketch,33,furniture,table,398,117,0,172503.07,9,29,table,0
0118172_neurosketch,33,2,chair,399,118,0,177003.29,9,39,chair,1
0118172_neurosketch,33,2,chair,399,119,0,177003.29,9,39,chair,0
0118172_neurosketch,33,furniture,bench,400,120,1,180002.19,9,20,bed,1
0118172_neurosketch,33,furniture,bench,400,121,1,180002.19,9,20,bed,0
0118172_neurosketch,33,furniture,table,401,122,0,183002.64,9,31,table,1
0118172_neurosketch,33,furniture,table,401,123,0,183002.64,9,31,table,0
0118172_neurosketch,33,furniture,bed,402,124,1,186003.0,9,1,bed,1
0118172_neurosketch,33,furniture,bed,402,125,1,186003.0,9,1,bed,0
0118172_neurosketch,33,furniture,bed,402,126,1,186003.0,9,1,bed,0
0118172_neurosketch,33,furniture,chair,403,127,0,190502.49,9,31,chair,1
0118172_neurosketch,33,furniture,chair,403,128,0,190502.49,9,31,chair,0
0118172_neurosketch,33,furniture,chair,403,129,0,190502.49,9,31,chair,0
0118172_neurosketch,33,furniture,chair,403,130,0,190502.49,9,31,chair,0
0118172_neurosketch,33,furniture,bench,404,131,1,196502.78,9,30,bench,1
0118172_neurosketch,33,furniture,bench,404,132,1,196502.78,9,30,bench,0
0118172_neurosketch,33,furniture,bench,404,133,1,196502.78,9,30,bench,0
0118172_neurosketch,33,furniture,bench,404,134,1,196502.78,9,30,bench,0
0118172_neurosketch,33,furniture,table,405,135,0,202502.37,9,8,table,1
0118172_neurosketch,33,furniture,table,405,136,0,202502.37,9,8,table,0
0118172_neurosketch,33,furniture,table,405,137,0,202502.37,9,8,table,0
0118172_neurosketch,33,furniture,chair,406,138,0,207004.45,9,26,chair,1
0118172_neurosketch,33,furniture,chair,406,139,0,207004.45,9,26,chair,0
0118172_neurosketch,33,furniture,bed,407,140,1,210003.19,9,31,bed,1
0118172_neurosketch,33,furniture,bed,407,141,1,210003.19,9,31,bed,0
0118172_neurosketch,33,furniture,table,408,142,0,213002.06,9,0,table,1
0118172_neurosketch,33,furniture,table,408,143,0,213002.06,9,0,table,0
0118172_neurosketch,33,2,bed,409,144,1,216002.29,9,16,bed,1
0118172_neurosketch,33,2,bed,409,145,1,216002.29,9,16,bed,0
0118172_neurosketch,33,2,bed,409,146,1,216002.29,9,16,bed,0
0118172_neurosketch,33,furniture,bench,410,147,1,220502.49,9,11,bench,1
0118172_neurosketch,33,furniture,bench,410,148,1,220502.49,9,11,bench,0
0118172_neurosketch,33,furniture,bench,410,149,1,220502.49,9,11,bench,0
0118172_neurosketch,33,furniture,bench,410,150,1,220502.49,9,11,bench,0
0118172_neurosketch,33,furniture,chair,411,151,0,226502.84,9,12,chair,1
0118172_neurosketch,33,furniture,chair,411,152,0,226502.84,9,12,chair,0
0118172_neurosketch,33,furniture,chair,412,153,0,229502.81,9,28,chair,1
0118172_neurosketch,33,furniture,chair,412,154,0,229502.81,9,28,chair,0
0118172_neurosketch,33,furniture,chair,412,155,0,229502.81,9,28,chair,0
0118172_neurosketch,33,furniture,bed,413,156,1,234002.23,9,21,bed,1
0118172_neurosketch,33,furniture,bed,413,157,1,234002.23,9,21,bed,0
0118172_neurosketch,33,furniture,bed,413,158,1,234002.23,9,21,bed,0
0118172_neurosketch,33,furniture,table,414,159,0,238503.53,9,23,table,1
0118172_neurosketch,33,furniture,table,414,160,0,238503.53,9,23,table,0
0118172_neurosketch,33,furniture,table,414,161,0,238503.53,9,23,table,0
0118172_neurosketch,33,furniture,bench,415,162,1,243002.8,9,14,bench,1
0118172_neurosketch,33,furniture,bench,415,163,1,243002.8,9,14,bench,0
0118172_neurosketch,33,furniture,bench,415,164,1,243002.8,9,14,bench,0
0118172_neurosketch,33,furniture,chair,416,165,0,247502.83,9,25,chair,1
0118172_neurosketch,33,furniture,chair,416,166,0,247502.83,9,25,chair,0
0118172_neurosketch,33,furniture,bench,417,167,1,250503.02,9,36,bench,1
0118172_neurosketch,33,furniture,bench,417,168,1,250503.02,9,36,bench,0
0118172_neurosketch,33,furniture,bench,417,169,1,250503.02,9,36,bench,0
0118172_neurosketch,33,furniture,bench,417,170,1,250503.02,9,36,bench,0
0118172_neurosketch,33,furniture,table,418,171,0,256503.19,9,6,table,1
0118172_neurosketch,33,furniture,table,418,172,0,256503.19,9,6,table,0
0118172_neurosketch,33,2,bed,419,173,1,259503.53,9,20,bed,1
0118172_neurosketch,33,2,bed,419,174,1,259503.53,9,20,bed,0
0118172_neurosketch,33,2,bed,419,175,1,259503.53,9,20,bed,0
0118172_neurosketch,33,2,bed,419,176,1,259503.53,9,20,bed,0
0118172_neurosketch,33,furniture,table,420,177,0,265502.95,9,38,table,1
0118172_neurosketch,33,furniture,table,420,178,0,265502.95,9,38,table,0
0118172_neurosketch,33,furniture,bench,421,179,1,268502.47,9,37,bench,1
0118172_neurosketch,33,furniture,bench,421,180,1,268502.47,9,37,bench,0
0118172_neurosketch,33,furniture,bench,421,181,1,268502.47,9,37,bench,0
0118172_neurosketch,33,furniture,bed,422,182,1,273002.96,9,12,bed,1
0118172_neurosketch,33,furniture,bed,422,183,1,273002.96,9,12,bed,0
0118172_neurosketch,33,furniture,bed,422,184,1,273002.96,9,12,bed,0
0118172_neurosketch,33,furniture,chair,423,185,0,277502.66,9,3,chair,1
0118172_neurosketch,33,furniture,chair,423,186,0,277502.66,9,3,chair,0
0118172_neurosketch,33,furniture,chair,423,187,0,277502.66,9,3,chair,0
0118172_neurosketch,33,furniture,bench,424,188,1,282002.41,9,9,bench,1
0118172_neurosketch,33,furniture,bench,424,189,1,282002.41,9,9,bench,0
0118172_neurosketch,33,furniture,bed,425,190,1,285003.03,9,9,bench,1
0118172_neurosketch,33,furniture,bed,425,191,1,285003.03,9,9,bench,0
0118172_neurosketch,33,furniture,table,426,192,0,288003.64,9,9,table,1
0118172_neurosketch,33,furniture,table,426,193,0,288003.64,9,9,table,0
0118172_neurosketch,33,furniture,table,426,194,0,288003.64,9,9,table,0
0118172_neurosketch,33,furniture,table,426,195,0,288003.64,9,9,table,0
0118172_neurosketch,33,furniture,chair,427,196,0,294002.7,9,38,chair,1
0118172_neurosketch,33,furniture,chair,427,197,0,294002.7,9,38,chair,0
0118172_neurosketch,33,furniture,table,428,198,0,297003.09,9,32,table,1
0118172_neurosketch,33,furniture,table,428,199,0,297003.09,9,32,table,0
0118172_neurosketch,33,furniture,table,428,200,0,297003.09,9,32,table,0
0118172_neurosketch,33,furniture,table,428,201,0,297003.09,9,32,table,0
0118172_neurosketch,33,2,bed,429,202,1,303002.69,9,24,bed,1
0118172_neurosketch,33,2,bed,429,203,1,303002.69,9,24,bed,0
0118172_neurosketch,33,2,bed,429,204,1,303002.69,9,24,bed,0
0118172_neurosketch,33,furniture,chair,430,205,0,307503.8,9,15,chair,1
0118172_neurosketch,33,furniture,chair,430,206,0,307503.8,9,15,chair,0
0118172_neurosketch,33,furniture,bench,431,207,1,310503.6,9,31,bench,1
0118172_neurosketch,33,furniture,bench,431,208,1,310503.6,9,31,bench,0
0118172_neurosketch,33,furniture,bed,432,209,1,313504.66,9,38,bed,1
0118172_neurosketch,33,furniture,bed,432,210,1,313504.66,9,38,bed,0
0118172_neurosketch,33,furniture,bench,433,211,1,316502.38,9,19,bench,1
0118172_neurosketch,33,furniture,bench,433,212,1,316502.38,9,19,bench,0
0118172_neurosketch,33,furniture,bench,433,213,1,316502.38,9,19,bench,0
0118172_neurosketch,33,furniture,bench,433,214,1,316502.38,9,19,bench,0
0118172_neurosketch,33,furniture,chair,434,215,0,322502.48,9,16,,1
0118172_neurosketch,33,furniture,chair,434,216,0,322502.48,9,16,,0
0118172_neurosketch,33,furniture,chair,434,217,0,322502.48,9,16,,0
0118172_neurosketch,33,furniture,table,435,218,0,327002.38,9,7,table,1
0118172_neurosketch,33,furniture,table,435,219,0,327002.38,9,7,table,0
0118172_neurosketch,33,furniture,table,435,220,0,327002.38,9,7,table,0
0118172_neurosketch,33,furniture,bed,436,221,1,331503.43,9,19,bed,1
0118172_neurosketch,33,furniture,bed,436,222,1,331503.43,9,19,bed,0
0118172_neurosketch,33,furniture,bed,436,223,1,331503.43,9,19,bed,0
0118172_neurosketch,33,furniture,table,437,224,0,336002.53,9,10,chair,1
0118172_neurosketch,33,furniture,table,437,225,0,336002.53,9,10,chair,0
0118172_neurosketch,33,furniture,table,437,226,0,336002.53,9,10,chair,0
0118172_neurosketch,33,furniture,bench,438,227,1,340503.14,9,38,bench,1
0118172_neurosketch,33,furniture,bench,438,228,1,340503.14,9,38,bench,0
0118172_neurosketch,33,furniture,bench,438,229,1,340503.14,9,38,bench,0
0118172_neurosketch,33,2,chair,439,230,0,345002.24,9,23,chair,1
0118172_neurosketch,33,2,chair,439,231,0,345002.24,9,23,chair,0
0118172_neurosketch,33,2,chair,439,232,0,345002.24,9,23,chair,0
0118172_neurosketch,33,2,chair,439,233,0,345002.24,9,23,chair,0
0118172_neurosketch,33,2,chair,439,234,0,345002.24,9,23,chair,0
0118172_neurosketch,33,2,chair,439,235,0,345002.24,9,23,chair,0
0118172_neurosketch,33,2,chair,439,236,0,345002.24,9,23,chair,0
0118172_neurosketch,33,2,chair,439,237,0,345002.24,9,23,chair,0
0118172_neurosketch,33,2,chair,439,238,0,345002.24,9,23,chair,0
0118172_neurosketch,33,2,chair,439,239,0,345002.24,9,23,chair,0
0118172_neurosketch,33,furniture,table,440,0,-1,0.0,10,24,table,0
0118172_neurosketch,33,furniture,table,440,1,-1,0.0,10,24,table,0
0118172_neurosketch,33,furniture,table,440,2,-1,0.0,10,24,table,0
0118172_neurosketch,33,furniture,table,440,3,-1,0.0,10,24,table,0
0118172_neurosketch,33,furniture,table,440,4,-1,0.0,10,24,table,0
0118172_neurosketch,33,furniture,table,440,5,-1,0.0,10,24,table,0
0118172_neurosketch,33,furniture,table,440,6,-1,0.0,10,24,table,0
0118172_neurosketch,33,furniture,table,440,7,-1,0.0,10,24,table,0
0118172_neurosketch,33,furniture,table,440,8,0,12002.36,10,24,table,1
0118172_neurosketch,33,furniture,table,440,9,0,12002.36,10,24,table,0
0118172_neurosketch,33,furniture,chair,441,10,0,15001.39,10,13,chair,1
0118172_neurosketch,33,furniture,chair,441,11,0,15001.39,10,13,chair,0
0118172_neurosketch,33,furniture,bed,442,12,1,18001.59,10,32,bed,1
0118172_neurosketch,33,furniture,bed,442,13,1,18001.59,10,32,bed,0
0118172_neurosketch,33,furniture,bed,442,14,1,18001.59,10,32,bed,0
0118172_neurosketch,33,furniture,bench,443,15,1,22502.09,10,12,bench,1
0118172_neurosketch,33,furniture,bench,443,16,1,22502.09,10,12,bench,0
0118172_neurosketch,33,furniture,bench,443,17,1,22502.09,10,12,bench,0
0118172_neurosketch,33,furniture,bench,443,18,1,22502.09,10,12,bench,0
0118172_neurosketch,33,furniture,chair,444,19,0,28502.14,10,19,chair,1
0118172_neurosketch,33,furniture,chair,444,20,0,28502.14,10,19,chair,0
0118172_neurosketch,33,furniture,chair,444,21,0,28502.14,10,19,chair,0
0118172_neurosketch,33,furniture,chair,444,22,0,28502.14,10,19,chair,0
0118172_neurosketch,33,furniture,bench,445,23,1,34502.17,10,35,bench,1
0118172_neurosketch,33,furniture,bench,445,24,1,34502.17,10,35,bench,0
0118172_neurosketch,33,furniture,bench,445,25,1,34502.17,10,35,bench,0
0118172_neurosketch,33,furniture,table,446,26,0,39002.26,10,35,table,1
0118172_neurosketch,33,furniture,table,446,27,0,39002.26,10,35,table,0
0118172_neurosketch,33,furniture,bed,447,28,1,42002.24,10,37,bed,1
0118172_neurosketch,33,furniture,bed,447,29,1,42002.24,10,37,bed,0
0118172_neurosketch,33,furniture,bed,448,30,1,45002.33,10,22,bed,1
0118172_neurosketch,33,furniture,bed,448,31,1,45002.33,10,22,bed,0
0118172_neurosketch,33,2,chair,449,32,0,48001.67,10,29,chair,1
0118172_neurosketch,33,2,chair,449,33,0,48001.67,10,29,chair,0
0118172_neurosketch,33,2,chair,449,34,0,48001.67,10,29,chair,0
0118172_neurosketch,33,furniture,bench,450,35,1,52503.06,10,7,bench,1
0118172_neurosketch,33,furniture,bench,450,36,1,52503.06,10,7,bench,0
0118172_neurosketch,33,furniture,bench,450,37,1,52503.06,10,7,bench,0
0118172_neurosketch,33,furniture,bench,450,38,1,52503.06,10,7,bench,0
0118172_neurosketch,33,furniture,table,451,39,0,58502.22,10,14,table,1
0118172_neurosketch,33,furniture,table,451,40,0,58502.22,10,14,table,0
0118172_neurosketch,33,furniture,chair,452,41,0,61501.57,10,33,chair,1
0118172_neurosketch,33,furniture,chair,452,42,0,61501.57,10,33,chair,0
0118172_neurosketch,33,furniture,chair,452,43,0,61501.57,10,33,chair,0
0118172_neurosketch,33,furniture,table,453,44,0,66002.76,10,5,table,1
0118172_neurosketch,33,furniture,table,453,45,0,66002.76,10,5,table,0
0118172_neurosketch,33,furniture,table,453,46,0,66002.76,10,5,table,0
0118172_neurosketch,33,furniture,bench,454,47,1,70504.11,10,28,bench,1
0118172_neurosketch,33,furniture,bench,454,48,1,70504.11,10,28,bench,0
0118172_neurosketch,33,furniture,bench,454,49,1,70504.11,10,28,bench,0
0118172_neurosketch,33,furniture,bed,455,50,1,75001.54,10,5,bed,1
0118172_neurosketch,33,furniture,bed,455,51,1,75001.54,10,5,bed,0
0118172_neurosketch,33,furniture,bed,455,52,1,75001.54,10,5,bed,0
0118172_neurosketch,33,furniture,bed,456,53,1,79502.59,10,0,bed,1
0118172_neurosketch,33,furniture,bed,456,54,1,79502.59,10,0,bed,0
0118172_neurosketch,33,furniture,bench,457,55,1,82502.28,10,23,bench,1
0118172_neurosketch,33,furniture,bench,457,56,1,82502.28,10,23,bench,0
0118172_neurosketch,33,furniture,bench,457,57,1,82502.28,10,23,bench,0
0118172_neurosketch,33,furniture,bench,457,58,1,82502.28,10,23,bench,0
0118172_neurosketch,33,furniture,table,458,59,0,88502.74,10,1,table,1
0118172_neurosketch,33,furniture,table,458,60,0,88502.74,10,1,table,0
0118172_neurosketch,33,2,chair,459,61,0,91501.75,10,1,,1
0118172_neurosketch,33,2,chair,459,62,0,91501.75,10,1,,0
0118172_neurosketch,33,2,chair,459,63,0,91501.75,10,1,,0
0118172_neurosketch,33,2,chair,459,64,0,91501.75,10,1,,0
0118172_neurosketch,33,furniture,table,460,65,0,97501.87,10,16,table,1
0118172_neurosketch,33,furniture,table,460,66,0,97501.87,10,16,table,0
0118172_neurosketch,33,furniture,bench,461,67,1,100502.35,10,6,,1
0118172_neurosketch,33,furniture,bench,461,68,1,100502.35,10,6,,0
0118172_neurosketch,33,furniture,bench,461,69,1,100502.35,10,6,,0
0118172_neurosketch,33,furniture,chair,462,70,0,105002.29,10,14,chair,1
0118172_neurosketch,33,furniture,chair,462,71,0,105002.29,10,14,chair,0
0118172_neurosketch,33,furniture,chair,462,72,0,105002.29,10,14,chair,0
0118172_neurosketch,33,furniture,bed,463,73,1,109502.44,10,30,bed,1
0118172_neurosketch,33,furniture,bed,463,74,1,109502.44,10,30,bed,0
0118172_neurosketch,33,furniture,bed,463,75,1,109502.44,10,30,bed,0
0118172_neurosketch,33,furniture,bench,464,76,1,114002.42,10,26,bench,1
0118172_neurosketch,33,furniture,bench,464,77,1,114002.42,10,26,bench,0
0118172_neurosketch,33,furniture,chair,465,78,0,117002.62,10,22,chair,1
0118172_neurosketch,33,furniture,chair,465,79,0,117002.62,10,22,chair,0
0118172_neurosketch,33,furniture,table,466,80,0,120001.82,10,22,table,1
0118172_neurosketch,33,furniture,table,466,81,0,120001.82,10,22,table,0
0118172_neurosketch,33,furniture,table,466,82,0,120001.82,10,22,table,0
0118172_neurosketch,33,furniture,table,466,83,0,120001.82,10,22,table,0
0118172_neurosketch,33,furniture,bed,467,84,1,126002.5,10,11,bed,1
0118172_neurosketch,33,furniture,bed,467,85,1,126002.5,10,11,bed,0
0118172_neurosketch,33,furniture,bench,468,86,1,129001.74,10,33,,1
0118172_neurosketch,33,furniture,bench,468,87,1,129001.74,10,33,,0
0118172_neurosketch,33,furniture,bench,468,88,1,129001.74,10,33,,0
0118172_neurosketch,33,furniture,bench,468,89,1,129001.74,10,33,,0
0118172_neurosketch,33,2,bed,469,90,1,135002.58,10,33,bed,1
0118172_neurosketch,33,2,bed,469,91,1,135002.58,10,33,bed,0
0118172_neurosketch,33,2,bed,469,92,1,135002.58,10,33,bed,0
0118172_neurosketch,33,furniture,chair,470,93,0,139503.33,10,20,,1
0118172_neurosketch,33,furniture,chair,470,94,0,139503.33,10,20,,0
0118172_neurosketch,33,furniture,table,471,95,0,142503.24,10,15,table,1
0118172_neurosketch,33,furniture,table,471,96,0,142503.24,10,15,table,0
0118172_neurosketch,33,furniture,bed,472,97,1,145504.21,10,13,bed,1
0118172_neurosketch,33,furniture,bed,472,98,1,145504.21,10,13,bed,0
0118172_neurosketch,33,furniture,chair,473,99,0,148502.84,10,17,chair,1
0118172_neurosketch,33,furniture,chair,473,100,0,148502.84,10,17,chair,0
0118172_neurosketch,33,furniture,chair,473,101,0,148502.84,10,17,chair,0
0118172_neurosketch,33,furniture,chair,473,102,0,148502.84,10,17,chair,0
0118172_neurosketch,33,furniture,bench,474,103,1,154502.02,10,13,bench,1
0118172_neurosketch,33,furniture,bench,474,104,1,154502.02,10,13,bench,0
0118172_neurosketch,33,furniture,bench,474,105,1,154502.02,10,13,bench,0
0118172_neurosketch,33,furniture,table,475,106,0,159002.65,10,36,table,1
0118172_neurosketch,33,furniture,table,475,107,0,159002.65,10,36,table,0
0118172_neurosketch,33,furniture,table,475,108,0,159002.65,10,36,table,0
0118172_neurosketch,33,furniture,bench,476,109,1,163502.78,10,17,bench,1
0118172_neurosketch,33,furniture,bench,476,110,1,163502.78,10,17,bench,0
0118172_neurosketch,33,furniture,bench,476,111,1,163502.78,10,17,bench,0
0118172_neurosketch,33,furniture,table,477,112,0,168003.21,10,39,table,1
0118172_neurosketch,33,furniture,table,477,113,0,168003.21,10,39,table,0
0118172_neurosketch,33,furniture,table,477,114,0,168003.21,10,39,table,0
0118172_neurosketch,33,furniture,chair,478,115,0,172502.73,10,5,chair,1
0118172_neurosketch,33,furniture,chair,478,116,0,172502.73,10,5,chair,0
0118172_neurosketch,33,furniture,chair,478,117,0,172502.73,10,5,chair,0
0118172_neurosketch,33,2,bed,479,118,1,177002.82,10,28,bed,1
0118172_neurosketch,33,2,bed,479,119,1,177002.82,10,28,bed,0
0118172_neurosketch,33,furniture,chair,480,120,0,180002.19,10,36,,1
0118172_neurosketch,33,furniture,chair,480,121,0,180002.19,10,36,,0
0118172_neurosketch,33,furniture,bed,481,122,1,183002.8,10,17,bed,1
0118172_neurosketch,33,furniture,bed,481,123,1,183002.8,10,17,bed,0
0118172_neurosketch,33,furniture,table,482,124,0,186002.93,10,11,table,1
0118172_neurosketch,33,furniture,table,482,125,0,186002.93,10,11,table,0
0118172_neurosketch,33,furniture,table,482,126,0,186002.93,10,11,table,0
0118172_neurosketch,33,furniture,bench,483,127,1,190502.83,10,22,bench,1
0118172_neurosketch,33,furniture,bench,483,128,1,190502.83,10,22,bench,0
0118172_neurosketch,33,furniture,bench,483,129,1,190502.83,10,22,bench,0
0118172_neurosketch,33,furniture,bench,483,130,1,190502.83,10,22,bench,0
0118172_neurosketch,33,furniture,table,484,131,0,196503.08,10,17,chair,1
0118172_neurosketch,33,furniture,table,484,132,0,196503.08,10,17,chair,0
0118172_neurosketch,33,furniture,table,484,133,0,196503.08,10,17,chair,0
0118172_neurosketch,33,furniture,table,484,134,0,196503.08,10,17,chair,0
0118172_neurosketch,33,furniture,bed,485,135,1,202502.59,10,4,bed,1
0118172_neurosketch,33,furniture,bed,485,136,1,202502.59,10,4,bed,0
0118172_neurosketch,33,furniture,bed,485,137,1,202502.59,10,4,bed,0
0118172_neurosketch,33,furniture,chair,486,138,0,207002.32,10,2,,1
0118172_neurosketch,33,furniture,chair,486,139,0,207002.32,10,2,,0
0118172_neurosketch,33,furniture,bench,487,140,1,210002.7,10,18,bench,1
0118172_neurosketch,33,furniture,bench,487,141,1,210002.7,10,18,bench,0
0118172_neurosketch,33,furniture,table,488,142,0,213002.38,10,26,table,1
0118172_neurosketch,33,furniture,table,488,143,0,213002.38,10,26,table,0
0118172_neurosketch,33,2,bed,489,144,1,216002.62,10,35,bench,1
0118172_neurosketch,33,2,bed,489,145,1,216002.62,10,35,bench,0
0118172_neurosketch,33,2,bed,489,146,1,216002.62,10,35,bench,0
0118172_neurosketch,33,furniture,bench,490,147,1,220502.76,10,34,bench,1
0118172_neurosketch,33,furniture,bench,490,148,1,220502.76,10,34,bench,0
0118172_neurosketch,33,furniture,bench,490,149,1,220502.76,10,34,bench,0
0118172_neurosketch,33,furniture,bench,490,150,1,220502.76,10,34,bench,0
0118172_neurosketch,33,furniture,chair,491,151,0,226503.07,10,8,chair,1
0118172_neurosketch,33,furniture,chair,491,152,0,226503.07,10,8,chair,0
0118172_neurosketch,33,furniture,bench,492,153,1,229502.22,10,5,bench,1
0118172_neurosketch,33,furniture,bench,492,154,1,229502.22,10,5,bench,0
0118172_neurosketch,33,furniture,bench,492,155,1,229502.22,10,5,bench,0
0118172_neurosketch,33,furniture,bed,493,156,1,234002.71,10,25,bed,1
0118172_neurosketch,33,furniture,bed,493,157,1,234002.71,10,25,bed,0
0118172_neurosketch,33,furniture,bed,493,158,1,234002.71,10,25,bed,0
0118172_neurosketch,33,furniture,chair,494,159,0,238503.19,10,32,chair,1
0118172_neurosketch,33,furniture,chair,494,160,0,238503.19,10,32,chair,0
0118172_neurosketch,33,furniture,chair,494,161,0,238503.19,10,32,chair,0
0118172_neurosketch,33,furniture,table,495,162,0,243002.35,10,13,table,1
0118172_neurosketch,33,furniture,table,495,163,0,243002.35,10,13,table,0
0118172_neurosketch,33,furniture,table,495,164,0,243002.35,10,13,table,0
0118172_neurosketch,33,furniture,chair,496,165,0,247502.38,10,21,chair,1
0118172_neurosketch,33,furniture,chair,496,166,0,247502.38,10,21,chair,0
0118172_neurosketch,33,furniture,table,497,167,0,250502.41,10,3,table,1
0118172_neurosketch,33,furniture,table,497,168,0,250502.41,10,3,table,0
0118172_neurosketch,33,furniture,table,497,169,0,250502.41,10,3,table,0
0118172_neurosketch,33,furniture,table,497,170,0,250502.41,10,3,table,0
0118172_neurosketch,33,furniture,bed,498,171,1,256502.49,10,6,,1
0118172_neurosketch,33,furniture,bed,498,172,1,256502.49,10,6,,0
0118172_neurosketch,33,2,bench,499,173,1,259501.75,10,27,bench,1
0118172_neurosketch,33,2,bench,499,174,1,259501.75,10,27,bench,0
0118172_neurosketch,33,2,bench,499,175,1,259501.75,10,27,bench,0
0118172_neurosketch,33,2,bench,499,176,1,259501.75,10,27,bench,0
0118172_neurosketch,33,furniture,bed,500,177,1,265502.41,10,8,,1
0118172_neurosketch,33,furniture,bed,500,178,1,265502.41,10,8,,0
0118172_neurosketch,33,furniture,chair,501,179,0,268502.41,10,7,chair,1
0118172_neurosketch,33,furniture,chair,501,180,0,268502.41,10,7,chair,0
0118172_neurosketch,33,furniture,chair,501,181,0,268502.41,10,7,chair,0
0118172_neurosketch,33,furniture,table,502,182,0,273002.83,10,30,table,1
0118172_neurosketch,33,furniture,table,502,183,0,273002.83,10,30,table,0
0118172_neurosketch,33,furniture,table,502,184,0,273002.83,10,30,table,0
0118172_neurosketch,33,furniture,bench,503,185,1,277502.9,10,25,bench,1
0118172_neurosketch,33,furniture,bench,503,186,1,277502.9,10,25,bench,0
0118172_neurosketch,33,furniture,bench,503,187,1,277502.9,10,25,bench,0
0118172_neurosketch,33,furniture,table,504,188,0,282002.16,10,27,table,1
0118172_neurosketch,33,furniture,table,504,189,0,282002.16,10,27,table,0
0118172_neurosketch,33,furniture,bench,505,190,1,285004.41,10,39,bench,1
0118172_neurosketch,33,furniture,bench,505,191,1,285004.41,10,39,bench,0
0118172_neurosketch,33,furniture,chair,506,192,0,288002.93,10,10,chair,1
0118172_neurosketch,33,furniture,chair,506,193,0,288002.93,10,10,chair,0
0118172_neurosketch,33,furniture,chair,506,194,0,288002.93,10,10,chair,0
0118172_neurosketch,33,furniture,chair,506,195,0,288002.93,10,10,chair,0
0118172_neurosketch,33,furniture,bed,507,196,1,294002.19,10,15,bed,1
0118172_neurosketch,33,furniture,bed,507,197,1,294002.19,10,15,bed,0
0118172_neurosketch,33,furniture,bench,508,198,1,297002.74,10,29,bench,1
0118172_neurosketch,33,furniture,bench,508,199,1,297002.74,10,29,bench,0
0118172_neurosketch,33,furniture,bench,508,200,1,297002.74,10,29,bench,0
0118172_neurosketch,33,furniture,bench,508,201,1,297002.74,10,29,bench,0
0118172_neurosketch,33,2,table,509,202,0,303002.44,10,21,table,1
0118172_neurosketch,33,2,table,509,203,0,303002.44,10,21,table,0
0118172_neurosketch,33,2,table,509,204,0,303002.44,10,21,table,0
0118172_neurosketch,33,furniture,chair,510,205,0,307502.77,10,34,chair,1
0118172_neurosketch,33,furniture,chair,510,206,0,307502.77,10,34,chair,0
0118172_neurosketch,33,furniture,bed,511,207,1,310502.62,10,7,bed,1
0118172_neurosketch,33,furniture,bed,511,208,1,310502.62,10,7,bed,0
0118172_neurosketch,33,furniture,chair,512,209,0,313504.13,10,35,chair,1
0118172_neurosketch,33,furniture,chair,512,210,0,313504.13,10,35,chair,0
0118172_neurosketch,33,furniture,table,513,211,0,316503.82,10,28,table,1
0118172_neurosketch,33,furniture,table,513,212,0,316503.82,10,28,table,0
0118172_neurosketch,33,furniture,table,513,213,0,316503.82,10,28,table,0
0118172_neurosketch,33,furniture,table,513,214,0,316503.82,10,28,table,0
0118172_neurosketch,33,furniture,bed,514,215,1,322502.99,10,3,bed,1
0118172_neurosketch,33,furniture,bed,514,216,1,322502.99,10,3,bed,0
0118172_neurosketch,33,furniture,bed,514,217,1,322502.99,10,3,bed,0
0118172_neurosketch,33,furniture,bench,515,218,1,327002.58,10,10,,1
0118172_neurosketch,33,furniture,bench,515,219,1,327002.58,10,10,,0
0118172_neurosketch,33,furniture,bench,515,220,1,327002.58,10,10,,0
0118172_neurosketch,33,furniture,chair,516,221,0,331502.86,10,6,,1
0118172_neurosketch,33,furniture,chair,516,222,0,331502.86,10,6,,0
0118172_neurosketch,33,furniture,chair,516,223,0,331502.86,10,6,,0
0118172_neurosketch,33,furniture,table,517,224,0,336002.0,10,34,table,1
0118172_neurosketch,33,furniture,table,517,225,0,336002.0,10,34,table,0
0118172_neurosketch,33,furniture,table,517,226,0,336002.0,10,34,table,0
0118172_neurosketch,33,furniture,bed,518,227,1,340503.66,10,23,bench,1
0118172_neurosketch,33,furniture,bed,518,228,1,340503.66,10,23,bench,0
0118172_neurosketch,33,furniture,bed,518,229,1,340503.66,10,23,bench,0
0118172_neurosketch,33,2,bench,519,230,1,345002.89,10,1,bench,1
0118172_neurosketch,33,2,bench,519,231,1,345002.89,10,1,bench,0
0118172_neurosketch,33,2,bench,519,232,1,345002.89,10,1,bench,0
0118172_neurosketch,33,2,bench,519,233,1,345002.89,10,1,bench,0
0118172_neurosketch,33,2,bench,519,234,1,345002.89,10,1,bench,0
0118172_neurosketch,33,2,bench,519,235,1,345002.89,10,1,bench,0
0118172_neurosketch,33,2,bench,519,236,1,345002.89,10,1,bench,0
0118172_neurosketch,33,2,bench,519,237,1,345002.89,10,1,bench,0
0118172_neurosketch,33,2,bench,519,238,1,345002.89,10,1,bench,0
0118172_neurosketch,33,2,bench,519,239,1,345002.89,10,1,bench,0
