wID,versionNum,category,object,trial,TRnum,condition,onset_time,run_num,viewpoint,response,onset
0118171_neurosketch,33,furniture,bed,0,0,-1,0.0,1,29,,0
0118171_neurosketch,33,furniture,bed,0,1,-1,0.0,1,29,,0
0118171_neurosketch,33,furniture,bed,0,2,-1,0.0,1,29,,0
0118171_neurosketch,33,furniture,bed,0,3,-1,0.0,1,29,,0
0118171_neurosketch,33,furniture,bed,0,4,-1,0.0,1,29,,0
0118171_neurosketch,33,furniture,bed,0,5,-1,0.0,1,29,,0
0118171_neurosketch,33,furniture,bed,0,6,-1,0.0,1,29,,0
0118171_neurosketch,33,furniture,bed,0,7,-1,0.0,1,29,,0
0118171_neurosketch,33,furniture,bed,0,8,1,12004.74,1,29,,1
0118171_neurosketch,33,furniture,bed,0,9,1,12004.74,1,29,,0
0118171_neurosketch,33,furniture,bed,0,10,1,12004.74,1,29,,0
0118171_neurosketch,33,furniture,bed,0,11,1,12004.74,1,29,,0
0118171_neurosketch,33,furniture,bed,0,12,1,12004.74,1,29,,0
0118171_neurosketch,33,furniture,chair,1,13,0,19502.71,1,39,chair,1
0118171_neurosketch,33,furniture,chair,1,14,0,19502.71,1,39,chair,0
0118171_neurosketch,33,furniture,bench,2,15,1,22501.5,1,4,bench,1
0118171_neurosketch,33,furniture,bench,2,16,1,22501.5,1,4,bench,0
0118171_neurosketch,33,furniture,bench,2,17,1,22501.5,1,4,bench,0
0118171_neurosketch,33,furniture,table,3,18,0,27002.02,1,38,table,1
0118171_neurosketch,33,furniture,table,3,19,0,27002.02,1,38,table,0
0118171_neurosketch,33,furniture,chair,4,20,0,30004.15,1,4,chair,1
0118171_neurosketch,33,furniture,chair,4,21,0,30004.15,1,4,chair,0
0118171_neurosketch,33,furniture,chair,4,22,0,30004.15,1,4,chair,0
0118171_neurosketch,33,furniture,bench,5,23,1,34502.37,1,13,bench,1
0118171_neurosketch,33,furniture,bench,5,24,1,34502.37,1,13,bench,0
0118171_neurosketch,33,furniture,bed,6,25,1,37502.96,1,28,bed,1
0118171_neurosketch,33,furniture,bed,6,26,1,37502.96,1,28,bed,0
0118171_neurosketch,33,furniture,bed,6,27,1,37502.96,1,28,bed,0
0118171_neurosketch,33,furniture,bed,6,28,1,37502.96,1,28,bed,0
0118171_neurosketch,33,furniture,table,7,29,0,43501.72,1,22,table,1
0118171_neurosketch,33,furniture,table,7,30,0,43501.72,1,22,table,0
0118171_neurosketch,33,furniture,table,7,31,0,43501.72,1,22,table,0
0118171_neurosketch,33,furniture,bed,8,32,1,48003.89,1,21,bed,1
0118171_neurosketch,33,furniture,bed,8,33,1,48003.89,1,21,bed,0
0118171_neurosketch,33,furniture,bed,8,34,1,48003.89,1,21,bed,0
0118171_neurosketch,33,2,bench,9,35,1,52502.58,1,39,bench,1
0118171_neurosketch,33,2,bench,9,36,1,52502.58,1,39,bench,0
0118171_neurosketch,33,2,bench,9,37,1,52502.58,1,39,bench,0
0118171_neurosketch,33,2,bench,9,38,1,52502.58,1,39,bench,0
0118171_neurosketch,33,furniture,table,10,39,0,58501.9,1,8,table,1
0118171_neurosketch,33,furniture,table,10,40,0,58501.9,1,8,table,0
0118171_neurosketch,33,furniture,chair,11,41,0,61502.62,1,1,chair,1
0118171_neurosketch,33,furniture,chair,11,42,0,61502.62,1,1,chair,0
0118171_neurosketch,33,furniture,bench,12,43,1,64501.7,1,0,bench,1
0118171_neurosketch,33,furniture,bench,12,44,1,64501.7,1,0,bench,0
0118171_neurosketch,33,furniture,bench,12,45,1,64501.7,1,0,bench,0
0118171_neurosketch,33,furniture,bed,13,46,1,69002.71,1,19,bed,1
0118171_neurosketch,33,furniture,bed,13,47,1,69002.71,1,19,bed,0
0118171_neurosketch,33,furniture,chair,14,48,0,72002.5,1,22,chair,1
0118171_neurosketch,33,furniture,chair,14,49,0,72002.5,1,22,chair,0
0118171_neurosketch,33,furniture,table,15,50,0,75002.79,1,36,table,1
0118171_neurosketch,33,furniture,table,15,51,0,75002.79,1,36,table,0
0118171_neurosketch,33,furniture,bench,16,52,1,78003.18,1,25,bench,1
0118171_neurosketch,33,furniture,bench,16,53,1,78003.18,1,25,bench,0
0118171_neurosketch,33,furniture,bench,16,54,1,78003.18,1,25,bench,0
0118171_neurosketch,33,furniture,bench,16,55,1,78003.18,1,25,bench,0
0118171_neurosketch,33,furniture,bed,17,56,1,84001.9,1,38,bed,1
0118171_neurosketch,33,furniture,bed,17,57,1,84001.9,1,38,bed,0
0118171_neurosketch,33,furniture,table,18,58,0,87002.46,1,34,table,1
0118171_neurosketch,33,furniture,table,18,59,0,87002.46,1,34,table,0
0118171_neurosketch,33,furniture,table,18,60,0,87002.46,1,34,table,0
0118171_neurosketch,33,furniture,table,18,61,0,87002.46,1,34,table,0
0118171_neurosketch,33,2,chair,19,62,0,93002.49,1,8,chair,1
0118171_neurosketch,33,2,chair,19,63,0,93002.49,1,8,chair,0
0118171_neurosketch,33,2,chair,19,64,0,93002.49,1,8,chair,0
0118171_neurosketch,33,furniture,bed,20,65,1,97503.48,1,20,bed,1
0118171_neurosketch,33,furniture,bed,20,66,1,97503.48,1,20,bed,0
0118171_neurosketch,33,furniture,chair,21,67,0,100501.56,1,16,chair,1
0118171_neurosketch,33,furniture,chair,21,68,0,100501.56,1,16,chair,0
0118171_neurosketch,33,furniture,chair,21,69,0,100501.56,1,16,chair,0
0118171_neurosketch,33,furniture,chair,21,70,0,100501.56,1,16,chair,0
0118171_neurosketch,33,furniture,table,22,71,0,106504.15,1,29,,1
0118171_neurosketch,33,furniture,table,22,72,0,106504.15,1,29,,0
0118171_neurosketch,33,furniture,table,22,73,0,106504.15,1,29,,0
0118171_neurosketch,33,furniture,bench,23,74,1,111002.61,1,22,bench,1
0118171_neurosketch,33,furniture,bench,23,75,1,111002.61,1,22,bench,0
0118171_neurosketch,33,furniture,table,24,76,0,114002.62,1,11,table,1
0118171_neurosketch,33,furniture,table,24,77,0,114002.62,1,11,table,0
0118171_neurosketch,33,furniture,table,24,78,0,114002.62,1,11,table,0
0118171_neurosketch,33,furniture,bed,25,79,1,118502.32,1,32,bed,1
0118171_neurosketch,33,furniture,bed,25,80,1,118502.32,1,32,bed,0
0118171_neurosketch,33,furniture,bed,25,81,1,118502.32,1,32,bed,0
0118171_neurosketch,33,furniture,chair,26,82,0,123002.35,1,14,chair,1
0118171_neurosketch,33,furniture,chair,26,83,0,123002.35,1,14,chair,0
0118171_neurosketch,33,furniture,bench,27,84,1,126003.35,1,29,bench,1
0118171_neurosketch,33,furniture,bench,27,85,1,126003.35,1,29,bench,0
0118171_neurosketch,33,furniture,bench,27,86,1,126003.35,1,29,bench,0
0118171_neurosketch,33,furniture,chair,28,87,0,130502.9,1,24,chair,1
0118171_neurosketch,33,furniture,chair,28,88,0,130502.9,1,24,chair,0
0118171_neurosketch,33,furniture,chair,28,89,0,130502.9,1,24,chair,0
0118171_neurosketch,33,furniture,chair,28,90,0,130502.9,1,24,chair,0
0118171_neurosketch,33,2,bed,29,91,1,136502.21,1,7,bed,1
0118171_neurosketch,33,2,bed,29,92,1,136502.21,1,7,bed,0
0118171_neurosketch,33,2,bed,29,93,1,136502.21,1,7,bed,0
0118171_neurosketch,33,furniture,bench,30,94,1,141003.57,1,6,bench,1
0118171_neurosketch,33,furniture,bench,30,95,1,141003.57,1,6,bench,0
0118171_neurosketch,33,furniture,bench,30,96,1,141003.57,1,6,bench,0
0118171_neurosketch,33,furniture,bench,30,97,1,141003.57,1,6,bench,0
0118171_neurosketch,33,furniture,table,31,98,0,147002.23,1,20,table,1
0118171_neurosketch,33,furniture,table,31,99,0,147002.23,1,20,table,0
0118171_neurosketch,33,furniture,table,31,100,0,147002.23,1,20,table,0
0118171_neurosketch,33,furniture,bench,32,101,1,151502.37,1,30,bench,1
0118171_neurosketch,33,furniture,bench,32,102,1,151502.37,1,30,bench,0
0118171_neurosketch,33,furniture,bench,32,103,1,151502.37,1,30,bench,0
0118171_neurosketch,33,furniture,chair,33,104,0,156003.56,1,35,chair,1
0118171_neurosketch,33,furniture,chair,33,105,0,156003.56,1,35,chair,0
0118171_neurosketch,33,furniture,chair,33,106,0,156003.56,1,35,chair,0
0118171_neurosketch,33,furniture,table,34,107,0,160502.04,1,7,table,1
0118171_neurosketch,33,furniture,table,34,108,0,160502.04,1,7,table,0
0118171_neurosketch,33,furniture,bed,35,109,1,163503.0,1,27,bed,1
0118171_neurosketch,33,furniture,bed,35,110,1,163503.0,1,27,bed,0
0118171_neurosketch,33,furniture,bed,35,111,1,163503.0,1,27,bed,0
0118171_neurosketch,33,furniture,bed,35,112,1,163503.0,1,27,bed,0
0118171_neurosketch,33,furniture,bed,36,113,1,169502.76,1,0,bed,1
0118171_neurosketch,33,furniture,bed,36,114,1,169502.76,1,0,bed,0
0118171_neurosketch,33,furniture,bed,36,115,1,169502.76,1,0,bed,0
0118171_neurosketch,33,furniture,bench,37,116,1,174002.47,1,36,bench,1
0118171_neurosketch,33,furniture,bench,37,117,1,174002.47,1,36,bench,0
0118171_neurosketch,33,furniture,table,38,118,0,177002.87,1,31,table,1
0118171_neurosketch,33,furniture,table,38,119,0,177002.87,1,31,table,0
0118171_neurosketch,33,2,chair,39,120,0,180002.51,1,33,chair,1
0118171_neurosketch,33,2,chair,39,121,0,180002.51,1,33,chair,0
0118171_neurosketch,33,furniture,table,40,122,0,183002.38,1,32,,1
0118171_neurosketch,33,furniture,table,40,123,0,183002.38,1,32,,0
0118171_neurosketch,33,furniture,table,40,124,0,183002.38,1,32,,0
0118171_neurosketch,33,furniture,bed,41,125,1,187504.01,1,33,bed,1
0118171_neurosketch,33,furniture,bed,41,126,1,187504.01,1,33,bed,0
0118171_neurosketch,33,furniture,bench,42,127,1,190502.64,1,32,bench,1
0118171_neurosketch,33,furniture,bench,42,128,1,190502.64,1,32,bench,0
0118171_neurosketch,33,furniture,bench,42,129,1,190502.64,1,32,bench,0
0118171_neurosketch,33,furniture,chair,43,130,0,195002.15,1,28,chair,1
0118171_neurosketch,33,furniture,chair,43,131,0,195002.15,1,28,chair,0
0118171_neurosketch,33,furniture,table,44,132,0,198002.56,1,37,table,1
0118171_neurosketch,33,furniture,table,44,133,0,198002.56,1,37,table,0
0118171_neurosketch,33,furniture,table,44,134,0,198002.56,1,37,table,0
0118171_neurosketch,33,furniture,bench,45,135,1,202502.97,1,10,bench,1
0118171_neurosketch,33,furniture,bench,45,136,1,202502.97,1,10,bench,0
0118171_neurosketch,33,furniture,bed,46,137,1,205502.05,1,3,bed,1
0118171_neurosketch,33,furniture,bed,46,138,1,205502.05,1,3,bed,0
0118171_neurosketch,33,furniture,bed,46,139,1,205502.05,1,3,bed,0
0118171_neurosketch,33,furniture,bed,46,140,1,205502.05,1,3,bed,0
0118171_neurosketch,33,furniture,chair,47,141,0,211502.43,1,0,chair,1
0118171_neurosketch,33,furniture,chair,47,142,0,211502.43,1,0,chair,0
0118171_neurosketch,33,furniture,chair,47,143,0,211502.43,1,0,chair,0
0118171_neurosketch,33,furniture,table,48,144,0,216002.89,1,26,table,1
0118171_neurosketch,33,furniture,table,48,145,0,216002.89,1,26,table,0
0118171_neurosketch,33,furniture,table,48,146,0,216002.89,1,26,table,0
0118171_neurosketch,33,2,bench,49,147,1,220502.92,1,38,bench,1
0118171_neurosketch,33,2,bench,49,148,1,220502.92,1,38,bench,0
0118171_neurosketch,33,2,bench,49,149,1,220502.92,1,38,bench,0
0118171_neurosketch,33,2,bench,49,150,1,220502.92,1,38,bench,0
0118171_neurosketch,33,furniture,chair,50,151,0,226502.94,1,12,chair,1
0118171_neurosketch,33,furniture,chair,50,152,0,226502.94,1,12,chair,0
0118171_neurosketch,33,furniture,bed,51,153,1,229502.19,1,31,bed,1
0118171_neurosketch,33,furniture,bed,51,154,1,229502.19,1,31,bed,0
0118171_neurosketch,33,furniture,bench,52,155,1,232502.8,1,26,bench,1
0118171_neurosketch,33,furniture,bench,52,156,1,232502.8,1,26,bench,0
0118171_neurosketch,33,furniture,bench,52,157,1,232502.8,1,26,bench,0
0118171_neurosketch,33,furniture,bed,53,158,1,237003.12,1,12,bench,1
0118171_neurosketch,33,furniture,bed,53,159,1,237003.12,1,12,bench,0
0118171_neurosketch,33,furniture,table,54,160,0,240002.9,1,18,table,1
0118171_neurosketch,33,furniture,table,54,161,0,240002.9,1,18,table,0
0118171_neurosketch,33,furniture,chair,55,162,0,243002.41,1,27,,1
0118171_neurosketch,33,furniture,chair,55,163,0,243002.41,1,27,,0
0118171_neurosketch,33,furniture,bed,56,164,1,246003.61,1,4,bed,1
0118171_neurosketch,33,furniture,bed,56,165,1,246003.61,1,4,bed,0
0118171_neurosketch,33,furniture,bed,56,166,1,246003.61,1,4,bed,0
0118171_neurosketch,33,furniture,bed,56,167,1,246003.61,1,4,bed,0
0118171_neurosketch,33,furniture,chair,57,168,0,252003.37,1,7,table,1
0118171_neurosketch,33,furniture,chair,57,169,0,252003.37,1,7,table,0
0118171_neurosketch,33,furniture,bench,58,170,1,255003.8,1,28,bench,1
0118171_neurosketch,33,furniture,bench,58,171,1,255003.8,1,28,bench,0
0118171_neurosketch,33,furniture,bench,58,172,1,255003.8,1,28,bench,0
0118171_neurosketch,33,furniture,bench,58,173,1,255003.8,1,28,bench,0
0118171_neurosketch,33,2,table,59,174,0,261004.0,1,5,table,1
0118171_neurosketch,33,2,table,59,175,0,261004.0,1,5,table,0
0118171_neurosketch,33,2,table,59,176,0,261004.0,1,5,table,0
0118171_neurosketch,33,furniture,table,60,177,0,265503.32,1,3,table,1
0118171_neurosketch,33,furniture,table,60,178,0,265503.32,1,3,table,0
0118171_neurosketch,33,furniture,bench,61,179,1,268503.05,1,17,,1
0118171_neurosketch,33,furniture,bench,61,180,1,268503.05,1,17,,0
0118171_neurosketch,33,furniture,bench,61,181,1,268503.05,1,17,,0
0118171_neurosketch,33,furniture,bench,61,182,1,268503.05,1,17,,0
0118171_neurosketch,33,furniture,bed,62,183,1,274502.74,1,22,bench,1
0118171_neurosketch,33,furniture,bed,62,184,1,274502.74,1,22,bench,0
0118171_neurosketch,33,furniture,bed,62,185,1,274502.74,1,22,bench,0
0118171_neurosketch,33,furniture,chair,63,186,0,279002.66,1,26,chair,1
0118171_neurosketch,33,furniture,chair,63,187,0,279002.66,1,26,chair,0
0118171_neurosketch,33,furniture,bed,64,188,1,282002.75,1,8,bed,1
0118171_neurosketch,33,furniture,bed,64,189,1,282002.75,1,8,bed,0
0118171_neurosketch,33,furniture,bed,64,190,1,282002.75,1,8,bed,0
0118171_neurosketch,33,furniture,table,65,191,0,286501.93,1,33,table,1
0118171_neurosketch,33,furniture,table,65,192,0,286501.93,1,33,table,0
0118171_neurosketch,33,furniture,table,65,193,0,286501.93,1,33,table,0
0118171_neurosketch,33,furniture,bench,66,194,1,291002.17,1,31,bench,1
0118171_neurosketch,33,furniture,bench,66,195,1,291002.17,1,31,bench,0
0118171_neurosketch,33,furniture,chair,67,196,0,294001.79,1,29,chair,1
0118171_neurosketch,33,furniture,chair,67,197,0,294001.79,1,29,chair,0
0118171_neurosketch,33,furniture,chair,67,198,0,294001.79,1,29,chair,0
0118171_neurosketch,33,furniture,bed,68,199,1,298501.86,1,13,bed,1
0118171_neurosketch,33,furniture,bed,68,200,1,298501.86,1,13,bed,0
0118171_neurosketch,33,furniture,bed,68,201,1,298501.86,1,13,bed,0
0118171_neurosketch,33,furniture,bed,68,202,1,298501.86,1,13,bed,0
0118171_neurosketch,33,2,table,69,203,0,304501.91,1,21,table,1
0118171_neurosketch,33,2,table,69,204,0,304501.91,1,21,table,0
0118171_neurosketch,33,2,table,69,205,0,304501.91,1,21,table,0
0118171_neurosketch,33,furniture,chair,70,206,0,309002.72,1,23,chair,1
0118171_neurosketch,33,furniture,chair,70,207,0,309002.72,1,23,chair,0
0118171_neurosketch,33,furniture,chair,70,208,0,309002.72,1,23,chair,0
0118171_neurosketch,33,furniture,chair,70,209,0,309002.72,1,23,chair,0
0118171_neurosketch,33,furniture,bench,71,210,1,315003.56,1,15,bench,1
0118171_neurosketch,33,furniture,bench,71,211,1,315003.56,1,15,bench,0
0118171_neurosketch,33,furniture,bench,71,212,1,315003.56,1,15,bench,0
0118171_neurosketch,33,furniture,chair,72,213,0,319502.74,1,6,chair,1
0118171_neurosketch,33,furniture,chair,72,214,0,319502.74,1,6,chair,0
0118171_neurosketch,33,furniture,chair,72,215,0,319502.74,1,6,chair,0
0118171_neurosketch,33,furniture,table,73,216,0,324004.68,1,12,table,1
0118171_neurosketch,33,furniture,table,73,217,0,324004.68,1,12,table,0
0118171_neurosketch,33,furniture,table,73,218,0,324004.68,1,12,table,0
0118171_neurosketch,33,furniture,bench,74,219,1,328502.05,1,2,bench,1
0118171_neurosketch,33,furniture,bench,74,220,1,328502.05,1,2,bench,0
0118171_neurosketch,33,furniture,bed,75,221,1,331502.12,1,9,bed,1
0118171_neurosketch,33,furniture,bed,75,222,1,331502.12,1,9,bed,0
0118171_neurosketch,33,furniture,bed,75,223,1,331502.12,1,9,bed,0
0118171_neurosketch,33,furniture,bed,75,224,1,331502.12,1,9,bed,0
0118171_neurosketch,33,furniture,table,76,225,0,337502.24,1,28,table,1
0118171_neurosketch,33,furniture,table,76,226,0,337502.24,1,28,table,0
0118171_neurosketch,33,furniture,table,76,227,0,337502.24,1,28,table,0
0118171_neurosketch,33,furniture,chair,77,228,0,342002.34,1,17,chair,1
0118171_neurosketch,33,furniture,chair,77,229,0,342002.34,1,17,chair,0
0118171_neurosketch,33,furniture,bench,78,230,1,345004.01,1,18,bench,1
0118171_neurosketch,33,furniture,bench,78,231,1,345004.01,1,18,bench,0
0118171_neurosketch,33,2,bed,79,232,1,348001.21,1,37,bed,1
0118171_neurosketch,33,2,bed,79,233,1,348001.21,1,37,bed,0
0118171_neurosketch,33,2,bed,79,234,1,348001.21,1,37,bed,0
0118171_neurosketch,33,2,bed,79,235,1,348001.21,1,37,bed,0
0118171_neurosketch,33,2,bed,79,236,1,348001.21,1,37,bed,0
0118171_neurosketch,33,2,bed,79,237,1,348001.21,1,37,bed,0
0118171_neurosketch,33,2,bed,79,238,1,348001.21,1,37,bed,0
0118171_neurosketch,33,2,bed,79,239,1,348001.21,1,37,bed,0
0118171_neurosketch,33,furniture,bench,80,0,-1,0.0,2,8,bench,0
0118171_neurosketch,33,furniture,bench,80,1,-1,0.0,2,8,bench,0
0118171_neurosketch,33,furniture,bench,80,2,-1,0.0,2,8,bench,0
0118171_neurosketch,33,furniture,bench,80,3,-1,0.0,2,8,bench,0
0118171_neurosketch,33,furniture,bench,80,4,-1,0.0,2,8,bench,0
0118171_neurosketch,33,furniture,bench,80,5,-1,0.0,2,8,bench,0
0118171_neurosketch,33,furniture,bench,80,6,-1,0.0,2,8,bench,0
0118171_neurosketch,33,furniture,bench,80,7,-1,0.0,2,8,bench,0
0118171_neurosketch,33,furniture,bench,80,8,1,12002.15,2,8,bench,1
0118171_neurosketch,33,furniture,bench,80,9,1,12002.15,2,8,bench,0
0118171_neurosketch,33,furniture,bench,80,10,1,12002.15,2,8,bench,0
0118171_neurosketch,33,furniture,table,81,11,0,16501.99,2,16,table,1
0118171_neurosketch,33,furniture,table,81,12,0,16501.99,2,16,table,0
0118171_neurosketch,33,furniture,chair,82,13,0,19501.39,2,18,chair,1
0118171_neurosketch,33,furniture,chair,82,14,0,19501.39,2,18,chair,0
0118171_neurosketch,33,furniture,chair,82,15,0,19501.39,2,18,chair,0
0118171_neurosketch,33,furniture,bed,83,16,1,24003.76,2,16,bed,1
0118171_neurosketch,33,furniture,bed,83,17,1,24003.76,2,16,bed,0
0118171_neurosketch,33,furniture,bed,84,18,1,27001.86,2,5,bed,1
0118171_neurosketch,33,furniture,bed,84,19,1,27001.86,2,5,bed,0
0118171_neurosketch,33,furniture,bed,84,20,1,27001.86,2,5,bed,0
0118171_neurosketch,33,furniture,table,85,21,0,31501.46,2,39,table,1
0118171_neurosketch,33,furniture,table,85,22,0,31501.46,2,39,table,0
0118171_neurosketch,33,furniture,bench,86,23,1,34502.12,2,37,bench,1
0118171_neurosketch,33,furniture,bench,86,24,1,34502.12,2,37,bench,0
0118171_neurosketch,33,furniture,bench,86,25,1,34502.12,2,37,bench,0
0118171_neurosketch,33,furniture,bench,86,26,1,34502.12,2,37,bench,0
0118171_neurosketch,33,furniture,chair,87,27,0,40502.39,2,20,chair,1
0118171_neurosketch,33,furniture,chair,87,28,0,40502.39,2,20,chair,0
0118171_neurosketch,33,furniture,chair,87,29,0,40502.39,2,20,chair,0
0118171_neurosketch,33,furniture,table,88,30,0,45002.42,2,24,table,1
0118171_neurosketch,33,furniture,table,88,31,0,45002.42,2,24,table,0
0118171_neurosketch,33,furniture,table,88,32,0,45002.42,2,24,table,0
0118171_neurosketch,33,2,bench,89,33,1,49502.05,2,5,bench,1
0118171_neurosketch,33,2,bench,89,34,1,49502.05,2,5,bench,0
0118171_neurosketch,33,2,bench,89,35,1,49502.05,2,5,bench,0
0118171_neurosketch,33,2,bench,89,36,1,49502.05,2,5,bench,0
0118171_neurosketch,33,furniture,chair,90,37,0,55501.74,2,5,chair,1
0118171_neurosketch,33,furniture,chair,90,38,0,55501.74,2,5,chair,0
0118171_neurosketch,33,furniture,bed,91,39,1,58502.49,2,34,bed,1
0118171_neurosketch,33,furniture,bed,91,40,1,58502.49,2,34,bed,0
0118171_neurosketch,33,furniture,bench,92,41,1,61502.27,2,1,,1
0118171_neurosketch,33,furniture,bench,92,42,1,61502.27,2,1,,0
0118171_neurosketch,33,furniture,bench,92,43,1,61502.27,2,1,,0
0118171_neurosketch,33,furniture,chair,93,44,0,66001.38,2,31,chair,1
0118171_neurosketch,33,furniture,chair,93,45,0,66001.38,2,31,chair,0
0118171_neurosketch,33,furniture,table,94,46,0,69001.47,2,19,table,1
0118171_neurosketch,33,furniture,table,94,47,0,69001.47,2,19,table,0
0118171_neurosketch,33,furniture,bed,95,48,1,72001.91,2,2,bed,1
0118171_neurosketch,33,furniture,bed,95,49,1,72001.91,2,2,bed,0
0118171_neurosketch,33,furniture,bench,96,50,1,75002.53,2,20,bench,1
0118171_neurosketch,33,furniture,bench,96,51,1,75002.53,2,20,bench,0
0118171_neurosketch,33,furniture,bench,96,52,1,75002.53,2,20,bench,0
0118171_neurosketch,33,furniture,bench,96,53,1,75002.53,2,20,bench,0
0118171_neurosketch,33,furniture,chair,97,54,0,81001.97,2,15,chair,1
0118171_neurosketch,33,furniture,chair,97,55,0,81001.97,2,15,chair,0
0118171_neurosketch,33,furniture,table,98,56,0,84002.34,2,13,table,1
0118171_neurosketch,33,furniture,table,98,57,0,84002.34,2,13,table,0
0118171_neurosketch,33,furniture,table,98,58,0,84002.34,2,13,table,0
0118171_neurosketch,33,furniture,table,98,59,0,84002.34,2,13,table,0
0118171_neurosketch,33,2,bed,99,60,1,90002.47,2,25,bed,1
0118171_neurosketch,33,2,bed,99,61,1,90002.47,2,25,bed,0
0118171_neurosketch,33,2,bed,99,62,1,90002.47,2,25,bed,0
0118171_neurosketch,33,furniture,bed,100,63,1,94502.74,2,6,bed,1
0118171_neurosketch,33,furniture,bed,100,64,1,94502.74,2,6,bed,0
0118171_neurosketch,33,furniture,table,101,65,0,97502.28,2,27,table,1
0118171_neurosketch,33,furniture,table,101,66,0,97502.28,2,27,table,0
0118171_neurosketch,33,furniture,table,101,67,0,97502.28,2,27,table,0
0118171_neurosketch,33,furniture,table,101,68,0,97502.28,2,27,table,0
0118171_neurosketch,33,furniture,chair,102,69,0,103501.81,2,19,chair,1
0118171_neurosketch,33,furniture,chair,102,70,0,103501.81,2,19,chair,0
0118171_neurosketch,33,furniture,chair,102,71,0,103501.81,2,19,chair,0
0118171_neurosketch,33,furniture,bench,103,72,1,108002.2,2,27,bench,1
0118171_neurosketch,33,furniture,bench,103,73,1,108002.2,2,27,bench,0
0118171_neurosketch,33,furniture,table,104,74,0,111002.31,2,4,table,1
0118171_neurosketch,33,furniture,table,104,75,0,111002.31,2,4,table,0
0118171_neurosketch,33,furniture,table,104,76,0,111002.31,2,4,table,0
0118171_neurosketch,33,furniture,chair,105,77,0,115502.68,2,32,chair,1
0118171_neurosketch,33,furniture,chair,105,78,0,115502.68,2,32,chair,0
0118171_neurosketch,33,furniture,chair,105,79,0,115502.68,2,32,chair,0
0118171_neurosketch,33,furniture,bench,106,80,1,120002.34,2,11,bench,1
0118171_neurosketch,33,furniture,bench,106,81,1,120002.34,2,11,bench,0
0118171_neurosketch,33,furniture,bed,107,82,1,123002.9,2,24,bed,1
0118171_neurosketch,33,furniture,bed,107,83,1,123002.9,2,24,bed,0
0118171_neurosketch,33,furniture,bed,107,84,1,123002.9,2,24,bed,0
0118171_neurosketch,33,furniture,table,108,85,0,127502.11,2,9,table,1
0118171_neurosketch,33,furniture,table,108,86,0,127502.11,2,9,table,0
0118171_neurosketch,33,furniture,table,108,87,0,127502.11,2,9,table,0
0118171_neurosketch,33,furniture,table,108,88,0,127502.11,2,9,table,0
0118171_neurosketch,33,2,chair,109,89,0,133502.84,2,3,chair,1
0118171_neurosketch,33,2,chair,109,90,0,133502.84,2,3,chair,0
0118171_neurosketch,33,2,chair,109,91,0,133502.84,2,3,chair,0
0118171_neurosketch,33,furniture,bed,110,92,1,138002.83,2,11,bed,1
0118171_neurosketch,33,furniture,bed,110,93,1,138002.83,2,11,bed,0
0118171_neurosketch,33,furniture,bed,110,94,1,138002.83,2,11,bed,0
0118171_neurosketch,33,furniture,bed,110,95,1,138002.83,2,11,bed,0
0118171_neurosketch,33,furniture,bench,111,96,1,144003.38,2,19,bench,1
0118171_neurosketch,33,furniture,bench,111,97,1,144003.38,2,19,bench,0
0118171_neurosketch,33,furniture,bench,111,98,1,144003.38,2,19,bench,0
0118171_neurosketch,33,furniture,bed,112,99,1,148502.77,2,36,bed,1
0118171_neurosketch,33,furniture,bed,112,100,1,148502.77,2,36,bed,0
0118171_neurosketch,33,furniture,bed,112,101,1,148502.77,2,36,bed,0
0118171_neurosketch,33,furniture,table,113,102,0,153002.82,2,14,table,1
0118171_neurosketch,33,furniture,table,113,103,0,153002.82,2,14,table,0
0118171_neurosketch,33,furniture,table,113,104,0,153002.82,2,14,table,0
0118171_neurosketch,33,furniture,bench,114,105,1,157502.71,2,35,bench,1
0118171_neurosketch,33,furniture,bench,114,106,1,157502.71,2,35,bench,0
0118171_neurosketch,33,furniture,chair,115,107,0,160502.1,2,11,chair,1
0118171_neurosketch,33,furniture,chair,115,108,0,160502.1,2,11,chair,0
0118171_neurosketch,33,furniture,chair,115,109,0,160502.1,2,11,chair,0
0118171_neurosketch,33,furniture,chair,115,110,0,160502.1,2,11,chair,0
0118171_neurosketch,33,furniture,bed,116,111,1,166501.66,2,17,bed,1
0118171_neurosketch,33,furniture,bed,116,112,1,166501.66,2,17,bed,0
0118171_neurosketch,33,furniture,bed,116,113,1,166501.66,2,17,bed,0
0118171_neurosketch,33,furniture,bench,117,114,1,171002.43,2,14,bench,1
0118171_neurosketch,33,furniture,bench,117,115,1,171002.43,2,14,bench,0
0118171_neurosketch,33,furniture,chair,118,116,0,174002.53,2,9,chair,1
0118171_neurosketch,33,furniture,chair,118,117,0,174002.53,2,9,chair,0
0118171_neurosketch,33,2,table,119,118,0,177002.49,2,23,chair,1
0118171_neurosketch,33,2,table,119,119,0,177002.49,2,23,chair,0
0118171_neurosketch,33,furniture,chair,120,120,0,180001.68,2,37,chair,1
0118171_neurosketch,33,furniture,chair,120,121,0,180001.68,2,37,chair,0
0118171_neurosketch,33,furniture,chair,120,122,0,180001.68,2,37,chair,0
0118171_neurosketch,33,furniture,bench,121,123,1,184502.66,2,12,bench,1
0118171_neurosketch,33,furniture,bench,121,124,1,184502.66,2,12,bench,0
0118171_neurosketch,33,furniture,table,122,125,0,187502.09,2,2,table,1
0118171_neurosketch,33,furniture,table,122,126,0,187502.09,2,2,table,0
0118171_neurosketch,33,furniture,table,122,127,0,187502.09,2,2,table,0
0118171_neurosketch,33,furniture,bed,123,128,1,192002.37,2,10,,1
0118171_neurosketch,33,furniture,bed,123,129,1,192002.37,2,10,,0
0118171_neurosketch,33,furniture,bed,124,130,1,195002.69,2,1,bed,1
0118171_neurosketch,33,furniture,bed,124,131,1,195002.69,2,1,bed,0
0118171_neurosketch,33,furniture,bed,124,132,1,195002.69,2,1,bed,0
0118171_neurosketch,33,furniture,bench,125,133,1,199502.87,2,7,bench,1
0118171_neurosketch,33,furniture,bench,125,134,1,199502.87,2,7,bench,0
0118171_neurosketch,33,furniture,table,126,135,0,202504.95,2,35,table,1
0118171_neurosketch,33,furniture,table,126,136,0,202504.95,2,35,table,0
0118171_neurosketch,33,furniture,table,126,137,0,202504.95,2,35,table,0
0118171_neurosketch,33,furniture,table,126,138,0,202504.95,2,35,table,0
0118171_neurosketch,33,furniture,chair,127,139,0,208502.74,2,21,chair,1
0118171_neurosketch,33,furniture,chair,127,140,0,208502.74,2,21,chair,0
0118171_neurosketch,33,furniture,chair,127,141,0,208502.74,2,21,chair,0
0118171_neurosketch,33,furniture,chair,128,142,0,213003.0,2,13,chair,1
0118171_neurosketch,33,furniture,chair,128,143,0,213003.0,2,13,chair,0
0118171_neurosketch,33,furniture,chair,128,144,0,213003.0,2,13,chair,0
0118171_neurosketch,33,2,bed,129,145,1,217502.54,2,14,bed,1
0118171_neurosketch,33,2,bed,129,146,1,217502.54,2,14,bed,0
0118171_neurosketch,33,2,bed,129,147,1,217502.54,2,14,bed,0
0118171_neurosketch,33,2,bed,129,148,1,217502.54,2,14,bed,0
0118171_neurosketch,33,furniture,table,130,149,0,223503.44,2,30,table,1
0118171_neurosketch,33,furniture,table,130,150,0,223503.44,2,30,table,0
0118171_neurosketch,33,furniture,bench,131,151,1,226503.12,2,34,bench,1
0118171_neurosketch,33,furniture,bench,131,152,1,226503.12,2,34,bench,0
0118171_neurosketch,33,furniture,bed,132,153,1,229502.76,2,15,bed,1
0118171_neurosketch,33,furniture,bed,132,154,1,229502.76,2,15,bed,0
0118171_neurosketch,33,furniture,bed,132,155,1,229502.76,2,15,bed,0
0118171_neurosketch,33,furniture,chair,133,156,0,234002.32,2,38,chair,1
0118171_neurosketch,33,furniture,chair,133,157,0,234002.32,2,38,chair,0
0118171_neurosketch,33,furniture,bench,134,158,1,237002.34,2,21,bed,1
0118171_neurosketch,33,furniture,bench,134,159,1,237002.34,2,21,bed,0
0118171_neurosketch,33,furniture,table,135,160,0,240002.26,2,0,table,1
0118171_neurosketch,33,furniture,table,135,161,0,240002.26,2,0,table,0
0118171_neurosketch,33,furniture,bed,136,162,1,243002.34,2,26,bed,1
0118171_neurosketch,33,furniture,bed,136,163,1,243002.34,2,26,bed,0
0118171_neurosketch,33,furniture,bed,136,164,1,243002.34,2,26,bed,0
0118171_neurosketch,33,furniture,bed,136,165,1,243002.34,2,26,bed,0
0118171_neurosketch,33,furniture,table,137,166,0,249002.34,2,6,table,1
0118171_neurosketch,33,furniture,table,137,167,0,249002.34,2,6,table,0
0118171_neurosketch,33,furniture,chair,138,168,0,252002.37,2,2,chair,1
0118171_neurosketch,33,furniture,chair,138,169,0,252002.37,2,2,chair,0
0118171_neurosketch,33,furniture,chair,138,170,0,252002.37,2,2,chair,0
0118171_neurosketch,33,furniture,chair,138,171,0,252002.37,2,2,chair,0
0118171_neurosketch,33,2,bench,139,172,1,258002.39,2,9,bench,1
0118171_neurosketch,33,2,bench,139,173,1,258002.39,2,9,bench,0
0118171_neurosketch,33,2,bench,139,174,1,258002.39,2,9,bench,0
0118171_neurosketch,33,furniture,bed,140,175,1,262504.84,2,35,bed,1
0118171_neurosketch,33,furniture,bed,140,176,1,262504.84,2,35,bed,0
0118171_neurosketch,33,furniture,table,141,177,0,265501.52,2,25,table,1
0118171_neurosketch,33,furniture,table,141,178,0,265501.52,2,25,table,0
0118171_neurosketch,33,furniture,table,141,179,0,265501.52,2,25,table,0
0118171_neurosketch,33,furniture,table,141,180,0,265501.52,2,25,table,0
0118171_neurosketch,33,furniture,chair,142,181,0,271502.82,2,25,chair,1
0118171_neurosketch,33,furniture,chair,142,182,0,271502.82,2,25,chair,0
0118171_neurosketch,33,furniture,chair,142,183,0,271502.82,2,25,chair,0
0118171_neurosketch,33,furniture,bench,143,184,1,276002.59,2,3,bench,1
0118171_neurosketch,33,furniture,bench,143,185,1,276002.59,2,3,bench,0
0118171_neurosketch,33,furniture,bed,144,186,1,279002.47,2,39,bed,1
0118171_neurosketch,33,furniture,bed,144,187,1,279002.47,2,39,bed,0
0118171_neurosketch,33,furniture,bed,144,188,1,279002.47,2,39,bed,0
0118171_neurosketch,33,furniture,table,145,189,0,283502.61,2,10,table,1
0118171_neurosketch,33,furniture,table,145,190,0,283502.61,2,10,table,0
0118171_neurosketch,33,furniture,table,145,191,0,283502.61,2,10,table,0
0118171_neurosketch,33,furniture,chair,146,192,0,288002.46,2,30,chair,1
0118171_neurosketch,33,furniture,chair,146,193,0,288002.46,2,30,chair,0
0118171_neurosketch,33,furniture,bench,147,194,1,291003.15,2,33,bench,1
0118171_neurosketch,33,furniture,bench,147,195,1,291003.15,2,33,bench,0
0118171_neurosketch,33,furniture,bench,147,196,1,291003.15,2,33,bench,0
0118171_neurosketch,33,furniture,bench,148,197,1,295502.82,2,16,bench,1
0118171_neurosketch,33,furniture,bench,148,198,1,295502.82,2,16,bench,0
0118171_neurosketch,33,furniture,bench,148,199,1,295502.82,2,16,bench,0
0118171_neurosketch,33,furniture,bench,148,200,1,295502.82,2,16,bench,0
0118171_neurosketch,33,2,bed,149,201,1,301505.65,2,30,bed,1
0118171_neurosketch,33,2,bed,149,202,1,301505.65,2,30,bed,0
0118171_neurosketch,33,2,bed,149,203,1,301505.65,2,30,bed,0
0118171_neurosketch,33,furniture,table,150,204,0,306003.38,2,17,table,1
0118171_neurosketch,33,furniture,table,150,205,0,306003.38,2,17,table,0
0118171_neurosketch,33,furniture,table,150,206,0,306003.38,2,17,table,0
0118171_neurosketch,33,furniture,table,150,207,0,306003.38,2,17,table,0
0118171_neurosketch,33,furniture,chair,151,208,0,312004.76,2,36,chair,1
0118171_neurosketch,33,furniture,chair,151,209,0,312004.76,2,36,chair,0
0118171_neurosketch,33,furniture,chair,151,210,0,312004.76,2,36,chair,0
0118171_neurosketch,33,furniture,bed,152,211,1,316503.25,2,23,bed,1
0118171_neurosketch,33,furniture,bed,152,212,1,316503.25,2,23,bed,0
0118171_neurosketch,33,furniture,bed,152,213,1,316503.25,2,23,bed,0
0118171_neurosketch,33,furniture,table,153,214,0,321003.77,2,15,table,1
0118171_neurosketch,33,furniture,table,153,215,0,321003.77,2,15,table,0
0118171_neurosketch,33,furniture,table,153,216,0,321003.77,2,15,table,0
0118171_neurosketch,33,furniture,chair,154,217,0,325502.77,2,10,chair,1
0118171_neurosketch,33,furniture,chair,154,218,0,325502.77,2,10,chair,0
0118171_neurosketch,33,furniture,bench,155,219,1,328502.91,2,24,bench,1
0118171_neurosketch,33,furniture,bench,155,220,1,328502.91,2,24,bench,0
0118171_neurosketch,33,furniture,bench,155,221,1,328502.91,2,24,bench,0
0118171_neurosketch,33,furniture,bench,155,222,1,328502.91,2,24,bench,0
0118171_neurosketch,33,furniture,bench,156,223,1,334503.5,2,23,bench,1
0118171_neurosketch,33,furniture,bench,156,224,1,334503.5,2,23,bench,0
0118171_neurosketch,33,furniture,bench,156,225,1,334503.5,2,23,bench,0
0118171_neurosketch,33,furniture,table,157,226,0,339003.04,2,1,table,1
0118171_neurosketch,33,furniture,table,157,227,0,339003.04,2,1,table,0
0118171_neurosketch,33,furniture,bed,158,228,1,342003.15,2,18,bed,1
0118171_neurosketch,33,furniture,bed,158,229,1,342003.15,2,18,bed,0
0118171_neurosketch,33,2,chair,159,230,0,345003.13,2,34,table,1
0118171_neurosketch,33,2,chair,159,231,0,345003.13,2,34,table,0
0118171_neurosketch,33,2,chair,159,232,0,345003.13,2,34,table,0
0118171_neurosketch,33,2,chair,159,233,0,345003.13,2,34,table,0
0118171_neurosketch,33,2,chair,159,234,0,345003.13,2,34,table,0
0118171_neurosketch,33,2,chair,159,235,0,345003.13,2,34,table,0
0118171_neurosketch,33,2,chair,159,236,0,345003.13,2,34,table,0
0118171_neurosketch,33,2,chair,159,237,0,345003.13,2,34,table,0
0118171_neurosketch,33,2,chair,159,238,0,345003.13,2,34,table,0
0118171_neurosketch,33,2,chair,159,239,0,345003.13,2,34,table,0
0118171_neurosketch,33,furniture,chair,160,0,-1,0.0,3,34,chair,0
0118171_neurosketch,33,furniture,chair,160,1,-1,0.0,3,34,chair,0
0118171_neurosketch,33,furniture,chair,160,2,-1,0.0,3,34,chair,0
0118171_neurosketch,33,furniture,chair,160,3,-1,0.0,3,34,chair,0
0118171_neurosketch,33,furniture,chair,160,4,-1,0.0,3,34,chair,0
0118171_neurosketch,33,furniture,chair,160,5,-1,0.0,3,34,chair,0
0118171_neurosketch,33,furniture,chair,160,6,-1,0.0,3,34,chair,0
0118171_neurosketch,33,furniture,chair,160,7,-1,0.0,3,34,chair,0
0118171_neurosketch,33,furniture,chair,160,8,0,12001.86,3,34,chair,1
0118171_neurosketch,33,furniture,chair,160,9,0,12001.86,3,34,chair,0
0118171_neurosketch,33,furniture,chair,160,10,0,12001.86,3,34,chair,0
0118171_neurosketch,33,furniture,bed,161,11,1,16501.5,3,18,bed,1
0118171_neurosketch,33,furniture,bed,161,12,1,16501.5,3,18,bed,0
0118171_neurosketch,33,furniture,table,162,13,0,19501.75,3,1,table,1
0118171_neurosketch,33,furniture,table,162,14,0,19501.75,3,1,table,0
0118171_neurosketch,33,furniture,table,162,15,0,19501.75,3,1,table,0
0118171_neurosketch,33,furniture,bench,163,16,1,24001.63,3,23,bench,1
0118171_neurosketch,33,furniture,bench,163,17,1,24001.63,3,23,bench,0
0118171_neurosketch,33,furniture,bench,164,18,1,27001.33,3,24,bench,1
0118171_neurosketch,33,furniture,bench,164,19,1,27001.33,3,24,bench,0
0118171_neurosketch,33,furniture,bench,164,20,1,27001.33,3,24,bench,0
0118171_neurosketch,33,furniture,chair,165,21,0,31502.31,3,10,chair,1
0118171_neurosketch,33,furniture,chair,165,22,0,31502.31,3,10,chair,0
0118171_neurosketch,33,furniture,table,166,23,0,34501.63,3,15,table,1
0118171_neurosketch,33,furniture,table,166,24,0,34501.63,3,15,table,0
0118171_neurosketch,33,furniture,table,166,25,0,34501.63,3,15,table,0
0118171_neurosketch,33,furniture,table,166,26,0,34501.63,3,15,table,0
0118171_neurosketch,33,furniture,bed,167,27,1,40501.78,3,23,bed,1
0118171_neurosketch,33,furniture,bed,167,28,1,40501.78,3,23,bed,0
0118171_neurosketch,33,furniture,bed,167,29,1,40501.78,3,23,bed,0
0118171_neurosketch,33,furniture,chair,168,30,0,45002.42,3,36,chair,1
0118171_neurosketch,33,furniture,chair,168,31,0,45002.42,3,36,chair,0
0118171_neurosketch,33,furniture,chair,168,32,0,45002.42,3,36,chair,0
0118171_neurosketch,33,2,table,169,33,0,49502.55,3,17,table,1
0118171_neurosketch,33,2,table,169,34,0,49502.55,3,17,table,0
0118171_neurosketch,33,2,table,169,35,0,49502.55,3,17,table,0
0118171_neurosketch,33,2,table,169,36,0,49502.55,3,17,table,0
0118171_neurosketch,33,furniture,bed,170,37,1,55501.72,3,30,bed,1
0118171_neurosketch,33,furniture,bed,170,38,1,55501.72,3,30,bed,0
0118171_neurosketch,33,furniture,bench,171,39,1,58502.07,3,16,bench,1
0118171_neurosketch,33,furniture,bench,171,40,1,58502.07,3,16,bench,0
0118171_neurosketch,33,furniture,bench,172,41,1,61502.09,3,33,bench,1
0118171_neurosketch,33,furniture,bench,172,42,1,61502.09,3,33,bench,0
0118171_neurosketch,33,furniture,bench,172,43,1,61502.09,3,33,bench,0
0118171_neurosketch,33,furniture,chair,173,44,0,66002.8,3,30,chair,1
0118171_neurosketch,33,furniture,chair,173,45,0,66002.8,3,30,chair,0
0118171_neurosketch,33,furniture,table,174,46,0,69002.3,3,10,,1
0118171_neurosketch,33,furniture,table,174,47,0,69002.3,3,10,,0
0118171_neurosketch,33,furniture,bed,175,48,1,72002.72,3,39,bed,1
0118171_neurosketch,33,furniture,bed,175,49,1,72002.72,3,39,bed,0
0118171_neurosketch,33,furniture,bench,176,50,1,75001.61,3,3,bench,1
0118171_neurosketch,33,furniture,bench,176,51,1,75001.61,3,3,bench,0
0118171_neurosketch,33,furniture,bench,176,52,1,75001.61,3,3,bench,0
0118171_neurosketch,33,furniture,bench,176,53,1,75001.61,3,3,bench,0
0118171_neurosketch,33,furniture,chair,177,54,0,81002.76,3,25,chair,1
0118171_neurosketch,33,furniture,chair,177,55,0,81002.76,3,25,chair,0
0118171_neurosketch,33,furniture,table,178,56,0,84002.81,3,25,table,1
0118171_neurosketch,33,furniture,table,178,57,0,84002.81,3,25,table,0
0118171_neurosketch,33,furniture,table,178,58,0,84002.81,3,25,table,0
0118171_neurosketch,33,furniture,table,178,59,0,84002.81,3,25,table,0
0118171_neurosketch,33,2,bed,179,60,1,90002.65,3,35,bench,1
0118171_neurosketch,33,2,bed,179,61,1,90002.65,3,35,bench,0
0118171_neurosketch,33,2,bed,179,62,1,90002.65,3,35,bench,0
0118171_neurosketch,33,furniture,bench,180,63,1,94502.4,3,9,bench,1
0118171_neurosketch,33,furniture,bench,180,64,1,94502.4,3,9,bench,0
0118171_neurosketch,33,furniture,chair,181,65,0,97501.83,3,2,chair,1
0118171_neurosketch,33,furniture,chair,181,66,0,97501.83,3,2,chair,0
0118171_neurosketch,33,furniture,chair,181,67,0,97501.83,3,2,chair,0
0118171_neurosketch,33,furniture,chair,181,68,0,97501.83,3,2,chair,0
0118171_neurosketch,33,furniture,table,182,69,0,103504.52,3,6,table,1
0118171_neurosketch,33,furniture,table,182,70,0,103504.52,3,6,table,0
0118171_neurosketch,33,furniture,table,182,71,0,103504.52,3,6,table,0
0118171_neurosketch,33,furniture,bed,183,72,1,108002.04,3,26,bed,1
0118171_neurosketch,33,furniture,bed,183,73,1,108002.04,3,26,bed,0
0118171_neurosketch,33,furniture,table,184,74,0,111002.22,3,0,table,1
0118171_neurosketch,33,furniture,table,184,75,0,111002.22,3,0,table,0
0118171_neurosketch,33,furniture,table,184,76,0,111002.22,3,0,table,0
0118171_neurosketch,33,furniture,bench,185,77,1,115502.35,3,21,bench,1
0118171_neurosketch,33,furniture,bench,185,78,1,115502.35,3,21,bench,0
0118171_neurosketch,33,furniture,bench,185,79,1,115502.35,3,21,bench,0
0118171_neurosketch,33,furniture,chair,186,80,0,120002.69,3,38,chair,1
0118171_neurosketch,33,furniture,chair,186,81,0,120002.69,3,38,chair,0
0118171_neurosketch,33,furniture,bed,187,82,1,123002.39,3,15,bed,1
0118171_neurosketch,33,furniture,bed,187,83,1,123002.39,3,15,bed,0
0118171_neurosketch,33,furniture,bed,187,84,1,123002.39,3,15,bed,0
0118171_neurosketch,33,furniture,bench,188,85,1,127503.03,3,34,bench,1
0118171_neurosketch,33,furniture,bench,188,86,1,127503.03,3,34,bench,0
0118171_neurosketch,33,furniture,bench,188,87,1,127503.03,3,34,bench,0
0118171_neurosketch,33,furniture,bench,188,88,1,127503.03,3,34,bench,0
0118171_neurosketch,33,2,table,189,89,0,133501.85,3,30,,1
0118171_neurosketch,33,2,table,189,90,0,133501.85,3,30,,0
0118171_neurosketch,33,2,table,189,91,0,133501.85,3,30,,0
0118171_neurosketch,33,furniture,bed,190,92,1,138002.96,3,14,bed,1
0118171_neurosketch,33,furniture,bed,190,93,1,138002.96,3,14,bed,0
0118171_neurosketch,33,furniture,bed,190,94,1,138002.96,3,14,bed,0
0118171_neurosketch,33,furniture,bed,190,95,1,138002.96,3,14,bed,0
0118171_neurosketch,33,furniture,chair,191,96,0,144002.95,3,13,chair,1
0118171_neurosketch,33,furniture,chair,191,97,0,144002.95,3,13,chair,0
0118171_neurosketch,33,furniture,chair,191,98,0,144002.95,3,13,chair,0
0118171_neurosketch,33,furniture,chair,192,99,0,148503.33,3,21,,1
0118171_neurosketch,33,furniture,chair,192,100,0,148503.33,3,21,,0
0118171_neurosketch,33,furniture,chair,192,101,0,148503.33,3,21,,0
0118171_neurosketch,33,furniture,table,193,102,0,153003.92,3,35,chair,1
0118171_neurosketch,33,furniture,table,193,103,0,153003.92,3,35,chair,0
0118171_neurosketch,33,furniture,table,193,104,0,153003.92,3,35,chair,0
0118171_neurosketch,33,furniture,bench,194,105,1,157502.42,3,7,bench,1
0118171_neurosketch,33,furniture,bench,194,106,1,157502.42,3,7,bench,0
0118171_neurosketch,33,furniture,bed,195,107,1,160502.78,3,1,bed,1
0118171_neurosketch,33,furniture,bed,195,108,1,160502.78,3,1,bed,0
0118171_neurosketch,33,furniture,bed,195,109,1,160502.78,3,1,bed,0
0118171_neurosketch,33,furniture,bed,195,110,1,160502.78,3,1,bed,0
0118171_neurosketch,33,furniture,bed,196,111,1,166504.07,3,10,bed,1
0118171_neurosketch,33,furniture,bed,196,112,1,166504.07,3,10,bed,0
0118171_neurosketch,33,furniture,bed,196,113,1,166504.07,3,10,bed,0
0118171_neurosketch,33,furniture,table,197,114,0,171002.44,3,2,table,1
0118171_neurosketch,33,furniture,table,197,115,0,171002.44,3,2,table,0
0118171_neurosketch,33,furniture,bench,198,116,1,174002.91,3,12,bench,1
0118171_neurosketch,33,furniture,bench,198,117,1,174002.91,3,12,bench,0
0118171_neurosketch,33,2,chair,199,118,0,177003.76,3,37,chair,1
0118171_neurosketch,33,2,chair,199,119,0,177003.76,3,37,chair,0
0118171_neurosketch,33,furniture,table,200,120,0,180003.17,3,23,table,1
0118171_neurosketch,33,furniture,table,200,121,0,180003.17,3,23,table,0
0118171_neurosketch,33,furniture,table,200,122,0,180003.17,3,23,table,0
0118171_neurosketch,33,furniture,chair,201,123,0,184503.88,3,9,chair,1
0118171_neurosketch,33,furniture,chair,201,124,0,184503.88,3,9,chair,0
0118171_neurosketch,33,furniture,bench,202,125,1,187502.62,3,14,bench,1
0118171_neurosketch,33,furniture,bench,202,126,1,187502.62,3,14,bench,0
0118171_neurosketch,33,furniture,bench,202,127,1,187502.62,3,14,bench,0
0118171_neurosketch,33,furniture,bed,203,128,1,192002.64,3,17,bed,1
0118171_neurosketch,33,furniture,bed,203,129,1,192002.64,3,17,bed,0
0118171_neurosketch,33,furniture,chair,204,130,0,195002.12,3,11,chair,1
0118171_neurosketch,33,furniture,chair,204,131,0,195002.12,3,11,chair,0
0118171_neurosketch,33,furniture,chair,204,132,0,195002.12,3,11,chair,0
0118171_neurosketch,33,furniture,bench,205,133,1,199503.94,3,35,bench,1
0118171_neurosketch,33,furniture,bench,205,134,1,199503.94,3,35,bench,0
0118171_neurosketch,33,furniture,table,206,135,0,202502.23,3,14,table,1
0118171_neurosketch,33,furniture,table,206,136,0,202502.23,3,14,table,0
0118171_neurosketch,33,furniture,table,206,137,0,202502.23,3,14,table,0
0118171_neurosketch,33,furniture,table,206,138,0,202502.23,3,14,table,0
0118171_neurosketch,33,furniture,bed,207,139,1,208502.91,3,36,bed,1
0118171_neurosketch,33,furniture,bed,207,140,1,208502.91,3,36,bed,0
0118171_neurosketch,33,furniture,bed,207,141,1,208502.91,3,36,bed,0
0118171_neurosketch,33,furniture,bench,208,142,1,213001.99,3,19,bench,1
0118171_neurosketch,33,furniture,bench,208,143,1,213001.99,3,19,bench,0
0118171_neurosketch,33,furniture,bench,208,144,1,213001.99,3,19,bench,0
0118171_neurosketch,33,2,bed,209,145,1,217502.26,3,11,bed,1
0118171_neurosketch,33,2,bed,209,146,1,217502.26,3,11,bed,0
0118171_neurosketch,33,2,bed,209,147,1,217502.26,3,11,bed,0
0118171_neurosketch,33,2,bed,209,148,1,217502.26,3,11,bed,0
0118171_neurosketch,33,furniture,chair,210,149,0,223502.41,3,3,chair,1
0118171_neurosketch,33,furniture,chair,210,150,0,223502.41,3,3,chair,0
0118171_neurosketch,33,furniture,table,211,151,0,226502.44,3,9,chair,1
0118171_neurosketch,33,furniture,table,211,152,0,226502.44,3,9,chair,0
0118171_neurosketch,33,furniture,bed,212,153,1,229502.57,3,24,bed,1
0118171_neurosketch,33,furniture,bed,212,154,1,229502.57,3,24,bed,0
0118171_neurosketch,33,furniture,bed,212,155,1,229502.57,3,24,bed,0
0118171_neurosketch,33,furniture,bench,213,156,1,234002.19,3,11,bench,1
0118171_neurosketch,33,furniture,bench,213,157,1,234002.19,3,11,bench,0
0118171_neurosketch,33,furniture,chair,214,158,0,237001.62,3,32,chair,1
0118171_neurosketch,33,furniture,chair,214,159,0,237001.62,3,32,chair,0
0118171_neurosketch,33,furniture,table,215,160,0,240001.91,3,4,table,1
0118171_neurosketch,33,furniture,table,215,161,0,240001.91,3,4,table,0
0118171_neurosketch,33,furniture,bench,216,162,1,243003.34,3,27,bench,1
0118171_neurosketch,33,furniture,bench,216,163,1,243003.34,3,27,bench,0
0118171_neurosketch,33,furniture,bench,216,164,1,243003.34,3,27,bench,0
0118171_neurosketch,33,furniture,bench,216,165,1,243003.34,3,27,bench,0
0118171_neurosketch,33,furniture,chair,217,166,0,249002.85,3,19,chair,1
0118171_neurosketch,33,furniture,chair,217,167,0,249002.85,3,19,chair,0
0118171_neurosketch,33,furniture,table,218,168,0,252002.14,3,27,table,1
0118171_neurosketch,33,furniture,table,218,169,0,252002.14,3,27,table,0
0118171_neurosketch,33,furniture,table,218,170,0,252002.14,3,27,table,0
0118171_neurosketch,33,furniture,table,218,171,0,252002.14,3,27,table,0
0118171_neurosketch,33,2,bed,219,172,1,258002.53,3,6,bed,1
0118171_neurosketch,33,2,bed,219,173,1,258002.53,3,6,bed,0
0118171_neurosketch,33,2,bed,219,174,1,258002.53,3,6,bed,0
0118171_neurosketch,33,furniture,bed,220,175,1,262502.06,3,25,bed,1
0118171_neurosketch,33,furniture,bed,220,176,1,262502.06,3,25,bed,0
0118171_neurosketch,33,furniture,table,221,177,0,265502.17,3,13,table,1
0118171_neurosketch,33,furniture,table,221,178,0,265502.17,3,13,table,0
0118171_neurosketch,33,furniture,table,221,179,0,265502.17,3,13,table,0
0118171_neurosketch,33,furniture,table,221,180,0,265502.17,3,13,table,0
0118171_neurosketch,33,furniture,chair,222,181,0,271502.35,3,15,chair,1
0118171_neurosketch,33,furniture,chair,222,182,0,271502.35,3,15,chair,0
0118171_neurosketch,33,furniture,chair,222,183,0,271502.35,3,15,chair,0
0118171_neurosketch,33,furniture,bench,223,184,1,276004.48,3,20,bench,1
0118171_neurosketch,33,furniture,bench,223,185,1,276004.48,3,20,bench,0
0118171_neurosketch,33,furniture,bed,224,186,1,279002.38,3,2,,1
0118171_neurosketch,33,furniture,bed,224,187,1,279002.38,3,2,,0
0118171_neurosketch,33,furniture,bed,224,188,1,279002.38,3,2,,0
0118171_neurosketch,33,furniture,table,225,189,0,283503.96,3,19,table,1
0118171_neurosketch,33,furniture,table,225,190,0,283503.96,3,19,table,0
0118171_neurosketch,33,furniture,table,225,191,0,283503.96,3,19,table,0
0118171_neurosketch,33,furniture,chair,226,192,0,288002.27,3,31,chair,1
0118171_neurosketch,33,furniture,chair,226,193,0,288002.27,3,31,chair,0
0118171_neurosketch,33,furniture,bench,227,194,1,291002.92,3,1,bed,1
0118171_neurosketch,33,furniture,bench,227,195,1,291002.92,3,1,bed,0
0118171_neurosketch,33,furniture,bench,227,196,1,291002.92,3,1,bed,0
0118171_neurosketch,33,furniture,bed,228,197,1,295502.89,3,34,bed,1
0118171_neurosketch,33,furniture,bed,228,198,1,295502.89,3,34,bed,0
0118171_neurosketch,33,furniture,bed,228,199,1,295502.89,3,34,bed,0
0118171_neurosketch,33,furniture,bed,228,200,1,295502.89,3,34,bed,0
0118171_neurosketch,33,2,chair,229,201,0,301502.62,3,5,chair,1
0118171_neurosketch,33,2,chair,229,202,0,301502.62,3,5,chair,0
0118171_neurosketch,33,2,chair,229,203,0,301502.62,3,5,chair,0
0118171_neurosketch,33,furniture,bench,230,204,1,306004.57,3,5,,1
0118171_neurosketch,33,furniture,bench,230,205,1,306004.57,3,5,,0
0118171_neurosketch,33,furniture,bench,230,206,1,306004.57,3,5,,0
0118171_neurosketch,33,furniture,bench,230,207,1,306004.57,3,5,,0
0118171_neurosketch,33,furniture,table,231,208,0,312002.77,3,24,table,1
0118171_neurosketch,33,furniture,table,231,209,0,312002.77,3,24,table,0
0118171_neurosketch,33,furniture,table,231,210,0,312002.77,3,24,table,0
0118171_neurosketch,33,furniture,chair,232,211,0,316502.96,3,20,chair,1
0118171_neurosketch,33,furniture,chair,232,212,0,316502.96,3,20,chair,0
0118171_neurosketch,33,furniture,chair,232,213,0,316502.96,3,20,chair,0
0118171_neurosketch,33,furniture,bench,233,214,1,321003.91,3,37,bench,1
0118171_neurosketch,33,furniture,bench,233,215,1,321003.91,3,37,bench,0
0118171_neurosketch,33,furniture,bench,233,216,1,321003.91,3,37,bench,0
0118171_neurosketch,33,furniture,table,234,217,0,325502.87,3,39,table,1
0118171_neurosketch,33,furniture,table,234,218,0,325502.87,3,39,table,0
0118171_neurosketch,33,furniture,bed,235,219,1,328501.87,3,5,bed,1
0118171_neurosketch,33,furniture,bed,235,220,1,328501.87,3,5,bed,0
0118171_neurosketch,33,furniture,bed,235,221,1,328501.87,3,5,bed,0
0118171_neurosketch,33,furniture,bed,235,222,1,328501.87,3,5,bed,0
0118171_neurosketch,33,furniture,bed,236,223,1,334501.57,3,16,bed,1
0118171_neurosketch,33,furniture,bed,236,224,1,334501.57,3,16,bed,0
0118171_neurosketch,33,furniture,bed,236,225,1,334501.57,3,16,bed,0
0118171_neurosketch,33,furniture,chair,237,226,0,339002.72,3,18,chair,1
0118171_neurosketch,33,furniture,chair,237,227,0,339002.72,3,18,chair,0
0118171_neurosketch,33,furniture,table,238,228,0,342002.52,3,16,chair,1
0118171_neurosketch,33,furniture,table,238,229,0,342002.52,3,16,chair,0
0118171_neurosketch,33,2,bench,239,230,1,345002.86,3,8,bench,1
0118171_neurosketch,33,2,bench,239,231,1,345002.86,3,8,bench,0
0118171_neurosketch,33,2,bench,239,232,1,345002.86,3,8,bench,0
0118171_neurosketch,33,2,bench,239,233,1,345002.86,3,8,bench,0
0118171_neurosketch,33,2,bench,239,234,1,345002.86,3,8,bench,0
0118171_neurosketch,33,2,bench,239,235,1,345002.86,3,8,bench,0
0118171_neurosketch,33,2,bench,239,236,1,345002.86,3,8,bench,0
0118171_neurosketch,33,2,bench,239,237,1,345002.86,3,8,bench,0
0118171_neurosketch,33,2,bench,239,238,1,345002.86,3,8,bench,0
0118171_neurosketch,33,2,bench,239,239,1,345002.86,3,8,bench,0
0118171_neurosketch,33,furniture,bed,240,0,-1,0.0,4,37,bed,0
0118171_neurosketch,33,furniture,bed,240,1,-1,0.0,4,37,bed,0
0118171_neurosketch,33,furniture,bed,240,2,-1,0.0,4,37,bed,0
0118171_neurosketch,33,furniture,bed,240,3,-1,0.0,4,37,bed,0
0118171_neurosketch,33,furniture,bed,240,4,-1,0.0,4,37,bed,0
0118171_neurosketch,33,furniture,bed,240,5,-1,0.0,4,37,bed,0
0118171_neurosketch,33,furniture,bed,240,6,-1,0.0,4,37,bed,0
0118171_neurosketch,33,furniture,bed,240,7,-1,0.0,4,37,bed,0
0118171_neurosketch,33,furniture,bed,240,8,1,12002.09,4,37,bed,1
0118171_neurosketch,33,furniture,bed,240,9,1,12002.09,4,37,bed,0
0118171_neurosketch,33,furniture,bed,240,10,1,12002.09,4,37,bed,0
0118171_neurosketch,33,furniture,bench,241,11,1,16501.96,4,18,bench,1
0118171_neurosketch,33,furniture,bench,241,12,1,16501.96,4,18,bench,0
0118171_neurosketch,33,furniture,chair,242,13,0,19501.38,4,17,chair,1
0118171_neurosketch,33,furniture,chair,242,14,0,19501.38,4,17,chair,0
0118171_neurosketch,33,furniture,chair,242,15,0,19501.38,4,17,chair,0
0118171_neurosketch,33,furniture,table,243,16,0,24002.04,4,28,table,1
0118171_neurosketch,33,furniture,table,243,17,0,24002.04,4,28,table,0
0118171_neurosketch,33,furniture,bed,244,18,1,27001.13,4,9,,1
0118171_neurosketch,33,furniture,bed,244,19,1,27001.13,4,9,,0
0118171_neurosketch,33,furniture,bed,244,20,1,27001.13,4,9,,0
0118171_neurosketch,33,furniture,bench,245,21,1,31501.15,4,2,bench,1
0118171_neurosketch,33,furniture,bench,245,22,1,31501.15,4,2,bench,0
0118171_neurosketch,33,furniture,table,246,23,0,34503.74,4,12,table,1
0118171_neurosketch,33,furniture,table,246,24,0,34503.74,4,12,table,0
0118171_neurosketch,33,furniture,table,246,25,0,34503.74,4,12,table,0
0118171_neurosketch,33,furniture,table,246,26,0,34503.74,4,12,table,0
0118171_neurosketch,33,furniture,chair,247,27,0,40502.29,4,6,chair,1
0118171_neurosketch,33,furniture,chair,247,28,0,40502.29,4,6,chair,0
0118171_neurosketch,33,furniture,chair,247,29,0,40502.29,4,6,chair,0
0118171_neurosketch,33,furniture,bench,248,30,1,45001.79,4,15,bench,1
0118171_neurosketch,33,furniture,bench,248,31,1,45001.79,4,15,bench,0
0118171_neurosketch,33,furniture,bench,248,32,1,45001.79,4,15,bench,0
0118171_neurosketch,33,2,chair,249,33,0,49501.56,4,23,chair,1
0118171_neurosketch,33,2,chair,249,34,0,49501.56,4,23,chair,0
0118171_neurosketch,33,2,chair,249,35,0,49501.56,4,23,chair,0
0118171_neurosketch,33,2,chair,249,36,0,49501.56,4,23,chair,0
0118171_neurosketch,33,furniture,table,250,37,0,55502.38,4,21,table,1
0118171_neurosketch,33,furniture,table,250,38,0,55502.38,4,21,table,0
0118171_neurosketch,33,furniture,bed,251,39,1,58501.65,4,13,bed,1
0118171_neurosketch,33,furniture,bed,251,40,1,58501.65,4,13,bed,0
0118171_neurosketch,33,furniture,chair,252,41,0,61504.15,4,29,chair,1
0118171_neurosketch,33,furniture,chair,252,42,0,61504.15,4,29,chair,0
0118171_neurosketch,33,furniture,chair,252,43,0,61504.15,4,29,chair,0
0118171_neurosketch,33,furniture,bench,253,44,1,66001.46,4,31,bench,1
0118171_neurosketch,33,furniture,bench,253,45,1,66001.46,4,31,bench,0
0118171_neurosketch,33,furniture,table,254,46,0,69002.1,4,33,chair,1
0118171_neurosketch,33,furniture,table,254,47,0,69002.1,4,33,chair,0
0118171_neurosketch,33,furniture,bed,255,48,1,72002.06,4,8,,1
0118171_neurosketch,33,furniture,bed,255,49,1,72002.06,4,8,,0
0118171_neurosketch,33,furniture,chair,256,50,0,75003.17,4,26,chair,1
0118171_neurosketch,33,furniture,chair,256,51,0,75003.17,4,26,chair,0
0118171_neurosketch,33,furniture,chair,256,52,0,75003.17,4,26,chair,0
0118171_neurosketch,33,furniture,chair,256,53,0,75003.17,4,26,chair,0
0118171_neurosketch,33,furniture,bed,257,54,1,81001.87,4,22,bed,1
0118171_neurosketch,33,furniture,bed,257,55,1,81001.87,4,22,bed,0
0118171_neurosketch,33,furniture,bench,258,56,1,84002.88,4,17,bench,1
0118171_neurosketch,33,furniture,bench,258,57,1,84002.88,4,17,bench,0
0118171_neurosketch,33,furniture,bench,258,58,1,84002.88,4,17,bench,0
0118171_neurosketch,33,furniture,bench,258,59,1,84002.88,4,17,bench,0
0118171_neurosketch,33,2,table,259,60,0,90002.49,4,3,table,1
0118171_neurosketch,33,2,table,259,61,0,90002.49,4,3,table,0
0118171_neurosketch,33,2,table,259,62,0,90002.49,4,3,table,0
0118171_neurosketch,33,furniture,table,260,63,0,94501.97,4,5,table,1
0118171_neurosketch,33,furniture,table,260,64,0,94501.97,4,5,table,0
0118171_neurosketch,33,furniture,bench,261,65,1,97502.4,4,28,bed,1
0118171_neurosketch,33,furniture,bench,261,66,1,97502.4,4,28,bed,0
0118171_neurosketch,33,furniture,bench,261,67,1,97502.4,4,28,bed,0
0118171_neurosketch,33,furniture,bench,261,68,1,97502.4,4,28,bed,0
0118171_neurosketch,33,furniture,chair,262,69,0,103501.73,4,7,chair,1
0118171_neurosketch,33,furniture,chair,262,70,0,103501.73,4,7,chair,0
0118171_neurosketch,33,furniture,chair,262,71,0,103501.73,4,7,chair,0
0118171_neurosketch,33,furniture,bed,263,72,1,108002.61,4,4,,1
0118171_neurosketch,33,furniture,bed,263,73,1,108002.61,4,4,,0
0118171_neurosketch,33,furniture,chair,264,74,0,111002.62,4,27,chair,1
0118171_neurosketch,33,furniture,chair,264,75,0,111002.62,4,27,chair,0
0118171_neurosketch,33,furniture,chair,264,76,0,111002.62,4,27,chair,0
0118171_neurosketch,33,furniture,table,265,77,0,115502.21,4,18,table,1
0118171_neurosketch,33,furniture,table,265,78,0,115502.21,4,18,table,0
0118171_neurosketch,33,furniture,table,265,79,0,115502.21,4,18,table,0
0118171_neurosketch,33,furniture,bed,266,80,1,120002.63,4,12,,1
0118171_neurosketch,33,furniture,bed,266,81,1,120002.63,4,12,,0
0118171_neurosketch,33,furniture,bench,267,82,1,123003.27,4,26,,1
0118171_neurosketch,33,furniture,bench,267,83,1,123003.27,4,26,,0
0118171_neurosketch,33,furniture,bench,267,84,1,123003.27,4,26,,0
0118171_neurosketch,33,furniture,bed,268,85,1,127503.22,4,31,bed,1
0118171_neurosketch,33,furniture,bed,268,86,1,127503.22,4,31,bed,0
0118171_neurosketch,33,furniture,bed,268,87,1,127503.22,4,31,bed,0
0118171_neurosketch,33,furniture,bed,268,88,1,127503.22,4,31,bed,0
0118171_neurosketch,33,2,chair,269,89,0,133504.08,4,12,chair,1
0118171_neurosketch,33,2,chair,269,90,0,133504.08,4,12,chair,0
0118171_neurosketch,33,2,chair,269,91,0,133504.08,4,12,chair,0
0118171_neurosketch,33,furniture,bench,270,92,1,138003.88,4,38,bench,1
0118171_neurosketch,33,furniture,bench,270,93,1,138003.88,4,38,bench,0
0118171_neurosketch,33,furniture,bench,270,94,1,138003.88,4,38,bench,0
0118171_neurosketch,33,furniture,bench,270,95,1,138003.88,4,38,bench,0
0118171_neurosketch,33,furniture,table,271,96,0,144002.78,4,26,table,1
0118171_neurosketch,33,furniture,table,271,97,0,144002.78,4,26,table,0
0118171_neurosketch,33,furniture,table,271,98,0,144002.78,4,26,table,0
0118171_neurosketch,33,furniture,chair,272,99,0,148502.51,4,0,,1
0118171_neurosketch,33,furniture,chair,272,100,0,148502.51,4,0,,0
0118171_neurosketch,33,furniture,chair,272,101,0,148502.51,4,0,,0
0118171_neurosketch,33,furniture,bed,273,102,1,153004.62,4,3,,1
0118171_neurosketch,33,furniture,bed,273,103,1,153004.62,4,3,,0
0118171_neurosketch,33,furniture,bed,273,104,1,153004.62,4,3,,0
0118171_neurosketch,33,furniture,bench,274,105,1,157503.33,4,10,bench,1
0118171_neurosketch,33,furniture,bench,274,106,1,157503.33,4,10,bench,0
0118171_neurosketch,33,furniture,table,275,107,0,160501.85,4,37,table,1
0118171_neurosketch,33,furniture,table,275,108,0,160501.85,4,37,table,0
0118171_neurosketch,33,furniture,table,275,109,0,160501.85,4,37,table,0
0118171_neurosketch,33,furniture,table,275,110,0,160501.85,4,37,table,0
0118171_neurosketch,33,furniture,chair,276,111,0,166502.12,4,28,chair,1
0118171_neurosketch,33,furniture,chair,276,112,0,166502.12,4,28,chair,0
0118171_neurosketch,33,furniture,chair,276,113,0,166502.12,4,28,chair,0
0118171_neurosketch,33,furniture,bench,277,114,1,171002.76,4,32,bench,1
0118171_neurosketch,33,furniture,bench,277,115,1,171002.76,4,32,bench,0
0118171_neurosketch,33,furniture,bed,278,116,1,174003.04,4,33,bed,1
0118171_neurosketch,33,furniture,bed,278,117,1,174003.04,4,33,bed,0
0118171_neurosketch,33,2,table,279,118,0,177002.49,4,32,table,1
0118171_neurosketch,33,2,table,279,119,0,177002.49,4,32,table,0
0118171_neurosketch,33,furniture,chair,280,120,0,180003.21,4,33,,1
0118171_neurosketch,33,furniture,chair,280,121,0,180003.21,4,33,,0
0118171_neurosketch,33,furniture,chair,280,122,0,180003.21,4,33,,0
0118171_neurosketch,33,furniture,table,281,123,0,184502.57,4,31,table,1
0118171_neurosketch,33,furniture,table,281,124,0,184502.57,4,31,table,0
0118171_neurosketch,33,furniture,bench,282,125,1,187502.86,4,36,bench,1
0118171_neurosketch,33,furniture,bench,282,126,1,187502.86,4,36,bench,0
0118171_neurosketch,33,furniture,bench,282,127,1,187502.86,4,36,bench,0
0118171_neurosketch,33,furniture,bed,283,128,1,192002.52,4,0,,1
0118171_neurosketch,33,furniture,bed,283,129,1,192002.52,4,0,,0
0118171_neurosketch,33,furniture,bed,284,130,1,195002.61,4,27,bed,1
0118171_neurosketch,33,furniture,bed,284,131,1,195002.61,4,27,bed,0
0118171_neurosketch,33,furniture,bed,284,132,1,195002.61,4,27,bed,0
0118171_neurosketch,33,furniture,table,285,133,0,199502.87,4,7,,1
0118171_neurosketch,33,furniture,table,285,134,0,199502.87,4,7,,0
0118171_neurosketch,33,furniture,chair,286,135,0,202502.37,4,35,chair,1
0118171_neurosketch,33,furniture,chair,286,136,0,202502.37,4,35,chair,0
0118171_neurosketch,33,furniture,chair,286,137,0,202502.37,4,35,chair,0
0118171_neurosketch,33,furniture,chair,286,138,0,202502.37,4,35,chair,0
0118171_neurosketch,33,furniture,bench,287,139,1,208502.16,4,30,bench,1
0118171_neurosketch,33,furniture,bench,287,140,1,208502.16,4,30,bench,0
0118171_neurosketch,33,furniture,bench,287,141,1,208502.16,4,30,bench,0
0118171_neurosketch,33,furniture,table,288,142,0,213002.56,4,20,table,1
0118171_neurosketch,33,furniture,table,288,143,0,213002.56,4,20,table,0
0118171_neurosketch,33,furniture,table,288,144,0,213002.56,4,20,table,0
0118171_neurosketch,33,2,bench,289,145,1,217502.96,4,6,bench,1
0118171_neurosketch,33,2,bench,289,146,1,217502.96,4,6,bench,0
0118171_neurosketch,33,2,bench,289,147,1,217502.96,4,6,bench,0
0118171_neurosketch,33,2,bench,289,148,1,217502.96,4,6,bench,0
0118171_neurosketch,33,furniture,bed,290,149,1,223502.45,4,7,bed,1
0118171_neurosketch,33,furniture,bed,290,150,1,223502.45,4,7,bed,0
0118171_neurosketch,33,furniture,chair,291,151,0,226502.32,4,24,chair,1
0118171_neurosketch,33,furniture,chair,291,152,0,226502.32,4,24,chair,0
0118171_neurosketch,33,furniture,bench,292,153,1,229502.47,4,29,,1
0118171_neurosketch,33,furniture,bench,292,154,1,229502.47,4,29,,0
0118171_neurosketch,33,furniture,bench,292,155,1,229502.47,4,29,,0
0118171_neurosketch,33,furniture,chair,293,156,0,234002.94,4,14,chair,1
0118171_neurosketch,33,furniture,chair,293,157,0,234002.94,4,14,chair,0
0118171_neurosketch,33,furniture,bed,294,158,1,237002.65,4,32,bed,1
0118171_neurosketch,33,furniture,bed,294,159,1,237002.65,4,32,bed,0
0118171_neurosketch,33,furniture,table,295,160,0,240002.91,4,11,table,1
0118171_neurosketch,33,furniture,table,295,161,0,240002.91,4,11,table,0
0118171_neurosketch,33,furniture,bench,296,162,1,243002.23,4,22,bench,1
0118171_neurosketch,33,furniture,bench,296,163,1,243002.23,4,22,bench,0
0118171_neurosketch,33,furniture,bench,296,164,1,243002.23,4,22,bench,0
0118171_neurosketch,33,furniture,bench,296,165,1,243002.23,4,22,bench,0
0118171_neurosketch,33,furniture,table,297,166,0,249002.94,4,29,table,1
0118171_neurosketch,33,furniture,table,297,167,0,249002.94,4,29,table,0
0118171_neurosketch,33,furniture,chair,298,168,0,252001.65,4,16,chair,1
0118171_neurosketch,33,furniture,chair,298,169,0,252001.65,4,16,chair,0
0118171_neurosketch,33,furniture,chair,298,170,0,252001.65,4,16,chair,0
0118171_neurosketch,33,furniture,chair,298,171,0,252001.65,4,16,chair,0
0118171_neurosketch,33,2,bed,299,172,1,258003.02,4,20,bed,1
0118171_neurosketch,33,2,bed,299,173,1,258003.02,4,20,bed,0
0118171_neurosketch,33,2,bed,299,174,1,258003.02,4,20,bed,0
0118171_neurosketch,33,furniture,chair,300,175,0,262502.19,4,8,,1
0118171_neurosketch,33,furniture,chair,300,176,0,262502.19,4,8,,0
0118171_neurosketch,33,furniture,table,301,177,0,265502.85,4,34,,1
0118171_neurosketch,33,furniture,table,301,178,0,265502.85,4,34,,0
0118171_neurosketch,33,furniture,table,301,179,0,265502.85,4,34,,0
0118171_neurosketch,33,furniture,table,301,180,0,265502.85,4,34,,0
0118171_neurosketch,33,furniture,bed,302,181,1,271503.36,4,38,bed,1
0118171_neurosketch,33,furniture,bed,302,182,1,271503.36,4,38,bed,0
0118171_neurosketch,33,furniture,bed,302,183,1,271503.36,4,38,bed,0
0118171_neurosketch,33,furniture,bench,303,184,1,276003.22,4,25,,1
0118171_neurosketch,33,furniture,bench,303,185,1,276003.22,4,25,,0
0118171_neurosketch,33,furniture,table,304,186,0,279002.42,4,36,,1
0118171_neurosketch,33,furniture,table,304,187,0,279002.42,4,36,,0
0118171_neurosketch,33,furniture,table,304,188,0,279002.42,4,36,,0
0118171_neurosketch,33,furniture,chair,305,189,0,283502.84,4,22,,1
0118171_neurosketch,33,furniture,chair,305,190,0,283502.84,4,22,,0
0118171_neurosketch,33,furniture,chair,305,191,0,283502.84,4,22,,0
0118171_neurosketch,33,furniture,bed,306,192,1,288003.09,4,19,bed,1
0118171_neurosketch,33,furniture,bed,306,193,1,288003.09,4,19,bed,0
0118171_neurosketch,33,furniture,bench,307,194,1,291002.77,4,0,,1
0118171_neurosketch,33,furniture,bench,307,195,1,291002.77,4,0,,0
0118171_neurosketch,33,furniture,bench,307,196,1,291002.77,4,0,,0
0118171_neurosketch,33,furniture,chair,308,197,0,295502.19,4,1,chair,1
0118171_neurosketch,33,furniture,chair,308,198,0,295502.19,4,1,chair,0
0118171_neurosketch,33,furniture,chair,308,199,0,295502.19,4,1,chair,0
0118171_neurosketch,33,furniture,chair,308,200,0,295502.19,4,1,chair,0
0118171_neurosketch,33,2,table,309,201,0,301502.51,4,8,table,1
0118171_neurosketch,33,2,table,309,202,0,301502.51,4,8,table,0
0118171_neurosketch,33,2,table,309,203,0,301502.51,4,8,table,0
0118171_neurosketch,33,furniture,bench,310,204,1,306003.88,4,39,bench,1
0118171_neurosketch,33,furniture,bench,310,205,1,306003.88,4,39,bench,0
0118171_neurosketch,33,furniture,bench,310,206,1,306003.88,4,39,bench,0
0118171_neurosketch,33,furniture,bench,310,207,1,306003.88,4,39,bench,0
0118171_neurosketch,33,furniture,bed,311,208,1,312001.58,4,21,bed,1
0118171_neurosketch,33,furniture,bed,311,209,1,312001.58,4,21,bed,0
0118171_neurosketch,33,furniture,bed,311,210,1,312001.58,4,21,bed,0
0118171_neurosketch,33,furniture,table,312,211,0,316502.49,4,22,table,1
0118171_neurosketch,33,furniture,table,312,212,0,316502.49,4,22,table,0
0118171_neurosketch,33,furniture,table,312,213,0,316502.49,4,22,table,0
0118171_neurosketch,33,furniture,bed,313,214,1,321003.1,4,28,,1
0118171_neurosketch,33,furniture,bed,313,215,1,321003.1,4,28,,0
0118171_neurosketch,33,furniture,bed,313,216,1,321003.1,4,28,,0
0118171_neurosketch,33,furniture,bench,314,217,1,325502.88,4,13,bench,1
0118171_neurosketch,33,furniture,bench,314,218,1,325502.88,4,13,bench,0
0118171_neurosketch,33,furniture,chair,315,219,0,328502.34,4,4,,1
0118171_neurosketch,33,furniture,chair,315,220,0,328502.34,4,4,,0
0118171_neurosketch,33,furniture,chair,315,221,0,328502.34,4,4,,0
0118171_neurosketch,33,furniture,chair,315,222,0,328502.34,4,4,,0
0118171_neurosketch,33,furniture,table,316,223,0,334502.49,4,38,table,1
0118171_neurosketch,33,furniture,table,316,224,0,334502.49,4,38,table,0
0118171_neurosketch,33,furniture,table,316,225,0,334502.49,4,38,table,0
0118171_neurosketch,33,furniture,bench,317,226,1,339004.89,4,4,bench,1
0118171_neurosketch,33,furniture,bench,317,227,1,339004.89,4,4,bench,0
0118171_neurosketch,33,furniture,chair,318,228,0,342002.77,4,39,,1
0118171_neurosketch,33,furniture,chair,318,229,0,342002.77,4,39,,0
0118171_neurosketch,33,2,bed,319,230,1,345002.7,4,29,bed,1
0118171_neurosketch,33,2,bed,319,231,1,345002.7,4,29,bed,0
0118171_neurosketch,33,2,bed,319,232,1,345002.7,4,29,bed,0
0118171_neurosketch,33,2,bed,319,233,1,345002.7,4,29,bed,0
0118171_neurosketch,33,2,bed,319,234,1,345002.7,4,29,bed,0
0118171_neurosketch,33,2,bed,319,235,1,345002.7,4,29,bed,0
0118171_neurosketch,33,2,bed,319,236,1,345002.7,4,29,bed,0
0118171_neurosketch,33,2,bed,319,237,1,345002.7,4,29,bed,0
0118171_neurosketch,33,2,bed,319,238,1,345002.7,4,29,bed,0
0118171_neurosketch,33,2,bed,319,239,1,345002.7,4,29,bed,0
0118171_neurosketch,33,furniture,bed,360,0,-1,0.0,9,29,,0
0118171_neurosketch,33,furniture,bed,360,1,-1,0.0,9,29,,0
0118171_neurosketch,33,furniture,bed,360,2,-1,0.0,9,29,,0
0118171_neurosketch,33,furniture,bed,360,3,-1,0.0,9,29,,0
0118171_neurosketch,33,furniture,bed,360,4,-1,0.0,9,29,,0
0118171_neurosketch,33,furniture,bed,360,5,-1,0.0,9,29,,0
0118171_neurosketch,33,furniture,bed,360,6,-1,0.0,9,29,,0
0118171_neurosketch,33,furniture,bed,360,7,-1,0.0,9,29,,0
0118171_neurosketch,33,furniture,bed,360,8,1,12003.5,9,29,,1
0118171_neurosketch,33,furniture,bed,360,9,1,12003.5,9,29,,0
0118171_neurosketch,33,furniture,bed,360,10,1,12003.5,9,29,,0
0118171_neurosketch,33,furniture,chair,361,11,0,16502.13,9,39,chair,1
0118171_neurosketch,33,furniture,chair,361,12,0,16502.13,9,39,chair,0
0118171_neurosketch,33,furniture,bench,362,13,1,19502.81,9,4,bench,1
0118171_neurosketch,33,furniture,bench,362,14,1,19502.81,9,4,bench,0
0118171_neurosketch,33,furniture,bench,362,15,1,19502.81,9,4,bench,0
0118171_neurosketch,33,furniture,table,363,16,0,24001.49,9,38,,1
0118171_neurosketch,33,furniture,table,363,17,0,24001.49,9,38,,0
0118171_neurosketch,33,furniture,chair,364,18,0,27004.15,9,4,chair,1
0118171_neurosketch,33,furniture,chair,364,19,0,27004.15,9,4,chair,0
0118171_neurosketch,33,furniture,chair,364,20,0,27004.15,9,4,chair,0
0118171_neurosketch,33,furniture,bench,365,21,1,31501.45,9,13,bench,1
0118171_neurosketch,33,furniture,bench,365,22,1,31501.45,9,13,bench,0
0118171_neurosketch,33,furniture,bed,366,23,1,34501.99,9,28,bed,1
0118171_neurosketch,33,furniture,bed,366,24,1,34501.99,9,28,bed,0
0118171_neurosketch,33,furniture,bed,366,25,1,34501.99,9,28,bed,0
0118171_neurosketch,33,furniture,bed,366,26,1,34501.99,9,28,bed,0
0118171_neurosketch,33,furniture,table,367,27,0,40503.18,9,22,table,1
0118171_neurosketch,33,furniture,table,367,28,0,40503.18,9,22,table,0
0118171_neurosketch,33,furniture,table,367,29,0,40503.18,9,22,table,0
0118171_neurosketch,33,furniture,bed,368,30,1,45002.33,9,21,bed,1
0118171_neurosketch,33,furniture,bed,368,31,1,45002.33,9,21,bed,0
0118171_neurosketch,33,furniture,bed,368,32,1,45002.33,9,21,bed,0
0118171_neurosketch,33,2,bench,369,33,1,49502.78,9,39,bench,1
0118171_neurosketch,33,2,bench,369,34,1,49502.78,9,39,bench,0
0118171_neurosketch,33,2,bench,369,35,1,49502.78,9,39,bench,0
0118171_neurosketch,33,2,bench,369,36,1,49502.78,9,39,bench,0
0118171_neurosketch,33,furniture,table,370,37,0,55502.14,9,8,table,1
0118171_neurosketch,33,furniture,table,370,38,0,55502.14,9,8,table,0
0118171_neurosketch,33,furniture,chair,371,39,0,58501.97,9,1,chair,1
0118171_neurosketch,33,furniture,chair,371,40,0,58501.97,9,1,chair,0
0118171_neurosketch,33,furniture,bench,372,41,1,61502.75,9,0,bench,1
0118171_neurosketch,33,furniture,bench,372,42,1,61502.75,9,0,bench,0
0118171_neurosketch,33,furniture,bench,372,43,1,61502.75,9,0,bench,0
0118171_neurosketch,33,furniture,bed,373,44,1,66002.08,9,19,bed,1
0118171_neurosketch,33,furniture,bed,373,45,1,66002.08,9,19,bed,0
0118171_neurosketch,33,furniture,chair,374,46,0,69001.98,9,22,table,1
0118171_neurosketch,33,furniture,chair,374,47,0,69001.98,9,22,table,0
0118171_neurosketch,33,furniture,table,375,48,0,72002.39,9,36,table,1
0118171_neurosketch,33,furniture,table,375,49,0,72002.39,9,36,table,0
0118171_neurosketch,33,furniture,bench,376,50,1,75002.24,9,25,bench,1
0118171_neurosketch,33,furniture,bench,376,51,1,75002.24,9,25,bench,0
0118171_neurosketch,33,furniture,bench,376,52,1,75002.24,9,25,bench,0
0118171_neurosketch,33,furniture,bench,376,53,1,75002.24,9,25,bench,0
0118171_neurosketch,33,furniture,bed,377,54,1,81004.27,9,38,bed,1
0118171_neurosketch,33,furniture,bed,377,55,1,81004.27,9,38,bed,0
0118171_neurosketch,33,furniture,table,378,56,0,84001.91,9,34,table,1
0118171_neurosketch,33,furniture,table,378,57,0,84001.91,9,34,table,0
0118171_neurosketch,33,furniture,table,378,58,0,84001.91,9,34,table,0
0118171_neurosketch,33,furniture,table,378,59,0,84001.91,9,34,table,0
0118171_neurosketch,33,2,chair,379,60,0,90002.63,9,8,chair,1
0118171_neurosketch,33,2,chair,379,61,0,90002.63,9,8,chair,0
0118171_neurosketch,33,2,chair,379,62,0,90002.63,9,8,chair,0
0118171_neurosketch,33,furniture,bed,380,63,1,94502.74,9,20,bed,1
0118171_neurosketch,33,furniture,bed,380,64,1,94502.74,9,20,bed,0
0118171_neurosketch,33,furniture,chair,381,65,0,97502.43,9,16,chair,1
0118171_neurosketch,33,furniture,chair,381,66,0,97502.43,9,16,chair,0
0118171_neurosketch,33,furniture,chair,381,67,0,97502.43,9,16,chair,0
0118171_neurosketch,33,furniture,chair,381,68,0,97502.43,9,16,chair,0
0118171_neurosketch,33,furniture,table,382,69,0,103501.85,9,29,table,1
0118171_neurosketch,33,furniture,table,382,70,0,103501.85,9,29,table,0
0118171_neurosketch,33,furniture,table,382,71,0,103501.85,9,29,table,0
0118171_neurosketch,33,furniture,bench,383,72,1,108002.48,9,22,bed,1
0118171_neurosketch,33,furniture,bench,383,73,1,108002.48,9,22,bed,0
0118171_neurosketch,33,furniture,table,384,74,0,111004.43,9,11,table,1
0118171_neurosketch,33,furniture,table,384,75,0,111004.43,9,11,table,0
0118171_neurosketch,33,furniture,table,384,76,0,111004.43,9,11,table,0
0118171_neurosketch,33,furniture,bed,385,77,1,115502.02,9,32,bed,1
0118171_neurosketch,33,furniture,bed,385,78,1,115502.02,9,32,bed,0
0118171_neurosketch,33,furniture,bed,385,79,1,115502.02,9,32,bed,0
0118171_neurosketch,33,furniture,chair,386,80,0,120003.17,9,14,chair,1
0118171_neurosketch,33,furniture,chair,386,81,0,120003.17,9,14,chair,0
0118171_neurosketch,33,furniture,bench,387,82,1,123002.03,9,29,bench,1
0118171_neurosketch,33,furniture,bench,387,83,1,123002.03,9,29,bench,0
0118171_neurosketch,33,furniture,bench,387,84,1,123002.03,9,29,bench,0
0118171_neurosketch,33,furniture,chair,388,85,0,127502.76,9,24,chair,1
0118171_neurosketch,33,furniture,chair,388,86,0,127502.76,9,24,chair,0
0118171_neurosketch,33,furniture,chair,388,87,0,127502.76,9,24,chair,0
0118171_neurosketch,33,furniture,chair,388,88,0,127502.76,9,24,chair,0
0118171_neurosketch,33,2,bed,389,89,1,133502.93,9,7,,1
0118171_neurosketch,33,2,bed,389,90,1,133502.93,9,7,,0
0118171_neurosketch,33,2,bed,389,91,1,133502.93,9,7,,0
0118171_neurosketch,33,furniture,bench,390,92,1,138002.96,9,6,bench,1
0118171_neurosketch,33,furniture,bench,390,93,1,138002.96,9,6,bench,0
0118171_neurosketch,33,furniture,bench,390,94,1,138002.96,9,6,bench,0
0118171_neurosketch,33,furniture,bench,390,95,1,138002.96,9,6,bench,0
0118171_neurosketch,33,furniture,table,391,96,0,144002.77,9,20,table,1
0118171_neurosketch,33,furniture,table,391,97,0,144002.77,9,20,table,0
0118171_neurosketch,33,furniture,table,391,98,0,144002.77,9,20,table,0
0118171_neurosketch,33,furniture,bench,392,99,1,148502.04,9,30,bench,1
0118171_neurosketch,33,furniture,bench,392,100,1,148502.04,9,30,bench,0
0118171_neurosketch,33,furniture,bench,392,101,1,148502.04,9,30,bench,0
0118171_neurosketch,33,furniture,chair,393,102,0,153002.05,9,35,,1
0118171_neurosketch,33,furniture,chair,393,103,0,153002.05,9,35,,0
0118171_neurosketch,33,furniture,chair,393,104,0,153002.05,9,35,,0
0118171_neurosketch,33,furniture,table,394,105,0,157502.81,9,7,table,1
0118171_neurosketch,33,furniture,table,394,106,0,157502.81,9,7,table,0
0118171_neurosketch,33,furniture,bed,395,107,1,160502.4,9,27,bed,1
0118171_neurosketch,33,furniture,bed,395,108,1,160502.4,9,27,bed,0
0118171_neurosketch,33,furniture,bed,395,109,1,160502.4,9,27,bed,0
0118171_neurosketch,33,furniture,bed,395,110,1,160502.4,9,27,bed,0
0118171_neurosketch,33,furniture,bed,396,111,1,166503.09,9,0,bed,1
0118171_neurosketch,33,furniture,bed,396,112,1,166503.09,9,0,bed,0
0118171_neurosketch,33,furniture,bed,396,113,1,166503.09,9,0,bed,0
0118171_neurosketch,33,furniture,bench,397,114,1,171003.6,9,36,bench,1
0118171_neurosketch,33,furniture,bench,397,115,1,171003.6,9,36,bench,0
0118171_neurosketch,33,furniture,table,398,116,0,174002.71,9,31,table,1
0118171_neurosketch,33,furniture,table,398,117,0,174002.71,9,31,table,0
0118171_neurosketch,33,2,chair,399,118,0,177003.32,9,33,chair,1
0118171_neurosketch,33,2,chair,399,119,0,177003.32,9,33,chair,0
0118171_neurosketch,33,furniture,table,400,120,0,180002.89,9,32,table,1
0118171_neurosketch,33,furniture,table,400,121,0,180002.89,9,32,table,0
0118171_neurosketch,33,furniture,table,400,122,0,180002.89,9,32,table,0
0118171_neurosketch,33,furniture,bed,401,123,1,184502.64,9,33,bed,1
0118171_neurosketch,33,furniture,bed,401,124,1,184502.64,9,33,bed,0
0118171_neurosketch,33,furniture,bench,402,125,1,187504.13,9,32,bench,1
0118171_neurosketch,33,furniture,bench,402,126,1,187504.13,9,32,bench,0
0118171_neurosketch,33,furniture,bench,402,127,1,187504.13,9,32,bench,0
0118171_neurosketch,33,furniture,chair,403,128,0,192003.13,9,28,table,1
0118171_neurosketch,33,furniture,chair,403,129,0,192003.13,9,28,table,0
0118171_neurosketch,33,furniture,table,404,130,0,195002.34,9,37,table,1
0118171_neurosketch,33,furniture,table,404,131,0,195002.34,9,37,table,0
0118171_neurosketch,33,furniture,table,404,132,0,195002.34,9,37,table,0
0118171_neurosketch,33,furniture,bench,405,133,1,199502.62,9,10,bench,1
0118171_neurosketch,33,furniture,bench,405,134,1,199502.62,9,10,bench,0
0118171_neurosketch,33,furniture,bed,406,135,1,202502.8,9,3,bed,1
0118171_neurosketch,33,furniture,bed,406,136,1,202502.8,9,3,bed,0
0118171_neurosketch,33,furniture,bed,406,137,1,202502.8,9,3,bed,0
0118171_neurosketch,33,furniture,bed,406,138,1,202502.8,9,3,bed,0
0118171_neurosketch,33,furniture,chair,407,139,0,208502.43,9,0,chair,1
0118171_neurosketch,33,furniture,chair,407,140,0,208502.43,9,0,chair,0
0118171_neurosketch,33,furniture,chair,407,141,0,208502.43,9,0,chair,0
0118171_neurosketch,33,furniture,table,408,142,0,213003.21,9,26,table,1
0118171_neurosketch,33,furniture,table,408,143,0,213003.21,9,26,table,0
0118171_neurosketch,33,furniture,table,408,144,0,213003.21,9,26,table,0
0118171_neurosketch,33,2,bench,409,145,1,217502.61,9,38,bench,1
0118171_neurosketch,33,2,bench,409,146,1,217502.61,9,38,bench,0
0118171_neurosketch,33,2,bench,409,147,1,217502.61,9,38,bench,0
0118171_neurosketch,33,2,bench,409,148,1,217502.61,9,38,bench,0
0118171_neurosketch,33,furniture,chair,410,149,0,223502.74,9,12,chair,1
0118171_neurosketch,33,furniture,chair,410,150,0,223502.74,9,12,chair,0
0118171_neurosketch,33,furniture,bed,411,151,1,226502.77,9,31,bed,1
0118171_neurosketch,33,furniture,bed,411,152,1,226502.77,9,31,bed,0
0118171_neurosketch,33,furniture,bench,412,153,1,229502.76,9,26,bench,1
0118171_neurosketch,33,furniture,bench,412,154,1,229502.76,9,26,bench,0
0118171_neurosketch,33,furniture,bench,412,155,1,229502.76,9,26,bench,0
0118171_neurosketch,33,furniture,bed,413,156,1,234002.44,9,12,bed,1
0118171_neurosketch,33,furniture,bed,413,157,1,234002.44,9,12,bed,0
0118171_neurosketch,33,furniture,table,414,158,0,237002.91,9,18,table,1
0118171_neurosketch,33,furniture,table,414,159,0,237002.91,9,18,table,0
0118171_neurosketch,33,furniture,chair,415,160,0,240002.14,9,27,chair,1
0118171_neurosketch,33,furniture,chair,415,161,0,240002.14,9,27,chair,0
0118171_neurosketch,33,furniture,bed,416,162,1,243002.2,9,4,bed,1
0118171_neurosketch,33,furniture,bed,416,163,1,243002.2,9,4,bed,0
0118171_neurosketch,33,furniture,bed,416,164,1,243002.2,9,4,bed,0
0118171_neurosketch,33,furniture,bed,416,165,1,243002.2,9,4,bed,0
0118171_neurosketch,33,furniture,chair,417,166,0,249002.18,9,7,chair,1
0118171_neurosketch,33,furniture,chair,417,167,0,249002.18,9,7,chair,0
0118171_neurosketch,33,furniture,bench,418,168,1,252002.62,9,28,bench,1
0118171_neurosketch,33,furniture,bench,418,169,1,252002.62,9,28,bench,0
0118171_neurosketch,33,furniture,bench,418,170,1,252002.62,9,28,bench,0
0118171_neurosketch,33,furniture,bench,418,171,1,252002.62,9,28,bench,0
0118171_neurosketch,33,2,table,419,172,0,258002.31,9,5,,1
0118171_neurosketch,33,2,table,419,173,0,258002.31,9,5,,0
0118171_neurosketch,33,2,table,419,174,0,258002.31,9,5,,0
0118171_neurosketch,33,furniture,table,420,175,0,262502.8,9,3,table,1
0118171_neurosketch,33,furniture,table,420,176,0,262502.8,9,3,table,0
0118171_neurosketch,33,furniture,bench,421,177,1,265503.19,9,17,bench,1
0118171_neurosketch,33,furniture,bench,421,178,1,265503.19,9,17,bench,0
0118171_neurosketch,33,furniture,bench,421,179,1,265503.19,9,17,bench,0
0118171_neurosketch,33,furniture,bench,421,180,1,265503.19,9,17,bench,0
0118171_neurosketch,33,furniture,bed,422,181,1,271502.65,9,22,bed,1
0118171_neurosketch,33,furniture,bed,422,182,1,271502.65,9,22,bed,0
0118171_neurosketch,33,furniture,bed,422,183,1,271502.65,9,22,bed,0
0118171_neurosketch,33,furniture,chair,423,184,0,276002.73,9,26,chair,1
0118171_neurosketch,33,furniture,chair,423,185,0,276002.73,9,26,chair,0
0118171_neurosketch,33,furniture,bed,424,186,1,279002.28,9,8,bed,1
0118171_neurosketch,33,furniture,bed,424,187,1,279002.28,9,8,bed,0
0118171_neurosketch,33,furniture,bed,424,188,1,279002.28,9,8,bed,0
0118171_neurosketch,33,furniture,table,425,189,0,283502.74,9,33,table,1
0118171_neurosketch,33,furniture,table,425,190,0,283502.74,9,33,table,0
0118171_neurosketch,33,furniture,table,425,191,0,283502.74,9,33,table,0
0118171_neurosketch,33,furniture,bench,426,192,1,288002.83,9,31,bench,1
0118171_neurosketch,33,furniture,bench,426,193,1,288002.83,9,31,bench,0
0118171_neurosketch,33,furniture,chair,427,194,0,291002.62,9,29,chair,1
0118171_neurosketch,33,furniture,chair,427,195,0,291002.62,9,29,chair,0
0118171_neurosketch,33,furniture,chair,427,196,0,291002.62,9,29,chair,0
0118171_neurosketch,33,furniture,bed,428,197,1,295502.62,9,13,bed,1
0118171_neurosketch,33,furniture,bed,428,198,1,295502.62,9,13,bed,0
0118171_neurosketch,33,furniture,bed,428,199,1,295502.62,9,13,bed,0
0118171_neurosketch,33,furniture,bed,428,200,1,295502.62,9,13,bed,0
0118171_neurosketch,33,2,table,429,201,0,301502.16,9,21,table,1
0118171_neurosketch,33,2,table,429,202,0,301502.16,9,21,table,0
0118171_neurosketch,33,2,table,429,203,0,301502.16,9,21,table,0
0118171_neurosketch,33,furniture,chair,430,204,0,306003.1,9,23,chair,1
0118171_neurosketch,33,furniture,chair,430,205,0,306003.1,9,23,chair,0
0118171_neurosketch,33,furniture,chair,430,206,0,306003.1,9,23,chair,0
0118171_neurosketch,33,furniture,chair,430,207,0,306003.1,9,23,chair,0
0118171_neurosketch,33,furniture,bench,431,208,1,312002.88,9,15,bench,1
0118171_neurosketch,33,furniture,bench,431,209,1,312002.88,9,15,bench,0
0118171_neurosketch,33,furniture,bench,431,210,1,312002.88,9,15,bench,0
0118171_neurosketch,33,furniture,chair,432,211,0,316502.73,9,6,chair,1
0118171_neurosketch,33,furniture,chair,432,212,0,316502.73,9,6,chair,0
0118171_neurosketch,33,furniture,chair,432,213,0,316502.73,9,6,chair,0
0118171_neurosketch,33,furniture,table,433,214,0,321002.6,9,12,table,1
0118171_neurosketch,33,furniture,table,433,215,0,321002.6,9,12,table,0
0118171_neurosketch,33,furniture,table,433,216,0,321002.6,9,12,table,0
0118171_neurosketch,33,furniture,bench,434,217,1,325502.76,9,2,bench,1
0118171_neurosketch,33,furniture,bench,434,218,1,325502.76,9,2,bench,0
0118171_neurosketch,33,furniture,bed,435,219,1,328502.94,9,9,bed,1
0118171_neurosketch,33,furniture,bed,435,220,1,328502.94,9,9,bed,0
0118171_neurosketch,33,furniture,bed,435,221,1,328502.94,9,9,bed,0
0118171_neurosketch,33,furniture,bed,435,222,1,328502.94,9,9,bed,0
0118171_neurosketch,33,furniture,table,436,223,0,334503.5,9,28,chair,1
0118171_neurosketch,33,furniture,table,436,224,0,334503.5,9,28,chair,0
0118171_neurosketch,33,furniture,table,436,225,0,334503.5,9,28,chair,0
0118171_neurosketch,33,furniture,chair,437,226,0,339001.32,9,17,chair,1
0118171_neurosketch,33,furniture,chair,437,227,0,339001.32,9,17,chair,0
0118171_neurosketch,33,furniture,bench,438,228,1,342001.38,9,18,bench,1
0118171_neurosketch,33,furniture,bench,438,229,1,342001.38,9,18,bench,0
0118171_neurosketch,33,2,bed,439,230,1,345001.44,9,37,bed,1
0118171_neurosketch,33,2,bed,439,231,1,345001.44,9,37,bed,0
0118171_neurosketch,33,2,bed,439,232,1,345001.44,9,37,bed,0
0118171_neurosketch,33,2,bed,439,233,1,345001.44,9,37,bed,0
0118171_neurosketch,33,2,bed,439,234,1,345001.44,9,37,bed,0
0118171_neurosketch,33,2,bed,439,235,1,345001.44,9,37,bed,0
0118171_neurosketch,33,2,bed,439,236,1,345001.44,9,37,bed,0
0118171_neurosketch,33,2,bed,439,237,1,345001.44,9,37,bed,0
0118171_neurosketch,33,2,bed,439,238,1,345001.44,9,37,bed,0
0118171_neurosketch,33,2,bed,439,239,1,345001.44,9,37,bed,0
0118171_neurosketch,33,furniture,bench,440,0,-1,0.0,10,8,bench,0
0118171_neurosketch,33,furniture,bench,440,1,-1,0.0,10,8,bench,0
0118171_neurosketch,33,furniture,bench,440,2,-1,0.0,10,8,bench,0
0118171_neurosketch,33,furniture,bench,440,3,-1,0.0,10,8,bench,0
0118171_neurosketch,33,furniture,bench,440,4,-1,0.0,10,8,bench,0
0118171_neurosketch,33,furniture,bench,440,5,-1,0.0,10,8,bench,0
0118171_neurosketch,33,furniture,bench,440,6,-1,0.0,10,8,bench,0
0118171_neurosketch,33,furniture,bench,440,7,-1,0.0,10,8,bench,0
0118171_neurosketch,33,furniture,bench,440,8,1,12001.37,10,8,bench,1
0118171_neurosketch,33,furniture,bench,440,9,1,12001.37,10,8,bench,0
0118171_neurosketch,33,furniture,bench,440,10,1,12001.37,10,8,bench,0
0118171_neurosketch,33,furniture,table,441,11,0,16502.08,10,16,table,1
0118171_neurosketch,33,furniture,table,441,12,0,16502.08,10,16,table,0
0118171_neurosketch,33,furniture,chair,442,13,0,19502.16,10,18,chair,1
0118171_neurosketch,33,furniture,chair,442,14,0,19502.16,10,18,chair,0
0118171_neurosketch,33,furniture,chair,442,15,0,19502.16,10,18,chair,0
0118171_neurosketch,33,furniture,bed,443,16,1,24001.39,10,16,bed,1
0118171_neurosketch,33,furniture,bed,443,17,1,24001.39,10,16,bed,0
0118171_neurosketch,33,furniture,bed,444,18,1,27002.01,10,5,bed,1
0118171_neurosketch,33,furniture,bed,444,19,1,27002.01,10,5,bed,0
0118171_neurosketch,33,furniture,bed,444,20,1,27002.01,10,5,bed,0
0118171_neurosketch,33,furniture,table,445,21,0,31501.69,10,39,table,1
0118171_neurosketch,33,furniture,table,445,22,0,31501.69,10,39,table,0
0118171_neurosketch,33,furniture,bench,446,23,1,34501.75,10,37,bench,1
0118171_neurosketch,33,furniture,bench,446,24,1,34501.75,10,37,bench,0
0118171_neurosketch,33,furniture,bench,446,25,1,34501.75,10,37,bench,0
0118171_neurosketch,33,furniture,bench,446,26,1,34501.75,10,37,bench,0
0118171_neurosketch,33,furniture,chair,447,27,0,40502.13,10,20,chair,1
0118171_neurosketch,33,furniture,chair,447,28,0,40502.13,10,20,chair,0
0118171_neurosketch,33,furniture,chair,447,29,0,40502.13,10,20,chair,0
0118171_neurosketch,33,furniture,table,448,30,0,45001.98,10,24,table,1
0118171_neurosketch,33,furniture,table,448,31,0,45001.98,10,24,table,0
0118171_neurosketch,33,furniture,table,448,32,0,45001.98,10,24,table,0
0118171_neurosketch,33,2,bench,449,33,1,49501.92,10,5,bench,1
0118171_neurosketch,33,2,bench,449,34,1,49501.92,10,5,bench,0
0118171_neurosketch,33,2,bench,449,35,1,49501.92,10,5,bench,0
0118171_neurosketch,33,2,bench,449,36,1,49501.92,10,5,bench,0
0118171_neurosketch,33,furniture,chair,450,37,0,55501.47,10,5,chair,1
0118171_neurosketch,33,furniture,chair,450,38,0,55501.47,10,5,chair,0
0118171_neurosketch,33,furniture,bed,451,39,1,58501.34,10,34,bed,1
0118171_neurosketch,33,furniture,bed,451,40,1,58501.34,10,34,bed,0
0118171_neurosketch,33,furniture,bench,452,41,1,61501.72,10,1,bench,1
0118171_neurosketch,33,furniture,bench,452,42,1,61501.72,10,1,bench,0
0118171_neurosketch,33,furniture,bench,452,43,1,61501.72,10,1,bench,0
0118171_neurosketch,33,furniture,chair,453,44,0,66002.0,10,31,chair,1
0118171_neurosketch,33,furniture,chair,453,45,0,66002.0,10,31,chair,0
0118171_neurosketch,33,furniture,table,454,46,0,69002.35,10,19,table,1
0118171_neurosketch,33,furniture,table,454,47,0,69002.35,10,19,table,0
0118171_neurosketch,33,furniture,bed,455,48,1,72001.68,10,2,bed,1
0118171_neurosketch,33,furniture,bed,455,49,1,72001.68,10,2,bed,0
0118171_neurosketch,33,furniture,bench,456,50,1,75002.56,10,20,bench,1
0118171_neurosketch,33,furniture,bench,456,51,1,75002.56,10,20,bench,0
0118171_neurosketch,33,furniture,bench,456,52,1,75002.56,10,20,bench,0
0118171_neurosketch,33,furniture,bench,456,53,1,75002.56,10,20,bench,0
0118171_neurosketch,33,furniture,chair,457,54,0,81002.58,10,15,chair,1
0118171_neurosketch,33,furniture,chair,457,55,0,81002.58,10,15,chair,0
0118171_neurosketch,33,furniture,table,458,56,0,84002.35,10,13,table,1
0118171_neurosketch,33,furniture,table,458,57,0,84002.35,10,13,table,0
0118171_neurosketch,33,furniture,table,458,58,0,84002.35,10,13,table,0
0118171_neurosketch,33,furniture,table,458,59,0,84002.35,10,13,table,0
0118171_neurosketch,33,2,bed,459,60,1,90002.85,10,25,bed,1
0118171_neurosketch,33,2,bed,459,61,1,90002.85,10,25,bed,0
0118171_neurosketch,33,2,bed,459,62,1,90002.85,10,25,bed,0
0118171_neurosketch,33,furniture,bed,460,63,1,94501.78,10,6,bed,1
0118171_neurosketch,33,furniture,bed,460,64,1,94501.78,10,6,bed,0
0118171_neurosketch,33,furniture,table,461,65,0,97502.77,10,27,table,1
0118171_neurosketch,33,furniture,table,461,66,0,97502.77,10,27,table,0
0118171_neurosketch,33,furniture,table,461,67,0,97502.77,10,27,table,0
0118171_neurosketch,33,furniture,table,461,68,0,97502.77,10,27,table,0
0118171_neurosketch,33,furniture,chair,462,69,0,103501.9,10,19,chair,1
0118171_neurosketch,33,furniture,chair,462,70,0,103501.9,10,19,chair,0
0118171_neurosketch,33,furniture,chair,462,71,0,103501.9,10,19,chair,0
0118171_neurosketch,33,furniture,bench,463,72,1,108002.28,10,27,bench,1
0118171_neurosketch,33,furniture,bench,463,73,1,108002.28,10,27,bench,0
0118171_neurosketch,33,furniture,table,464,74,0,111002.69,10,4,table,1
0118171_neurosketch,33,furniture,table,464,75,0,111002.69,10,4,table,0
0118171_neurosketch,33,furniture,table,464,76,0,111002.69,10,4,table,0
0118171_neurosketch,33,furniture,chair,465,77,0,115502.8,10,32,chair,1
0118171_neurosketch,33,furniture,chair,465,78,0,115502.8,10,32,chair,0
0118171_neurosketch,33,furniture,chair,465,79,0,115502.8,10,32,chair,0
0118171_neurosketch,33,furniture,bench,466,80,1,120001.99,10,11,bench,1
0118171_neurosketch,33,furniture,bench,466,81,1,120001.99,10,11,bench,0
0118171_neurosketch,33,furniture,bed,467,82,1,123002.74,10,24,bed,1
0118171_neurosketch,33,furniture,bed,467,83,1,123002.74,10,24,bed,0
0118171_neurosketch,33,furniture,bed,467,84,1,123002.74,10,24,bed,0
0118171_neurosketch,33,furniture,table,468,85,0,127502.89,10,9,table,1
0118171_neurosketch,33,furniture,table,468,86,0,127502.89,10,9,table,0
0118171_neurosketch,33,furniture,table,468,87,0,127502.89,10,9,table,0
0118171_neurosketch,33,furniture,table,468,88,0,127502.89,10,9,table,0
0118171_neurosketch,33,2,chair,469,89,0,133502.25,10,3,chair,1
0118171_neurosketch,33,2,chair,469,90,0,133502.25,10,3,chair,0
0118171_neurosketch,33,2,chair,469,91,0,133502.25,10,3,chair,0
0118171_neurosketch,33,furniture,bed,470,92,1,138002.22,10,11,bed,1
0118171_neurosketch,33,furniture,bed,470,93,1,138002.22,10,11,bed,0
0118171_neurosketch,33,furniture,bed,470,94,1,138002.22,10,11,bed,0
0118171_neurosketch,33,furniture,bed,470,95,1,138002.22,10,11,bed,0
0118171_neurosketch,33,furniture,bench,471,96,1,144002.76,10,19,bench,1
0118171_neurosketch,33,furniture,bench,471,97,1,144002.76,10,19,bench,0
0118171_neurosketch,33,furniture,bench,471,98,1,144002.76,10,19,bench,0
0118171_neurosketch,33,furniture,bed,472,99,1,148502.28,10,36,bed,1
0118171_neurosketch,33,furniture,bed,472,100,1,148502.28,10,36,bed,0
0118171_neurosketch,33,furniture,bed,472,101,1,148502.28,10,36,bed,0
0118171_neurosketch,33,furniture,table,473,102,0,153002.53,10,14,table,1
0118171_neurosketch,33,furniture,table,473,103,0,153002.53,10,14,table,0
0118171_neurosketch,33,furniture,table,473,104,0,153002.53,10,14,table,0
0118171_neurosketch,33,furniture,bench,474,105,1,157503.65,10,35,bench,1
0118171_neurosketch,33,furniture,bench,474,106,1,157503.65,10,35,bench,0
0118171_neurosketch,33,furniture,chair,475,107,0,160502.53,10,11,chair,1
0118171_neurosketch,33,furniture,chair,475,108,0,160502.53,10,11,chair,0
0118171_neurosketch,33,furniture,chair,475,109,0,160502.53,10,11,chair,0
0118171_neurosketch,33,furniture,chair,475,110,0,160502.53,10,11,chair,0
0118171_neurosketch,33,furniture,bed,476,111,1,166502.18,10,17,bed,1
0118171_neurosketch,33,furniture,bed,476,112,1,166502.18,10,17,bed,0
0118171_neurosketch,33,furniture,bed,476,113,1,166502.18,10,17,bed,0
0118171_neurosketch,33,furniture,bench,477,114,1,171002.76,10,14,bench,1
0118171_neurosketch,33,furniture,bench,477,115,1,171002.76,10,14,bench,0
0118171_neurosketch,33,furniture,chair,478,116,0,174003.07,10,9,chair,1
0118171_neurosketch,33,furniture,chair,478,117,0,174003.07,10,9,chair,0
0118171_neurosketch,33,2,table,479,118,0,177001.77,10,23,table,1
0118171_neurosketch,33,2,table,479,119,0,177001.77,10,23,table,0
0118171_neurosketch,33,furniture,chair,480,120,0,180002.64,10,37,chair,1
0118171_neurosketch,33,furniture,chair,480,121,0,180002.64,10,37,chair,0
0118171_neurosketch,33,furniture,chair,480,122,0,180002.64,10,37,chair,0
0118171_neurosketch,33,furniture,bench,481,123,1,184502.69,10,12,bench,1
0118171_neurosketch,33,furniture,bench,481,124,1,184502.69,10,12,bench,0
0118171_neurosketch,33,furniture,table,482,125,0,187502.22,10,2,table,1
0118171_neurosketch,33,furniture,table,482,126,0,187502.22,10,2,table,0
0118171_neurosketch,33,furniture,table,482,127,0,187502.22,10,2,table,0
0118171_neurosketch,33,furniture,bed,483,128,1,192003.06,10,10,bed,1
0118171_neurosketch,33,furniture,bed,483,129,1,192003.06,10,10,bed,0
0118171_neurosketch,33,furniture,bed,484,130,1,195002.33,10,1,bench,1
0118171_neurosketch,33,furniture,bed,484,131,1,195002.33,10,1,bench,0
0118171_neurosketch,33,furniture,bed,484,132,1,195002.33,10,1,bench,0
0118171_neurosketch,33,furniture,bench,485,133,1,199502.18,10,7,bench,1
0118171_neurosketch,33,furniture,bench,485,134,1,199502.18,10,7,bench,0
0118171_neurosketch,33,furniture,table,486,135,0,202502.78,10,35,table,1
0118171_neurosketch,33,furniture,table,486,136,0,202502.78,10,35,table,0
0118171_neurosketch,33,furniture,table,486,137,0,202502.78,10,35,table,0
0118171_neurosketch,33,furniture,table,486,138,0,202502.78,10,35,table,0
0118171_neurosketch,33,furniture,chair,487,139,0,208502.96,10,21,chair,1
0118171_neurosketch,33,furniture,chair,487,140,0,208502.96,10,21,chair,0
0118171_neurosketch,33,furniture,chair,487,141,0,208502.96,10,21,chair,0
0118171_neurosketch,33,furniture,chair,488,142,0,213002.6,10,13,chair,1
0118171_neurosketch,33,furniture,chair,488,143,0,213002.6,10,13,chair,0
0118171_neurosketch,33,furniture,chair,488,144,0,213002.6,10,13,chair,0
0118171_neurosketch,33,2,bed,489,145,1,217502.57,10,14,bed,1
0118171_neurosketch,33,2,bed,489,146,1,217502.57,10,14,bed,0
0118171_neurosketch,33,2,bed,489,147,1,217502.57,10,14,bed,0
0118171_neurosketch,33,2,bed,489,148,1,217502.57,10,14,bed,0
0118171_neurosketch,33,furniture,table,490,149,0,223502.59,10,30,table,1
0118171_neurosketch,33,furniture,table,490,150,0,223502.59,10,30,table,0
0118171_neurosketch,33,furniture,bench,491,151,1,226504.54,10,34,bench,1
0118171_neurosketch,33,furniture,bench,491,152,1,226504.54,10,34,bench,0
0118171_neurosketch,33,furniture,bed,492,153,1,229502.49,10,15,bed,1
0118171_neurosketch,33,furniture,bed,492,154,1,229502.49,10,15,bed,0
0118171_neurosketch,33,furniture,bed,492,155,1,229502.49,10,15,bed,0
0118171_neurosketch,33,furniture,chair,493,156,0,234002.3,10,38,chair,1
0118171_neurosketch,33,furniture,chair,493,157,0,234002.3,10,38,chair,0
0118171_neurosketch,33,furniture,bench,494,158,1,237004.11,10,21,bench,1
0118171_neurosketch,33,furniture,bench,494,159,1,237004.11,10,21,bench,0
0118171_neurosketch,33,furniture,table,495,160,0,240002.5,10,0,table,1
0118171_neurosketch,33,furniture,table,495,161,0,240002.5,10,0,table,0
0118171_neurosketch,33,furniture,bed,496,162,1,243002.88,10,26,bench,1
0118171_neurosketch,33,furniture,bed,496,163,1,243002.88,10,26,bench,0
0118171_neurosketch,33,furniture,bed,496,164,1,243002.88,10,26,bench,0
0118171_neurosketch,33,furniture,bed,496,165,1,243002.88,10,26,bench,0
0118171_neurosketch,33,furniture,table,497,166,0,249003.18,10,6,table,1
0118171_neurosketch,33,furniture,table,497,167,0,249003.18,10,6,table,0
0118171_neurosketch,33,furniture,chair,498,168,0,252002.46,10,2,chair,1
0118171_neurosketch,33,furniture,chair,498,169,0,252002.46,10,2,chair,0
0118171_neurosketch,33,furniture,chair,498,170,0,252002.46,10,2,chair,0
0118171_neurosketch,33,furniture,chair,498,171,0,252002.46,10,2,chair,0
0118171_neurosketch,33,2,bench,499,172,1,258002.13,10,9,bench,1
0118171_neurosketch,33,2,bench,499,173,1,258002.13,10,9,bench,0
0118171_neurosketch,33,2,bench,499,174,1,258002.13,10,9,bench,0
0118171_neurosketch,33,furniture,bed,500,175,1,262503.46,10,35,bed,1
0118171_neurosketch,33,furniture,bed,500,176,1,262503.46,10,35,bed,0
0118171_neurosketch,33,furniture,table,501,177,0,265502.28,10,25,table,1
0118171_neurosketch,33,furniture,table,501,178,0,265502.28,10,25,table,0
0118171_neurosketch,33,furniture,table,501,179,0,265502.28,10,25,table,0
0118171_neurosketch,33,furniture,table,501,180,0,265502.28,10,25,table,0
0118171_neurosketch,33,furniture,chair,502,181,0,271503.45,10,25,chair,1
0118171_neurosketch,33,furniture,chair,502,182,0,271503.45,10,25,chair,0
0118171_neurosketch,33,furniture,chair,502,183,0,271503.45,10,25,chair,0
0118171_neurosketch,33,furniture,bench,503,184,1,276003.17,10,3,bench,1
0118171_neurosketch,33,furniture,bench,503,185,1,276003.17,10,3,bench,0
0118171_neurosketch,33,furniture,bed,504,186,1,279002.95,10,39,bed,1
0118171_neurosketch,33,furniture,bed,504,187,1,279002.95,10,39,bed,0
0118171_neurosketch,33,furniture,bed,504,188,1,279002.95,10,39,bed,0
0118171_neurosketch,33,furniture,table,505,189,0,283503.32,10,10,table,1
0118171_neurosketch,33,furniture,table,505,190,0,283503.32,10,10,table,0
0118171_neurosketch,33,furniture,table,505,191,0,283503.32,10,10,table,0
0118171_neurosketch,33,furniture,chair,506,192,0,288002.21,10,30,chair,1
0118171_neurosketch,33,furniture,chair,506,193,0,288002.21,10,30,chair,0
0118171_neurosketch,33,furniture,bench,507,194,1,291003.16,10,33,bench,1
0118171_neurosketch,33,furniture,bench,507,195,1,291003.16,10,33,bench,0
0118171_neurosketch,33,furniture,bench,507,196,1,291003.16,10,33,bench,0
0118171_neurosketch,33,furniture,bench,508,197,1,295503.06,10,16,bench,1
0118171_neurosketch,33,furniture,bench,508,198,1,295503.06,10,16,bench,0
0118171_neurosketch,33,furniture,bench,508,199,1,295503.06,10,16,bench,0
0118171_neurosketch,33,furniture,bench,508,200,1,295503.06,10,16,bench,0
0118171_neurosketch,33,2,bed,509,201,1,301503.25,10,30,bed,1
0118171_neurosketch,33,2,bed,509,202,1,301503.25,10,30,bed,0
0118171_neurosketch,33,2,bed,509,203,1,301503.25,10,30,bed,0
0118171_neurosketch,33,furniture,table,510,204,0,306002.61,10,17,chair,1
0118171_neurosketch,33,furniture,table,510,205,0,306002.61,10,17,chair,0
0118171_neurosketch,33,furniture,table,510,206,0,306002.61,10,17,chair,0
0118171_neurosketch,33,furniture,table,510,207,0,306002.61,10,17,chair,0
0118171_neurosketch,33,furniture,chair,511,208,0,312002.58,10,36,chair,1
0118171_neurosketch,33,furniture,chair,511,209,0,312002.58,10,36,chair,0
0118171_neurosketch,33,furniture,chair,511,210,0,312002.58,10,36,chair,0
0118171_neurosketch,33,furniture,bed,512,211,1,316503.02,10,23,bed,1
0118171_neurosketch,33,furniture,bed,512,212,1,316503.02,10,23,bed,0
0118171_neurosketch,33,furniture,bed,512,213,1,316503.02,10,23,bed,0
0118171_neurosketch,33,furniture,table,513,214,0,321001.56,10,15,table,1
0118171_neurosketch,33,furniture,table,513,215,0,321001.56,10,15,table,0
0118171_neurosketch,33,furniture,table,513,216,0,321001.56,10,15,table,0
0118171_neurosketch,33,furniture,chair,514,217,0,325502.28,10,10,chair,1
0118171_neurosketch,33,furniture,chair,514,218,0,325502.28,10,10,chair,0
0118171_neurosketch,33,furniture,bench,515,219,1,328502.08,10,24,bench,1
0118171_neurosketch,33,furniture,bench,515,220,1,328502.08,10,24,bench,0
0118171_neurosketch,33,furniture,bench,515,221,1,328502.08,10,24,bench,0
0118171_neurosketch,33,furniture,bench,515,222,1,328502.08,10,24,bench,0
0118171_neurosketch,33,furniture,bench,516,223,1,334503.63,10,23,bench,1
0118171_neurosketch,33,furniture,bench,516,224,1,334503.63,10,23,bench,0
0118171_neurosketch,33,furniture,bench,516,225,1,334503.63,10,23,bench,0
0118171_neurosketch,33,furniture,table,517,226,0,339001.49,10,1,table,1
0118171_neurosketch,33,furniture,table,517,227,0,339001.49,10,1,table,0
0118171_neurosketch,33,furniture,bed,518,228,1,342003.0,10,18,bed,1
0118171_neurosketch,33,furniture,bed,518,229,1,342003.0,10,18,bed,0
0118171_neurosketch,33,2,chair,519,230,0,345002.94,10,34,chair,1
0118171_neurosketch,33,2,chair,519,231,0,345002.94,10,34,chair,0
0118171_neurosketch,33,2,chair,519,232,0,345002.94,10,34,chair,0
0118171_neurosketch,33,2,chair,519,233,0,345002.94,10,34,chair,0
0118171_neurosketch,33,2,chair,519,234,0,345002.94,10,34,chair,0
0118171_neurosketch,33,2,chair,519,235,0,345002.94,10,34,chair,0
0118171_neurosketch,33,2,chair,519,236,0,345002.94,10,34,chair,0
0118171_neurosketch,33,2,chair,519,237,0,345002.94,10,34,chair,0
0118171_neurosketch,33,2,chair,519,238,0,345002.94,10,34,chair,0
0118171_neurosketch,33,2,chair,519,239,0,345002.94,10,34,chair,0
