wID,versionNum,category,object,trial,TRnum,condition,onset_time,run_num,viewpoint,response,onset
0119172_neurosketch,21,furniture,bed,0,0,-1,0.0,1,25,,0
0119172_neurosketch,21,furniture,bed,0,1,-1,0.0,1,25,,0
0119172_neurosketch,21,furniture,bed,0,2,-1,0.0,1,25,,0
0119172_neurosketch,21,furniture,bed,0,3,-1,0.0,1,25,,0
0119172_neurosketch,21,furniture,bed,0,4,-1,0.0,1,25,,0
0119172_neurosketch,21,furniture,bed,0,5,-1,0.0,1,25,,0
0119172_neurosketch,21,furniture,bed,0,6,-1,0.0,1,25,,0
0119172_neurosketch,21,furniture,bed,0,7,-1,0.0,1,25,,0
0119172_neurosketch,21,furniture,bed,0,8,0,12004.81,1,25,,1
0119172_neurosketch,21,furniture,bed,0,9,0,12004.81,1,25,,0
0119172_neurosketch,21,furniture,bed,0,10,0,12004.81,1,25,,0
0119172_neurosketch,21,furniture,bed,0,11,0,12004.81,1,25,,0
0119172_neurosketch,21,furniture,bed,0,12,0,12004.81,1,25,,0
0119172_neurosketch,21,furniture,chair,1,13,0,19502.81,1,6,chair,1
0119172_neurosketch,21,furniture,chair,1,14,0,19502.81,1,6,chair,0
0119172_neurosketch,21,furniture,chair,1,15,0,19502.81,1,6,chair,0
0119172_neurosketch,21,furniture,table,2,16,1,24002.41,1,10,table,1
0119172_neurosketch,21,furniture,table,2,17,1,24002.41,1,10,table,0
0119172_neurosketch,21,furniture,table,2,18,1,24002.41,1,10,table,0
0119172_neurosketch,21,furniture,bench,3,19,1,28501.53,1,19,bench,1
0119172_neurosketch,21,furniture,bench,3,20,1,28501.53,1,19,bench,0
0119172_neurosketch,21,furniture,bench,3,21,1,28501.53,1,19,bench,0
0119172_neurosketch,21,furniture,chair,4,22,0,33003.85,1,25,chair,1
0119172_neurosketch,21,furniture,chair,4,23,0,33003.85,1,25,chair,0
0119172_neurosketch,21,furniture,chair,4,24,0,33003.85,1,25,chair,0
0119172_neurosketch,21,furniture,chair,4,25,0,33003.85,1,25,chair,0
0119172_neurosketch,21,furniture,table,5,26,1,39002.23,1,32,table,1
0119172_neurosketch,21,furniture,table,5,27,1,39002.23,1,32,table,0
0119172_neurosketch,21,furniture,table,5,28,1,39002.23,1,32,table,0
0119172_neurosketch,21,furniture,table,5,29,1,39002.23,1,32,table,0
0119172_neurosketch,21,furniture,bed,6,30,0,45002.26,1,21,bed,1
0119172_neurosketch,21,furniture,bed,6,31,0,45002.26,1,21,bed,0
0119172_neurosketch,21,furniture,bed,6,32,0,45002.26,1,21,bed,0
0119172_neurosketch,21,furniture,bench,7,33,1,49502.89,1,17,bench,1
0119172_neurosketch,21,furniture,bench,7,34,1,49502.89,1,17,bench,0
0119172_neurosketch,21,furniture,bed,8,35,0,52501.61,1,34,bed,1
0119172_neurosketch,21,furniture,bed,8,36,0,52501.61,1,34,bed,0
0119172_neurosketch,21,2,chair,9,37,0,55501.65,1,24,chair,1
0119172_neurosketch,21,2,chair,9,38,0,55501.65,1,24,chair,0
0119172_neurosketch,21,2,chair,9,39,0,55501.65,1,24,chair,0
0119172_neurosketch,21,furniture,bench,10,40,1,60002.05,1,13,table,1
0119172_neurosketch,21,furniture,bench,10,41,1,60002.05,1,13,table,0
0119172_neurosketch,21,furniture,bench,10,42,1,60002.05,1,13,table,0
0119172_neurosketch,21,furniture,table,11,43,1,64501.91,1,3,table,1
0119172_neurosketch,21,furniture,table,11,44,1,64501.91,1,3,table,0
0119172_neurosketch,21,furniture,table,11,45,1,64501.91,1,3,table,0
0119172_neurosketch,21,furniture,bench,12,46,1,69001.85,1,25,bench,1
0119172_neurosketch,21,furniture,bench,12,47,1,69001.85,1,25,bench,0
0119172_neurosketch,21,furniture,table,13,48,1,72001.93,1,14,table,1
0119172_neurosketch,21,furniture,table,13,49,1,72001.93,1,14,table,0
0119172_neurosketch,21,furniture,table,13,50,1,72001.93,1,14,table,0
0119172_neurosketch,21,furniture,table,13,51,1,72001.93,1,14,table,0
0119172_neurosketch,21,furniture,bed,14,52,0,78001.83,1,37,bed,1
0119172_neurosketch,21,furniture,bed,14,53,0,78001.83,1,37,bed,0
0119172_neurosketch,21,furniture,bed,14,54,0,78001.83,1,37,bed,0
0119172_neurosketch,21,furniture,chair,15,55,0,82502.54,1,1,chair,1
0119172_neurosketch,21,furniture,chair,15,56,0,82502.54,1,1,chair,0
0119172_neurosketch,21,furniture,table,16,57,1,85502.47,1,35,table,1
0119172_neurosketch,21,furniture,table,16,58,1,85502.47,1,35,table,0
0119172_neurosketch,21,furniture,table,16,59,1,85502.47,1,35,table,0
0119172_neurosketch,21,furniture,table,16,60,1,85502.47,1,35,table,0
0119172_neurosketch,21,furniture,chair,17,61,0,91502.53,1,15,bed,1
0119172_neurosketch,21,furniture,chair,17,62,0,91502.53,1,15,bed,0
0119172_neurosketch,21,furniture,bed,18,63,0,94502.85,1,11,,1
0119172_neurosketch,21,furniture,bed,18,64,0,94502.85,1,11,,0
0119172_neurosketch,21,2,bench,19,65,1,97501.83,1,18,bench,1
0119172_neurosketch,21,2,bench,19,66,1,97501.83,1,18,bench,0
0119172_neurosketch,21,2,bench,19,67,1,97501.83,1,18,bench,0
0119172_neurosketch,21,furniture,chair,20,68,0,102002.81,1,21,chair,1
0119172_neurosketch,21,furniture,chair,20,69,0,102002.81,1,21,chair,0
0119172_neurosketch,21,furniture,chair,20,70,0,102002.81,1,21,chair,0
0119172_neurosketch,21,furniture,chair,20,71,0,102002.81,1,21,chair,0
0119172_neurosketch,21,furniture,bed,21,72,0,108003.98,1,32,bed,1
0119172_neurosketch,21,furniture,bed,21,73,0,108003.98,1,32,bed,0
0119172_neurosketch,21,furniture,table,22,74,1,111003.2,1,16,table,1
0119172_neurosketch,21,furniture,table,22,75,1,111003.2,1,16,table,0
0119172_neurosketch,21,furniture,bench,23,76,1,114002.87,1,8,table,1
0119172_neurosketch,21,furniture,bench,23,77,1,114002.87,1,8,table,0
0119172_neurosketch,21,furniture,bench,24,78,1,117004.23,1,33,bench,1
0119172_neurosketch,21,furniture,bench,24,79,1,117004.23,1,33,bench,0
0119172_neurosketch,21,furniture,bench,24,80,1,117004.23,1,33,bench,0
0119172_neurosketch,21,furniture,bench,24,81,1,117004.23,1,33,bench,0
0119172_neurosketch,21,furniture,chair,25,82,0,123003.45,1,35,chair,1
0119172_neurosketch,21,furniture,chair,25,83,0,123003.45,1,35,chair,0
0119172_neurosketch,21,furniture,bed,26,84,0,126006.38,1,10,bed,1
0119172_neurosketch,21,furniture,bed,26,85,0,126006.38,1,10,bed,0
0119172_neurosketch,21,furniture,table,27,86,1,129002.7,1,19,table,1
0119172_neurosketch,21,furniture,table,27,87,1,129002.7,1,19,table,0
0119172_neurosketch,21,furniture,chair,28,88,0,132002.14,1,33,chair,1
0119172_neurosketch,21,furniture,chair,28,89,0,132002.14,1,33,chair,0
0119172_neurosketch,21,furniture,chair,28,90,0,132002.14,1,33,chair,0
0119172_neurosketch,21,2,bed,29,91,0,136502.97,1,35,bed,1
0119172_neurosketch,21,2,bed,29,92,0,136502.97,1,35,bed,0
0119172_neurosketch,21,furniture,table,30,93,1,139503.81,1,2,table,1
0119172_neurosketch,21,furniture,table,30,94,1,139503.81,1,2,table,0
0119172_neurosketch,21,furniture,table,30,95,1,139503.81,1,2,table,0
0119172_neurosketch,21,furniture,bench,31,96,1,144002.78,1,9,table,1
0119172_neurosketch,21,furniture,bench,31,97,1,144002.78,1,9,table,0
0119172_neurosketch,21,furniture,bench,31,98,1,144002.78,1,9,table,0
0119172_neurosketch,21,furniture,bench,31,99,1,144002.78,1,9,table,0
0119172_neurosketch,21,furniture,chair,32,100,0,150002.23,1,9,chair,1
0119172_neurosketch,21,furniture,chair,32,101,0,150002.23,1,9,chair,0
0119172_neurosketch,21,furniture,bench,33,102,1,153002.42,1,26,bench,1
0119172_neurosketch,21,furniture,bench,33,103,1,153002.42,1,26,bench,0
0119172_neurosketch,21,furniture,bench,33,104,1,153002.42,1,26,bench,0
0119172_neurosketch,21,furniture,table,34,105,1,157502.61,1,12,table,1
0119172_neurosketch,21,furniture,table,34,106,1,157502.61,1,12,table,0
0119172_neurosketch,21,furniture,bed,35,107,0,160503.4,1,0,,1
0119172_neurosketch,21,furniture,bed,35,108,0,160503.4,1,0,,0
0119172_neurosketch,21,furniture,bed,35,109,0,160503.4,1,0,,0
0119172_neurosketch,21,furniture,table,36,110,1,165002.54,1,38,table,1
0119172_neurosketch,21,furniture,table,36,111,1,165002.54,1,38,table,0
0119172_neurosketch,21,furniture,table,36,112,1,165002.54,1,38,table,0
0119172_neurosketch,21,furniture,table,36,113,1,165002.54,1,38,table,0
0119172_neurosketch,21,furniture,chair,37,114,0,171002.32,1,28,chair,1
0119172_neurosketch,21,furniture,chair,37,115,0,171002.32,1,28,chair,0
0119172_neurosketch,21,furniture,chair,37,116,0,171002.32,1,28,chair,0
0119172_neurosketch,21,furniture,bench,38,117,1,175502.86,1,37,bench,1
0119172_neurosketch,21,furniture,bench,38,118,1,175502.86,1,37,bench,0
0119172_neurosketch,21,furniture,bench,38,119,1,175502.86,1,37,bench,0
0119172_neurosketch,21,2,bed,39,120,0,180002.15,1,30,bed,1
0119172_neurosketch,21,2,bed,39,121,0,180002.15,1,30,bed,0
0119172_neurosketch,21,furniture,bench,40,122,1,183002.43,1,34,bench,1
0119172_neurosketch,21,furniture,bench,40,123,1,183002.43,1,34,bench,0
0119172_neurosketch,21,furniture,bench,40,124,1,183002.43,1,34,bench,0
0119172_neurosketch,21,furniture,chair,41,125,0,187502.46,1,23,chair,1
0119172_neurosketch,21,furniture,chair,41,126,0,187502.46,1,23,chair,0
0119172_neurosketch,21,furniture,chair,41,127,0,187502.46,1,23,chair,0
0119172_neurosketch,21,furniture,table,42,128,1,192002.77,1,13,table,1
0119172_neurosketch,21,furniture,table,42,129,1,192002.77,1,13,table,0
0119172_neurosketch,21,furniture,table,42,130,1,192002.77,1,13,table,0
0119172_neurosketch,21,furniture,bed,43,131,0,196502.57,1,7,bed,1
0119172_neurosketch,21,furniture,bed,43,132,0,196502.57,1,7,bed,0
0119172_neurosketch,21,furniture,bed,43,133,0,196502.57,1,7,bed,0
0119172_neurosketch,21,furniture,bed,44,134,0,201002.68,1,13,bed,1
0119172_neurosketch,21,furniture,bed,44,135,0,201002.68,1,13,bed,0
0119172_neurosketch,21,furniture,bed,44,136,0,201002.68,1,13,bed,0
0119172_neurosketch,21,furniture,bed,44,137,0,201002.68,1,13,bed,0
0119172_neurosketch,21,furniture,bench,45,138,1,207002.83,1,30,bench,1
0119172_neurosketch,21,furniture,bench,45,139,1,207002.83,1,30,bench,0
0119172_neurosketch,21,furniture,bench,45,140,1,207002.83,1,30,bench,0
0119172_neurosketch,21,furniture,bench,45,141,1,207002.83,1,30,bench,0
0119172_neurosketch,21,furniture,chair,46,142,0,213002.8,1,8,chair,1
0119172_neurosketch,21,furniture,chair,46,143,0,213002.8,1,8,chair,0
0119172_neurosketch,21,furniture,chair,46,144,0,213002.8,1,8,chair,0
0119172_neurosketch,21,furniture,table,47,145,1,217502.15,1,1,table,1
0119172_neurosketch,21,furniture,table,47,146,1,217502.15,1,1,table,0
0119172_neurosketch,21,furniture,chair,48,147,0,220502.29,1,12,chair,1
0119172_neurosketch,21,furniture,chair,48,148,0,220502.29,1,12,chair,0
0119172_neurosketch,21,2,bench,49,149,1,223503.33,1,21,bench,1
0119172_neurosketch,21,2,bench,49,150,1,223503.33,1,21,bench,0
0119172_neurosketch,21,2,bench,49,151,1,223503.33,1,21,bench,0
0119172_neurosketch,21,furniture,bed,50,152,0,228002.74,1,1,chair,1
0119172_neurosketch,21,furniture,bed,50,153,0,228002.74,1,1,chair,0
0119172_neurosketch,21,furniture,bed,50,154,0,228002.74,1,1,chair,0
0119172_neurosketch,21,furniture,table,51,155,1,232503.0,1,24,table,1
0119172_neurosketch,21,furniture,table,51,156,1,232503.0,1,24,table,0
0119172_neurosketch,21,furniture,table,51,157,1,232503.0,1,24,table,0
0119172_neurosketch,21,furniture,chair,52,158,0,237002.75,1,38,chair,1
0119172_neurosketch,21,furniture,chair,52,159,0,237002.75,1,38,chair,0
0119172_neurosketch,21,furniture,bed,53,160,0,240002.81,1,3,bed,1
0119172_neurosketch,21,furniture,bed,53,161,0,240002.81,1,3,bed,0
0119172_neurosketch,21,furniture,bed,53,162,0,240002.81,1,3,bed,0
0119172_neurosketch,21,furniture,bed,53,163,0,240002.81,1,3,bed,0
0119172_neurosketch,21,furniture,table,54,164,1,246002.42,1,25,table,1
0119172_neurosketch,21,furniture,table,54,165,1,246002.42,1,25,table,0
0119172_neurosketch,21,furniture,table,54,166,1,246002.42,1,25,table,0
0119172_neurosketch,21,furniture,bench,55,167,1,250503.1,1,12,bench,1
0119172_neurosketch,21,furniture,bench,55,168,1,250503.1,1,12,bench,0
0119172_neurosketch,21,furniture,chair,56,169,0,253502.72,1,26,chair,1
0119172_neurosketch,21,furniture,chair,56,170,0,253502.72,1,26,chair,0
0119172_neurosketch,21,furniture,chair,56,171,0,253502.72,1,26,chair,0
0119172_neurosketch,21,furniture,chair,56,172,0,253502.72,1,26,chair,0
0119172_neurosketch,21,furniture,table,57,173,1,259503.03,1,8,table,1
0119172_neurosketch,21,furniture,table,57,174,1,259503.03,1,8,table,0
0119172_neurosketch,21,furniture,bench,58,175,1,262503.01,1,39,,1
0119172_neurosketch,21,furniture,bench,58,176,1,262503.01,1,39,,0
0119172_neurosketch,21,2,bed,59,177,0,265505.38,1,17,bed,1
0119172_neurosketch,21,2,bed,59,178,0,265505.38,1,17,bed,0
0119172_neurosketch,21,2,bed,59,179,0,265505.38,1,17,bed,0
0119172_neurosketch,21,furniture,table,60,180,1,270003.63,1,18,table,1
0119172_neurosketch,21,furniture,table,60,181,1,270003.63,1,18,table,0
0119172_neurosketch,21,furniture,table,60,182,1,270003.63,1,18,table,0
0119172_neurosketch,21,furniture,table,60,183,1,270003.63,1,18,table,0
0119172_neurosketch,21,furniture,chair,61,184,0,276004.5,1,27,chair,1
0119172_neurosketch,21,furniture,chair,61,185,0,276004.5,1,27,chair,0
0119172_neurosketch,21,furniture,bed,62,186,0,279003.23,1,9,bed,1
0119172_neurosketch,21,furniture,bed,62,187,0,279003.23,1,9,bed,0
0119172_neurosketch,21,furniture,bench,63,188,1,282003.36,1,3,bench,1
0119172_neurosketch,21,furniture,bench,63,189,1,282003.36,1,3,bench,0
0119172_neurosketch,21,furniture,bench,64,190,1,285003.07,1,29,bench,1
0119172_neurosketch,21,furniture,bench,64,191,1,285003.07,1,29,bench,0
0119172_neurosketch,21,furniture,bench,64,192,1,285003.07,1,29,bench,0
0119172_neurosketch,21,furniture,bench,64,193,1,285003.07,1,29,bench,0
0119172_neurosketch,21,furniture,bed,65,194,0,291003.21,1,26,bed,1
0119172_neurosketch,21,furniture,bed,65,195,0,291003.21,1,26,bed,0
0119172_neurosketch,21,furniture,chair,66,196,0,294004.32,1,39,chair,1
0119172_neurosketch,21,furniture,chair,66,197,0,294004.32,1,39,chair,0
0119172_neurosketch,21,furniture,table,67,198,1,297002.77,1,21,table,1
0119172_neurosketch,21,furniture,table,67,199,1,297002.77,1,21,table,0
0119172_neurosketch,21,furniture,chair,68,200,0,300002.81,1,34,chair,1
0119172_neurosketch,21,furniture,chair,68,201,0,300002.81,1,34,chair,0
0119172_neurosketch,21,furniture,chair,68,202,0,300002.81,1,34,chair,0
0119172_neurosketch,21,2,bench,69,203,1,304503.33,1,23,,1
0119172_neurosketch,21,2,bench,69,204,1,304503.33,1,23,,0
0119172_neurosketch,21,furniture,bed,70,205,0,307501.89,1,38,bed,1
0119172_neurosketch,21,furniture,bed,70,206,0,307501.89,1,38,bed,0
0119172_neurosketch,21,furniture,bed,70,207,0,307501.89,1,38,bed,0
0119172_neurosketch,21,furniture,table,71,208,1,312002.17,1,0,table,1
0119172_neurosketch,21,furniture,table,71,209,1,312002.17,1,0,table,0
0119172_neurosketch,21,furniture,table,71,210,1,312002.17,1,0,table,0
0119172_neurosketch,21,furniture,table,71,211,1,312002.17,1,0,table,0
0119172_neurosketch,21,furniture,table,72,212,1,318002.02,1,23,table,1
0119172_neurosketch,21,furniture,table,72,213,1,318002.02,1,23,table,0
0119172_neurosketch,21,furniture,bench,73,214,1,321003.0,1,38,bench,1
0119172_neurosketch,21,furniture,bench,73,215,1,321003.0,1,38,bench,0
0119172_neurosketch,21,furniture,bench,73,216,1,321003.0,1,38,bench,0
0119172_neurosketch,21,furniture,chair,74,217,0,325502.17,1,3,chair,1
0119172_neurosketch,21,furniture,chair,74,218,0,325502.17,1,3,chair,0
0119172_neurosketch,21,furniture,bed,75,219,0,328501.86,1,15,bed,1
0119172_neurosketch,21,furniture,bed,75,220,0,328501.86,1,15,bed,0
0119172_neurosketch,21,furniture,bed,75,221,0,328501.86,1,15,bed,0
0119172_neurosketch,21,furniture,chair,76,222,0,333002.81,1,5,chair,1
0119172_neurosketch,21,furniture,chair,76,223,0,333002.81,1,5,chair,0
0119172_neurosketch,21,furniture,chair,76,224,0,333002.81,1,5,chair,0
0119172_neurosketch,21,furniture,chair,76,225,0,333002.81,1,5,chair,0
0119172_neurosketch,21,furniture,table,77,226,1,339002.76,1,26,table,1
0119172_neurosketch,21,furniture,table,77,227,1,339002.76,1,26,table,0
0119172_neurosketch,21,furniture,table,77,228,1,339002.76,1,26,table,0
0119172_neurosketch,21,furniture,bench,78,229,1,343503.5,1,11,bench,1
0119172_neurosketch,21,furniture,bench,78,230,1,343503.5,1,11,bench,0
0119172_neurosketch,21,furniture,bench,78,231,1,343503.5,1,11,bench,0
0119172_neurosketch,21,2,bed,79,232,0,348002.89,1,27,bed,1
0119172_neurosketch,21,2,bed,79,233,0,348002.89,1,27,bed,0
0119172_neurosketch,21,2,bed,79,234,0,348002.89,1,27,bed,0
0119172_neurosketch,21,2,bed,79,235,0,348002.89,1,27,bed,0
0119172_neurosketch,21,2,bed,79,236,0,348002.89,1,27,bed,0
0119172_neurosketch,21,2,bed,79,237,0,348002.89,1,27,bed,0
0119172_neurosketch,21,2,bed,79,238,0,348002.89,1,27,bed,0
0119172_neurosketch,21,2,bed,79,239,0,348002.89,1,27,bed,0
0119172_neurosketch,21,furniture,table,80,0,-1,0.0,2,29,,0
0119172_neurosketch,21,furniture,table,80,1,-1,0.0,2,29,,0
0119172_neurosketch,21,furniture,table,80,2,-1,0.0,2,29,,0
0119172_neurosketch,21,furniture,table,80,3,-1,0.0,2,29,,0
0119172_neurosketch,21,furniture,table,80,4,-1,0.0,2,29,,0
0119172_neurosketch,21,furniture,table,80,5,-1,0.0,2,29,,0
0119172_neurosketch,21,furniture,table,80,6,-1,0.0,2,29,,0
0119172_neurosketch,21,furniture,table,80,7,-1,0.0,2,29,,0
0119172_neurosketch,21,furniture,table,80,8,1,12001.55,2,29,,1
0119172_neurosketch,21,furniture,table,80,9,1,12001.55,2,29,,0
0119172_neurosketch,21,furniture,table,80,10,1,12001.55,2,29,,0
0119172_neurosketch,21,furniture,bed,81,11,0,16501.73,2,28,bed,1
0119172_neurosketch,21,furniture,bed,81,12,0,16501.73,2,28,bed,0
0119172_neurosketch,21,furniture,bed,81,13,0,16501.73,2,28,bed,0
0119172_neurosketch,21,furniture,bench,82,14,1,21001.42,2,4,bench,1
0119172_neurosketch,21,furniture,bench,82,15,1,21001.42,2,4,bench,0
0119172_neurosketch,21,furniture,bench,82,16,1,21001.42,2,4,bench,0
0119172_neurosketch,21,furniture,chair,83,17,0,25501.79,2,30,chair,1
0119172_neurosketch,21,furniture,chair,83,18,0,25501.79,2,30,chair,0
0119172_neurosketch,21,furniture,chair,83,19,0,25501.79,2,30,chair,0
0119172_neurosketch,21,furniture,chair,84,20,0,30002.38,2,20,chair,1
0119172_neurosketch,21,furniture,chair,84,21,0,30002.38,2,20,chair,0
0119172_neurosketch,21,furniture,chair,84,22,0,30002.38,2,20,chair,0
0119172_neurosketch,21,furniture,chair,84,23,0,30002.38,2,20,chair,0
0119172_neurosketch,21,furniture,bed,85,24,0,36002.48,2,23,bed,1
0119172_neurosketch,21,furniture,bed,85,25,0,36002.48,2,23,bed,0
0119172_neurosketch,21,furniture,bed,85,26,0,36002.48,2,23,bed,0
0119172_neurosketch,21,furniture,bed,85,27,0,36002.48,2,23,bed,0
0119172_neurosketch,21,furniture,table,86,28,1,42001.73,2,7,table,1
0119172_neurosketch,21,furniture,table,86,29,1,42001.73,2,7,table,0
0119172_neurosketch,21,furniture,table,86,30,1,42001.73,2,7,table,0
0119172_neurosketch,21,furniture,bench,87,31,1,46503.85,2,16,bench,1
0119172_neurosketch,21,furniture,bench,87,32,1,46503.85,2,16,bench,0
0119172_neurosketch,21,furniture,bed,88,33,0,49501.65,2,18,bed,1
0119172_neurosketch,21,furniture,bed,88,34,0,49501.65,2,18,bed,0
0119172_neurosketch,21,2,chair,89,35,0,52502.36,2,18,chair,1
0119172_neurosketch,21,2,chair,89,36,0,52502.36,2,18,chair,0
0119172_neurosketch,21,2,chair,89,37,0,52502.36,2,18,chair,0
0119172_neurosketch,21,furniture,table,90,38,1,57002.48,2,20,bench,1
0119172_neurosketch,21,furniture,table,90,39,1,57002.48,2,20,bench,0
0119172_neurosketch,21,furniture,table,90,40,1,57002.48,2,20,bench,0
0119172_neurosketch,21,furniture,bench,91,41,1,61503.3,2,15,bench,1
0119172_neurosketch,21,furniture,bench,91,42,1,61503.3,2,15,bench,0
0119172_neurosketch,21,furniture,bench,91,43,1,61503.3,2,15,bench,0
0119172_neurosketch,21,furniture,chair,92,44,0,66001.6,2,17,chair,1
0119172_neurosketch,21,furniture,chair,92,45,0,66001.6,2,17,chair,0
0119172_neurosketch,21,furniture,bed,93,46,0,69001.88,2,36,bed,1
0119172_neurosketch,21,furniture,bed,93,47,0,69001.88,2,36,bed,0
0119172_neurosketch,21,furniture,bed,93,48,0,69001.88,2,36,bed,0
0119172_neurosketch,21,furniture,bed,93,49,0,69001.88,2,36,bed,0
0119172_neurosketch,21,furniture,bench,94,50,1,75002.36,2,36,bench,1
0119172_neurosketch,21,furniture,bench,94,51,1,75002.36,2,36,bench,0
0119172_neurosketch,21,furniture,bench,94,52,1,75002.36,2,36,bench,0
0119172_neurosketch,21,furniture,table,95,53,1,79501.88,2,5,table,1
0119172_neurosketch,21,furniture,table,95,54,1,79501.88,2,5,table,0
0119172_neurosketch,21,furniture,table,96,55,1,82502.67,2,34,table,1
0119172_neurosketch,21,furniture,table,96,56,1,82502.67,2,34,table,0
0119172_neurosketch,21,furniture,table,96,57,1,82502.67,2,34,table,0
0119172_neurosketch,21,furniture,table,96,58,1,82502.67,2,34,table,0
0119172_neurosketch,21,furniture,bed,97,59,0,88503.05,2,5,bed,1
0119172_neurosketch,21,furniture,bed,97,60,0,88503.05,2,5,bed,0
0119172_neurosketch,21,furniture,chair,98,61,0,91502.85,2,37,chair,1
0119172_neurosketch,21,furniture,chair,98,62,0,91502.85,2,37,chair,0
0119172_neurosketch,21,2,bench,99,63,1,94503.0,2,31,bench,1
0119172_neurosketch,21,2,bench,99,64,1,94503.0,2,31,bench,0
0119172_neurosketch,21,2,bench,99,65,1,94503.0,2,31,bench,0
0119172_neurosketch,21,furniture,chair,100,66,0,99002.57,2,22,chair,1
0119172_neurosketch,21,furniture,chair,100,67,0,99002.57,2,22,chair,0
0119172_neurosketch,21,furniture,chair,100,68,0,99002.57,2,22,chair,0
0119172_neurosketch,21,furniture,chair,100,69,0,99002.57,2,22,chair,0
0119172_neurosketch,21,furniture,bench,101,70,1,105002.73,2,6,bench,1
0119172_neurosketch,21,furniture,bench,101,71,1,105002.73,2,6,bench,0
0119172_neurosketch,21,furniture,bed,102,72,0,108001.87,2,6,bed,1
0119172_neurosketch,21,furniture,bed,102,73,0,108001.87,2,6,bed,0
0119172_neurosketch,21,furniture,table,103,74,1,111001.97,2,36,table,1
0119172_neurosketch,21,furniture,table,103,75,1,111001.97,2,36,table,0
0119172_neurosketch,21,furniture,bed,104,76,0,114003.04,2,33,bed,1
0119172_neurosketch,21,furniture,bed,104,77,0,114003.04,2,33,bed,0
0119172_neurosketch,21,furniture,bed,104,78,0,114003.04,2,33,bed,0
0119172_neurosketch,21,furniture,bed,104,79,0,114003.04,2,33,bed,0
0119172_neurosketch,21,furniture,table,105,80,1,120001.77,2,17,table,1
0119172_neurosketch,21,furniture,table,105,81,1,120001.77,2,17,table,0
0119172_neurosketch,21,furniture,chair,106,82,0,123005.0,2,31,chair,1
0119172_neurosketch,21,furniture,chair,106,83,0,123005.0,2,31,chair,0
0119172_neurosketch,21,furniture,bench,107,84,1,126001.87,2,27,bench,1
0119172_neurosketch,21,furniture,bench,107,85,1,126001.87,2,27,bench,0
0119172_neurosketch,21,furniture,bed,108,86,0,129002.68,2,19,bed,1
0119172_neurosketch,21,furniture,bed,108,87,0,129002.68,2,19,bed,0
0119172_neurosketch,21,furniture,bed,108,88,0,129002.68,2,19,bed,0
0119172_neurosketch,21,2,bench,109,89,1,133502.41,2,2,bench,1
0119172_neurosketch,21,2,bench,109,90,1,133502.41,2,2,bench,0
0119172_neurosketch,21,furniture,chair,110,91,0,136502.82,2,16,chair,1
0119172_neurosketch,21,furniture,chair,110,92,0,136502.82,2,16,chair,0
0119172_neurosketch,21,furniture,chair,110,93,0,136502.82,2,16,chair,0
0119172_neurosketch,21,furniture,table,111,94,1,141003.35,2,22,table,1
0119172_neurosketch,21,furniture,table,111,95,1,141003.35,2,22,table,0
0119172_neurosketch,21,furniture,table,111,96,1,141003.35,2,22,table,0
0119172_neurosketch,21,furniture,table,111,97,1,141003.35,2,22,table,0
0119172_neurosketch,21,furniture,chair,112,98,0,147002.56,2,10,chair,1
0119172_neurosketch,21,furniture,chair,112,99,0,147002.56,2,10,chair,0
0119172_neurosketch,21,furniture,table,113,100,1,150002.78,2,37,,1
0119172_neurosketch,21,furniture,table,113,101,1,150002.78,2,37,,0
0119172_neurosketch,21,furniture,table,113,102,1,150002.78,2,37,,0
0119172_neurosketch,21,furniture,bench,114,103,1,154502.49,2,10,bench,1
0119172_neurosketch,21,furniture,bench,114,104,1,154502.49,2,10,bench,0
0119172_neurosketch,21,furniture,bed,115,105,0,157502.97,2,31,chair,1
0119172_neurosketch,21,furniture,bed,115,106,0,157502.97,2,31,chair,0
0119172_neurosketch,21,furniture,bed,115,107,0,157502.97,2,31,chair,0
0119172_neurosketch,21,furniture,bed,116,108,0,162002.2,2,22,bed,1
0119172_neurosketch,21,furniture,bed,116,109,0,162002.2,2,22,bed,0
0119172_neurosketch,21,furniture,bed,116,110,0,162002.2,2,22,bed,0
0119172_neurosketch,21,furniture,bed,116,111,0,162002.2,2,22,bed,0
0119172_neurosketch,21,furniture,chair,117,112,0,168002.89,2,7,chair,1
0119172_neurosketch,21,furniture,chair,117,113,0,168002.89,2,7,chair,0
0119172_neurosketch,21,furniture,chair,117,114,0,168002.89,2,7,chair,0
0119172_neurosketch,21,furniture,bench,118,115,1,172502.99,2,5,bench,1
0119172_neurosketch,21,furniture,bench,118,116,1,172502.99,2,5,bench,0
0119172_neurosketch,21,furniture,bench,118,117,1,172502.99,2,5,bench,0
0119172_neurosketch,21,2,table,119,118,1,177003.0,2,39,table,1
0119172_neurosketch,21,2,table,119,119,1,177003.0,2,39,table,0
0119172_neurosketch,21,furniture,bed,120,120,0,180003.41,2,20,bed,1
0119172_neurosketch,21,furniture,bed,120,121,0,180003.41,2,20,bed,0
0119172_neurosketch,21,furniture,bed,120,122,0,180003.41,2,20,bed,0
0119172_neurosketch,21,furniture,table,121,123,1,184502.21,2,31,table,1
0119172_neurosketch,21,furniture,table,121,124,1,184502.21,2,31,table,0
0119172_neurosketch,21,furniture,table,121,125,1,184502.21,2,31,table,0
0119172_neurosketch,21,furniture,bench,122,126,1,189001.65,2,1,bench,1
0119172_neurosketch,21,furniture,bench,122,127,1,189001.65,2,1,bench,0
0119172_neurosketch,21,furniture,bench,122,128,1,189001.65,2,1,bench,0
0119172_neurosketch,21,furniture,chair,123,129,0,193504.02,2,0,chair,1
0119172_neurosketch,21,furniture,chair,123,130,0,193504.02,2,0,chair,0
0119172_neurosketch,21,furniture,chair,123,131,0,193504.02,2,0,chair,0
0119172_neurosketch,21,furniture,bench,124,132,1,198002.33,2,7,bench,1
0119172_neurosketch,21,furniture,bench,124,133,1,198002.33,2,7,bench,0
0119172_neurosketch,21,furniture,bench,124,134,1,198002.33,2,7,bench,0
0119172_neurosketch,21,furniture,bench,124,135,1,198002.33,2,7,bench,0
0119172_neurosketch,21,furniture,bed,125,136,0,204002.05,2,2,bed,1
0119172_neurosketch,21,furniture,bed,125,137,0,204002.05,2,2,bed,0
0119172_neurosketch,21,furniture,bed,125,138,0,204002.05,2,2,bed,0
0119172_neurosketch,21,furniture,bed,125,139,0,204002.05,2,2,bed,0
0119172_neurosketch,21,furniture,table,126,140,1,210002.92,2,9,table,1
0119172_neurosketch,21,furniture,table,126,141,1,210002.92,2,9,table,0
0119172_neurosketch,21,furniture,table,126,142,1,210002.92,2,9,table,0
0119172_neurosketch,21,furniture,chair,127,143,0,214502.3,2,14,chair,1
0119172_neurosketch,21,furniture,chair,127,144,0,214502.3,2,14,chair,0
0119172_neurosketch,21,furniture,chair,128,145,0,217502.52,2,2,chair,1
0119172_neurosketch,21,furniture,chair,128,146,0,217502.52,2,2,chair,0
0119172_neurosketch,21,2,bed,129,147,0,220502.92,2,14,bed,1
0119172_neurosketch,21,2,bed,129,148,0,220502.92,2,14,bed,0
0119172_neurosketch,21,2,bed,129,149,0,220502.92,2,14,bed,0
0119172_neurosketch,21,furniture,bench,130,150,1,225004.49,2,20,bench,1
0119172_neurosketch,21,furniture,bench,130,151,1,225004.49,2,20,bench,0
0119172_neurosketch,21,furniture,bench,130,152,1,225004.49,2,20,bench,0
0119172_neurosketch,21,furniture,table,131,153,1,229502.86,2,33,table,1
0119172_neurosketch,21,furniture,table,131,154,1,229502.86,2,33,table,0
0119172_neurosketch,21,furniture,table,131,155,1,229502.86,2,33,table,0
0119172_neurosketch,21,furniture,chair,132,156,0,234003.99,2,4,chair,1
0119172_neurosketch,21,furniture,chair,132,157,0,234003.99,2,4,chair,0
0119172_neurosketch,21,furniture,table,133,158,1,237002.8,2,30,table,1
0119172_neurosketch,21,furniture,table,133,159,1,237002.8,2,30,table,0
0119172_neurosketch,21,furniture,table,133,160,1,237002.8,2,30,table,0
0119172_neurosketch,21,furniture,table,133,161,1,237002.8,2,30,table,0
0119172_neurosketch,21,furniture,bed,134,162,0,243002.33,2,8,bed,1
0119172_neurosketch,21,furniture,bed,134,163,0,243002.33,2,8,bed,0
0119172_neurosketch,21,furniture,bed,134,164,0,243002.33,2,8,bed,0
0119172_neurosketch,21,furniture,bench,135,165,1,247505.19,2,32,bench,1
0119172_neurosketch,21,furniture,bench,135,166,1,247505.19,2,32,bench,0
0119172_neurosketch,21,furniture,bed,136,167,0,250504.41,2,12,bed,1
0119172_neurosketch,21,furniture,bed,136,168,0,250504.41,2,12,bed,0
0119172_neurosketch,21,furniture,bed,136,169,0,250504.41,2,12,bed,0
0119172_neurosketch,21,furniture,bed,136,170,0,250504.41,2,12,bed,0
0119172_neurosketch,21,furniture,chair,137,171,0,256504.57,2,11,chair,1
0119172_neurosketch,21,furniture,chair,137,172,0,256504.57,2,11,chair,0
0119172_neurosketch,21,furniture,table,138,173,1,259502.28,2,15,table,1
0119172_neurosketch,21,furniture,table,138,174,1,259502.28,2,15,table,0
0119172_neurosketch,21,2,bench,139,175,1,262501.52,2,22,bench,1
0119172_neurosketch,21,2,bench,139,176,1,262501.52,2,22,bench,0
0119172_neurosketch,21,2,bench,139,177,1,262501.52,2,22,bench,0
0119172_neurosketch,21,furniture,chair,140,178,0,267002.75,2,29,chair,1
0119172_neurosketch,21,furniture,chair,140,179,0,267002.75,2,29,chair,0
0119172_neurosketch,21,furniture,chair,140,180,0,267002.75,2,29,chair,0
0119172_neurosketch,21,furniture,chair,140,181,0,267002.75,2,29,chair,0
0119172_neurosketch,21,furniture,table,141,182,1,273003.06,2,4,table,1
0119172_neurosketch,21,furniture,table,141,183,1,273003.06,2,4,table,0
0119172_neurosketch,21,furniture,bed,142,184,0,276002.71,2,4,bed,1
0119172_neurosketch,21,furniture,bed,142,185,0,276002.71,2,4,bed,0
0119172_neurosketch,21,furniture,bench,143,186,1,279002.2,2,14,bench,1
0119172_neurosketch,21,furniture,bench,143,187,1,279002.2,2,14,bench,0
0119172_neurosketch,21,furniture,chair,144,188,0,282002.0,2,19,chair,1
0119172_neurosketch,21,furniture,chair,144,189,0,282002.0,2,19,chair,0
0119172_neurosketch,21,furniture,chair,144,190,0,282002.0,2,19,chair,0
0119172_neurosketch,21,furniture,chair,144,191,0,282002.0,2,19,chair,0
0119172_neurosketch,21,furniture,bed,145,192,0,288002.32,2,24,bed,1
0119172_neurosketch,21,furniture,bed,145,193,0,288002.32,2,24,bed,0
0119172_neurosketch,21,furniture,bench,146,194,1,291002.94,2,28,bench,1
0119172_neurosketch,21,furniture,bench,146,195,1,291002.94,2,28,bench,0
0119172_neurosketch,21,furniture,table,147,196,1,294002.28,2,6,table,1
0119172_neurosketch,21,furniture,table,147,197,1,294002.28,2,6,table,0
0119172_neurosketch,21,furniture,bench,148,198,1,297003.0,2,24,bench,1
0119172_neurosketch,21,furniture,bench,148,199,1,297003.0,2,24,bench,0
0119172_neurosketch,21,furniture,bench,148,200,1,297003.0,2,24,bench,0
0119172_neurosketch,21,2,chair,149,201,0,301502.54,2,36,chair,1
0119172_neurosketch,21,2,chair,149,202,0,301502.54,2,36,chair,0
0119172_neurosketch,21,furniture,table,150,203,1,304503.12,2,27,table,1
0119172_neurosketch,21,furniture,table,150,204,1,304503.12,2,27,table,0
0119172_neurosketch,21,furniture,table,150,205,1,304503.12,2,27,table,0
0119172_neurosketch,21,furniture,bed,151,206,0,309002.73,2,29,bed,1
0119172_neurosketch,21,furniture,bed,151,207,0,309002.73,2,29,bed,0
0119172_neurosketch,21,furniture,bed,151,208,0,309002.73,2,29,bed,0
0119172_neurosketch,21,furniture,bed,151,209,0,309002.73,2,29,bed,0
0119172_neurosketch,21,furniture,table,152,210,1,315002.47,2,11,,1
0119172_neurosketch,21,furniture,table,152,211,1,315002.47,2,11,,0
0119172_neurosketch,21,furniture,chair,153,212,0,318002.69,2,13,chair,1
0119172_neurosketch,21,furniture,chair,153,213,0,318002.69,2,13,chair,0
0119172_neurosketch,21,furniture,chair,153,214,0,318002.69,2,13,chair,0
0119172_neurosketch,21,furniture,bench,154,215,1,322502.6,2,35,bench,1
0119172_neurosketch,21,furniture,bench,154,216,1,322502.6,2,35,bench,0
0119172_neurosketch,21,furniture,bed,155,217,0,325502.4,2,16,bed,1
0119172_neurosketch,21,furniture,bed,155,218,0,325502.4,2,16,bed,0
0119172_neurosketch,21,furniture,bed,155,219,0,325502.4,2,16,bed,0
0119172_neurosketch,21,furniture,table,156,220,1,330002.3,2,28,table,1
0119172_neurosketch,21,furniture,table,156,221,1,330002.3,2,28,table,0
0119172_neurosketch,21,furniture,table,156,222,1,330002.3,2,28,table,0
0119172_neurosketch,21,furniture,table,156,223,1,330002.3,2,28,table,0
0119172_neurosketch,21,furniture,bed,157,224,0,336002.36,2,39,bed,1
0119172_neurosketch,21,furniture,bed,157,225,0,336002.36,2,39,bed,0
0119172_neurosketch,21,furniture,bed,157,226,0,336002.36,2,39,bed,0
0119172_neurosketch,21,furniture,bench,158,227,1,340503.23,2,0,,1
0119172_neurosketch,21,furniture,bench,158,228,1,340503.23,2,0,,0
0119172_neurosketch,21,furniture,bench,158,229,1,340503.23,2,0,,0
0119172_neurosketch,21,2,chair,159,230,0,345001.95,2,32,chair,1
0119172_neurosketch,21,2,chair,159,231,0,345001.95,2,32,chair,0
0119172_neurosketch,21,2,chair,159,232,0,345001.95,2,32,chair,0
0119172_neurosketch,21,2,chair,159,233,0,345001.95,2,32,chair,0
0119172_neurosketch,21,2,chair,159,234,0,345001.95,2,32,chair,0
0119172_neurosketch,21,2,chair,159,235,0,345001.95,2,32,chair,0
0119172_neurosketch,21,2,chair,159,236,0,345001.95,2,32,chair,0
0119172_neurosketch,21,2,chair,159,237,0,345001.95,2,32,chair,0
0119172_neurosketch,21,2,chair,159,238,0,345001.95,2,32,chair,0
0119172_neurosketch,21,2,chair,159,239,0,345001.95,2,32,chair,0
0119172_neurosketch,21,furniture,chair,160,0,-1,0.0,3,32,chair,0
0119172_neurosketch,21,furniture,chair,160,1,-1,0.0,3,32,chair,0
0119172_neurosketch,21,furniture,chair,160,2,-1,0.0,3,32,chair,0
0119172_neurosketch,21,furniture,chair,160,3,-1,0.0,3,32,chair,0
0119172_neurosketch,21,furniture,chair,160,4,-1,0.0,3,32,chair,0
0119172_neurosketch,21,furniture,chair,160,5,-1,0.0,3,32,chair,0
0119172_neurosketch,21,furniture,chair,160,6,-1,0.0,3,32,chair,0
0119172_neurosketch,21,furniture,chair,160,7,-1,0.0,3,32,chair,0
0119172_neurosketch,21,furniture,chair,160,8,0,12002.13,3,32,chair,1
0119172_neurosketch,21,furniture,chair,160,9,0,12002.13,3,32,chair,0
0119172_neurosketch,21,furniture,chair,160,10,0,12002.13,3,32,chair,0
0119172_neurosketch,21,furniture,bench,161,11,1,16502.57,3,0,bench,1
0119172_neurosketch,21,furniture,bench,161,12,1,16502.57,3,0,bench,0
0119172_neurosketch,21,furniture,bench,161,13,1,16502.57,3,0,bench,0
0119172_neurosketch,21,furniture,bed,162,14,0,21002.27,3,39,bed,1
0119172_neurosketch,21,furniture,bed,162,15,0,21002.27,3,39,bed,0
0119172_neurosketch,21,furniture,bed,162,16,0,21002.27,3,39,bed,0
0119172_neurosketch,21,furniture,table,163,17,1,25502.25,3,28,table,1
0119172_neurosketch,21,furniture,table,163,18,1,25502.25,3,28,table,0
0119172_neurosketch,21,furniture,table,163,19,1,25502.25,3,28,table,0
0119172_neurosketch,21,furniture,bed,164,20,0,30003.68,3,16,bed,1
0119172_neurosketch,21,furniture,bed,164,21,0,30003.68,3,16,bed,0
0119172_neurosketch,21,furniture,bed,164,22,0,30003.68,3,16,bed,0
0119172_neurosketch,21,furniture,bed,164,23,0,30003.68,3,16,bed,0
0119172_neurosketch,21,furniture,bench,165,24,1,36002.09,3,35,bench,1
0119172_neurosketch,21,furniture,bench,165,25,1,36002.09,3,35,bench,0
0119172_neurosketch,21,furniture,bench,165,26,1,36002.09,3,35,bench,0
0119172_neurosketch,21,furniture,bench,165,27,1,36002.09,3,35,bench,0
0119172_neurosketch,21,furniture,chair,166,28,0,42002.29,3,13,chair,1
0119172_neurosketch,21,furniture,chair,166,29,0,42002.29,3,13,chair,0
0119172_neurosketch,21,furniture,chair,166,30,0,42002.29,3,13,chair,0
0119172_neurosketch,21,furniture,table,167,31,1,46502.32,3,11,table,1
0119172_neurosketch,21,furniture,table,167,32,1,46502.32,3,11,table,0
0119172_neurosketch,21,furniture,bed,168,33,0,49501.25,3,29,bed,1
0119172_neurosketch,21,furniture,bed,168,34,0,49501.25,3,29,bed,0
0119172_neurosketch,21,2,table,169,35,1,52501.4,3,27,bench,1
0119172_neurosketch,21,2,table,169,36,1,52501.4,3,27,bench,0
0119172_neurosketch,21,2,table,169,37,1,52501.4,3,27,bench,0
0119172_neurosketch,21,furniture,chair,170,38,0,57001.38,3,36,chair,1
0119172_neurosketch,21,furniture,chair,170,39,0,57001.38,3,36,chair,0
0119172_neurosketch,21,furniture,chair,170,40,0,57001.38,3,36,chair,0
0119172_neurosketch,21,furniture,bench,171,41,1,61501.48,3,24,bench,1
0119172_neurosketch,21,furniture,bench,171,42,1,61501.48,3,24,bench,0
0119172_neurosketch,21,furniture,bench,171,43,1,61501.48,3,24,bench,0
0119172_neurosketch,21,furniture,table,172,44,1,66001.59,3,6,table,1
0119172_neurosketch,21,furniture,table,172,45,1,66001.59,3,6,table,0
0119172_neurosketch,21,furniture,bench,173,46,1,69002.29,3,28,bench,1
0119172_neurosketch,21,furniture,bench,173,47,1,69002.29,3,28,bench,0
0119172_neurosketch,21,furniture,bench,173,48,1,69002.29,3,28,bench,0
0119172_neurosketch,21,furniture,bench,173,49,1,69002.29,3,28,bench,0
0119172_neurosketch,21,furniture,bed,174,50,0,75001.58,3,24,,1
0119172_neurosketch,21,furniture,bed,174,51,0,75001.58,3,24,,0
0119172_neurosketch,21,furniture,bed,174,52,0,75001.58,3,24,,0
0119172_neurosketch,21,furniture,chair,175,53,0,79502.33,3,19,chair,1
0119172_neurosketch,21,furniture,chair,175,54,0,79502.33,3,19,chair,0
0119172_neurosketch,21,furniture,bench,176,55,1,82502.0,3,14,bench,1
0119172_neurosketch,21,furniture,bench,176,56,1,82502.0,3,14,bench,0
0119172_neurosketch,21,furniture,bench,176,57,1,82502.0,3,14,bench,0
0119172_neurosketch,21,furniture,bench,176,58,1,82502.0,3,14,bench,0
0119172_neurosketch,21,furniture,bed,177,59,0,88501.85,3,4,bed,1
0119172_neurosketch,21,furniture,bed,177,60,0,88501.85,3,4,bed,0
0119172_neurosketch,21,furniture,table,178,61,1,91502.11,3,4,table,1
0119172_neurosketch,21,furniture,table,178,62,1,91502.11,3,4,table,0
0119172_neurosketch,21,2,chair,179,63,0,94502.29,3,29,chair,1
0119172_neurosketch,21,2,chair,179,64,0,94502.29,3,29,chair,0
0119172_neurosketch,21,2,chair,179,65,0,94502.29,3,29,chair,0
0119172_neurosketch,21,furniture,bench,180,66,1,99002.0,3,22,bench,1
0119172_neurosketch,21,furniture,bench,180,67,1,99002.0,3,22,bench,0
0119172_neurosketch,21,furniture,bench,180,68,1,99002.0,3,22,bench,0
0119172_neurosketch,21,furniture,bench,180,69,1,99002.0,3,22,bench,0
0119172_neurosketch,21,furniture,table,181,70,1,105002.51,3,15,bench,1
0119172_neurosketch,21,furniture,table,181,71,1,105002.51,3,15,bench,0
0119172_neurosketch,21,furniture,chair,182,72,0,108002.22,3,11,chair,1
0119172_neurosketch,21,furniture,chair,182,73,0,108002.22,3,11,chair,0
0119172_neurosketch,21,furniture,bed,183,74,0,111002.38,3,12,bed,1
0119172_neurosketch,21,furniture,bed,183,75,0,111002.38,3,12,bed,0
0119172_neurosketch,21,furniture,bench,184,76,1,114002.3,3,32,bench,1
0119172_neurosketch,21,furniture,bench,184,77,1,114002.3,3,32,bench,0
0119172_neurosketch,21,furniture,bench,184,78,1,114002.3,3,32,bench,0
0119172_neurosketch,21,furniture,bench,184,79,1,114002.3,3,32,bench,0
0119172_neurosketch,21,furniture,bed,185,80,0,120001.57,3,8,,1
0119172_neurosketch,21,furniture,bed,185,81,0,120001.57,3,8,,0
0119172_neurosketch,21,furniture,table,186,82,1,123002.38,3,30,,1
0119172_neurosketch,21,furniture,table,186,83,1,123002.38,3,30,,0
0119172_neurosketch,21,furniture,chair,187,84,0,126002.27,3,4,,1
0119172_neurosketch,21,furniture,chair,187,85,0,126002.27,3,4,,0
0119172_neurosketch,21,furniture,table,188,86,1,129002.96,3,33,table,1
0119172_neurosketch,21,furniture,table,188,87,1,129002.96,3,33,table,0
0119172_neurosketch,21,furniture,table,188,88,1,129002.96,3,33,table,0
0119172_neurosketch,21,2,bench,189,89,1,133502.55,3,20,bench,1
0119172_neurosketch,21,2,bench,189,90,1,133502.55,3,20,bench,0
0119172_neurosketch,21,furniture,bed,190,91,0,136502.97,3,14,bed,1
0119172_neurosketch,21,furniture,bed,190,92,0,136502.97,3,14,bed,0
0119172_neurosketch,21,furniture,bed,190,93,0,136502.97,3,14,bed,0
0119172_neurosketch,21,furniture,chair,191,94,0,141002.92,3,2,chair,1
0119172_neurosketch,21,furniture,chair,191,95,0,141002.92,3,2,chair,0
0119172_neurosketch,21,furniture,chair,191,96,0,141002.92,3,2,chair,0
0119172_neurosketch,21,furniture,chair,191,97,0,141002.92,3,2,chair,0
0119172_neurosketch,21,furniture,chair,192,98,0,147002.89,3,14,chair,1
0119172_neurosketch,21,furniture,chair,192,99,0,147002.89,3,14,chair,0
0119172_neurosketch,21,furniture,table,193,100,1,150002.88,3,9,table,1
0119172_neurosketch,21,furniture,table,193,101,1,150002.88,3,9,table,0
0119172_neurosketch,21,furniture,table,193,102,1,150002.88,3,9,table,0
0119172_neurosketch,21,furniture,bed,194,103,0,154502.99,3,2,bed,1
0119172_neurosketch,21,furniture,bed,194,104,0,154502.99,3,2,bed,0
0119172_neurosketch,21,furniture,bench,195,105,1,157503.28,3,7,bench,1
0119172_neurosketch,21,furniture,bench,195,106,1,157503.28,3,7,bench,0
0119172_neurosketch,21,furniture,bench,195,107,1,157503.28,3,7,bench,0
0119172_neurosketch,21,furniture,chair,196,108,0,162002.49,3,0,chair,1
0119172_neurosketch,21,furniture,chair,196,109,0,162002.49,3,0,chair,0
0119172_neurosketch,21,furniture,chair,196,110,0,162002.49,3,0,chair,0
0119172_neurosketch,21,furniture,chair,196,111,0,162002.49,3,0,chair,0
0119172_neurosketch,21,furniture,bench,197,112,1,168004.07,3,1,bench,1
0119172_neurosketch,21,furniture,bench,197,113,1,168004.07,3,1,bench,0
0119172_neurosketch,21,furniture,bench,197,114,1,168004.07,3,1,bench,0
0119172_neurosketch,21,furniture,table,198,115,1,172503.26,3,31,table,1
0119172_neurosketch,21,furniture,table,198,116,1,172503.26,3,31,table,0
0119172_neurosketch,21,furniture,table,198,117,1,172503.26,3,31,table,0
0119172_neurosketch,21,2,bed,199,118,0,177002.38,3,20,bed,1
0119172_neurosketch,21,2,bed,199,119,0,177002.38,3,20,bed,0
0119172_neurosketch,21,furniture,table,200,120,1,180002.19,3,39,table,1
0119172_neurosketch,21,furniture,table,200,121,1,180002.19,3,39,table,0
0119172_neurosketch,21,furniture,table,200,122,1,180002.19,3,39,table,0
0119172_neurosketch,21,furniture,bench,201,123,1,184502.22,3,5,bench,1
0119172_neurosketch,21,furniture,bench,201,124,1,184502.22,3,5,bench,0
0119172_neurosketch,21,furniture,bench,201,125,1,184502.22,3,5,bench,0
0119172_neurosketch,21,furniture,chair,202,126,0,189002.67,3,7,chair,1
0119172_neurosketch,21,furniture,chair,202,127,0,189002.67,3,7,chair,0
0119172_neurosketch,21,furniture,chair,202,128,0,189002.67,3,7,chair,0
0119172_neurosketch,21,furniture,bed,203,129,0,193502.84,3,22,bed,1
0119172_neurosketch,21,furniture,bed,203,130,0,193502.84,3,22,bed,0
0119172_neurosketch,21,furniture,bed,203,131,0,193502.84,3,22,bed,0
0119172_neurosketch,21,furniture,bed,204,132,0,198002.94,3,31,bed,1
0119172_neurosketch,21,furniture,bed,204,133,0,198002.94,3,31,bed,0
0119172_neurosketch,21,furniture,bed,204,134,0,198002.94,3,31,bed,0
0119172_neurosketch,21,furniture,bed,204,135,0,198002.94,3,31,bed,0
0119172_neurosketch,21,furniture,bench,205,136,1,204002.64,3,10,,1
0119172_neurosketch,21,furniture,bench,205,137,1,204002.64,3,10,,0
0119172_neurosketch,21,furniture,bench,205,138,1,204002.64,3,10,,0
0119172_neurosketch,21,furniture,bench,205,139,1,204002.64,3,10,,0
0119172_neurosketch,21,furniture,table,206,140,1,210002.78,3,37,table,1
0119172_neurosketch,21,furniture,table,206,141,1,210002.78,3,37,table,0
0119172_neurosketch,21,furniture,table,206,142,1,210002.78,3,37,table,0
0119172_neurosketch,21,furniture,chair,207,143,0,214502.09,3,10,chair,1
0119172_neurosketch,21,furniture,chair,207,144,0,214502.09,3,10,chair,0
0119172_neurosketch,21,furniture,table,208,145,1,217501.43,3,22,table,1
0119172_neurosketch,21,furniture,table,208,146,1,217501.43,3,22,table,0
0119172_neurosketch,21,2,chair,209,147,0,220504.52,3,16,chair,1
0119172_neurosketch,21,2,chair,209,148,0,220504.52,3,16,chair,0
0119172_neurosketch,21,2,chair,209,149,0,220504.52,3,16,chair,0
0119172_neurosketch,21,furniture,bench,210,150,1,225003.03,3,2,bench,1
0119172_neurosketch,21,furniture,bench,210,151,1,225003.03,3,2,bench,0
0119172_neurosketch,21,furniture,bench,210,152,1,225003.03,3,2,bench,0
0119172_neurosketch,21,furniture,bed,211,153,0,229502.97,3,19,bed,1
0119172_neurosketch,21,furniture,bed,211,154,0,229502.97,3,19,bed,0
0119172_neurosketch,21,furniture,bed,211,155,0,229502.97,3,19,bed,0
0119172_neurosketch,21,furniture,bench,212,156,1,234002.48,3,27,bench,1
0119172_neurosketch,21,furniture,bench,212,157,1,234002.48,3,27,bench,0
0119172_neurosketch,21,furniture,chair,213,158,0,237002.57,3,31,chair,1
0119172_neurosketch,21,furniture,chair,213,159,0,237002.57,3,31,chair,0
0119172_neurosketch,21,furniture,chair,213,160,0,237002.57,3,31,chair,0
0119172_neurosketch,21,furniture,chair,213,161,0,237002.57,3,31,chair,0
0119172_neurosketch,21,furniture,table,214,162,1,243002.91,3,17,table,1
0119172_neurosketch,21,furniture,table,214,163,1,243002.91,3,17,table,0
0119172_neurosketch,21,furniture,table,214,164,1,243002.91,3,17,table,0
0119172_neurosketch,21,furniture,bed,215,165,0,247502.21,3,33,bed,1
0119172_neurosketch,21,furniture,bed,215,166,0,247502.21,3,33,bed,0
0119172_neurosketch,21,furniture,table,216,167,1,250503.06,3,36,table,1
0119172_neurosketch,21,furniture,table,216,168,1,250503.06,3,36,table,0
0119172_neurosketch,21,furniture,table,216,169,1,250503.06,3,36,table,0
0119172_neurosketch,21,furniture,table,216,170,1,250503.06,3,36,table,0
0119172_neurosketch,21,furniture,bed,217,171,0,256502.94,3,6,bed,1
0119172_neurosketch,21,furniture,bed,217,172,0,256502.94,3,6,bed,0
0119172_neurosketch,21,furniture,bench,218,173,1,259502.33,3,6,bench,1
0119172_neurosketch,21,furniture,bench,218,174,1,259502.33,3,6,bench,0
0119172_neurosketch,21,2,chair,219,175,0,262502.63,3,22,chair,1
0119172_neurosketch,21,2,chair,219,176,0,262502.63,3,22,chair,0
0119172_neurosketch,21,2,chair,219,177,0,262502.63,3,22,chair,0
0119172_neurosketch,21,furniture,bench,220,178,1,267002.71,3,31,bench,1
0119172_neurosketch,21,furniture,bench,220,179,1,267002.71,3,31,bench,0
0119172_neurosketch,21,furniture,bench,220,180,1,267002.71,3,31,bench,0
0119172_neurosketch,21,furniture,bench,220,181,1,267002.71,3,31,bench,0
0119172_neurosketch,21,furniture,chair,221,182,0,273002.95,3,37,bed,1
0119172_neurosketch,21,furniture,chair,221,183,0,273002.95,3,37,bed,0
0119172_neurosketch,21,furniture,bed,222,184,0,276002.69,3,5,,1
0119172_neurosketch,21,furniture,bed,222,185,0,276002.69,3,5,,0
0119172_neurosketch,21,furniture,table,223,186,1,279002.31,3,34,table,1
0119172_neurosketch,21,furniture,table,223,187,1,279002.31,3,34,table,0
0119172_neurosketch,21,furniture,table,224,188,1,282002.73,3,5,table,1
0119172_neurosketch,21,furniture,table,224,189,1,282002.73,3,5,table,0
0119172_neurosketch,21,furniture,table,224,190,1,282002.73,3,5,table,0
0119172_neurosketch,21,furniture,table,224,191,1,282002.73,3,5,table,0
0119172_neurosketch,21,furniture,bench,225,192,1,288002.13,3,36,bench,1
0119172_neurosketch,21,furniture,bench,225,193,1,288002.13,3,36,bench,0
0119172_neurosketch,21,furniture,bed,226,194,0,291002.3,3,36,,1
0119172_neurosketch,21,furniture,bed,226,195,0,291002.3,3,36,,0
0119172_neurosketch,21,furniture,chair,227,196,0,294002.15,3,17,chair,1
0119172_neurosketch,21,furniture,chair,227,197,0,294002.15,3,17,chair,0
0119172_neurosketch,21,furniture,bench,228,198,1,297002.35,3,15,bench,1
0119172_neurosketch,21,furniture,bench,228,199,1,297002.35,3,15,bench,0
0119172_neurosketch,21,furniture,bench,228,200,1,297002.35,3,15,bench,0
0119172_neurosketch,21,2,table,229,201,1,301502.17,3,20,table,1
0119172_neurosketch,21,2,table,229,202,1,301502.17,3,20,table,0
0119172_neurosketch,21,furniture,chair,230,203,0,304503.12,3,18,chair,1
0119172_neurosketch,21,furniture,chair,230,204,0,304503.12,3,18,chair,0
0119172_neurosketch,21,furniture,chair,230,205,0,304503.12,3,18,chair,0
0119172_neurosketch,21,furniture,bed,231,206,0,309002.78,3,18,bed,1
0119172_neurosketch,21,furniture,bed,231,207,0,309002.78,3,18,bed,0
0119172_neurosketch,21,furniture,bed,231,208,0,309002.78,3,18,bed,0
0119172_neurosketch,21,furniture,bed,231,209,0,309002.78,3,18,bed,0
0119172_neurosketch,21,furniture,bench,232,210,1,315004.79,3,16,bench,1
0119172_neurosketch,21,furniture,bench,232,211,1,315004.79,3,16,bench,0
0119172_neurosketch,21,furniture,table,233,212,1,318003.07,3,7,table,1
0119172_neurosketch,21,furniture,table,233,213,1,318003.07,3,7,table,0
0119172_neurosketch,21,furniture,table,233,214,1,318003.07,3,7,table,0
0119172_neurosketch,21,furniture,bed,234,215,0,322503.6,3,23,bed,1
0119172_neurosketch,21,furniture,bed,234,216,0,322503.6,3,23,bed,0
0119172_neurosketch,21,furniture,chair,235,217,0,325503.38,3,20,chair,1
0119172_neurosketch,21,furniture,chair,235,218,0,325503.38,3,20,chair,0
0119172_neurosketch,21,furniture,chair,235,219,0,325503.38,3,20,chair,0
0119172_neurosketch,21,furniture,chair,236,220,0,330002.52,3,30,chair,1
0119172_neurosketch,21,furniture,chair,236,221,0,330002.52,3,30,chair,0
0119172_neurosketch,21,furniture,chair,236,222,0,330002.52,3,30,chair,0
0119172_neurosketch,21,furniture,chair,236,223,0,330002.52,3,30,chair,0
0119172_neurosketch,21,furniture,bench,237,224,1,336003.31,3,4,bench,1
0119172_neurosketch,21,furniture,bench,237,225,1,336003.31,3,4,bench,0
0119172_neurosketch,21,furniture,bench,237,226,1,336003.31,3,4,bench,0
0119172_neurosketch,21,furniture,bed,238,227,0,340502.58,3,28,bed,1
0119172_neurosketch,21,furniture,bed,238,228,0,340502.58,3,28,bed,0
0119172_neurosketch,21,furniture,bed,238,229,0,340502.58,3,28,bed,0
0119172_neurosketch,21,2,table,239,230,1,345002.62,3,29,table,1
0119172_neurosketch,21,2,table,239,231,1,345002.62,3,29,table,0
0119172_neurosketch,21,2,table,239,232,1,345002.62,3,29,table,0
0119172_neurosketch,21,2,table,239,233,1,345002.62,3,29,table,0
0119172_neurosketch,21,2,table,239,234,1,345002.62,3,29,table,0
0119172_neurosketch,21,2,table,239,235,1,345002.62,3,29,table,0
0119172_neurosketch,21,2,table,239,236,1,345002.62,3,29,table,0
0119172_neurosketch,21,2,table,239,237,1,345002.62,3,29,table,0
0119172_neurosketch,21,2,table,239,238,1,345002.62,3,29,table,0
0119172_neurosketch,21,2,table,239,239,1,345002.62,3,29,table,0
0119172_neurosketch,21,furniture,bed,240,0,-1,0.0,4,27,bed,0
0119172_neurosketch,21,furniture,bed,240,1,-1,0.0,4,27,bed,0
0119172_neurosketch,21,furniture,bed,240,2,-1,0.0,4,27,bed,0
0119172_neurosketch,21,furniture,bed,240,3,-1,0.0,4,27,bed,0
0119172_neurosketch,21,furniture,bed,240,4,-1,0.0,4,27,bed,0
0119172_neurosketch,21,furniture,bed,240,5,-1,0.0,4,27,bed,0
0119172_neurosketch,21,furniture,bed,240,6,-1,0.0,4,27,bed,0
0119172_neurosketch,21,furniture,bed,240,7,-1,0.0,4,27,bed,0
0119172_neurosketch,21,furniture,bed,240,8,0,12002.17,4,27,bed,1
0119172_neurosketch,21,furniture,bed,240,9,0,12002.17,4,27,bed,0
0119172_neurosketch,21,furniture,bed,240,10,0,12002.17,4,27,bed,0
0119172_neurosketch,21,furniture,bench,241,11,1,16502.33,4,11,bench,1
0119172_neurosketch,21,furniture,bench,241,12,1,16502.33,4,11,bench,0
0119172_neurosketch,21,furniture,bench,241,13,1,16502.33,4,11,bench,0
0119172_neurosketch,21,furniture,table,242,14,1,21001.81,4,26,table,1
0119172_neurosketch,21,furniture,table,242,15,1,21001.81,4,26,table,0
0119172_neurosketch,21,furniture,table,242,16,1,21001.81,4,26,table,0
0119172_neurosketch,21,furniture,chair,243,17,0,25501.55,4,5,chair,1
0119172_neurosketch,21,furniture,chair,243,18,0,25501.55,4,5,chair,0
0119172_neurosketch,21,furniture,chair,243,19,0,25501.55,4,5,chair,0
0119172_neurosketch,21,furniture,bed,244,20,0,30001.58,4,15,bed,1
0119172_neurosketch,21,furniture,bed,244,21,0,30001.58,4,15,bed,0
0119172_neurosketch,21,furniture,bed,244,22,0,30001.58,4,15,bed,0
0119172_neurosketch,21,furniture,bed,244,23,0,30001.58,4,15,bed,0
0119172_neurosketch,21,furniture,chair,245,24,0,36001.65,4,3,chair,1
0119172_neurosketch,21,furniture,chair,245,25,0,36001.65,4,3,chair,0
0119172_neurosketch,21,furniture,chair,245,26,0,36001.65,4,3,chair,0
0119172_neurosketch,21,furniture,chair,245,27,0,36001.65,4,3,chair,0
0119172_neurosketch,21,furniture,bench,246,28,1,42001.63,4,38,table,1
0119172_neurosketch,21,furniture,bench,246,29,1,42001.63,4,38,table,0
0119172_neurosketch,21,furniture,bench,246,30,1,42001.63,4,38,table,0
0119172_neurosketch,21,furniture,table,247,31,1,46502.25,4,23,table,1
0119172_neurosketch,21,furniture,table,247,32,1,46502.25,4,23,table,0
0119172_neurosketch,21,furniture,table,248,33,1,49503.34,4,0,table,1
0119172_neurosketch,21,furniture,table,248,34,1,49503.34,4,0,table,0
0119172_neurosketch,21,2,bed,249,35,0,52501.52,4,38,chair,1
0119172_neurosketch,21,2,bed,249,36,0,52501.52,4,38,chair,0
0119172_neurosketch,21,2,bed,249,37,0,52501.52,4,38,chair,0
0119172_neurosketch,21,furniture,bench,250,38,1,57002.08,4,23,bench,1
0119172_neurosketch,21,furniture,bench,250,39,1,57002.08,4,23,bench,0
0119172_neurosketch,21,furniture,bench,250,40,1,57002.08,4,23,bench,0
0119172_neurosketch,21,furniture,chair,251,41,0,61502.12,4,34,chair,1
0119172_neurosketch,21,furniture,chair,251,42,0,61502.12,4,34,chair,0
0119172_neurosketch,21,furniture,chair,251,43,0,61502.12,4,34,chair,0
0119172_neurosketch,21,furniture,table,252,44,1,66002.25,4,21,table,1
0119172_neurosketch,21,furniture,table,252,45,1,66002.25,4,21,table,0
0119172_neurosketch,21,furniture,chair,253,46,0,69001.97,4,39,chair,1
0119172_neurosketch,21,furniture,chair,253,47,0,69001.97,4,39,chair,0
0119172_neurosketch,21,furniture,chair,253,48,0,69001.97,4,39,chair,0
0119172_neurosketch,21,furniture,chair,253,49,0,69001.97,4,39,chair,0
0119172_neurosketch,21,furniture,bed,254,50,0,75001.6,4,26,bed,1
0119172_neurosketch,21,furniture,bed,254,51,0,75001.6,4,26,bed,0
0119172_neurosketch,21,furniture,bed,254,52,0,75001.6,4,26,bed,0
0119172_neurosketch,21,furniture,bench,255,53,1,79501.79,4,29,,1
0119172_neurosketch,21,furniture,bench,255,54,1,79501.79,4,29,,0
0119172_neurosketch,21,furniture,bench,256,55,1,82502.12,4,3,bench,1
0119172_neurosketch,21,furniture,bench,256,56,1,82502.12,4,3,bench,0
0119172_neurosketch,21,furniture,bench,256,57,1,82502.12,4,3,bench,0
0119172_neurosketch,21,furniture,bench,256,58,1,82502.12,4,3,bench,0
0119172_neurosketch,21,furniture,bed,257,59,0,88502.3,4,9,bed,1
0119172_neurosketch,21,furniture,bed,257,60,0,88502.3,4,9,bed,0
0119172_neurosketch,21,furniture,chair,258,61,0,91502.38,4,27,chair,1
0119172_neurosketch,21,furniture,chair,258,62,0,91502.38,4,27,chair,0
0119172_neurosketch,21,2,table,259,63,1,94501.56,4,18,table,1
0119172_neurosketch,21,2,table,259,64,1,94501.56,4,18,table,0
0119172_neurosketch,21,2,table,259,65,1,94501.56,4,18,table,0
0119172_neurosketch,21,furniture,bed,260,66,0,99002.64,4,17,bed,1
0119172_neurosketch,21,furniture,bed,260,67,0,99002.64,4,17,bed,0
0119172_neurosketch,21,furniture,bed,260,68,0,99002.64,4,17,bed,0
0119172_neurosketch,21,furniture,bed,260,69,0,99002.64,4,17,bed,0
0119172_neurosketch,21,furniture,bench,261,70,1,105002.42,4,39,bench,1
0119172_neurosketch,21,furniture,bench,261,71,1,105002.42,4,39,bench,0
0119172_neurosketch,21,furniture,table,262,72,1,108002.98,4,8,table,1
0119172_neurosketch,21,furniture,table,262,73,1,108002.98,4,8,table,0
0119172_neurosketch,21,furniture,chair,263,74,0,111002.19,4,26,,1
0119172_neurosketch,21,furniture,chair,263,75,0,111002.19,4,26,,0
0119172_neurosketch,21,furniture,bench,264,76,1,114002.73,4,12,bench,1
0119172_neurosketch,21,furniture,bench,264,77,1,114002.73,4,12,bench,0
0119172_neurosketch,21,furniture,bench,264,78,1,114002.73,4,12,bench,0
0119172_neurosketch,21,furniture,bench,264,79,1,114002.73,4,12,bench,0
0119172_neurosketch,21,furniture,table,265,80,1,120002.45,4,25,table,1
0119172_neurosketch,21,furniture,table,265,81,1,120002.45,4,25,table,0
0119172_neurosketch,21,furniture,bed,266,82,0,123002.5,4,3,bed,1
0119172_neurosketch,21,furniture,bed,266,83,0,123002.5,4,3,bed,0
0119172_neurosketch,21,furniture,chair,267,84,0,126002.14,4,38,chair,1
0119172_neurosketch,21,furniture,chair,267,85,0,126002.14,4,38,chair,0
0119172_neurosketch,21,furniture,table,268,86,1,129003.74,4,24,table,1
0119172_neurosketch,21,furniture,table,268,87,1,129003.74,4,24,table,0
0119172_neurosketch,21,furniture,table,268,88,1,129003.74,4,24,table,0
0119172_neurosketch,21,2,bed,269,89,0,133502.41,4,1,bed,1
0119172_neurosketch,21,2,bed,269,90,0,133502.41,4,1,bed,0
0119172_neurosketch,21,furniture,bench,270,91,1,136502.06,4,21,bench,1
0119172_neurosketch,21,furniture,bench,270,92,1,136502.06,4,21,bench,0
0119172_neurosketch,21,furniture,bench,270,93,1,136502.06,4,21,bench,0
0119172_neurosketch,21,furniture,chair,271,94,0,141001.67,4,12,,1
0119172_neurosketch,21,furniture,chair,271,95,0,141001.67,4,12,,0
0119172_neurosketch,21,furniture,chair,271,96,0,141001.67,4,12,,0
0119172_neurosketch,21,furniture,chair,271,97,0,141001.67,4,12,,0
0119172_neurosketch,21,furniture,table,272,98,1,147002.44,4,1,bench,1
0119172_neurosketch,21,furniture,table,272,99,1,147002.44,4,1,bench,0
0119172_neurosketch,21,furniture,chair,273,100,0,150002.98,4,8,chair,1
0119172_neurosketch,21,furniture,chair,273,101,0,150002.98,4,8,chair,0
0119172_neurosketch,21,furniture,chair,273,102,0,150002.98,4,8,chair,0
0119172_neurosketch,21,furniture,bench,274,103,1,154502.18,4,30,bench,1
0119172_neurosketch,21,furniture,bench,274,104,1,154502.18,4,30,bench,0
0119172_neurosketch,21,furniture,bed,275,105,0,157502.18,4,13,bed,1
0119172_neurosketch,21,furniture,bed,275,106,0,157502.18,4,13,bed,0
0119172_neurosketch,21,furniture,bed,275,107,0,157502.18,4,13,bed,0
0119172_neurosketch,21,furniture,bed,276,108,0,162002.94,4,7,bed,1
0119172_neurosketch,21,furniture,bed,276,109,0,162002.94,4,7,bed,0
0119172_neurosketch,21,furniture,bed,276,110,0,162002.94,4,7,bed,0
0119172_neurosketch,21,furniture,bed,276,111,0,162002.94,4,7,bed,0
0119172_neurosketch,21,furniture,table,277,112,1,168002.92,4,13,table,1
0119172_neurosketch,21,furniture,table,277,113,1,168002.92,4,13,table,0
0119172_neurosketch,21,furniture,table,277,114,1,168002.92,4,13,table,0
0119172_neurosketch,21,furniture,chair,278,115,0,172502.46,4,23,chair,1
0119172_neurosketch,21,furniture,chair,278,116,0,172502.46,4,23,chair,0
0119172_neurosketch,21,furniture,chair,278,117,0,172502.46,4,23,chair,0
0119172_neurosketch,21,2,bench,279,118,1,177002.32,4,34,bench,1
0119172_neurosketch,21,2,bench,279,119,1,177002.32,4,34,bench,0
0119172_neurosketch,21,furniture,bed,280,120,0,180002.81,4,30,bed,1
0119172_neurosketch,21,furniture,bed,280,121,0,180002.81,4,30,bed,0
0119172_neurosketch,21,furniture,bed,280,122,0,180002.81,4,30,bed,0
0119172_neurosketch,21,furniture,bench,281,123,1,184502.7,4,37,bench,1
0119172_neurosketch,21,furniture,bench,281,124,1,184502.7,4,37,bench,0
0119172_neurosketch,21,furniture,bench,281,125,1,184502.7,4,37,bench,0
0119172_neurosketch,21,furniture,chair,282,126,0,189002.71,4,28,chair,1
0119172_neurosketch,21,furniture,chair,282,127,0,189002.71,4,28,chair,0
0119172_neurosketch,21,furniture,chair,282,128,0,189002.71,4,28,chair,0
0119172_neurosketch,21,furniture,table,283,129,1,193502.26,4,38,table,1
0119172_neurosketch,21,furniture,table,283,130,1,193502.26,4,38,table,0
0119172_neurosketch,21,furniture,table,283,131,1,193502.26,4,38,table,0
0119172_neurosketch,21,furniture,bed,284,132,0,198002.83,4,0,bed,1
0119172_neurosketch,21,furniture,bed,284,133,0,198002.83,4,0,bed,0
0119172_neurosketch,21,furniture,bed,284,134,0,198002.83,4,0,bed,0
0119172_neurosketch,21,furniture,bed,284,135,0,198002.83,4,0,bed,0
0119172_neurosketch,21,furniture,table,285,136,1,204002.27,4,12,table,1
0119172_neurosketch,21,furniture,table,285,137,1,204002.27,4,12,table,0
0119172_neurosketch,21,furniture,table,285,138,1,204002.27,4,12,table,0
0119172_neurosketch,21,furniture,table,285,139,1,204002.27,4,12,table,0
0119172_neurosketch,21,furniture,bench,286,140,1,210002.18,4,26,bench,1
0119172_neurosketch,21,furniture,bench,286,141,1,210002.18,4,26,bench,0
0119172_neurosketch,21,furniture,bench,286,142,1,210002.18,4,26,bench,0
0119172_neurosketch,21,furniture,chair,287,143,0,214502.65,4,9,chair,1
0119172_neurosketch,21,furniture,chair,287,144,0,214502.65,4,9,chair,0
0119172_neurosketch,21,furniture,bench,288,145,1,217501.99,4,9,bench,1
0119172_neurosketch,21,furniture,bench,288,146,1,217501.99,4,9,bench,0
0119172_neurosketch,21,2,table,289,147,1,220502.35,4,2,table,1
0119172_neurosketch,21,2,table,289,148,1,220502.35,4,2,table,0
0119172_neurosketch,21,2,table,289,149,1,220502.35,4,2,table,0
0119172_neurosketch,21,furniture,bed,290,150,0,225003.1,4,35,bed,1
0119172_neurosketch,21,furniture,bed,290,151,0,225003.1,4,35,bed,0
0119172_neurosketch,21,furniture,bed,290,152,0,225003.1,4,35,bed,0
0119172_neurosketch,21,furniture,chair,291,153,0,229502.56,4,33,chair,1
0119172_neurosketch,21,furniture,chair,291,154,0,229502.56,4,33,chair,0
0119172_neurosketch,21,furniture,chair,291,155,0,229502.56,4,33,chair,0
0119172_neurosketch,21,furniture,table,292,156,1,234002.88,4,19,bench,1
0119172_neurosketch,21,furniture,table,292,157,1,234002.88,4,19,bench,0
0119172_neurosketch,21,furniture,bed,293,158,0,237002.23,4,10,bed,1
0119172_neurosketch,21,furniture,bed,293,159,0,237002.23,4,10,bed,0
0119172_neurosketch,21,furniture,bed,293,160,0,237002.23,4,10,bed,0
0119172_neurosketch,21,furniture,bed,293,161,0,237002.23,4,10,bed,0
0119172_neurosketch,21,furniture,chair,294,162,0,243002.2,4,35,chair,1
0119172_neurosketch,21,furniture,chair,294,163,0,243002.2,4,35,chair,0
0119172_neurosketch,21,furniture,chair,294,164,0,243002.2,4,35,chair,0
0119172_neurosketch,21,furniture,bench,295,165,1,247502.03,4,33,bench,1
0119172_neurosketch,21,furniture,bench,295,166,1,247502.03,4,33,bench,0
0119172_neurosketch,21,furniture,bench,296,167,1,250502.54,4,8,bench,1
0119172_neurosketch,21,furniture,bench,296,168,1,250502.54,4,8,bench,0
0119172_neurosketch,21,furniture,bench,296,169,1,250502.54,4,8,bench,0
0119172_neurosketch,21,furniture,bench,296,170,1,250502.54,4,8,bench,0
0119172_neurosketch,21,furniture,table,297,171,1,256502.56,4,16,table,1
0119172_neurosketch,21,furniture,table,297,172,1,256502.56,4,16,table,0
0119172_neurosketch,21,furniture,bed,298,173,0,259502.02,4,32,bed,1
0119172_neurosketch,21,furniture,bed,298,174,0,259502.02,4,32,bed,0
0119172_neurosketch,21,2,chair,299,175,0,262502.14,4,21,chair,1
0119172_neurosketch,21,2,chair,299,176,0,262502.14,4,21,chair,0
0119172_neurosketch,21,2,chair,299,177,0,262502.14,4,21,chair,0
0119172_neurosketch,21,furniture,bench,300,178,1,267003.33,4,18,table,1
0119172_neurosketch,21,furniture,bench,300,179,1,267003.33,4,18,table,0
0119172_neurosketch,21,furniture,bench,300,180,1,267003.33,4,18,table,0
0119172_neurosketch,21,furniture,bench,300,181,1,267003.33,4,18,table,0
0119172_neurosketch,21,furniture,bed,301,182,0,273002.8,4,11,bed,1
0119172_neurosketch,21,furniture,bed,301,183,0,273002.8,4,11,bed,0
0119172_neurosketch,21,furniture,chair,302,184,0,276002.11,4,15,chair,1
0119172_neurosketch,21,furniture,chair,302,185,0,276002.11,4,15,chair,0
0119172_neurosketch,21,furniture,table,303,186,1,279002.2,4,35,table,1
0119172_neurosketch,21,furniture,table,303,187,1,279002.2,4,35,table,0
0119172_neurosketch,21,furniture,chair,304,188,0,282004.51,4,1,chair,1
0119172_neurosketch,21,furniture,chair,304,189,0,282004.51,4,1,chair,0
0119172_neurosketch,21,furniture,chair,304,190,0,282004.51,4,1,chair,0
0119172_neurosketch,21,furniture,chair,304,191,0,282004.51,4,1,chair,0
0119172_neurosketch,21,furniture,bed,305,192,0,288002.56,4,37,bed,1
0119172_neurosketch,21,furniture,bed,305,193,0,288002.56,4,37,bed,0
0119172_neurosketch,21,furniture,table,306,194,1,291002.41,4,14,table,1
0119172_neurosketch,21,furniture,table,306,195,1,291002.41,4,14,table,0
0119172_neurosketch,21,furniture,bench,307,196,1,294002.85,4,25,bench,1
0119172_neurosketch,21,furniture,bench,307,197,1,294002.85,4,25,bench,0
0119172_neurosketch,21,furniture,table,308,198,1,297002.23,4,3,table,1
0119172_neurosketch,21,furniture,table,308,199,1,297002.23,4,3,table,0
0119172_neurosketch,21,furniture,table,308,200,1,297002.23,4,3,table,0
0119172_neurosketch,21,2,bench,309,201,1,301504.0,4,13,bench,1
0119172_neurosketch,21,2,bench,309,202,1,301504.0,4,13,bench,0
0119172_neurosketch,21,furniture,chair,310,203,0,304503.1,4,24,chair,1
0119172_neurosketch,21,furniture,chair,310,204,0,304503.1,4,24,chair,0
0119172_neurosketch,21,furniture,chair,310,205,0,304503.1,4,24,chair,0
0119172_neurosketch,21,furniture,bed,311,206,0,309003.88,4,34,bed,1
0119172_neurosketch,21,furniture,bed,311,207,0,309003.88,4,34,bed,0
0119172_neurosketch,21,furniture,bed,311,208,0,309003.88,4,34,bed,0
0119172_neurosketch,21,furniture,bed,311,209,0,309003.88,4,34,bed,0
0119172_neurosketch,21,furniture,bench,312,210,1,315003.04,4,17,bench,1
0119172_neurosketch,21,furniture,bench,312,211,1,315003.04,4,17,bench,0
0119172_neurosketch,21,furniture,bed,313,212,0,318002.48,4,21,bed,1
0119172_neurosketch,21,furniture,bed,313,213,0,318002.48,4,21,bed,0
0119172_neurosketch,21,furniture,bed,313,214,0,318002.48,4,21,bed,0
0119172_neurosketch,21,furniture,table,314,215,1,322503.35,4,32,table,1
0119172_neurosketch,21,furniture,table,314,216,1,322503.35,4,32,table,0
0119172_neurosketch,21,furniture,chair,315,217,0,325502.44,4,25,chair,1
0119172_neurosketch,21,furniture,chair,315,218,0,325502.44,4,25,chair,0
0119172_neurosketch,21,furniture,chair,315,219,0,325502.44,4,25,chair,0
0119172_neurosketch,21,furniture,bench,316,220,1,330003.01,4,19,bench,1
0119172_neurosketch,21,furniture,bench,316,221,1,330003.01,4,19,bench,0
0119172_neurosketch,21,furniture,bench,316,222,1,330003.01,4,19,bench,0
0119172_neurosketch,21,furniture,bench,316,223,1,330003.01,4,19,bench,0
0119172_neurosketch,21,furniture,table,317,224,1,336002.25,4,10,table,1
0119172_neurosketch,21,furniture,table,317,225,1,336002.25,4,10,table,0
0119172_neurosketch,21,furniture,table,317,226,1,336002.25,4,10,table,0
0119172_neurosketch,21,furniture,chair,318,227,0,340503.39,4,6,bed,1
0119172_neurosketch,21,furniture,chair,318,228,0,340503.39,4,6,bed,0
0119172_neurosketch,21,furniture,chair,318,229,0,340503.39,4,6,bed,0
0119172_neurosketch,21,2,bed,319,230,0,345002.97,4,25,bed,1
0119172_neurosketch,21,2,bed,319,231,0,345002.97,4,25,bed,0
0119172_neurosketch,21,2,bed,319,232,0,345002.97,4,25,bed,0
0119172_neurosketch,21,2,bed,319,233,0,345002.97,4,25,bed,0
0119172_neurosketch,21,2,bed,319,234,0,345002.97,4,25,bed,0
0119172_neurosketch,21,2,bed,319,235,0,345002.97,4,25,bed,0
0119172_neurosketch,21,2,bed,319,236,0,345002.97,4,25,bed,0
0119172_neurosketch,21,2,bed,319,237,0,345002.97,4,25,bed,0
0119172_neurosketch,21,2,bed,319,238,0,345002.97,4,25,bed,0
0119172_neurosketch,21,2,bed,319,239,0,345002.97,4,25,bed,0
0119172_neurosketch,21,furniture,bed,360,0,-1,0.0,9,25,,0
0119172_neurosketch,21,furniture,bed,360,1,-1,0.0,9,25,,0
0119172_neurosketch,21,furniture,bed,360,2,-1,0.0,9,25,,0
0119172_neurosketch,21,furniture,bed,360,3,-1,0.0,9,25,,0
0119172_neurosketch,21,furniture,bed,360,4,-1,0.0,9,25,,0
0119172_neurosketch,21,furniture,bed,360,5,-1,0.0,9,25,,0
0119172_neurosketch,21,furniture,bed,360,6,-1,0.0,9,25,,0
0119172_neurosketch,21,furniture,bed,360,7,-1,0.0,9,25,,0
0119172_neurosketch,21,furniture,bed,360,8,0,12002.93,9,25,,1
0119172_neurosketch,21,furniture,bed,360,9,0,12002.93,9,25,,0
0119172_neurosketch,21,furniture,bed,360,10,0,12002.93,9,25,,0
0119172_neurosketch,21,furniture,chair,361,11,0,16502.68,9,6,chair,1
0119172_neurosketch,21,furniture,chair,361,12,0,16502.68,9,6,chair,0
0119172_neurosketch,21,furniture,chair,361,13,0,16502.68,9,6,chair,0
0119172_neurosketch,21,furniture,table,362,14,1,21001.83,9,10,table,1
0119172_neurosketch,21,furniture,table,362,15,1,21001.83,9,10,table,0
0119172_neurosketch,21,furniture,table,362,16,1,21001.83,9,10,table,0
0119172_neurosketch,21,furniture,bench,363,17,1,25501.89,9,19,bench,1
0119172_neurosketch,21,furniture,bench,363,18,1,25501.89,9,19,bench,0
0119172_neurosketch,21,furniture,bench,363,19,1,25501.89,9,19,bench,0
0119172_neurosketch,21,furniture,chair,364,20,0,30003.35,9,25,chair,1
0119172_neurosketch,21,furniture,chair,364,21,0,30003.35,9,25,chair,0
0119172_neurosketch,21,furniture,chair,364,22,0,30003.35,9,25,chair,0
0119172_neurosketch,21,furniture,chair,364,23,0,30003.35,9,25,chair,0
0119172_neurosketch,21,furniture,table,365,24,1,36002.43,9,32,table,1
0119172_neurosketch,21,furniture,table,365,25,1,36002.43,9,32,table,0
0119172_neurosketch,21,furniture,table,365,26,1,36002.43,9,32,table,0
0119172_neurosketch,21,furniture,table,365,27,1,36002.43,9,32,table,0
0119172_neurosketch,21,furniture,bed,366,28,0,42002.28,9,21,bed,1
0119172_neurosketch,21,furniture,bed,366,29,0,42002.28,9,21,bed,0
0119172_neurosketch,21,furniture,bed,366,30,0,42002.28,9,21,bed,0
0119172_neurosketch,21,furniture,bench,367,31,1,46501.88,9,17,table,1
0119172_neurosketch,21,furniture,bench,367,32,1,46501.88,9,17,table,0
0119172_neurosketch,21,furniture,bed,368,33,0,49501.81,9,34,bed,1
0119172_neurosketch,21,furniture,bed,368,34,0,49501.81,9,34,bed,0
0119172_neurosketch,21,2,chair,369,35,0,52502.05,9,24,chair,1
0119172_neurosketch,21,2,chair,369,36,0,52502.05,9,24,chair,0
0119172_neurosketch,21,2,chair,369,37,0,52502.05,9,24,chair,0
0119172_neurosketch,21,furniture,bench,370,38,1,57001.67,9,13,bench,1
0119172_neurosketch,21,furniture,bench,370,39,1,57001.67,9,13,bench,0
0119172_neurosketch,21,furniture,bench,370,40,1,57001.67,9,13,bench,0
0119172_neurosketch,21,furniture,table,371,41,1,61502.14,9,3,table,1
0119172_neurosketch,21,furniture,table,371,42,1,61502.14,9,3,table,0
0119172_neurosketch,21,furniture,table,371,43,1,61502.14,9,3,table,0
0119172_neurosketch,21,furniture,bench,372,44,1,66002.12,9,25,table,1
0119172_neurosketch,21,furniture,bench,372,45,1,66002.12,9,25,table,0
0119172_neurosketch,21,furniture,table,373,46,1,69002.53,9,14,table,1
0119172_neurosketch,21,furniture,table,373,47,1,69002.53,9,14,table,0
0119172_neurosketch,21,furniture,table,373,48,1,69002.53,9,14,table,0
0119172_neurosketch,21,furniture,table,373,49,1,69002.53,9,14,table,0
0119172_neurosketch,21,furniture,bed,374,50,0,75002.2,9,37,bed,1
0119172_neurosketch,21,furniture,bed,374,51,0,75002.2,9,37,bed,0
0119172_neurosketch,21,furniture,bed,374,52,0,75002.2,9,37,bed,0
0119172_neurosketch,21,furniture,chair,375,53,0,79502.27,9,1,chair,1
0119172_neurosketch,21,furniture,chair,375,54,0,79502.27,9,1,chair,0
0119172_neurosketch,21,furniture,table,376,55,1,82502.67,9,35,bench,1
0119172_neurosketch,21,furniture,table,376,56,1,82502.67,9,35,bench,0
0119172_neurosketch,21,furniture,table,376,57,1,82502.67,9,35,bench,0
0119172_neurosketch,21,furniture,table,376,58,1,82502.67,9,35,bench,0
0119172_neurosketch,21,furniture,chair,377,59,0,88502.45,9,15,chair,1
0119172_neurosketch,21,furniture,chair,377,60,0,88502.45,9,15,chair,0
0119172_neurosketch,21,furniture,bed,378,61,0,91502.75,9,11,bed,1
0119172_neurosketch,21,furniture,bed,378,62,0,91502.75,9,11,bed,0
0119172_neurosketch,21,2,bench,379,63,1,94502.46,9,18,bench,1
0119172_neurosketch,21,2,bench,379,64,1,94502.46,9,18,bench,0
0119172_neurosketch,21,2,bench,379,65,1,94502.46,9,18,bench,0
0119172_neurosketch,21,furniture,chair,380,66,0,99002.92,9,21,chair,1
0119172_neurosketch,21,furniture,chair,380,67,0,99002.92,9,21,chair,0
0119172_neurosketch,21,furniture,chair,380,68,0,99002.92,9,21,chair,0
0119172_neurosketch,21,furniture,chair,380,69,0,99002.92,9,21,chair,0
0119172_neurosketch,21,furniture,bed,381,70,0,105002.44,9,32,bed,1
0119172_neurosketch,21,furniture,bed,381,71,0,105002.44,9,32,bed,0
0119172_neurosketch,21,furniture,table,382,72,1,108002.58,9,16,table,1
0119172_neurosketch,21,furniture,table,382,73,1,108002.58,9,16,table,0
0119172_neurosketch,21,furniture,bench,383,74,1,111002.26,9,8,bench,1
0119172_neurosketch,21,furniture,bench,383,75,1,111002.26,9,8,bench,0
0119172_neurosketch,21,furniture,bench,384,76,1,114002.16,9,33,bench,1
0119172_neurosketch,21,furniture,bench,384,77,1,114002.16,9,33,bench,0
0119172_neurosketch,21,furniture,bench,384,78,1,114002.16,9,33,bench,0
0119172_neurosketch,21,furniture,bench,384,79,1,114002.16,9,33,bench,0
0119172_neurosketch,21,furniture,chair,385,80,0,120003.05,9,35,chair,1
0119172_neurosketch,21,furniture,chair,385,81,0,120003.05,9,35,chair,0
0119172_neurosketch,21,furniture,bed,386,82,0,123002.38,9,10,bed,1
0119172_neurosketch,21,furniture,bed,386,83,0,123002.38,9,10,bed,0
0119172_neurosketch,21,furniture,table,387,84,1,126002.82,9,19,table,1
0119172_neurosketch,21,furniture,table,387,85,1,126002.82,9,19,table,0
0119172_neurosketch,21,furniture,chair,388,86,0,129002.22,9,33,chair,1
0119172_neurosketch,21,furniture,chair,388,87,0,129002.22,9,33,chair,0
0119172_neurosketch,21,furniture,chair,388,88,0,129002.22,9,33,chair,0
0119172_neurosketch,21,2,bed,389,89,0,133502.53,9,35,bed,1
0119172_neurosketch,21,2,bed,389,90,0,133502.53,9,35,bed,0
0119172_neurosketch,21,furniture,table,390,91,1,136502.73,9,2,table,1
0119172_neurosketch,21,furniture,table,390,92,1,136502.73,9,2,table,0
0119172_neurosketch,21,furniture,table,390,93,1,136502.73,9,2,table,0
0119172_neurosketch,21,furniture,bench,391,94,1,141002.85,9,9,bench,1
0119172_neurosketch,21,furniture,bench,391,95,1,141002.85,9,9,bench,0
0119172_neurosketch,21,furniture,bench,391,96,1,141002.85,9,9,bench,0
0119172_neurosketch,21,furniture,bench,391,97,1,141002.85,9,9,bench,0
0119172_neurosketch,21,furniture,chair,392,98,0,147002.29,9,9,chair,1
0119172_neurosketch,21,furniture,chair,392,99,0,147002.29,9,9,chair,0
0119172_neurosketch,21,furniture,bench,393,100,1,150002.63,9,26,bench,1
0119172_neurosketch,21,furniture,bench,393,101,1,150002.63,9,26,bench,0
0119172_neurosketch,21,furniture,bench,393,102,1,150002.63,9,26,bench,0
0119172_neurosketch,21,furniture,table,394,103,1,154501.01,9,12,table,1
0119172_neurosketch,21,furniture,table,394,104,1,154501.01,9,12,table,0
0119172_neurosketch,21,furniture,bed,395,105,0,157502.45,9,0,,1
0119172_neurosketch,21,furniture,bed,395,106,0,157502.45,9,0,,0
0119172_neurosketch,21,furniture,bed,395,107,0,157502.45,9,0,,0
0119172_neurosketch,21,furniture,table,396,108,1,162003.52,9,38,table,1
0119172_neurosketch,21,furniture,table,396,109,1,162003.52,9,38,table,0
0119172_neurosketch,21,furniture,table,396,110,1,162003.52,9,38,table,0
0119172_neurosketch,21,furniture,table,396,111,1,162003.52,9,38,table,0
0119172_neurosketch,21,furniture,chair,397,112,0,168002.49,9,28,chair,1
0119172_neurosketch,21,furniture,chair,397,113,0,168002.49,9,28,chair,0
0119172_neurosketch,21,furniture,chair,397,114,0,168002.49,9,28,chair,0
0119172_neurosketch,21,furniture,bench,398,115,1,172502.57,9,37,bench,1
0119172_neurosketch,21,furniture,bench,398,116,1,172502.57,9,37,bench,0
0119172_neurosketch,21,furniture,bench,398,117,1,172502.57,9,37,bench,0
0119172_neurosketch,21,2,bed,399,118,0,177003.08,9,30,bed,1
0119172_neurosketch,21,2,bed,399,119,0,177003.08,9,30,bed,0
0119172_neurosketch,21,furniture,bench,400,120,1,180003.08,9,34,bench,1
0119172_neurosketch,21,furniture,bench,400,121,1,180003.08,9,34,bench,0
0119172_neurosketch,21,furniture,bench,400,122,1,180003.08,9,34,bench,0
0119172_neurosketch,21,furniture,chair,401,123,0,184502.94,9,23,chair,1
0119172_neurosketch,21,furniture,chair,401,124,0,184502.94,9,23,chair,0
0119172_neurosketch,21,furniture,chair,401,125,0,184502.94,9,23,chair,0
0119172_neurosketch,21,furniture,table,402,126,1,189002.63,9,13,table,1
0119172_neurosketch,21,furniture,table,402,127,1,189002.63,9,13,table,0
0119172_neurosketch,21,furniture,table,402,128,1,189002.63,9,13,table,0
0119172_neurosketch,21,furniture,bed,403,129,0,193502.88,9,7,bed,1
0119172_neurosketch,21,furniture,bed,403,130,0,193502.88,9,7,bed,0
0119172_neurosketch,21,furniture,bed,403,131,0,193502.88,9,7,bed,0
0119172_neurosketch,21,furniture,bed,404,132,0,198002.85,9,13,bed,1
0119172_neurosketch,21,furniture,bed,404,133,0,198002.85,9,13,bed,0
0119172_neurosketch,21,furniture,bed,404,134,0,198002.85,9,13,bed,0
0119172_neurosketch,21,furniture,bed,404,135,0,198002.85,9,13,bed,0
0119172_neurosketch,21,furniture,bench,405,136,1,204003.05,9,30,bench,1
0119172_neurosketch,21,furniture,bench,405,137,1,204003.05,9,30,bench,0
0119172_neurosketch,21,furniture,bench,405,138,1,204003.05,9,30,bench,0
0119172_neurosketch,21,furniture,bench,405,139,1,204003.05,9,30,bench,0
0119172_neurosketch,21,furniture,chair,406,140,0,210002.43,9,8,chair,1
0119172_neurosketch,21,furniture,chair,406,141,0,210002.43,9,8,chair,0
0119172_neurosketch,21,furniture,chair,406,142,0,210002.43,9,8,chair,0
0119172_neurosketch,21,furniture,table,407,143,1,214502.79,9,1,bench,1
0119172_neurosketch,21,furniture,table,407,144,1,214502.79,9,1,bench,0
0119172_neurosketch,21,furniture,chair,408,145,0,217502.99,9,12,chair,1
0119172_neurosketch,21,furniture,chair,408,146,0,217502.99,9,12,chair,0
0119172_neurosketch,21,2,bench,409,147,1,220502.18,9,21,bench,1
0119172_neurosketch,21,2,bench,409,148,1,220502.18,9,21,bench,0
0119172_neurosketch,21,2,bench,409,149,1,220502.18,9,21,bench,0
0119172_neurosketch,21,furniture,bed,410,150,0,225003.04,9,1,bed,1
0119172_neurosketch,21,furniture,bed,410,151,0,225003.04,9,1,bed,0
0119172_neurosketch,21,furniture,bed,410,152,0,225003.04,9,1,bed,0
0119172_neurosketch,21,furniture,table,411,153,1,229501.77,9,24,table,1
0119172_neurosketch,21,furniture,table,411,154,1,229501.77,9,24,table,0
0119172_neurosketch,21,furniture,table,411,155,1,229501.77,9,24,table,0
0119172_neurosketch,21,furniture,chair,412,156,0,234001.46,9,38,chair,1
0119172_neurosketch,21,furniture,chair,412,157,0,234001.46,9,38,chair,0
0119172_neurosketch,21,furniture,bed,413,158,0,237002.25,9,3,bed,1
0119172_neurosketch,21,furniture,bed,413,159,0,237002.25,9,3,bed,0
0119172_neurosketch,21,furniture,bed,413,160,0,237002.25,9,3,bed,0
0119172_neurosketch,21,furniture,bed,413,161,0,237002.25,9,3,bed,0
0119172_neurosketch,21,furniture,table,414,162,1,243002.01,9,25,table,1
0119172_neurosketch,21,furniture,table,414,163,1,243002.01,9,25,table,0
0119172_neurosketch,21,furniture,table,414,164,1,243002.01,9,25,table,0
0119172_neurosketch,21,furniture,bench,415,165,1,247503.06,9,12,bench,1
0119172_neurosketch,21,furniture,bench,415,166,1,247503.06,9,12,bench,0
0119172_neurosketch,21,furniture,chair,416,167,0,250502.74,9,26,chair,1
0119172_neurosketch,21,furniture,chair,416,168,0,250502.74,9,26,chair,0
0119172_neurosketch,21,furniture,chair,416,169,0,250502.74,9,26,chair,0
0119172_neurosketch,21,furniture,chair,416,170,0,250502.74,9,26,chair,0
0119172_neurosketch,21,furniture,table,417,171,1,256502.46,9,8,table,1
0119172_neurosketch,21,furniture,table,417,172,1,256502.46,9,8,table,0
0119172_neurosketch,21,furniture,bench,418,173,1,259502.15,9,39,bench,1
0119172_neurosketch,21,furniture,bench,418,174,1,259502.15,9,39,bench,0
0119172_neurosketch,21,2,bed,419,175,0,262502.43,9,17,bed,1
0119172_neurosketch,21,2,bed,419,176,0,262502.43,9,17,bed,0
0119172_neurosketch,21,2,bed,419,177,0,262502.43,9,17,bed,0
0119172_neurosketch,21,furniture,table,420,178,1,267002.49,9,18,table,1
0119172_neurosketch,21,furniture,table,420,179,1,267002.49,9,18,table,0
0119172_neurosketch,21,furniture,table,420,180,1,267002.49,9,18,table,0
0119172_neurosketch,21,furniture,table,420,181,1,267002.49,9,18,table,0
0119172_neurosketch,21,furniture,chair,421,182,0,273002.16,9,27,,1
0119172_neurosketch,21,furniture,chair,421,183,0,273002.16,9,27,,0
0119172_neurosketch,21,furniture,bed,422,184,0,276002.7,9,9,bed,1
0119172_neurosketch,21,furniture,bed,422,185,0,276002.7,9,9,bed,0
0119172_neurosketch,21,furniture,bench,423,186,1,279002.75,9,3,bench,1
0119172_neurosketch,21,furniture,bench,423,187,1,279002.75,9,3,bench,0
0119172_neurosketch,21,furniture,bench,424,188,1,282003.12,9,29,bench,1
0119172_neurosketch,21,furniture,bench,424,189,1,282003.12,9,29,bench,0
0119172_neurosketch,21,furniture,bench,424,190,1,282003.12,9,29,bench,0
0119172_neurosketch,21,furniture,bench,424,191,1,282003.12,9,29,bench,0
0119172_neurosketch,21,furniture,bed,425,192,0,288002.92,9,26,bed,1
0119172_neurosketch,21,furniture,bed,425,193,0,288002.92,9,26,bed,0
0119172_neurosketch,21,furniture,chair,426,194,0,291003.1,9,39,chair,1
0119172_neurosketch,21,furniture,chair,426,195,0,291003.1,9,39,chair,0
0119172_neurosketch,21,furniture,table,427,196,1,294002.82,9,21,table,1
0119172_neurosketch,21,furniture,table,427,197,1,294002.82,9,21,table,0
0119172_neurosketch,21,furniture,chair,428,198,0,297004.59,9,34,bed,1
0119172_neurosketch,21,furniture,chair,428,199,0,297004.59,9,34,bed,0
0119172_neurosketch,21,furniture,chair,428,200,0,297004.59,9,34,bed,0
0119172_neurosketch,21,2,bench,429,201,1,301503.01,9,23,bench,1
0119172_neurosketch,21,2,bench,429,202,1,301503.01,9,23,bench,0
0119172_neurosketch,21,furniture,bed,430,203,0,304502.39,9,38,bed,1
0119172_neurosketch,21,furniture,bed,430,204,0,304502.39,9,38,bed,0
0119172_neurosketch,21,furniture,bed,430,205,0,304502.39,9,38,bed,0
0119172_neurosketch,21,furniture,table,431,206,1,309002.93,9,0,table,1
0119172_neurosketch,21,furniture,table,431,207,1,309002.93,9,0,table,0
0119172_neurosketch,21,furniture,table,431,208,1,309002.93,9,0,table,0
0119172_neurosketch,21,furniture,table,431,209,1,309002.93,9,0,table,0
0119172_neurosketch,21,furniture,table,432,210,1,315004.35,9,23,table,1
0119172_neurosketch,21,furniture,table,432,211,1,315004.35,9,23,table,0
0119172_neurosketch,21,furniture,bench,433,212,1,318002.7,9,38,bench,1
0119172_neurosketch,21,furniture,bench,433,213,1,318002.7,9,38,bench,0
0119172_neurosketch,21,furniture,bench,433,214,1,318002.7,9,38,bench,0
0119172_neurosketch,21,furniture,chair,434,215,0,322502.43,9,3,chair,1
0119172_neurosketch,21,furniture,chair,434,216,0,322502.43,9,3,chair,0
0119172_neurosketch,21,furniture,bed,435,217,0,325502.45,9,15,bed,1
0119172_neurosketch,21,furniture,bed,435,218,0,325502.45,9,15,bed,0
0119172_neurosketch,21,furniture,bed,435,219,0,325502.45,9,15,bed,0
0119172_neurosketch,21,furniture,chair,436,220,0,330002.93,9,5,chair,1
0119172_neurosketch,21,furniture,chair,436,221,0,330002.93,9,5,chair,0
0119172_neurosketch,21,furniture,chair,436,222,0,330002.93,9,5,chair,0
0119172_neurosketch,21,furniture,chair,436,223,0,330002.93,9,5,chair,0
0119172_neurosketch,21,furniture,table,437,224,1,336002.58,9,26,table,1
0119172_neurosketch,21,furniture,table,437,225,1,336002.58,9,26,table,0
0119172_neurosketch,21,furniture,table,437,226,1,336002.58,9,26,table,0
0119172_neurosketch,21,furniture,bench,438,227,1,340502.55,9,11,bench,1
0119172_neurosketch,21,furniture,bench,438,228,1,340502.55,9,11,bench,0
0119172_neurosketch,21,furniture,bench,438,229,1,340502.55,9,11,bench,0
0119172_neurosketch,21,2,bed,439,230,0,345002.58,9,27,bed,1
0119172_neurosketch,21,2,bed,439,231,0,345002.58,9,27,bed,0
0119172_neurosketch,21,2,bed,439,232,0,345002.58,9,27,bed,0
0119172_neurosketch,21,2,bed,439,233,0,345002.58,9,27,bed,0
0119172_neurosketch,21,2,bed,439,234,0,345002.58,9,27,bed,0
0119172_neurosketch,21,2,bed,439,235,0,345002.58,9,27,bed,0
0119172_neurosketch,21,2,bed,439,236,0,345002.58,9,27,bed,0
0119172_neurosketch,21,2,bed,439,237,0,345002.58,9,27,bed,0
0119172_neurosketch,21,2,bed,439,238,0,345002.58,9,27,bed,0
0119172_neurosketch,21,2,bed,439,239,0,345002.58,9,27,bed,0
0119172_neurosketch,21,furniture,table,440,0,-1,0.0,10,29,table,0
0119172_neurosketch,21,furniture,table,440,1,-1,0.0,10,29,table,0
0119172_neurosketch,21,furniture,table,440,2,-1,0.0,10,29,table,0
0119172_neurosketch,21,furniture,table,440,3,-1,0.0,10,29,table,0
0119172_neurosketch,21,furniture,table,440,4,-1,0.0,10,29,table,0
0119172_neurosketch,21,furniture,table,440,5,-1,0.0,10,29,table,0
0119172_neurosketch,21,furniture,table,440,6,-1,0.0,10,29,table,0
0119172_neurosketch,21,furniture,table,440,7,-1,0.0,10,29,table,0
0119172_neurosketch,21,furniture,table,440,8,1,12002.47,10,29,table,1
0119172_neurosketch,21,furniture,table,440,9,1,12002.47,10,29,table,0
0119172_neurosketch,21,furniture,table,440,10,1,12002.47,10,29,table,0
0119172_neurosketch,21,furniture,bed,441,11,0,16501.52,10,28,bed,1
0119172_neurosketch,21,furniture,bed,441,12,0,16501.52,10,28,bed,0
0119172_neurosketch,21,furniture,bed,441,13,0,16501.52,10,28,bed,0
0119172_neurosketch,21,furniture,bench,442,14,1,21001.75,10,4,bench,1
0119172_neurosketch,21,furniture,bench,442,15,1,21001.75,10,4,bench,0
0119172_neurosketch,21,furniture,bench,442,16,1,21001.75,10,4,bench,0
0119172_neurosketch,21,furniture,chair,443,17,0,25501.56,10,30,chair,1
0119172_neurosketch,21,furniture,chair,443,18,0,25501.56,10,30,chair,0
0119172_neurosketch,21,furniture,chair,443,19,0,25501.56,10,30,chair,0
0119172_neurosketch,21,furniture,chair,444,20,0,30001.22,10,20,chair,1
0119172_neurosketch,21,furniture,chair,444,21,0,30001.22,10,20,chair,0
0119172_neurosketch,21,furniture,chair,444,22,0,30001.22,10,20,chair,0
0119172_neurosketch,21,furniture,chair,444,23,0,30001.22,10,20,chair,0
0119172_neurosketch,21,furniture,bed,445,24,0,36001.56,10,23,bed,1
0119172_neurosketch,21,furniture,bed,445,25,0,36001.56,10,23,bed,0
0119172_neurosketch,21,furniture,bed,445,26,0,36001.56,10,23,bed,0
0119172_neurosketch,21,furniture,bed,445,27,0,36001.56,10,23,bed,0
0119172_neurosketch,21,furniture,table,446,28,1,42001.76,10,7,table,1
0119172_neurosketch,21,furniture,table,446,29,1,42001.76,10,7,table,0
0119172_neurosketch,21,furniture,table,446,30,1,42001.76,10,7,table,0
0119172_neurosketch,21,furniture,bench,447,31,1,46501.39,10,16,bench,1
0119172_neurosketch,21,furniture,bench,447,32,1,46501.39,10,16,bench,0
0119172_neurosketch,21,furniture,bed,448,33,0,49502.22,10,18,bed,1
0119172_neurosketch,21,furniture,bed,448,34,0,49502.22,10,18,bed,0
0119172_neurosketch,21,2,chair,449,35,0,52502.56,10,18,chair,1
0119172_neurosketch,21,2,chair,449,36,0,52502.56,10,18,chair,0
0119172_neurosketch,21,2,chair,449,37,0,52502.56,10,18,chair,0
0119172_neurosketch,21,furniture,table,450,38,1,57001.7,10,20,table,1
0119172_neurosketch,21,furniture,table,450,39,1,57001.7,10,20,table,0
0119172_neurosketch,21,furniture,table,450,40,1,57001.7,10,20,table,0
0119172_neurosketch,21,furniture,bench,451,41,1,61502.48,10,15,bench,1
0119172_neurosketch,21,furniture,bench,451,42,1,61502.48,10,15,bench,0
0119172_neurosketch,21,furniture,bench,451,43,1,61502.48,10,15,bench,0
0119172_neurosketch,21,furniture,chair,452,44,0,66003.71,10,17,chair,1
0119172_neurosketch,21,furniture,chair,452,45,0,66003.71,10,17,chair,0
0119172_neurosketch,21,furniture,bed,453,46,0,69002.5,10,36,bed,1
0119172_neurosketch,21,furniture,bed,453,47,0,69002.5,10,36,bed,0
0119172_neurosketch,21,furniture,bed,453,48,0,69002.5,10,36,bed,0
0119172_neurosketch,21,furniture,bed,453,49,0,69002.5,10,36,bed,0
0119172_neurosketch,21,furniture,bench,454,50,1,75002.17,10,36,bench,1
0119172_neurosketch,21,furniture,bench,454,51,1,75002.17,10,36,bench,0
0119172_neurosketch,21,furniture,bench,454,52,1,75002.17,10,36,bench,0
0119172_neurosketch,21,furniture,table,455,53,1,79501.88,10,5,table,1
0119172_neurosketch,21,furniture,table,455,54,1,79501.88,10,5,table,0
0119172_neurosketch,21,furniture,table,456,55,1,82502.24,10,34,table,1
0119172_neurosketch,21,furniture,table,456,56,1,82502.24,10,34,table,0
0119172_neurosketch,21,furniture,table,456,57,1,82502.24,10,34,table,0
0119172_neurosketch,21,furniture,table,456,58,1,82502.24,10,34,table,0
0119172_neurosketch,21,furniture,bed,457,59,0,88501.72,10,5,bed,1
0119172_neurosketch,21,furniture,bed,457,60,0,88501.72,10,5,bed,0
0119172_neurosketch,21,furniture,chair,458,61,0,91502.93,10,37,chair,1
0119172_neurosketch,21,furniture,chair,458,62,0,91502.93,10,37,chair,0
0119172_neurosketch,21,2,bench,459,63,1,94501.8,10,31,bench,1
0119172_neurosketch,21,2,bench,459,64,1,94501.8,10,31,bench,0
0119172_neurosketch,21,2,bench,459,65,1,94501.8,10,31,bench,0
0119172_neurosketch,21,furniture,chair,460,66,0,99002.52,10,22,,1
0119172_neurosketch,21,furniture,chair,460,67,0,99002.52,10,22,,0
0119172_neurosketch,21,furniture,chair,460,68,0,99002.52,10,22,,0
0119172_neurosketch,21,furniture,chair,460,69,0,99002.52,10,22,,0
0119172_neurosketch,21,furniture,bench,461,70,1,105001.84,10,6,bench,1
0119172_neurosketch,21,furniture,bench,461,71,1,105001.84,10,6,bench,0
0119172_neurosketch,21,furniture,bed,462,72,0,108001.61,10,6,bed,1
0119172_neurosketch,21,furniture,bed,462,73,0,108001.61,10,6,bed,0
0119172_neurosketch,21,furniture,table,463,74,1,111002.16,10,36,table,1
0119172_neurosketch,21,furniture,table,463,75,1,111002.16,10,36,table,0
0119172_neurosketch,21,furniture,bed,464,76,0,114002.66,10,33,bed,1
0119172_neurosketch,21,furniture,bed,464,77,0,114002.66,10,33,bed,0
0119172_neurosketch,21,furniture,bed,464,78,0,114002.66,10,33,bed,0
0119172_neurosketch,21,furniture,bed,464,79,0,114002.66,10,33,bed,0
0119172_neurosketch,21,furniture,table,465,80,1,120001.88,10,17,,1
0119172_neurosketch,21,furniture,table,465,81,1,120001.88,10,17,,0
0119172_neurosketch,21,furniture,chair,466,82,0,123002.61,10,31,chair,1
0119172_neurosketch,21,furniture,chair,466,83,0,123002.61,10,31,chair,0
0119172_neurosketch,21,furniture,bench,467,84,1,126002.63,10,27,bench,1
0119172_neurosketch,21,furniture,bench,467,85,1,126002.63,10,27,bench,0
0119172_neurosketch,21,furniture,bed,468,86,0,129002.17,10,19,bed,1
0119172_neurosketch,21,furniture,bed,468,87,0,129002.17,10,19,bed,0
0119172_neurosketch,21,furniture,bed,468,88,0,129002.17,10,19,bed,0
0119172_neurosketch,21,2,bench,469,89,1,133501.81,10,2,bench,1
0119172_neurosketch,21,2,bench,469,90,1,133501.81,10,2,bench,0
0119172_neurosketch,21,furniture,chair,470,91,0,136503.32,10,16,chair,1
0119172_neurosketch,21,furniture,chair,470,92,0,136503.32,10,16,chair,0
0119172_neurosketch,21,furniture,chair,470,93,0,136503.32,10,16,chair,0
0119172_neurosketch,21,furniture,table,471,94,1,141002.33,10,22,table,1
0119172_neurosketch,21,furniture,table,471,95,1,141002.33,10,22,table,0
0119172_neurosketch,21,furniture,table,471,96,1,141002.33,10,22,table,0
0119172_neurosketch,21,furniture,table,471,97,1,141002.33,10,22,table,0
0119172_neurosketch,21,furniture,chair,472,98,0,147003.97,10,10,chair,1
0119172_neurosketch,21,furniture,chair,472,99,0,147003.97,10,10,chair,0
0119172_neurosketch,21,furniture,table,473,100,1,150002.99,10,37,,1
0119172_neurosketch,21,furniture,table,473,101,1,150002.99,10,37,,0
0119172_neurosketch,21,furniture,table,473,102,1,150002.99,10,37,,0
0119172_neurosketch,21,furniture,bench,474,103,1,154502.18,10,10,bench,1
0119172_neurosketch,21,furniture,bench,474,104,1,154502.18,10,10,bench,0
0119172_neurosketch,21,furniture,bed,475,105,0,157504.94,10,31,bed,1
0119172_neurosketch,21,furniture,bed,475,106,0,157504.94,10,31,bed,0
0119172_neurosketch,21,furniture,bed,475,107,0,157504.94,10,31,bed,0
0119172_neurosketch,21,furniture,bed,476,108,0,162003.08,10,22,bed,1
0119172_neurosketch,21,furniture,bed,476,109,0,162003.08,10,22,bed,0
0119172_neurosketch,21,furniture,bed,476,110,0,162003.08,10,22,bed,0
0119172_neurosketch,21,furniture,bed,476,111,0,162003.08,10,22,bed,0
0119172_neurosketch,21,furniture,chair,477,112,0,168002.75,10,7,chair,1
0119172_neurosketch,21,furniture,chair,477,113,0,168002.75,10,7,chair,0
0119172_neurosketch,21,furniture,chair,477,114,0,168002.75,10,7,chair,0
0119172_neurosketch,21,furniture,bench,478,115,1,172502.54,10,5,bench,1
0119172_neurosketch,21,furniture,bench,478,116,1,172502.54,10,5,bench,0
0119172_neurosketch,21,furniture,bench,478,117,1,172502.54,10,5,bench,0
0119172_neurosketch,21,2,table,479,118,1,177001.38,10,39,bench,1
0119172_neurosketch,21,2,table,479,119,1,177001.38,10,39,bench,0
0119172_neurosketch,21,furniture,bed,480,120,0,180002.29,10,20,bed,1
0119172_neurosketch,21,furniture,bed,480,121,0,180002.29,10,20,bed,0
0119172_neurosketch,21,furniture,bed,480,122,0,180002.29,10,20,bed,0
0119172_neurosketch,21,furniture,table,481,123,1,184502.42,10,31,,1
0119172_neurosketch,21,furniture,table,481,124,1,184502.42,10,31,,0
0119172_neurosketch,21,furniture,table,481,125,1,184502.42,10,31,,0
0119172_neurosketch,21,furniture,bench,482,126,1,189002.84,10,1,bench,1
0119172_neurosketch,21,furniture,bench,482,127,1,189002.84,10,1,bench,0
0119172_neurosketch,21,furniture,bench,482,128,1,189002.84,10,1,bench,0
0119172_neurosketch,21,furniture,chair,483,129,0,193502.45,10,0,chair,1
0119172_neurosketch,21,furniture,chair,483,130,0,193502.45,10,0,chair,0
0119172_neurosketch,21,furniture,chair,483,131,0,193502.45,10,0,chair,0
0119172_neurosketch,21,furniture,bench,484,132,1,198002.65,10,7,bench,1
0119172_neurosketch,21,furniture,bench,484,133,1,198002.65,10,7,bench,0
0119172_neurosketch,21,furniture,bench,484,134,1,198002.65,10,7,bench,0
0119172_neurosketch,21,furniture,bench,484,135,1,198002.65,10,7,bench,0
0119172_neurosketch,21,furniture,bed,485,136,0,204001.98,10,2,bed,1
0119172_neurosketch,21,furniture,bed,485,137,0,204001.98,10,2,bed,0
0119172_neurosketch,21,furniture,bed,485,138,0,204001.98,10,2,bed,0
0119172_neurosketch,21,furniture,bed,485,139,0,204001.98,10,2,bed,0
0119172_neurosketch,21,furniture,table,486,140,1,210002.33,10,9,table,1
0119172_neurosketch,21,furniture,table,486,141,1,210002.33,10,9,table,0
0119172_neurosketch,21,furniture,table,486,142,1,210002.33,10,9,table,0
0119172_neurosketch,21,furniture,chair,487,143,0,214502.63,10,14,chair,1
0119172_neurosketch,21,furniture,chair,487,144,0,214502.63,10,14,chair,0
0119172_neurosketch,21,furniture,chair,488,145,0,217504.07,10,2,chair,1
0119172_neurosketch,21,furniture,chair,488,146,0,217504.07,10,2,chair,0
0119172_neurosketch,21,2,bed,489,147,0,220502.66,10,14,bed,1
0119172_neurosketch,21,2,bed,489,148,0,220502.66,10,14,bed,0
0119172_neurosketch,21,2,bed,489,149,0,220502.66,10,14,bed,0
0119172_neurosketch,21,furniture,bench,490,150,1,225001.28,10,20,bench,1
0119172_neurosketch,21,furniture,bench,490,151,1,225001.28,10,20,bench,0
0119172_neurosketch,21,furniture,bench,490,152,1,225001.28,10,20,bench,0
0119172_neurosketch,21,furniture,table,491,153,1,229502.52,10,33,,1
0119172_neurosketch,21,furniture,table,491,154,1,229502.52,10,33,,0
0119172_neurosketch,21,furniture,table,491,155,1,229502.52,10,33,,0
0119172_neurosketch,21,furniture,chair,492,156,0,234001.21,10,4,chair,1
0119172_neurosketch,21,furniture,chair,492,157,0,234001.21,10,4,chair,0
0119172_neurosketch,21,furniture,table,493,158,1,237003.04,10,30,bench,1
0119172_neurosketch,21,furniture,table,493,159,1,237003.04,10,30,bench,0
0119172_neurosketch,21,furniture,table,493,160,1,237003.04,10,30,bench,0
0119172_neurosketch,21,furniture,table,493,161,1,237003.04,10,30,bench,0
0119172_neurosketch,21,furniture,bed,494,162,0,243002.48,10,8,bed,1
0119172_neurosketch,21,furniture,bed,494,163,0,243002.48,10,8,bed,0
0119172_neurosketch,21,furniture,bed,494,164,0,243002.48,10,8,bed,0
0119172_neurosketch,21,furniture,bench,495,165,1,247502.39,10,32,bench,1
0119172_neurosketch,21,furniture,bench,495,166,1,247502.39,10,32,bench,0
0119172_neurosketch,21,furniture,bed,496,167,0,250502.88,10,12,bed,1
0119172_neurosketch,21,furniture,bed,496,168,0,250502.88,10,12,bed,0
0119172_neurosketch,21,furniture,bed,496,169,0,250502.88,10,12,bed,0
0119172_neurosketch,21,furniture,bed,496,170,0,250502.88,10,12,bed,0
0119172_neurosketch,21,furniture,chair,497,171,0,256502.95,10,11,chair,1
0119172_neurosketch,21,furniture,chair,497,172,0,256502.95,10,11,chair,0
0119172_neurosketch,21,furniture,table,498,173,1,259502.49,10,15,table,1
0119172_neurosketch,21,furniture,table,498,174,1,259502.49,10,15,table,0
0119172_neurosketch,21,2,bench,499,175,1,262502.62,10,22,bench,1
0119172_neurosketch,21,2,bench,499,176,1,262502.62,10,22,bench,0
0119172_neurosketch,21,2,bench,499,177,1,262502.62,10,22,bench,0
0119172_neurosketch,21,furniture,chair,500,178,0,267002.14,10,29,chair,1
0119172_neurosketch,21,furniture,chair,500,179,0,267002.14,10,29,chair,0
0119172_neurosketch,21,furniture,chair,500,180,0,267002.14,10,29,chair,0
0119172_neurosketch,21,furniture,chair,500,181,0,267002.14,10,29,chair,0
0119172_neurosketch,21,furniture,table,501,182,1,273002.88,10,4,table,1
0119172_neurosketch,21,furniture,table,501,183,1,273002.88,10,4,table,0
0119172_neurosketch,21,furniture,bed,502,184,0,276002.67,10,4,bed,1
0119172_neurosketch,21,furniture,bed,502,185,0,276002.67,10,4,bed,0
0119172_neurosketch,21,furniture,bench,503,186,1,279002.6,10,14,bench,1
0119172_neurosketch,21,furniture,bench,503,187,1,279002.6,10,14,bench,0
0119172_neurosketch,21,furniture,chair,504,188,0,282002.0,10,19,chair,1
0119172_neurosketch,21,furniture,chair,504,189,0,282002.0,10,19,chair,0
0119172_neurosketch,21,furniture,chair,504,190,0,282002.0,10,19,chair,0
0119172_neurosketch,21,furniture,chair,504,191,0,282002.0,10,19,chair,0
0119172_neurosketch,21,furniture,bed,505,192,0,288002.79,10,24,bed,1
0119172_neurosketch,21,furniture,bed,505,193,0,288002.79,10,24,bed,0
0119172_neurosketch,21,furniture,bench,506,194,1,291002.62,10,28,,1
0119172_neurosketch,21,furniture,bench,506,195,1,291002.62,10,28,,0
0119172_neurosketch,21,furniture,table,507,196,1,294002.74,10,6,table,1
0119172_neurosketch,21,furniture,table,507,197,1,294002.74,10,6,table,0
0119172_neurosketch,21,furniture,bench,508,198,1,297003.12,10,24,bench,1
0119172_neurosketch,21,furniture,bench,508,199,1,297003.12,10,24,bench,0
0119172_neurosketch,21,furniture,bench,508,200,1,297003.12,10,24,bench,0
0119172_neurosketch,21,2,chair,509,201,0,301502.5,10,36,chair,1
0119172_neurosketch,21,2,chair,509,202,0,301502.5,10,36,chair,0
0119172_neurosketch,21,furniture,table,510,203,1,304502.97,10,27,table,1
0119172_neurosketch,21,furniture,table,510,204,1,304502.97,10,27,table,0
0119172_neurosketch,21,furniture,table,510,205,1,304502.97,10,27,table,0
0119172_neurosketch,21,furniture,bed,511,206,0,309002.74,10,29,bed,1
0119172_neurosketch,21,furniture,bed,511,207,0,309002.74,10,29,bed,0
0119172_neurosketch,21,furniture,bed,511,208,0,309002.74,10,29,bed,0
0119172_neurosketch,21,furniture,bed,511,209,0,309002.74,10,29,bed,0
0119172_neurosketch,21,furniture,table,512,210,1,315001.56,10,11,,1
0119172_neurosketch,21,furniture,table,512,211,1,315001.56,10,11,,0
0119172_neurosketch,21,furniture,chair,513,212,0,318002.99,10,13,chair,1
0119172_neurosketch,21,furniture,chair,513,213,0,318002.99,10,13,chair,0
0119172_neurosketch,21,furniture,chair,513,214,0,318002.99,10,13,chair,0
0119172_neurosketch,21,furniture,bench,514,215,1,322503.61,10,35,bench,1
0119172_neurosketch,21,furniture,bench,514,216,1,322503.61,10,35,bench,0
0119172_neurosketch,21,furniture,bed,515,217,0,325502.42,10,16,bed,1
0119172_neurosketch,21,furniture,bed,515,218,0,325502.42,10,16,bed,0
0119172_neurosketch,21,furniture,bed,515,219,0,325502.42,10,16,bed,0
0119172_neurosketch,21,furniture,table,516,220,1,330001.88,10,28,,1
0119172_neurosketch,21,furniture,table,516,221,1,330001.88,10,28,,0
0119172_neurosketch,21,furniture,table,516,222,1,330001.88,10,28,,0
0119172_neurosketch,21,furniture,table,516,223,1,330001.88,10,28,,0
0119172_neurosketch,21,furniture,bed,517,224,0,336003.12,10,39,bed,1
0119172_neurosketch,21,furniture,bed,517,225,0,336003.12,10,39,bed,0
0119172_neurosketch,21,furniture,bed,517,226,0,336003.12,10,39,bed,0
0119172_neurosketch,21,furniture,bench,518,227,1,340502.18,10,0,table,1
0119172_neurosketch,21,furniture,bench,518,228,1,340502.18,10,0,table,0
0119172_neurosketch,21,furniture,bench,518,229,1,340502.18,10,0,table,0
0119172_neurosketch,21,2,chair,519,230,0,345002.28,10,32,chair,1
0119172_neurosketch,21,2,chair,519,231,0,345002.28,10,32,chair,0
0119172_neurosketch,21,2,chair,519,232,0,345002.28,10,32,chair,0
0119172_neurosketch,21,2,chair,519,233,0,345002.28,10,32,chair,0
0119172_neurosketch,21,2,chair,519,234,0,345002.28,10,32,chair,0
0119172_neurosketch,21,2,chair,519,235,0,345002.28,10,32,chair,0
0119172_neurosketch,21,2,chair,519,236,0,345002.28,10,32,chair,0
0119172_neurosketch,21,2,chair,519,237,0,345002.28,10,32,chair,0
0119172_neurosketch,21,2,chair,519,238,0,345002.28,10,32,chair,0
0119172_neurosketch,21,2,chair,519,239,0,345002.28,10,32,chair,0
