wID,versionNum,category,object,trial,TRnum,condition,onset_time,run_num,viewpoint,response,onset
0119173_neurosketch,24,furniture,bed,0,0,-1,0.0,1,33,,0
0119173_neurosketch,24,furniture,bed,0,1,-1,0.0,1,33,,0
0119173_neurosketch,24,furniture,bed,0,2,-1,0.0,1,33,,0
0119173_neurosketch,24,furniture,bed,0,3,-1,0.0,1,33,,0
0119173_neurosketch,24,furniture,bed,0,4,-1,0.0,1,33,,0
0119173_neurosketch,24,furniture,bed,0,5,-1,0.0,1,33,,0
0119173_neurosketch,24,furniture,bed,0,6,-1,0.0,1,33,,0
0119173_neurosketch,24,furniture,bed,0,7,-1,0.0,1,33,,0
0119173_neurosketch,24,furniture,bed,0,8,0,12003.65,1,33,,1
0119173_neurosketch,24,furniture,bed,0,9,0,12003.65,1,33,,0
0119173_neurosketch,24,furniture,bed,0,10,0,12003.65,1,33,,0
0119173_neurosketch,24,furniture,bed,0,11,0,12003.65,1,33,,0
0119173_neurosketch,24,furniture,bed,0,12,0,12003.65,1,33,,0
0119173_neurosketch,24,furniture,bed,0,13,0,12003.65,1,33,,0
0119173_neurosketch,24,furniture,table,1,14,0,21004.0,1,9,,1
0119173_neurosketch,24,furniture,table,1,15,0,21004.0,1,9,,0
0119173_neurosketch,24,furniture,chair,2,16,1,24002.12,1,17,,1
0119173_neurosketch,24,furniture,chair,2,17,1,24002.12,1,17,,0
0119173_neurosketch,24,furniture,chair,2,18,1,24002.12,1,17,,0
0119173_neurosketch,24,furniture,bench,3,19,1,28502.98,1,32,bench,1
0119173_neurosketch,24,furniture,bench,3,20,1,28502.98,1,32,bench,0
0119173_neurosketch,24,furniture,bench,3,21,1,28502.98,1,32,bench,0
0119173_neurosketch,24,furniture,bench,3,22,1,28502.98,1,32,bench,0
0119173_neurosketch,24,furniture,bed,4,23,0,34503.45,1,16,bed,1
0119173_neurosketch,24,furniture,bed,4,24,0,34503.45,1,16,bed,0
0119173_neurosketch,24,furniture,table,5,25,0,37501.4,1,11,table,1
0119173_neurosketch,24,furniture,table,5,26,0,37501.4,1,11,table,0
0119173_neurosketch,24,furniture,table,5,27,0,37501.4,1,11,table,0
0119173_neurosketch,24,furniture,table,5,28,0,37501.4,1,11,table,0
0119173_neurosketch,24,furniture,bench,6,29,1,43502.0,1,14,bench,1
0119173_neurosketch,24,furniture,bench,6,30,1,43502.0,1,14,bench,0
0119173_neurosketch,24,furniture,bench,6,31,1,43502.0,1,14,bench,0
0119173_neurosketch,24,furniture,chair,7,32,1,48003.0,1,4,chair,1
0119173_neurosketch,24,furniture,chair,7,33,1,48003.0,1,4,chair,0
0119173_neurosketch,24,furniture,chair,7,34,1,48003.0,1,4,chair,0
0119173_neurosketch,24,furniture,chair,7,35,1,48003.0,1,4,chair,0
0119173_neurosketch,24,furniture,bed,8,36,0,54001.67,1,24,bed,1
0119173_neurosketch,24,furniture,bed,8,37,0,54001.67,1,24,bed,0
0119173_neurosketch,24,furniture,bed,8,38,0,54001.67,1,24,bed,0
0119173_neurosketch,24,2,table,9,39,0,58501.98,1,24,table,1
0119173_neurosketch,24,2,table,9,40,0,58501.98,1,24,table,0
0119173_neurosketch,24,furniture,chair,10,41,1,61504.47,1,20,chair,1
0119173_neurosketch,24,furniture,chair,10,42,1,61504.47,1,20,chair,0
0119173_neurosketch,24,furniture,bench,11,43,1,64502.61,1,9,bench,1
0119173_neurosketch,24,furniture,bench,11,44,1,64502.61,1,9,bench,0
0119173_neurosketch,24,furniture,bench,11,45,1,64502.61,1,9,bench,0
0119173_neurosketch,24,furniture,bench,11,46,1,64502.61,1,9,bench,0
0119173_neurosketch,24,furniture,chair,12,47,1,70501.89,1,10,chair,1
0119173_neurosketch,24,furniture,chair,12,48,1,70501.89,1,10,chair,0
0119173_neurosketch,24,furniture,chair,12,49,1,70501.89,1,10,chair,0
0119173_neurosketch,24,furniture,table,13,50,0,75002.52,1,33,bed,1
0119173_neurosketch,24,furniture,table,13,51,0,75002.52,1,33,bed,0
0119173_neurosketch,24,furniture,bed,14,52,0,78004.49,1,22,,1
0119173_neurosketch,24,furniture,bed,14,53,0,78004.49,1,22,,0
0119173_neurosketch,24,furniture,bench,15,54,1,81002.55,1,12,bench,1
0119173_neurosketch,24,furniture,bench,15,55,1,81002.55,1,12,bench,0
0119173_neurosketch,24,furniture,bench,15,56,1,81002.55,1,12,bench,0
0119173_neurosketch,24,furniture,bench,16,57,1,85501.8,1,26,bench,1
0119173_neurosketch,24,furniture,bench,16,58,1,85501.8,1,26,bench,0
0119173_neurosketch,24,furniture,bench,16,59,1,85501.8,1,26,bench,0
0119173_neurosketch,24,furniture,chair,17,60,1,90003.21,1,29,chair,1
0119173_neurosketch,24,furniture,chair,17,61,1,90003.21,1,29,chair,0
0119173_neurosketch,24,furniture,table,18,62,0,93002.65,1,31,bed,1
0119173_neurosketch,24,furniture,table,18,63,0,93002.65,1,31,bed,0
0119173_neurosketch,24,2,bed,19,64,0,96002.82,1,8,bed,1
0119173_neurosketch,24,2,bed,19,65,0,96002.82,1,8,bed,0
0119173_neurosketch,24,2,bed,19,66,0,96002.82,1,8,bed,0
0119173_neurosketch,24,furniture,chair,20,67,1,100503.04,1,25,chair,1
0119173_neurosketch,24,furniture,chair,20,68,1,100503.04,1,25,chair,0
0119173_neurosketch,24,furniture,chair,20,69,1,100503.04,1,25,chair,0
0119173_neurosketch,24,furniture,bed,21,70,0,105002.23,1,10,bed,1
0119173_neurosketch,24,furniture,bed,21,71,0,105002.23,1,10,bed,0
0119173_neurosketch,24,furniture,bed,21,72,0,105002.23,1,10,bed,0
0119173_neurosketch,24,furniture,bench,22,73,1,109504.02,1,31,bench,1
0119173_neurosketch,24,furniture,bench,22,74,1,109504.02,1,31,bench,0
0119173_neurosketch,24,furniture,table,23,75,0,112503.6,1,35,,1
0119173_neurosketch,24,furniture,table,23,76,0,112503.6,1,35,,0
0119173_neurosketch,24,furniture,table,23,77,0,112503.6,1,35,,0
0119173_neurosketch,24,furniture,table,23,78,0,112503.6,1,35,,0
0119173_neurosketch,24,furniture,bench,24,79,1,118502.68,1,35,bench,1
0119173_neurosketch,24,furniture,bench,24,80,1,118502.68,1,35,bench,0
0119173_neurosketch,24,furniture,bench,24,81,1,118502.68,1,35,bench,0
0119173_neurosketch,24,furniture,bench,24,82,1,118502.68,1,35,bench,0
0119173_neurosketch,24,furniture,chair,25,83,1,124501.98,1,7,chair,1
0119173_neurosketch,24,furniture,chair,25,84,1,124501.98,1,7,chair,0
0119173_neurosketch,24,furniture,chair,25,85,1,124501.98,1,7,chair,0
0119173_neurosketch,24,furniture,bed,26,86,0,129002.98,1,35,bed,1
0119173_neurosketch,24,furniture,bed,26,87,0,129002.98,1,35,bed,0
0119173_neurosketch,24,furniture,bed,26,88,0,129002.98,1,35,bed,0
0119173_neurosketch,24,furniture,table,27,89,0,133502.46,1,22,table,1
0119173_neurosketch,24,furniture,table,27,90,0,133502.46,1,22,table,0
0119173_neurosketch,24,furniture,chair,28,91,1,136502.85,1,6,bench,1
0119173_neurosketch,24,furniture,chair,28,92,1,136502.85,1,6,bench,0
0119173_neurosketch,24,2,table,29,93,0,139502.53,1,12,,1
0119173_neurosketch,24,2,table,29,94,0,139502.53,1,12,,0
0119173_neurosketch,24,2,table,29,95,0,139502.53,1,12,,0
0119173_neurosketch,24,2,table,29,96,0,139502.53,1,12,,0
0119173_neurosketch,24,furniture,bench,30,97,1,145503.21,1,8,bench,1
0119173_neurosketch,24,furniture,bench,30,98,1,145503.21,1,8,bench,0
0119173_neurosketch,24,furniture,bench,30,99,1,145503.21,1,8,bench,0
0119173_neurosketch,24,furniture,bed,31,100,0,150002.86,1,37,table,1
0119173_neurosketch,24,furniture,bed,31,101,0,150002.86,1,37,table,0
0119173_neurosketch,24,furniture,chair,32,102,1,153003.15,1,27,chair,1
0119173_neurosketch,24,furniture,chair,32,103,1,153003.15,1,27,chair,0
0119173_neurosketch,24,furniture,bench,33,104,1,156002.19,1,28,bench,1
0119173_neurosketch,24,furniture,bench,33,105,1,156002.19,1,28,bench,0
0119173_neurosketch,24,furniture,bed,34,106,0,159002.31,1,11,bed,1
0119173_neurosketch,24,furniture,bed,34,107,0,159002.31,1,11,bed,0
0119173_neurosketch,24,furniture,table,35,108,0,162004.56,1,36,table,1
0119173_neurosketch,24,furniture,table,35,109,0,162004.56,1,36,table,0
0119173_neurosketch,24,furniture,table,35,110,0,162004.56,1,36,table,0
0119173_neurosketch,24,furniture,bench,36,111,1,166502.6,1,7,bench,1
0119173_neurosketch,24,furniture,bench,36,112,1,166502.6,1,7,bench,0
0119173_neurosketch,24,furniture,bench,36,113,1,166502.6,1,7,bench,0
0119173_neurosketch,24,furniture,bed,37,114,0,171002.54,1,12,bed,1
0119173_neurosketch,24,furniture,bed,37,115,0,171002.54,1,12,bed,0
0119173_neurosketch,24,furniture,chair,38,116,1,174002.82,1,5,chair,1
0119173_neurosketch,24,furniture,chair,38,117,1,174002.82,1,5,chair,0
0119173_neurosketch,24,furniture,chair,38,118,1,174002.82,1,5,chair,0
0119173_neurosketch,24,furniture,chair,38,119,1,174002.82,1,5,chair,0
0119173_neurosketch,24,2,table,39,120,0,180002.19,1,17,table,1
0119173_neurosketch,24,2,table,39,121,0,180002.19,1,17,table,0
0119173_neurosketch,24,2,table,39,122,0,180002.19,1,17,table,0
0119173_neurosketch,24,furniture,bed,40,123,0,184502.25,1,13,bed,1
0119173_neurosketch,24,furniture,bed,40,124,0,184502.25,1,13,bed,0
0119173_neurosketch,24,furniture,bed,40,125,0,184502.25,1,13,bed,0
0119173_neurosketch,24,furniture,bench,41,126,1,189002.86,1,25,bench,1
0119173_neurosketch,24,furniture,bench,41,127,1,189002.86,1,25,bench,0
0119173_neurosketch,24,furniture,table,42,128,0,192002.56,1,8,bed,1
0119173_neurosketch,24,furniture,table,42,129,0,192002.56,1,8,bed,0
0119173_neurosketch,24,furniture,table,42,130,0,192002.56,1,8,bed,0
0119173_neurosketch,24,furniture,chair,43,131,1,196504.9,1,3,chair,1
0119173_neurosketch,24,furniture,chair,43,132,1,196504.9,1,3,chair,0
0119173_neurosketch,24,furniture,chair,43,133,1,196504.9,1,3,chair,0
0119173_neurosketch,24,furniture,chair,43,134,1,196504.9,1,3,chair,0
0119173_neurosketch,24,furniture,bench,44,135,1,202503.14,1,30,bench,1
0119173_neurosketch,24,furniture,bench,44,136,1,202503.14,1,30,bench,0
0119173_neurosketch,24,furniture,chair,45,137,1,205502.35,1,34,chair,1
0119173_neurosketch,24,furniture,chair,45,138,1,205502.35,1,34,chair,0
0119173_neurosketch,24,furniture,chair,45,139,1,205502.35,1,34,chair,0
0119173_neurosketch,24,furniture,chair,45,140,1,205502.35,1,34,chair,0
0119173_neurosketch,24,furniture,bed,46,141,0,211503.04,1,2,bed,1
0119173_neurosketch,24,furniture,bed,46,142,0,211503.04,1,2,bed,0
0119173_neurosketch,24,furniture,bed,46,143,0,211503.04,1,2,bed,0
0119173_neurosketch,24,furniture,table,47,144,0,216002.45,1,7,table,1
0119173_neurosketch,24,furniture,table,47,145,0,216002.45,1,7,table,0
0119173_neurosketch,24,furniture,table,47,146,0,216002.45,1,7,table,0
0119173_neurosketch,24,furniture,table,47,147,0,216002.45,1,7,table,0
0119173_neurosketch,24,furniture,table,48,148,0,222002.59,1,18,table,1
0119173_neurosketch,24,furniture,table,48,149,0,222002.59,1,18,table,0
0119173_neurosketch,24,furniture,table,48,150,0,222002.59,1,18,table,0
0119173_neurosketch,24,2,bed,49,151,0,226502.15,1,23,bed,1
0119173_neurosketch,24,2,bed,49,152,0,226502.15,1,23,bed,0
0119173_neurosketch,24,furniture,bench,50,153,1,229502.42,1,16,bench,1
0119173_neurosketch,24,furniture,bench,50,154,1,229502.42,1,16,bench,0
0119173_neurosketch,24,furniture,chair,51,155,1,232502.85,1,8,chair,1
0119173_neurosketch,24,furniture,chair,51,156,1,232502.85,1,8,chair,0
0119173_neurosketch,24,furniture,chair,51,157,1,232502.85,1,8,chair,0
0119173_neurosketch,24,furniture,chair,51,158,1,232502.85,1,8,chair,0
0119173_neurosketch,24,furniture,chair,52,159,1,238502.19,1,19,chair,1
0119173_neurosketch,24,furniture,chair,52,160,1,238502.19,1,19,chair,0
0119173_neurosketch,24,furniture,chair,52,161,1,238502.19,1,19,chair,0
0119173_neurosketch,24,furniture,table,53,162,0,243002.33,1,32,bed,1
0119173_neurosketch,24,furniture,table,53,163,0,243002.33,1,32,bed,0
0119173_neurosketch,24,furniture,bench,54,164,1,246002.52,1,0,bench,1
0119173_neurosketch,24,furniture,bench,54,165,1,246002.52,1,0,bench,0
0119173_neurosketch,24,furniture,bed,55,166,0,249003.31,1,32,bed,1
0119173_neurosketch,24,furniture,bed,55,167,0,249003.31,1,32,bed,0
0119173_neurosketch,24,furniture,bed,55,168,0,249003.31,1,32,bed,0
0119173_neurosketch,24,furniture,bed,56,169,0,253503.03,1,6,bed,1
0119173_neurosketch,24,furniture,bed,56,170,0,253503.03,1,6,bed,0
0119173_neurosketch,24,furniture,bed,56,171,0,253503.03,1,6,bed,0
0119173_neurosketch,24,furniture,bench,57,172,1,258003.3,1,23,bench,1
0119173_neurosketch,24,furniture,bench,57,173,1,258003.3,1,23,bench,0
0119173_neurosketch,24,furniture,table,58,174,0,261002.52,1,38,table,1
0119173_neurosketch,24,furniture,table,58,175,0,261002.52,1,38,table,0
0119173_neurosketch,24,2,chair,59,176,1,264002.65,1,16,chair,1
0119173_neurosketch,24,2,chair,59,177,1,264002.65,1,16,chair,0
0119173_neurosketch,24,2,chair,59,178,1,264002.65,1,16,chair,0
0119173_neurosketch,24,furniture,table,60,179,0,268502.48,1,16,table,1
0119173_neurosketch,24,furniture,table,60,180,0,268502.48,1,16,table,0
0119173_neurosketch,24,furniture,table,60,181,0,268502.48,1,16,table,0
0119173_neurosketch,24,furniture,chair,61,182,1,273003.16,1,12,chair,1
0119173_neurosketch,24,furniture,chair,61,183,1,273003.16,1,12,chair,0
0119173_neurosketch,24,furniture,chair,61,184,1,273003.16,1,12,chair,0
0119173_neurosketch,24,furniture,bed,62,185,0,277504.04,1,15,bed,1
0119173_neurosketch,24,furniture,bed,62,186,0,277504.04,1,15,bed,0
0119173_neurosketch,24,furniture,bench,63,187,1,280503.78,1,38,bench,1
0119173_neurosketch,24,furniture,bench,63,188,1,280503.78,1,38,bench,0
0119173_neurosketch,24,furniture,bench,63,189,1,280503.78,1,38,bench,0
0119173_neurosketch,24,furniture,bench,63,190,1,280503.78,1,38,bench,0
0119173_neurosketch,24,furniture,bed,64,191,0,286503.75,1,38,bed,1
0119173_neurosketch,24,furniture,bed,64,192,0,286503.75,1,38,bed,0
0119173_neurosketch,24,furniture,bed,64,193,0,286503.75,1,38,bed,0
0119173_neurosketch,24,furniture,bed,64,194,0,286503.75,1,38,bed,0
0119173_neurosketch,24,furniture,bench,65,195,1,292502.94,1,5,bench,1
0119173_neurosketch,24,furniture,bench,65,196,1,292502.94,1,5,bench,0
0119173_neurosketch,24,furniture,bench,65,197,1,292502.94,1,5,bench,0
0119173_neurosketch,24,furniture,table,66,198,0,297003.2,1,13,table,1
0119173_neurosketch,24,furniture,table,66,199,0,297003.2,1,13,table,0
0119173_neurosketch,24,furniture,table,66,200,0,297003.2,1,13,table,0
0119173_neurosketch,24,furniture,chair,67,201,1,301503.17,1,13,chair,1
0119173_neurosketch,24,furniture,chair,67,202,1,301503.17,1,13,chair,0
0119173_neurosketch,24,furniture,bed,68,203,0,304503.03,1,34,bed,1
0119173_neurosketch,24,furniture,bed,68,204,0,304503.03,1,34,bed,0
0119173_neurosketch,24,2,table,69,205,0,307503.3,1,1,bed,1
0119173_neurosketch,24,2,table,69,206,0,307503.3,1,1,bed,0
0119173_neurosketch,24,2,table,69,207,0,307503.3,1,1,bed,0
0119173_neurosketch,24,2,table,69,208,0,307503.3,1,1,bed,0
0119173_neurosketch,24,furniture,chair,70,209,1,313502.32,1,9,chair,1
0119173_neurosketch,24,furniture,chair,70,210,1,313502.32,1,9,chair,0
0119173_neurosketch,24,furniture,chair,70,211,1,313502.32,1,9,chair,0
0119173_neurosketch,24,furniture,bench,71,212,1,318001.91,1,29,bench,1
0119173_neurosketch,24,furniture,bench,71,213,1,318001.91,1,29,bench,0
0119173_neurosketch,24,furniture,bed,72,214,0,321002.25,1,14,bed,1
0119173_neurosketch,24,furniture,bed,72,215,0,321002.25,1,14,bed,0
0119173_neurosketch,24,furniture,table,73,216,0,324001.92,1,4,table,1
0119173_neurosketch,24,furniture,table,73,217,0,324001.92,1,4,table,0
0119173_neurosketch,24,furniture,bench,74,218,1,327003.15,1,11,bench,1
0119173_neurosketch,24,furniture,bench,74,219,1,327003.15,1,11,bench,0
0119173_neurosketch,24,furniture,chair,75,220,1,330001.5,1,37,chair,1
0119173_neurosketch,24,furniture,chair,75,221,1,330001.5,1,37,chair,0
0119173_neurosketch,24,furniture,chair,75,222,1,330001.5,1,37,chair,0
0119173_neurosketch,24,furniture,chair,76,223,1,334502.89,1,32,chair,1
0119173_neurosketch,24,furniture,chair,76,224,1,334502.89,1,32,chair,0
0119173_neurosketch,24,furniture,chair,76,225,1,334502.89,1,32,chair,0
0119173_neurosketch,24,furniture,bench,77,226,1,339002.89,1,13,bench,1
0119173_neurosketch,24,furniture,bench,77,227,1,339002.89,1,13,bench,0
0119173_neurosketch,24,furniture,table,78,228,0,342002.08,1,2,table,1
0119173_neurosketch,24,furniture,table,78,229,0,342002.08,1,2,table,0
0119173_neurosketch,24,furniture,table,78,230,0,342002.08,1,2,table,0
0119173_neurosketch,24,furniture,table,78,231,0,342002.08,1,2,table,0
0119173_neurosketch,24,2,bed,79,232,0,348002.85,1,25,bed,1
0119173_neurosketch,24,2,bed,79,233,0,348002.85,1,25,bed,0
0119173_neurosketch,24,2,bed,79,234,0,348002.85,1,25,bed,0
0119173_neurosketch,24,2,bed,79,235,0,348002.85,1,25,bed,0
0119173_neurosketch,24,2,bed,79,236,0,348002.85,1,25,bed,0
0119173_neurosketch,24,2,bed,79,237,0,348002.85,1,25,bed,0
0119173_neurosketch,24,2,bed,79,238,0,348002.85,1,25,bed,0
0119173_neurosketch,24,2,bed,79,239,0,348002.85,1,25,bed,0
0119173_neurosketch,24,furniture,bed,80,0,-1,0.0,2,7,bed,0
0119173_neurosketch,24,furniture,bed,80,1,-1,0.0,2,7,bed,0
0119173_neurosketch,24,furniture,bed,80,2,-1,0.0,2,7,bed,0
0119173_neurosketch,24,furniture,bed,80,3,-1,0.0,2,7,bed,0
0119173_neurosketch,24,furniture,bed,80,4,-1,0.0,2,7,bed,0
0119173_neurosketch,24,furniture,bed,80,5,-1,0.0,2,7,bed,0
0119173_neurosketch,24,furniture,bed,80,6,-1,0.0,2,7,bed,0
0119173_neurosketch,24,furniture,bed,80,7,-1,0.0,2,7,bed,0
0119173_neurosketch,24,furniture,bed,80,8,0,12001.88,2,7,bed,1
0119173_neurosketch,24,furniture,bed,80,9,0,12001.88,2,7,bed,0
0119173_neurosketch,24,furniture,bed,80,10,0,12001.88,2,7,bed,0
0119173_neurosketch,24,furniture,bench,81,11,1,16501.73,2,19,bench,1
0119173_neurosketch,24,furniture,bench,81,12,1,16501.73,2,19,bench,0
0119173_neurosketch,24,furniture,chair,82,13,1,19501.69,2,36,chair,1
0119173_neurosketch,24,furniture,chair,82,14,1,19501.69,2,36,chair,0
0119173_neurosketch,24,furniture,chair,82,15,1,19501.69,2,36,chair,0
0119173_neurosketch,24,furniture,table,83,16,0,24001.53,2,29,table,1
0119173_neurosketch,24,furniture,table,83,17,0,24001.53,2,29,table,0
0119173_neurosketch,24,furniture,table,83,18,0,24001.53,2,29,table,0
0119173_neurosketch,24,furniture,table,83,19,0,24001.53,2,29,table,0
0119173_neurosketch,24,furniture,table,84,20,0,30001.38,2,5,table,1
0119173_neurosketch,24,furniture,table,84,21,0,30001.38,2,5,table,0
0119173_neurosketch,24,furniture,bench,85,22,1,33001.9,2,4,bench,1
0119173_neurosketch,24,furniture,bench,85,23,1,33001.9,2,4,bench,0
0119173_neurosketch,24,furniture,bench,85,24,1,33001.9,2,4,bench,0
0119173_neurosketch,24,furniture,bench,85,25,1,33001.9,2,4,bench,0
0119173_neurosketch,24,furniture,bed,86,26,0,39002.26,2,30,bed,1
0119173_neurosketch,24,furniture,bed,86,27,0,39002.26,2,30,bed,0
0119173_neurosketch,24,furniture,bed,86,28,0,39002.26,2,30,bed,0
0119173_neurosketch,24,furniture,chair,87,29,1,43501.88,2,38,chair,1
0119173_neurosketch,24,furniture,chair,87,30,1,43501.88,2,38,chair,0
0119173_neurosketch,24,furniture,chair,87,31,1,43501.88,2,38,chair,0
0119173_neurosketch,24,furniture,chair,87,32,1,43501.88,2,38,chair,0
0119173_neurosketch,24,furniture,table,88,33,0,49501.55,2,26,table,1
0119173_neurosketch,24,furniture,table,88,34,0,49501.55,2,26,table,0
0119173_neurosketch,24,furniture,table,88,35,0,49501.55,2,26,table,0
0119173_neurosketch,24,2,bench,89,36,1,54001.34,2,18,chair,1
0119173_neurosketch,24,2,bench,89,37,1,54001.34,2,18,chair,0
0119173_neurosketch,24,furniture,bed,90,38,0,57002.42,2,39,bed,1
0119173_neurosketch,24,furniture,bed,90,39,0,57002.42,2,39,bed,0
0119173_neurosketch,24,furniture,chair,91,40,1,60002.7,2,28,chair,1
0119173_neurosketch,24,furniture,chair,91,41,1,60002.7,2,28,chair,0
0119173_neurosketch,24,furniture,chair,91,42,1,60002.7,2,28,chair,0
0119173_neurosketch,24,furniture,chair,91,43,1,60002.7,2,28,chair,0
0119173_neurosketch,24,furniture,chair,92,44,1,66001.45,2,26,chair,1
0119173_neurosketch,24,furniture,chair,92,45,1,66001.45,2,26,chair,0
0119173_neurosketch,24,furniture,chair,92,46,1,66001.45,2,26,chair,0
0119173_neurosketch,24,furniture,bed,93,47,0,70502.57,2,28,bed,1
0119173_neurosketch,24,furniture,bed,93,48,0,70502.57,2,28,bed,0
0119173_neurosketch,24,furniture,table,94,49,0,73502.51,2,19,table,1
0119173_neurosketch,24,furniture,table,94,50,0,73502.51,2,19,table,0
0119173_neurosketch,24,furniture,bench,95,51,1,76504.25,2,39,bench,1
0119173_neurosketch,24,furniture,bench,95,52,1,76504.25,2,39,bench,0
0119173_neurosketch,24,furniture,bench,95,53,1,76504.25,2,39,bench,0
0119173_neurosketch,24,furniture,bed,96,54,0,81002.6,2,31,bed,1
0119173_neurosketch,24,furniture,bed,96,55,0,81002.6,2,31,bed,0
0119173_neurosketch,24,furniture,bed,96,56,0,81002.6,2,31,bed,0
0119173_neurosketch,24,furniture,bench,97,57,1,85501.25,2,20,bench,1
0119173_neurosketch,24,furniture,bench,97,58,1,85501.25,2,20,bench,0
0119173_neurosketch,24,furniture,chair,98,59,1,88501.98,2,35,chair,1
0119173_neurosketch,24,furniture,chair,98,60,1,88501.98,2,35,chair,0
0119173_neurosketch,24,2,table,99,61,0,91503.75,2,15,table,1
0119173_neurosketch,24,2,table,99,62,0,91503.75,2,15,table,0
0119173_neurosketch,24,2,table,99,63,0,91503.75,2,15,table,0
0119173_neurosketch,24,furniture,table,100,64,0,96002.51,2,27,table,1
0119173_neurosketch,24,furniture,table,100,65,0,96002.51,2,27,table,0
0119173_neurosketch,24,furniture,table,100,66,0,96002.51,2,27,table,0
0119173_neurosketch,24,furniture,bed,101,67,0,100504.29,2,3,bed,1
0119173_neurosketch,24,furniture,bed,101,68,0,100504.29,2,3,bed,0
0119173_neurosketch,24,furniture,bed,101,69,0,100504.29,2,3,bed,0
0119173_neurosketch,24,furniture,bench,102,70,1,105002.79,2,10,bench,1
0119173_neurosketch,24,furniture,bench,102,71,1,105002.79,2,10,bench,0
0119173_neurosketch,24,furniture,chair,103,72,1,108002.01,2,15,chair,1
0119173_neurosketch,24,furniture,chair,103,73,1,108002.01,2,15,chair,0
0119173_neurosketch,24,furniture,chair,103,74,1,108002.01,2,15,chair,0
0119173_neurosketch,24,furniture,chair,103,75,1,108002.01,2,15,chair,0
0119173_neurosketch,24,furniture,bed,104,76,0,114003.67,2,5,bed,1
0119173_neurosketch,24,furniture,bed,104,77,0,114003.67,2,5,bed,0
0119173_neurosketch,24,furniture,bed,104,78,0,114003.67,2,5,bed,0
0119173_neurosketch,24,furniture,bed,104,79,0,114003.67,2,5,bed,0
0119173_neurosketch,24,furniture,chair,105,80,1,120001.94,2,22,chair,1
0119173_neurosketch,24,furniture,chair,105,81,1,120001.94,2,22,chair,0
0119173_neurosketch,24,furniture,chair,105,82,1,120001.94,2,22,chair,0
0119173_neurosketch,24,furniture,table,106,83,0,124503.33,2,3,table,1
0119173_neurosketch,24,furniture,table,106,84,0,124503.33,2,3,table,0
0119173_neurosketch,24,furniture,table,106,85,0,124503.33,2,3,table,0
0119173_neurosketch,24,furniture,bench,107,86,1,129002.78,2,36,bench,1
0119173_neurosketch,24,furniture,bench,107,87,1,129002.78,2,36,bench,0
0119173_neurosketch,24,furniture,table,108,88,0,132002.35,2,20,bed,1
0119173_neurosketch,24,furniture,table,108,89,0,132002.35,2,20,bed,0
0119173_neurosketch,24,2,bed,109,90,0,135003.13,2,20,bed,1
0119173_neurosketch,24,2,bed,109,91,0,135003.13,2,20,bed,0
0119173_neurosketch,24,2,bed,109,92,0,135003.13,2,20,bed,0
0119173_neurosketch,24,2,bed,109,93,0,135003.13,2,20,bed,0
0119173_neurosketch,24,furniture,bench,110,94,1,141002.18,2,27,bench,1
0119173_neurosketch,24,furniture,bench,110,95,1,141002.18,2,27,bench,0
0119173_neurosketch,24,furniture,bench,110,96,1,141002.18,2,27,bench,0
0119173_neurosketch,24,furniture,chair,111,97,1,145502.63,2,1,chair,1
0119173_neurosketch,24,furniture,chair,111,98,1,145502.63,2,1,chair,0
0119173_neurosketch,24,furniture,bench,112,99,1,148504.32,2,37,bench,1
0119173_neurosketch,24,furniture,bench,112,100,1,148504.32,2,37,bench,0
0119173_neurosketch,24,furniture,table,113,101,0,151502.74,2,34,table,1
0119173_neurosketch,24,furniture,table,113,102,0,151502.74,2,34,table,0
0119173_neurosketch,24,furniture,chair,114,103,1,154502.14,2,33,chair,1
0119173_neurosketch,24,furniture,chair,114,104,1,154502.14,2,33,chair,0
0119173_neurosketch,24,furniture,bed,115,105,0,157502.14,2,19,bed,1
0119173_neurosketch,24,furniture,bed,115,106,0,157502.14,2,19,bed,0
0119173_neurosketch,24,furniture,bed,115,107,0,157502.14,2,19,bed,0
0119173_neurosketch,24,furniture,table,116,108,0,162002.87,2,23,table,1
0119173_neurosketch,24,furniture,table,116,109,0,162002.87,2,23,table,0
0119173_neurosketch,24,furniture,table,116,110,0,162002.87,2,23,table,0
0119173_neurosketch,24,furniture,bench,117,111,1,166502.42,2,15,bench,1
0119173_neurosketch,24,furniture,bench,117,112,1,166502.42,2,15,bench,0
0119173_neurosketch,24,furniture,chair,118,113,1,169502.47,2,14,chair,1
0119173_neurosketch,24,furniture,chair,118,114,1,169502.47,2,14,chair,0
0119173_neurosketch,24,furniture,chair,118,115,1,169502.47,2,14,chair,0
0119173_neurosketch,24,furniture,chair,118,116,1,169502.47,2,14,chair,0
0119173_neurosketch,24,2,bed,119,117,0,175502.74,2,1,bed,1
0119173_neurosketch,24,2,bed,119,118,0,175502.74,2,1,bed,0
0119173_neurosketch,24,2,bed,119,119,0,175502.74,2,1,bed,0
0119173_neurosketch,24,furniture,bench,120,120,1,180002.56,2,24,bench,1
0119173_neurosketch,24,furniture,bench,120,121,1,180002.56,2,24,bench,0
0119173_neurosketch,24,furniture,bench,120,122,1,180002.56,2,24,bench,0
0119173_neurosketch,24,furniture,bed,121,123,0,184502.63,2,0,bed,1
0119173_neurosketch,24,furniture,bed,121,124,0,184502.63,2,0,bed,0
0119173_neurosketch,24,furniture,table,122,125,0,187502.24,2,14,table,1
0119173_neurosketch,24,furniture,table,122,126,0,187502.24,2,14,table,0
0119173_neurosketch,24,furniture,table,122,127,0,187502.24,2,14,table,0
0119173_neurosketch,24,furniture,chair,123,128,1,192002.45,2,21,chair,1
0119173_neurosketch,24,furniture,chair,123,129,1,192002.45,2,21,chair,0
0119173_neurosketch,24,furniture,chair,123,130,1,192002.45,2,21,chair,0
0119173_neurosketch,24,furniture,chair,123,131,1,192002.45,2,21,chair,0
0119173_neurosketch,24,furniture,bed,124,132,0,198003.02,2,18,table,1
0119173_neurosketch,24,furniture,bed,124,133,0,198003.02,2,18,table,0
0119173_neurosketch,24,furniture,chair,125,134,1,201002.93,2,23,chair,1
0119173_neurosketch,24,furniture,chair,125,135,1,201002.93,2,23,chair,0
0119173_neurosketch,24,furniture,chair,125,136,1,201002.93,2,23,chair,0
0119173_neurosketch,24,furniture,chair,125,137,1,201002.93,2,23,chair,0
0119173_neurosketch,24,furniture,bench,126,138,1,207002.41,2,22,bench,1
0119173_neurosketch,24,furniture,bench,126,139,1,207002.41,2,22,bench,0
0119173_neurosketch,24,furniture,bench,126,140,1,207002.41,2,22,bench,0
0119173_neurosketch,24,furniture,table,127,141,0,211503.07,2,37,table,1
0119173_neurosketch,24,furniture,table,127,142,0,211503.07,2,37,table,0
0119173_neurosketch,24,furniture,table,127,143,0,211503.07,2,37,table,0
0119173_neurosketch,24,furniture,table,127,144,0,211503.07,2,37,table,0
0119173_neurosketch,24,furniture,chair,128,145,1,217502.35,2,39,chair,1
0119173_neurosketch,24,furniture,chair,128,146,1,217502.35,2,39,chair,0
0119173_neurosketch,24,furniture,chair,128,147,1,217502.35,2,39,chair,0
0119173_neurosketch,24,2,bench,129,148,1,222002.12,2,2,bench,1
0119173_neurosketch,24,2,bench,129,149,1,222002.12,2,2,bench,0
0119173_neurosketch,24,furniture,bed,130,150,0,225002.82,2,27,bed,1
0119173_neurosketch,24,furniture,bed,130,151,0,225002.82,2,27,bed,0
0119173_neurosketch,24,furniture,table,131,152,0,228002.45,2,0,table,1
0119173_neurosketch,24,furniture,table,131,153,0,228002.45,2,0,table,0
0119173_neurosketch,24,furniture,table,131,154,0,228002.45,2,0,table,0
0119173_neurosketch,24,furniture,table,131,155,0,228002.45,2,0,table,0
0119173_neurosketch,24,furniture,bench,132,156,1,234002.02,2,1,bench,1
0119173_neurosketch,24,furniture,bench,132,157,1,234002.02,2,1,bench,0
0119173_neurosketch,24,furniture,bench,132,158,1,234002.02,2,1,bench,0
0119173_neurosketch,24,furniture,bed,133,159,0,238503.12,2,21,bed,1
0119173_neurosketch,24,furniture,bed,133,160,0,238503.12,2,21,bed,0
0119173_neurosketch,24,furniture,table,134,161,0,241501.94,2,21,table,1
0119173_neurosketch,24,furniture,table,134,162,0,241501.94,2,21,table,0
0119173_neurosketch,24,furniture,chair,135,163,1,244502.44,2,2,chair,1
0119173_neurosketch,24,furniture,chair,135,164,1,244502.44,2,2,chair,0
0119173_neurosketch,24,furniture,chair,135,165,1,244502.44,2,2,chair,0
0119173_neurosketch,24,furniture,table,136,166,0,249002.63,2,25,table,1
0119173_neurosketch,24,furniture,table,136,167,0,249002.63,2,25,table,0
0119173_neurosketch,24,furniture,table,136,168,0,249002.63,2,25,table,0
0119173_neurosketch,24,furniture,bench,137,169,1,253502.13,2,21,bench,1
0119173_neurosketch,24,furniture,bench,137,170,1,253502.13,2,21,bench,0
0119173_neurosketch,24,furniture,chair,138,171,1,256502.99,2,24,chair,1
0119173_neurosketch,24,furniture,chair,138,172,1,256502.99,2,24,chair,0
0119173_neurosketch,24,2,bed,139,173,0,259502.38,2,29,bed,1
0119173_neurosketch,24,2,bed,139,174,0,259502.38,2,29,bed,0
0119173_neurosketch,24,2,bed,139,175,0,259502.38,2,29,bed,0
0119173_neurosketch,24,furniture,bench,140,176,1,264002.06,2,3,bench,1
0119173_neurosketch,24,furniture,bench,140,177,1,264002.06,2,3,bench,0
0119173_neurosketch,24,furniture,bench,140,178,1,264002.06,2,3,bench,0
0119173_neurosketch,24,furniture,bed,141,179,0,268503.21,2,4,bed,1
0119173_neurosketch,24,furniture,bed,141,180,0,268503.21,2,4,bed,0
0119173_neurosketch,24,furniture,bed,141,181,0,268503.21,2,4,bed,0
0119173_neurosketch,24,furniture,table,142,182,0,273002.23,2,30,table,1
0119173_neurosketch,24,furniture,table,142,183,0,273002.23,2,30,table,0
0119173_neurosketch,24,furniture,chair,143,184,1,276002.58,2,31,chair,1
0119173_neurosketch,24,furniture,chair,143,185,1,276002.58,2,31,chair,0
0119173_neurosketch,24,furniture,chair,143,186,1,276002.58,2,31,chair,0
0119173_neurosketch,24,furniture,chair,143,187,1,276002.58,2,31,chair,0
0119173_neurosketch,24,furniture,bench,144,188,1,282002.92,2,33,bench,1
0119173_neurosketch,24,furniture,bench,144,189,1,282002.92,2,33,bench,0
0119173_neurosketch,24,furniture,bench,144,190,1,282002.92,2,33,bench,0
0119173_neurosketch,24,furniture,bench,144,191,1,282002.92,2,33,bench,0
0119173_neurosketch,24,furniture,bed,145,192,0,288002.73,2,17,bed,1
0119173_neurosketch,24,furniture,bed,145,193,0,288002.73,2,17,bed,0
0119173_neurosketch,24,furniture,bed,145,194,0,288002.73,2,17,bed,0
0119173_neurosketch,24,furniture,table,146,195,0,292502.35,2,6,table,1
0119173_neurosketch,24,furniture,table,146,196,0,292502.35,2,6,table,0
0119173_neurosketch,24,furniture,table,146,197,0,292502.35,2,6,table,0
0119173_neurosketch,24,furniture,chair,147,198,1,297002.74,2,18,chair,1
0119173_neurosketch,24,furniture,chair,147,199,1,297002.74,2,18,chair,0
0119173_neurosketch,24,furniture,chair,148,200,1,300002.77,2,0,chair,1
0119173_neurosketch,24,furniture,chair,148,201,1,300002.77,2,0,chair,0
0119173_neurosketch,24,2,bed,149,202,0,303002.71,2,9,table,1
0119173_neurosketch,24,2,bed,149,203,0,303002.71,2,9,table,0
0119173_neurosketch,24,2,bed,149,204,0,303002.71,2,9,table,0
0119173_neurosketch,24,2,bed,149,205,0,303002.71,2,9,table,0
0119173_neurosketch,24,furniture,table,150,206,0,309002.77,2,39,table,1
0119173_neurosketch,24,furniture,table,150,207,0,309002.77,2,39,table,0
0119173_neurosketch,24,furniture,table,150,208,0,309002.77,2,39,table,0
0119173_neurosketch,24,furniture,bench,151,209,1,313503.14,2,6,bench,1
0119173_neurosketch,24,furniture,bench,151,210,1,313503.14,2,6,bench,0
0119173_neurosketch,24,furniture,chair,152,211,1,316502.63,2,11,chair,1
0119173_neurosketch,24,furniture,chair,152,212,1,316502.63,2,11,chair,0
0119173_neurosketch,24,furniture,bench,153,213,1,319504.62,2,17,bench,1
0119173_neurosketch,24,furniture,bench,153,214,1,319504.62,2,17,bench,0
0119173_neurosketch,24,furniture,bed,154,215,0,322502.3,2,26,bed,1
0119173_neurosketch,24,furniture,bed,154,216,0,322502.3,2,26,bed,0
0119173_neurosketch,24,furniture,table,155,217,0,325502.92,2,10,table,1
0119173_neurosketch,24,furniture,table,155,218,0,325502.92,2,10,table,0
0119173_neurosketch,24,furniture,table,155,219,0,325502.92,2,10,table,0
0119173_neurosketch,24,furniture,bench,156,220,1,330002.83,2,34,bench,1
0119173_neurosketch,24,furniture,bench,156,221,1,330002.83,2,34,bench,0
0119173_neurosketch,24,furniture,bench,156,222,1,330002.83,2,34,bench,0
0119173_neurosketch,24,furniture,table,157,223,0,334502.32,2,28,table,1
0119173_neurosketch,24,furniture,table,157,224,0,334502.32,2,28,table,0
0119173_neurosketch,24,furniture,chair,158,225,1,337503.0,2,30,chair,1
0119173_neurosketch,24,furniture,chair,158,226,1,337503.0,2,30,chair,0
0119173_neurosketch,24,furniture,chair,158,227,1,337503.0,2,30,chair,0
0119173_neurosketch,24,furniture,chair,158,228,1,337503.0,2,30,chair,0
0119173_neurosketch,24,2,bed,159,229,0,343503.83,2,36,bed,1
0119173_neurosketch,24,2,bed,159,230,0,343503.83,2,36,bed,0
0119173_neurosketch,24,2,bed,159,231,0,343503.83,2,36,bed,0
0119173_neurosketch,24,2,bed,159,232,0,343503.83,2,36,bed,0
0119173_neurosketch,24,2,bed,159,233,0,343503.83,2,36,bed,0
0119173_neurosketch,24,2,bed,159,234,0,343503.83,2,36,bed,0
0119173_neurosketch,24,2,bed,159,235,0,343503.83,2,36,bed,0
0119173_neurosketch,24,2,bed,159,236,0,343503.83,2,36,bed,0
0119173_neurosketch,24,2,bed,159,237,0,343503.83,2,36,bed,0
0119173_neurosketch,24,2,bed,159,238,0,343503.83,2,36,bed,0
0119173_neurosketch,24,2,bed,159,239,0,343503.83,2,36,bed,0
0119173_neurosketch,24,furniture,bed,160,0,-1,0.0,3,36,table,0
0119173_neurosketch,24,furniture,bed,160,1,-1,0.0,3,36,table,0
0119173_neurosketch,24,furniture,bed,160,2,-1,0.0,3,36,table,0
0119173_neurosketch,24,furniture,bed,160,3,-1,0.0,3,36,table,0
0119173_neurosketch,24,furniture,bed,160,4,-1,0.0,3,36,table,0
0119173_neurosketch,24,furniture,bed,160,5,-1,0.0,3,36,table,0
0119173_neurosketch,24,furniture,bed,160,6,-1,0.0,3,36,table,0
0119173_neurosketch,24,furniture,bed,160,7,-1,0.0,3,36,table,0
0119173_neurosketch,24,furniture,bed,160,8,0,12002.24,3,36,table,1
0119173_neurosketch,24,furniture,bed,160,9,0,12002.24,3,36,table,0
0119173_neurosketch,24,furniture,bed,160,10,0,12002.24,3,36,table,0
0119173_neurosketch,24,furniture,chair,161,11,1,16501.49,3,30,chair,1
0119173_neurosketch,24,furniture,chair,161,12,1,16501.49,3,30,chair,0
0119173_neurosketch,24,furniture,table,162,13,0,19501.9,3,28,table,1
0119173_neurosketch,24,furniture,table,162,14,0,19501.9,3,28,table,0
0119173_neurosketch,24,furniture,table,162,15,0,19501.9,3,28,table,0
0119173_neurosketch,24,furniture,bench,163,16,1,24001.62,3,34,bench,1
0119173_neurosketch,24,furniture,bench,163,17,1,24001.62,3,34,bench,0
0119173_neurosketch,24,furniture,bench,163,18,1,24001.62,3,34,bench,0
0119173_neurosketch,24,furniture,bench,163,19,1,24001.62,3,34,bench,0
0119173_neurosketch,24,furniture,table,164,20,0,30001.53,3,10,table,1
0119173_neurosketch,24,furniture,table,164,21,0,30001.53,3,10,table,0
0119173_neurosketch,24,furniture,bed,165,22,0,33001.38,3,26,bed,1
0119173_neurosketch,24,furniture,bed,165,23,0,33001.38,3,26,bed,0
0119173_neurosketch,24,furniture,bed,165,24,0,33001.38,3,26,bed,0
0119173_neurosketch,24,furniture,bed,165,25,0,33001.38,3,26,bed,0
0119173_neurosketch,24,furniture,bench,166,26,1,39001.46,3,17,bench,1
0119173_neurosketch,24,furniture,bench,166,27,1,39001.46,3,17,bench,0
0119173_neurosketch,24,furniture,bench,166,28,1,39001.46,3,17,bench,0
0119173_neurosketch,24,furniture,chair,167,29,1,43502.57,3,11,chair,1
0119173_neurosketch,24,furniture,chair,167,30,1,43502.57,3,11,chair,0
0119173_neurosketch,24,furniture,chair,167,31,1,43502.57,3,11,chair,0
0119173_neurosketch,24,furniture,chair,167,32,1,43502.57,3,11,chair,0
0119173_neurosketch,24,furniture,bench,168,33,1,49501.62,3,6,bench,1
0119173_neurosketch,24,furniture,bench,168,34,1,49501.62,3,6,bench,0
0119173_neurosketch,24,furniture,bench,168,35,1,49501.62,3,6,bench,0
0119173_neurosketch,24,2,table,169,36,0,54002.56,3,39,table,1
0119173_neurosketch,24,2,table,169,37,0,54002.56,3,39,table,0
0119173_neurosketch,24,furniture,bed,170,38,0,57001.36,3,9,bed,1
0119173_neurosketch,24,furniture,bed,170,39,0,57001.36,3,9,bed,0
0119173_neurosketch,24,furniture,chair,171,40,1,60001.64,3,0,chair,1
0119173_neurosketch,24,furniture,chair,171,41,1,60001.64,3,0,chair,0
0119173_neurosketch,24,furniture,chair,171,42,1,60001.64,3,0,chair,0
0119173_neurosketch,24,furniture,chair,171,43,1,60001.64,3,0,chair,0
0119173_neurosketch,24,furniture,chair,172,44,1,66002.27,3,18,bench,1
0119173_neurosketch,24,furniture,chair,172,45,1,66002.27,3,18,bench,0
0119173_neurosketch,24,furniture,chair,172,46,1,66002.27,3,18,bench,0
0119173_neurosketch,24,furniture,table,173,47,0,70501.74,3,6,table,1
0119173_neurosketch,24,furniture,table,173,48,0,70501.74,3,6,table,0
0119173_neurosketch,24,furniture,bed,174,49,0,73502.68,3,17,bed,1
0119173_neurosketch,24,furniture,bed,174,50,0,73502.68,3,17,bed,0
0119173_neurosketch,24,furniture,bench,175,51,1,76501.83,3,33,bench,1
0119173_neurosketch,24,furniture,bench,175,52,1,76501.83,3,33,bench,0
0119173_neurosketch,24,furniture,bench,175,53,1,76501.83,3,33,bench,0
0119173_neurosketch,24,furniture,chair,176,54,1,81002.17,3,31,chair,1
0119173_neurosketch,24,furniture,chair,176,55,1,81002.17,3,31,chair,0
0119173_neurosketch,24,furniture,chair,176,56,1,81002.17,3,31,chair,0
0119173_neurosketch,24,furniture,table,177,57,0,85501.51,3,30,table,1
0119173_neurosketch,24,furniture,table,177,58,0,85501.51,3,30,table,0
0119173_neurosketch,24,furniture,bed,178,59,0,88501.65,3,4,bed,1
0119173_neurosketch,24,furniture,bed,178,60,0,88501.65,3,4,bed,0
0119173_neurosketch,24,2,bench,179,61,1,91501.79,3,3,bench,1
0119173_neurosketch,24,2,bench,179,62,1,91501.79,3,3,bench,0
0119173_neurosketch,24,2,bench,179,63,1,91501.79,3,3,bench,0
0119173_neurosketch,24,furniture,bed,180,64,0,96002.12,3,29,bed,1
0119173_neurosketch,24,furniture,bed,180,65,0,96002.12,3,29,bed,0
0119173_neurosketch,24,furniture,bed,180,66,0,96002.12,3,29,bed,0
0119173_neurosketch,24,furniture,chair,181,67,1,100502.53,3,24,chair,1
0119173_neurosketch,24,furniture,chair,181,68,1,100502.53,3,24,chair,0
0119173_neurosketch,24,furniture,chair,181,69,1,100502.53,3,24,chair,0
0119173_neurosketch,24,furniture,bench,182,70,1,105003.41,3,21,bench,1
0119173_neurosketch,24,furniture,bench,182,71,1,105003.41,3,21,bench,0
0119173_neurosketch,24,furniture,table,183,72,0,108002.28,3,25,table,1
0119173_neurosketch,24,furniture,table,183,73,0,108002.28,3,25,table,0
0119173_neurosketch,24,furniture,table,183,74,0,108002.28,3,25,table,0
0119173_neurosketch,24,furniture,table,183,75,0,108002.28,3,25,table,0
0119173_neurosketch,24,furniture,chair,184,76,1,114002.07,3,2,chair,1
0119173_neurosketch,24,furniture,chair,184,77,1,114002.07,3,2,chair,0
0119173_neurosketch,24,furniture,chair,184,78,1,114002.07,3,2,chair,0
0119173_neurosketch,24,furniture,chair,184,79,1,114002.07,3,2,chair,0
0119173_neurosketch,24,furniture,table,185,80,0,120002.2,3,21,table,1
0119173_neurosketch,24,furniture,table,185,81,0,120002.2,3,21,table,0
0119173_neurosketch,24,furniture,table,185,82,0,120002.2,3,21,table,0
0119173_neurosketch,24,furniture,bed,186,83,0,124502.97,3,21,bed,1
0119173_neurosketch,24,furniture,bed,186,84,0,124502.97,3,21,bed,0
0119173_neurosketch,24,furniture,bed,186,85,0,124502.97,3,21,bed,0
0119173_neurosketch,24,furniture,bench,187,86,1,129002.78,3,1,bench,1
0119173_neurosketch,24,furniture,bench,187,87,1,129002.78,3,1,bench,0
0119173_neurosketch,24,furniture,table,188,88,0,132002.41,3,0,table,1
0119173_neurosketch,24,furniture,table,188,89,0,132002.41,3,0,table,0
0119173_neurosketch,24,2,bed,189,90,0,135001.87,3,27,bed,1
0119173_neurosketch,24,2,bed,189,91,0,135001.87,3,27,bed,0
0119173_neurosketch,24,2,bed,189,92,0,135001.87,3,27,bed,0
0119173_neurosketch,24,2,bed,189,93,0,135001.87,3,27,bed,0
0119173_neurosketch,24,furniture,bench,190,94,1,141003.02,3,2,bench,1
0119173_neurosketch,24,furniture,bench,190,95,1,141003.02,3,2,bench,0
0119173_neurosketch,24,furniture,bench,190,96,1,141003.02,3,2,bench,0
0119173_neurosketch,24,furniture,chair,191,97,1,145503.37,3,39,chair,1
0119173_neurosketch,24,furniture,chair,191,98,1,145503.37,3,39,chair,0
0119173_neurosketch,24,furniture,table,192,99,0,148502.16,3,37,bed,1
0119173_neurosketch,24,furniture,table,192,100,0,148502.16,3,37,bed,0
0119173_neurosketch,24,furniture,bench,193,101,1,151502.85,3,22,bench,1
0119173_neurosketch,24,furniture,bench,193,102,1,151502.85,3,22,bench,0
0119173_neurosketch,24,furniture,chair,194,103,1,154502.69,3,23,chair,1
0119173_neurosketch,24,furniture,chair,194,104,1,154502.69,3,23,chair,0
0119173_neurosketch,24,furniture,bed,195,105,0,157502.75,3,18,bed,1
0119173_neurosketch,24,furniture,bed,195,106,0,157502.75,3,18,bed,0
0119173_neurosketch,24,furniture,bed,195,107,0,157502.75,3,18,bed,0
0119173_neurosketch,24,furniture,chair,196,108,1,162002.36,3,21,chair,1
0119173_neurosketch,24,furniture,chair,196,109,1,162002.36,3,21,chair,0
0119173_neurosketch,24,furniture,chair,196,110,1,162002.36,3,21,chair,0
0119173_neurosketch,24,furniture,table,197,111,0,166504.44,3,14,table,1
0119173_neurosketch,24,furniture,table,197,112,0,166504.44,3,14,table,0
0119173_neurosketch,24,furniture,bed,198,113,0,169502.96,3,0,bed,1
0119173_neurosketch,24,furniture,bed,198,114,0,169502.96,3,0,bed,0
0119173_neurosketch,24,furniture,bed,198,115,0,169502.96,3,0,bed,0
0119173_neurosketch,24,furniture,bed,198,116,0,169502.96,3,0,bed,0
0119173_neurosketch,24,2,bench,199,117,1,175502.95,3,24,bench,1
0119173_neurosketch,24,2,bench,199,118,1,175502.95,3,24,bench,0
0119173_neurosketch,24,2,bench,199,119,1,175502.95,3,24,bench,0
0119173_neurosketch,24,furniture,bed,200,120,0,180004.29,3,1,bed,1
0119173_neurosketch,24,furniture,bed,200,121,0,180004.29,3,1,bed,0
0119173_neurosketch,24,furniture,bed,200,122,0,180004.29,3,1,bed,0
0119173_neurosketch,24,furniture,chair,201,123,1,184501.61,3,14,chair,1
0119173_neurosketch,24,furniture,chair,201,124,1,184501.61,3,14,chair,0
0119173_neurosketch,24,furniture,bench,202,125,1,187502.59,3,15,bench,1
0119173_neurosketch,24,furniture,bench,202,126,1,187502.59,3,15,bench,0
0119173_neurosketch,24,furniture,bench,202,127,1,187502.59,3,15,bench,0
0119173_neurosketch,24,furniture,table,203,128,0,192002.18,3,23,table,1
0119173_neurosketch,24,furniture,table,203,129,0,192002.18,3,23,table,0
0119173_neurosketch,24,furniture,table,203,130,0,192002.18,3,23,table,0
0119173_neurosketch,24,furniture,table,203,131,0,192002.18,3,23,table,0
0119173_neurosketch,24,furniture,bed,204,132,0,198002.59,3,19,bed,1
0119173_neurosketch,24,furniture,bed,204,133,0,198002.59,3,19,bed,0
0119173_neurosketch,24,furniture,chair,205,134,1,201002.23,3,33,chair,1
0119173_neurosketch,24,furniture,chair,205,135,1,201002.23,3,33,chair,0
0119173_neurosketch,24,furniture,chair,205,136,1,201002.23,3,33,chair,0
0119173_neurosketch,24,furniture,chair,205,137,1,201002.23,3,33,chair,0
0119173_neurosketch,24,furniture,table,206,138,0,207002.79,3,34,table,1
0119173_neurosketch,24,furniture,table,206,139,0,207002.79,3,34,table,0
0119173_neurosketch,24,furniture,table,206,140,0,207002.79,3,34,table,0
0119173_neurosketch,24,furniture,bench,207,141,1,211502.43,3,37,bench,1
0119173_neurosketch,24,furniture,bench,207,142,1,211502.43,3,37,bench,0
0119173_neurosketch,24,furniture,bench,207,143,1,211502.43,3,37,bench,0
0119173_neurosketch,24,furniture,bench,207,144,1,211502.43,3,37,bench,0
0119173_neurosketch,24,furniture,chair,208,145,1,217502.39,3,1,chair,1
0119173_neurosketch,24,furniture,chair,208,146,1,217502.39,3,1,chair,0
0119173_neurosketch,24,furniture,chair,208,147,1,217502.39,3,1,chair,0
0119173_neurosketch,24,2,bench,209,148,1,222002.11,3,27,bench,1
0119173_neurosketch,24,2,bench,209,149,1,222002.11,3,27,bench,0
0119173_neurosketch,24,furniture,bed,210,150,0,225002.26,3,20,bed,1
0119173_neurosketch,24,furniture,bed,210,151,0,225002.26,3,20,bed,0
0119173_neurosketch,24,furniture,table,211,152,0,228003.03,3,20,table,1
0119173_neurosketch,24,furniture,table,211,153,0,228003.03,3,20,table,0
0119173_neurosketch,24,furniture,table,211,154,0,228003.03,3,20,table,0
0119173_neurosketch,24,furniture,table,211,155,0,228003.03,3,20,table,0
0119173_neurosketch,24,furniture,bench,212,156,1,234002.07,3,36,bench,1
0119173_neurosketch,24,furniture,bench,212,157,1,234002.07,3,36,bench,0
0119173_neurosketch,24,furniture,bench,212,158,1,234002.07,3,36,bench,0
0119173_neurosketch,24,furniture,table,213,159,0,238502.09,3,3,table,1
0119173_neurosketch,24,furniture,table,213,160,0,238502.09,3,3,table,0
0119173_neurosketch,24,furniture,chair,214,161,1,241502.31,3,22,,1
0119173_neurosketch,24,furniture,chair,214,162,1,241502.31,3,22,,0
0119173_neurosketch,24,furniture,bed,215,163,0,244502.47,3,5,bed,1
0119173_neurosketch,24,furniture,bed,215,164,0,244502.47,3,5,bed,0
0119173_neurosketch,24,furniture,bed,215,165,0,244502.47,3,5,bed,0
0119173_neurosketch,24,furniture,chair,216,166,1,249003.02,3,15,chair,1
0119173_neurosketch,24,furniture,chair,216,167,1,249003.02,3,15,chair,0
0119173_neurosketch,24,furniture,chair,216,168,1,249003.02,3,15,chair,0
0119173_neurosketch,24,furniture,bench,217,169,1,253502.46,3,10,bench,1
0119173_neurosketch,24,furniture,bench,217,170,1,253502.46,3,10,bench,0
0119173_neurosketch,24,furniture,bed,218,171,0,256502.89,3,3,,1
0119173_neurosketch,24,furniture,bed,218,172,0,256502.89,3,3,,0
0119173_neurosketch,24,2,table,219,173,0,259504.53,3,27,table,1
0119173_neurosketch,24,2,table,219,174,0,259504.53,3,27,table,0
0119173_neurosketch,24,2,table,219,175,0,259504.53,3,27,table,0
0119173_neurosketch,24,furniture,table,220,176,0,264002.65,3,15,table,1
0119173_neurosketch,24,furniture,table,220,177,0,264002.65,3,15,table,0
0119173_neurosketch,24,furniture,table,220,178,0,264002.65,3,15,table,0
0119173_neurosketch,24,furniture,chair,221,179,1,268502.09,3,35,chair,1
0119173_neurosketch,24,furniture,chair,221,180,1,268502.09,3,35,chair,0
0119173_neurosketch,24,furniture,chair,221,181,1,268502.09,3,35,chair,0
0119173_neurosketch,24,furniture,bench,222,182,1,273003.5,3,20,bench,1
0119173_neurosketch,24,furniture,bench,222,183,1,273003.5,3,20,bench,0
0119173_neurosketch,24,furniture,bed,223,184,0,276002.6,3,31,bed,1
0119173_neurosketch,24,furniture,bed,223,185,0,276002.6,3,31,bed,0
0119173_neurosketch,24,furniture,bed,223,186,0,276002.6,3,31,bed,0
0119173_neurosketch,24,furniture,bed,223,187,0,276002.6,3,31,bed,0
0119173_neurosketch,24,furniture,bench,224,188,1,282002.82,3,39,bench,1
0119173_neurosketch,24,furniture,bench,224,189,1,282002.82,3,39,bench,0
0119173_neurosketch,24,furniture,bench,224,190,1,282002.82,3,39,bench,0
0119173_neurosketch,24,furniture,bench,224,191,1,282002.82,3,39,bench,0
0119173_neurosketch,24,furniture,table,225,192,0,288002.7,3,19,table,1
0119173_neurosketch,24,furniture,table,225,193,0,288002.7,3,19,table,0
0119173_neurosketch,24,furniture,table,225,194,0,288002.7,3,19,table,0
0119173_neurosketch,24,furniture,bed,226,195,0,292502.41,3,28,bed,1
0119173_neurosketch,24,furniture,bed,226,196,0,292502.41,3,28,bed,0
0119173_neurosketch,24,furniture,bed,226,197,0,292502.41,3,28,bed,0
0119173_neurosketch,24,furniture,chair,227,198,1,297002.23,3,26,chair,1
0119173_neurosketch,24,furniture,chair,227,199,1,297002.23,3,26,chair,0
0119173_neurosketch,24,furniture,chair,228,200,1,300002.78,3,28,chair,1
0119173_neurosketch,24,furniture,chair,228,201,1,300002.78,3,28,chair,0
0119173_neurosketch,24,2,bed,229,202,0,303002.59,3,39,bed,1
0119173_neurosketch,24,2,bed,229,203,0,303002.59,3,39,bed,0
0119173_neurosketch,24,2,bed,229,204,0,303002.59,3,39,bed,0
0119173_neurosketch,24,2,bed,229,205,0,303002.59,3,39,bed,0
0119173_neurosketch,24,furniture,bench,230,206,1,309004.45,3,18,bench,1
0119173_neurosketch,24,furniture,bench,230,207,1,309004.45,3,18,bench,0
0119173_neurosketch,24,furniture,bench,230,208,1,309004.45,3,18,bench,0
0119173_neurosketch,24,furniture,table,231,209,0,313501.67,3,26,table,1
0119173_neurosketch,24,furniture,table,231,210,0,313501.67,3,26,table,0
0119173_neurosketch,24,furniture,chair,232,211,1,316503.0,3,38,chair,1
0119173_neurosketch,24,furniture,chair,232,212,1,316503.0,3,38,chair,0
0119173_neurosketch,24,furniture,bed,233,213,0,319502.89,3,30,bed,1
0119173_neurosketch,24,furniture,bed,233,214,0,319502.89,3,30,bed,0
0119173_neurosketch,24,furniture,bench,234,215,1,322502.8,3,4,bench,1
0119173_neurosketch,24,furniture,bench,234,216,1,322502.8,3,4,bench,0
0119173_neurosketch,24,furniture,table,235,217,0,325502.9,3,5,table,1
0119173_neurosketch,24,furniture,table,235,218,0,325502.9,3,5,table,0
0119173_neurosketch,24,furniture,table,235,219,0,325502.9,3,5,table,0
0119173_neurosketch,24,furniture,table,236,220,0,330002.88,3,29,table,1
0119173_neurosketch,24,furniture,table,236,221,0,330002.88,3,29,table,0
0119173_neurosketch,24,furniture,table,236,222,0,330002.88,3,29,table,0
0119173_neurosketch,24,furniture,chair,237,223,1,334502.67,3,36,chair,1
0119173_neurosketch,24,furniture,chair,237,224,1,334502.67,3,36,chair,0
0119173_neurosketch,24,furniture,bench,238,225,1,337502.87,3,19,bench,1
0119173_neurosketch,24,furniture,bench,238,226,1,337502.87,3,19,bench,0
0119173_neurosketch,24,furniture,bench,238,227,1,337502.87,3,19,bench,0
0119173_neurosketch,24,furniture,bench,238,228,1,337502.87,3,19,bench,0
0119173_neurosketch,24,2,bed,239,229,0,343502.91,3,7,bed,1
0119173_neurosketch,24,2,bed,239,230,0,343502.91,3,7,bed,0
0119173_neurosketch,24,2,bed,239,231,0,343502.91,3,7,bed,0
0119173_neurosketch,24,2,bed,239,232,0,343502.91,3,7,bed,0
0119173_neurosketch,24,2,bed,239,233,0,343502.91,3,7,bed,0
0119173_neurosketch,24,2,bed,239,234,0,343502.91,3,7,bed,0
0119173_neurosketch,24,2,bed,239,235,0,343502.91,3,7,bed,0
0119173_neurosketch,24,2,bed,239,236,0,343502.91,3,7,bed,0
0119173_neurosketch,24,2,bed,239,237,0,343502.91,3,7,bed,0
0119173_neurosketch,24,2,bed,239,238,0,343502.91,3,7,bed,0
0119173_neurosketch,24,2,bed,239,239,0,343502.91,3,7,bed,0
0119173_neurosketch,24,furniture,bed,240,0,-1,0.0,4,25,bed,0
0119173_neurosketch,24,furniture,bed,240,1,-1,0.0,4,25,bed,0
0119173_neurosketch,24,furniture,bed,240,2,-1,0.0,4,25,bed,0
0119173_neurosketch,24,furniture,bed,240,3,-1,0.0,4,25,bed,0
0119173_neurosketch,24,furniture,bed,240,4,-1,0.0,4,25,bed,0
0119173_neurosketch,24,furniture,bed,240,5,-1,0.0,4,25,bed,0
0119173_neurosketch,24,furniture,bed,240,6,-1,0.0,4,25,bed,0
0119173_neurosketch,24,furniture,bed,240,7,-1,0.0,4,25,bed,0
0119173_neurosketch,24,furniture,bed,240,8,0,12001.0,4,25,bed,1
0119173_neurosketch,24,furniture,bed,240,9,0,12001.0,4,25,bed,0
0119173_neurosketch,24,furniture,bed,240,10,0,12001.0,4,25,bed,0
0119173_neurosketch,24,furniture,table,241,11,0,16500.92,4,2,table,1
0119173_neurosketch,24,furniture,table,241,12,0,16500.92,4,2,table,0
0119173_neurosketch,24,furniture,bench,242,13,1,19501.86,4,13,bench,1
0119173_neurosketch,24,furniture,bench,242,14,1,19501.86,4,13,bench,0
0119173_neurosketch,24,furniture,bench,242,15,1,19501.86,4,13,bench,0
0119173_neurosketch,24,furniture,chair,243,16,1,24001.65,4,32,chair,1
0119173_neurosketch,24,furniture,chair,243,17,1,24001.65,4,32,chair,0
0119173_neurosketch,24,furniture,chair,243,18,1,24001.65,4,32,chair,0
0119173_neurosketch,24,furniture,chair,243,19,1,24001.65,4,32,chair,0
0119173_neurosketch,24,furniture,chair,244,20,1,30002.84,4,37,bench,1
0119173_neurosketch,24,furniture,chair,244,21,1,30002.84,4,37,bench,0
0119173_neurosketch,24,furniture,bench,245,22,1,33001.92,4,11,bench,1
0119173_neurosketch,24,furniture,bench,245,23,1,33001.92,4,11,bench,0
0119173_neurosketch,24,furniture,bench,245,24,1,33001.92,4,11,bench,0
0119173_neurosketch,24,furniture,bench,245,25,1,33001.92,4,11,bench,0
0119173_neurosketch,24,furniture,table,246,26,0,39001.27,4,4,table,1
0119173_neurosketch,24,furniture,table,246,27,0,39001.27,4,4,table,0
0119173_neurosketch,24,furniture,table,246,28,0,39001.27,4,4,table,0
0119173_neurosketch,24,furniture,bed,247,29,0,43502.55,4,14,bed,1
0119173_neurosketch,24,furniture,bed,247,30,0,43502.55,4,14,bed,0
0119173_neurosketch,24,furniture,bed,247,31,0,43502.55,4,14,bed,0
0119173_neurosketch,24,furniture,bed,247,32,0,43502.55,4,14,bed,0
0119173_neurosketch,24,furniture,bench,248,33,1,49502.12,4,29,bench,1
0119173_neurosketch,24,furniture,bench,248,34,1,49502.12,4,29,bench,0
0119173_neurosketch,24,furniture,bench,248,35,1,49502.12,4,29,bench,0
0119173_neurosketch,24,2,chair,249,36,1,54002.5,4,9,chair,1
0119173_neurosketch,24,2,chair,249,37,1,54002.5,4,9,chair,0
0119173_neurosketch,24,furniture,table,250,38,0,57001.52,4,1,table,1
0119173_neurosketch,24,furniture,table,250,39,0,57001.52,4,1,table,0
0119173_neurosketch,24,furniture,bed,251,40,0,60002.04,4,34,bed,1
0119173_neurosketch,24,furniture,bed,251,41,0,60002.04,4,34,bed,0
0119173_neurosketch,24,furniture,bed,251,42,0,60002.04,4,34,bed,0
0119173_neurosketch,24,furniture,bed,251,43,0,60002.04,4,34,bed,0
0119173_neurosketch,24,furniture,chair,252,44,1,66002.15,4,13,chair,1
0119173_neurosketch,24,furniture,chair,252,45,1,66002.15,4,13,chair,0
0119173_neurosketch,24,furniture,chair,252,46,1,66002.15,4,13,chair,0
0119173_neurosketch,24,furniture,table,253,47,0,70502.3,4,13,table,1
0119173_neurosketch,24,furniture,table,253,48,0,70502.3,4,13,table,0
0119173_neurosketch,24,furniture,bench,254,49,1,73502.33,4,5,bench,1
0119173_neurosketch,24,furniture,bench,254,50,1,73502.33,4,5,bench,0
0119173_neurosketch,24,furniture,bed,255,51,0,76502.9,4,38,bed,1
0119173_neurosketch,24,furniture,bed,255,52,0,76502.9,4,38,bed,0
0119173_neurosketch,24,furniture,bed,255,53,0,76502.9,4,38,bed,0
0119173_neurosketch,24,furniture,bench,256,54,1,81003.71,4,38,bench,1
0119173_neurosketch,24,furniture,bench,256,55,1,81003.71,4,38,bench,0
0119173_neurosketch,24,furniture,bench,256,56,1,81003.71,4,38,bench,0
0119173_neurosketch,24,furniture,bed,257,57,0,85501.83,4,15,bed,1
0119173_neurosketch,24,furniture,bed,257,58,0,85501.83,4,15,bed,0
0119173_neurosketch,24,furniture,chair,258,59,1,88502.3,4,12,chair,1
0119173_neurosketch,24,furniture,chair,258,60,1,88502.3,4,12,chair,0
0119173_neurosketch,24,2,table,259,61,0,91501.58,4,16,table,1
0119173_neurosketch,24,2,table,259,62,0,91501.58,4,16,table,0
0119173_neurosketch,24,2,table,259,63,0,91501.58,4,16,table,0
0119173_neurosketch,24,furniture,chair,260,64,1,96002.48,4,16,chair,1
0119173_neurosketch,24,furniture,chair,260,65,1,96002.48,4,16,chair,0
0119173_neurosketch,24,furniture,chair,260,66,1,96002.48,4,16,chair,0
0119173_neurosketch,24,furniture,table,261,67,0,100501.96,4,38,table,1
0119173_neurosketch,24,furniture,table,261,68,0,100501.96,4,38,table,0
0119173_neurosketch,24,furniture,table,261,69,0,100501.96,4,38,table,0
0119173_neurosketch,24,furniture,bench,262,70,1,105003.64,4,23,bench,1
0119173_neurosketch,24,furniture,bench,262,71,1,105003.64,4,23,bench,0
0119173_neurosketch,24,furniture,bed,263,72,0,108002.36,4,6,bed,1
0119173_neurosketch,24,furniture,bed,263,73,0,108002.36,4,6,bed,0
0119173_neurosketch,24,furniture,bed,263,74,0,108002.36,4,6,bed,0
0119173_neurosketch,24,furniture,bed,263,75,0,108002.36,4,6,bed,0
0119173_neurosketch,24,furniture,bed,264,76,0,114002.51,4,32,bed,1
0119173_neurosketch,24,furniture,bed,264,77,0,114002.51,4,32,bed,0
0119173_neurosketch,24,furniture,bed,264,78,0,114002.51,4,32,bed,0
0119173_neurosketch,24,furniture,bed,264,79,0,114002.51,4,32,bed,0
0119173_neurosketch,24,furniture,bench,265,80,1,120003.05,4,0,bench,1
0119173_neurosketch,24,furniture,bench,265,81,1,120003.05,4,0,bench,0
0119173_neurosketch,24,furniture,bench,265,82,1,120003.05,4,0,bench,0
0119173_neurosketch,24,furniture,table,266,83,0,124502.09,4,32,table,1
0119173_neurosketch,24,furniture,table,266,84,0,124502.09,4,32,table,0
0119173_neurosketch,24,furniture,table,266,85,0,124502.09,4,32,table,0
0119173_neurosketch,24,furniture,chair,267,86,1,129003.05,4,19,chair,1
0119173_neurosketch,24,furniture,chair,267,87,1,129003.05,4,19,chair,0
0119173_neurosketch,24,furniture,chair,268,88,1,132002.04,4,8,chair,1
0119173_neurosketch,24,furniture,chair,268,89,1,132002.04,4,8,chair,0
0119173_neurosketch,24,2,bench,269,90,1,135002.29,4,16,bench,1
0119173_neurosketch,24,2,bench,269,91,1,135002.29,4,16,bench,0
0119173_neurosketch,24,2,bench,269,92,1,135002.29,4,16,bench,0
0119173_neurosketch,24,2,bench,269,93,1,135002.29,4,16,bench,0
0119173_neurosketch,24,furniture,bed,270,94,0,141002.33,4,23,,1
0119173_neurosketch,24,furniture,bed,270,95,0,141002.33,4,23,,0
0119173_neurosketch,24,furniture,bed,270,96,0,141002.33,4,23,,0
0119173_neurosketch,24,furniture,table,271,97,0,145502.2,4,18,table,1
0119173_neurosketch,24,furniture,table,271,98,0,145502.2,4,18,table,0
0119173_neurosketch,24,furniture,table,272,99,0,148502.2,4,7,table,1
0119173_neurosketch,24,furniture,table,272,100,0,148502.2,4,7,table,0
0119173_neurosketch,24,furniture,bed,273,101,0,151502.53,4,2,bed,1
0119173_neurosketch,24,furniture,bed,273,102,0,151502.53,4,2,bed,0
0119173_neurosketch,24,furniture,chair,274,103,1,154502.95,4,34,chair,1
0119173_neurosketch,24,furniture,chair,274,104,1,154502.95,4,34,chair,0
0119173_neurosketch,24,furniture,bench,275,105,1,157502.62,4,30,bench,1
0119173_neurosketch,24,furniture,bench,275,106,1,157502.62,4,30,bench,0
0119173_neurosketch,24,furniture,bench,275,107,1,157502.62,4,30,bench,0
0119173_neurosketch,24,furniture,chair,276,108,1,162002.48,4,3,chair,1
0119173_neurosketch,24,furniture,chair,276,109,1,162002.48,4,3,chair,0
0119173_neurosketch,24,furniture,chair,276,110,1,162002.48,4,3,chair,0
0119173_neurosketch,24,furniture,table,277,111,0,166502.0,4,8,table,1
0119173_neurosketch,24,furniture,table,277,112,0,166502.0,4,8,table,0
0119173_neurosketch,24,furniture,bench,278,113,1,169502.26,4,25,bench,1
0119173_neurosketch,24,furniture,bench,278,114,1,169502.26,4,25,bench,0
0119173_neurosketch,24,furniture,bench,278,115,1,169502.26,4,25,bench,0
0119173_neurosketch,24,furniture,bench,278,116,1,169502.26,4,25,bench,0
0119173_neurosketch,24,2,bed,279,117,0,175502.42,4,13,bed,1
0119173_neurosketch,24,2,bed,279,118,0,175502.42,4,13,bed,0
0119173_neurosketch,24,2,bed,279,119,0,175502.42,4,13,bed,0
0119173_neurosketch,24,furniture,table,280,120,0,180002.63,4,17,table,1
0119173_neurosketch,24,furniture,table,280,121,0,180002.63,4,17,table,0
0119173_neurosketch,24,furniture,table,280,122,0,180002.63,4,17,table,0
0119173_neurosketch,24,furniture,chair,281,123,1,184502.33,4,5,chair,1
0119173_neurosketch,24,furniture,chair,281,124,1,184502.33,4,5,chair,0
0119173_neurosketch,24,furniture,bed,282,125,0,187502.54,4,12,bed,1
0119173_neurosketch,24,furniture,bed,282,126,0,187502.54,4,12,bed,0
0119173_neurosketch,24,furniture,bed,282,127,0,187502.54,4,12,bed,0
0119173_neurosketch,24,furniture,bench,283,128,1,192002.19,4,7,bench,1
0119173_neurosketch,24,furniture,bench,283,129,1,192002.19,4,7,bench,0
0119173_neurosketch,24,furniture,bench,283,130,1,192002.19,4,7,bench,0
0119173_neurosketch,24,furniture,bench,283,131,1,192002.19,4,7,bench,0
0119173_neurosketch,24,furniture,table,284,132,0,198002.84,4,36,table,1
0119173_neurosketch,24,furniture,table,284,133,0,198002.84,4,36,table,0
0119173_neurosketch,24,furniture,bed,285,134,0,201002.39,4,11,bed,1
0119173_neurosketch,24,furniture,bed,285,135,0,201002.39,4,11,bed,0
0119173_neurosketch,24,furniture,bed,285,136,0,201002.39,4,11,bed,0
0119173_neurosketch,24,furniture,bed,285,137,0,201002.39,4,11,bed,0
0119173_neurosketch,24,furniture,bench,286,138,1,207002.18,4,28,bench,1
0119173_neurosketch,24,furniture,bench,286,139,1,207002.18,4,28,bench,0
0119173_neurosketch,24,furniture,bench,286,140,1,207002.18,4,28,bench,0
0119173_neurosketch,24,furniture,chair,287,141,1,211502.42,4,27,chair,1
0119173_neurosketch,24,furniture,chair,287,142,1,211502.42,4,27,chair,0
0119173_neurosketch,24,furniture,chair,287,143,1,211502.42,4,27,chair,0
0119173_neurosketch,24,furniture,chair,287,144,1,211502.42,4,27,chair,0
0119173_neurosketch,24,furniture,bed,288,145,0,217502.09,4,37,bed,1
0119173_neurosketch,24,furniture,bed,288,146,0,217502.09,4,37,bed,0
0119173_neurosketch,24,furniture,bed,288,147,0,217502.09,4,37,bed,0
0119173_neurosketch,24,2,bench,289,148,1,222003.3,4,8,bench,1
0119173_neurosketch,24,2,bench,289,149,1,222003.3,4,8,bench,0
0119173_neurosketch,24,furniture,table,290,150,0,225002.22,4,12,,1
0119173_neurosketch,24,furniture,table,290,151,0,225002.22,4,12,,0
0119173_neurosketch,24,furniture,chair,291,152,1,228002.19,4,6,,1
0119173_neurosketch,24,furniture,chair,291,153,1,228002.19,4,6,,0
0119173_neurosketch,24,furniture,chair,291,154,1,228002.19,4,6,,0
0119173_neurosketch,24,furniture,chair,291,155,1,228002.19,4,6,,0
0119173_neurosketch,24,furniture,table,292,156,0,234002.73,4,22,table,1
0119173_neurosketch,24,furniture,table,292,157,0,234002.73,4,22,table,0
0119173_neurosketch,24,furniture,table,292,158,0,234002.73,4,22,table,0
0119173_neurosketch,24,furniture,bed,293,159,0,238502.28,4,35,bed,1
0119173_neurosketch,24,furniture,bed,293,160,0,238502.28,4,35,bed,0
0119173_neurosketch,24,furniture,chair,294,161,1,241502.76,4,7,chair,1
0119173_neurosketch,24,furniture,chair,294,162,1,241502.76,4,7,chair,0
0119173_neurosketch,24,furniture,bench,295,163,1,244502.03,4,35,bench,1
0119173_neurosketch,24,furniture,bench,295,164,1,244502.03,4,35,bench,0
0119173_neurosketch,24,furniture,bench,295,165,1,244502.03,4,35,bench,0
0119173_neurosketch,24,furniture,table,296,166,0,249002.19,4,35,,1
0119173_neurosketch,24,furniture,table,296,167,0,249002.19,4,35,,0
0119173_neurosketch,24,furniture,table,296,168,0,249002.19,4,35,,0
0119173_neurosketch,24,furniture,bench,297,169,1,253502.66,4,31,bench,1
0119173_neurosketch,24,furniture,bench,297,170,1,253502.66,4,31,bench,0
0119173_neurosketch,24,furniture,bed,298,171,0,256502.98,4,10,bed,1
0119173_neurosketch,24,furniture,bed,298,172,0,256502.98,4,10,bed,0
0119173_neurosketch,24,2,chair,299,173,1,259502.66,4,25,chair,1
0119173_neurosketch,24,2,chair,299,174,1,259502.66,4,25,chair,0
0119173_neurosketch,24,2,chair,299,175,1,259502.66,4,25,chair,0
0119173_neurosketch,24,furniture,bed,300,176,0,264005.11,4,8,bed,1
0119173_neurosketch,24,furniture,bed,300,177,0,264005.11,4,8,bed,0
0119173_neurosketch,24,furniture,bed,300,178,0,264005.11,4,8,bed,0
0119173_neurosketch,24,furniture,table,301,179,0,268502.05,4,31,table,1
0119173_neurosketch,24,furniture,table,301,180,0,268502.05,4,31,table,0
0119173_neurosketch,24,furniture,table,301,181,0,268502.05,4,31,table,0
0119173_neurosketch,24,furniture,chair,302,182,1,273003.19,4,29,chair,1
0119173_neurosketch,24,furniture,chair,302,183,1,273003.19,4,29,chair,0
0119173_neurosketch,24,furniture,bench,303,184,1,276002.77,4,26,bench,1
0119173_neurosketch,24,furniture,bench,303,185,1,276002.77,4,26,bench,0
0119173_neurosketch,24,furniture,bench,303,186,1,276002.77,4,26,bench,0
0119173_neurosketch,24,furniture,bench,303,187,1,276002.77,4,26,bench,0
0119173_neurosketch,24,furniture,bench,304,188,1,282002.59,4,12,bench,1
0119173_neurosketch,24,furniture,bench,304,189,1,282002.59,4,12,bench,0
0119173_neurosketch,24,furniture,bench,304,190,1,282002.59,4,12,bench,0
0119173_neurosketch,24,furniture,bench,304,191,1,282002.59,4,12,bench,0
0119173_neurosketch,24,furniture,bed,305,192,0,288002.83,4,22,table,1
0119173_neurosketch,24,furniture,bed,305,193,0,288002.83,4,22,table,0
0119173_neurosketch,24,furniture,bed,305,194,0,288002.83,4,22,table,0
0119173_neurosketch,24,furniture,table,306,195,0,292502.3,4,33,table,1
0119173_neurosketch,24,furniture,table,306,196,0,292502.3,4,33,table,0
0119173_neurosketch,24,furniture,table,306,197,0,292502.3,4,33,table,0
0119173_neurosketch,24,furniture,chair,307,198,1,297002.7,4,10,chair,1
0119173_neurosketch,24,furniture,chair,307,199,1,297002.7,4,10,chair,0
0119173_neurosketch,24,furniture,bench,308,200,1,300002.23,4,9,bench,1
0119173_neurosketch,24,furniture,bench,308,201,1,300002.23,4,9,bench,0
0119173_neurosketch,24,2,chair,309,202,1,303002.2,4,20,,1
0119173_neurosketch,24,2,chair,309,203,1,303002.2,4,20,,0
0119173_neurosketch,24,2,chair,309,204,1,303002.2,4,20,,0
0119173_neurosketch,24,2,chair,309,205,1,303002.2,4,20,,0
0119173_neurosketch,24,furniture,table,310,206,0,309002.45,4,24,table,1
0119173_neurosketch,24,furniture,table,310,207,0,309002.45,4,24,table,0
0119173_neurosketch,24,furniture,table,310,208,0,309002.45,4,24,table,0
0119173_neurosketch,24,furniture,bed,311,209,0,313502.98,4,24,bed,1
0119173_neurosketch,24,furniture,bed,311,210,0,313502.98,4,24,bed,0
0119173_neurosketch,24,furniture,chair,312,211,1,316502.57,4,4,chair,1
0119173_neurosketch,24,furniture,chair,312,212,1,316502.57,4,4,chair,0
0119173_neurosketch,24,furniture,bench,313,213,1,319502.26,4,14,bench,1
0119173_neurosketch,24,furniture,bench,313,214,1,319502.26,4,14,bench,0
0119173_neurosketch,24,furniture,table,314,215,0,322502.42,4,11,table,1
0119173_neurosketch,24,furniture,table,314,216,0,322502.42,4,11,table,0
0119173_neurosketch,24,furniture,bed,315,217,0,325502.77,4,16,bed,1
0119173_neurosketch,24,furniture,bed,315,218,0,325502.77,4,16,bed,0
0119173_neurosketch,24,furniture,bed,315,219,0,325502.77,4,16,bed,0
0119173_neurosketch,24,furniture,bench,316,220,1,330002.22,4,32,bench,1
0119173_neurosketch,24,furniture,bench,316,221,1,330002.22,4,32,bench,0
0119173_neurosketch,24,furniture,bench,316,222,1,330002.22,4,32,bench,0
0119173_neurosketch,24,furniture,chair,317,223,1,334501.69,4,17,chair,1
0119173_neurosketch,24,furniture,chair,317,224,1,334501.69,4,17,chair,0
0119173_neurosketch,24,furniture,table,318,225,0,337501.75,4,9,table,1
0119173_neurosketch,24,furniture,table,318,226,0,337501.75,4,9,table,0
0119173_neurosketch,24,furniture,table,318,227,0,337501.75,4,9,table,0
0119173_neurosketch,24,furniture,table,318,228,0,337501.75,4,9,table,0
0119173_neurosketch,24,2,bed,319,229,0,343502.19,4,33,bed,1
0119173_neurosketch,24,2,bed,319,230,0,343502.19,4,33,bed,0
0119173_neurosketch,24,2,bed,319,231,0,343502.19,4,33,bed,0
0119173_neurosketch,24,2,bed,319,232,0,343502.19,4,33,bed,0
0119173_neurosketch,24,2,bed,319,233,0,343502.19,4,33,bed,0
0119173_neurosketch,24,2,bed,319,234,0,343502.19,4,33,bed,0
0119173_neurosketch,24,2,bed,319,235,0,343502.19,4,33,bed,0
0119173_neurosketch,24,2,bed,319,236,0,343502.19,4,33,bed,0
0119173_neurosketch,24,2,bed,319,237,0,343502.19,4,33,bed,0
0119173_neurosketch,24,2,bed,319,238,0,343502.19,4,33,bed,0
0119173_neurosketch,24,2,bed,319,239,0,343502.19,4,33,bed,0
0119173_neurosketch,24,furniture,bed,360,0,-1,0.0,9,33,,0
0119173_neurosketch,24,furniture,bed,360,1,-1,0.0,9,33,,0
0119173_neurosketch,24,furniture,bed,360,2,-1,0.0,9,33,,0
0119173_neurosketch,24,furniture,bed,360,3,-1,0.0,9,33,,0
0119173_neurosketch,24,furniture,bed,360,4,-1,0.0,9,33,,0
0119173_neurosketch,24,furniture,bed,360,5,-1,0.0,9,33,,0
0119173_neurosketch,24,furniture,bed,360,6,-1,0.0,9,33,,0
0119173_neurosketch,24,furniture,bed,360,7,-1,0.0,9,33,,0
0119173_neurosketch,24,furniture,bed,360,8,0,12003.12,9,33,,1
0119173_neurosketch,24,furniture,bed,360,9,0,12003.12,9,33,,0
0119173_neurosketch,24,furniture,bed,360,10,0,12003.12,9,33,,0
0119173_neurosketch,24,furniture,table,361,11,0,16501.64,9,9,table,1
0119173_neurosketch,24,furniture,table,361,12,0,16501.64,9,9,table,0
0119173_neurosketch,24,furniture,chair,362,13,1,19501.66,9,17,chair,1
0119173_neurosketch,24,furniture,chair,362,14,1,19501.66,9,17,chair,0
0119173_neurosketch,24,furniture,chair,362,15,1,19501.66,9,17,chair,0
0119173_neurosketch,24,furniture,bench,363,16,1,24002.39,9,32,bench,1
0119173_neurosketch,24,furniture,bench,363,17,1,24002.39,9,32,bench,0
0119173_neurosketch,24,furniture,bench,363,18,1,24002.39,9,32,bench,0
0119173_neurosketch,24,furniture,bench,363,19,1,24002.39,9,32,bench,0
0119173_neurosketch,24,furniture,bed,364,20,0,30005.33,9,16,bed,1
0119173_neurosketch,24,furniture,bed,364,21,0,30005.33,9,16,bed,0
0119173_neurosketch,24,furniture,table,365,22,0,33002.32,9,11,table,1
0119173_neurosketch,24,furniture,table,365,23,0,33002.32,9,11,table,0
0119173_neurosketch,24,furniture,table,365,24,0,33002.32,9,11,table,0
0119173_neurosketch,24,furniture,table,365,25,0,33002.32,9,11,table,0
0119173_neurosketch,24,furniture,bench,366,26,1,39001.43,9,14,bench,1
0119173_neurosketch,24,furniture,bench,366,27,1,39001.43,9,14,bench,0
0119173_neurosketch,24,furniture,bench,366,28,1,39001.43,9,14,bench,0
0119173_neurosketch,24,furniture,chair,367,29,1,43503.33,9,4,chair,1
0119173_neurosketch,24,furniture,chair,367,30,1,43503.33,9,4,chair,0
0119173_neurosketch,24,furniture,chair,367,31,1,43503.33,9,4,chair,0
0119173_neurosketch,24,furniture,chair,367,32,1,43503.33,9,4,chair,0
0119173_neurosketch,24,furniture,bed,368,33,0,49502.62,9,24,bed,1
0119173_neurosketch,24,furniture,bed,368,34,0,49502.62,9,24,bed,0
0119173_neurosketch,24,furniture,bed,368,35,0,49502.62,9,24,bed,0
0119173_neurosketch,24,2,table,369,36,0,54001.53,9,24,table,1
0119173_neurosketch,24,2,table,369,37,0,54001.53,9,24,table,0
0119173_neurosketch,24,furniture,chair,370,38,1,57001.92,9,20,chair,1
0119173_neurosketch,24,furniture,chair,370,39,1,57001.92,9,20,chair,0
0119173_neurosketch,24,furniture,bench,371,40,1,60001.91,9,9,bench,1
0119173_neurosketch,24,furniture,bench,371,41,1,60001.91,9,9,bench,0
0119173_neurosketch,24,furniture,bench,371,42,1,60001.91,9,9,bench,0
0119173_neurosketch,24,furniture,bench,371,43,1,60001.91,9,9,bench,0
0119173_neurosketch,24,furniture,chair,372,44,1,66002.93,9,10,chair,1
0119173_neurosketch,24,furniture,chair,372,45,1,66002.93,9,10,chair,0
0119173_neurosketch,24,furniture,chair,372,46,1,66002.93,9,10,chair,0
0119173_neurosketch,24,furniture,table,373,47,0,70501.92,9,33,bed,1
0119173_neurosketch,24,furniture,table,373,48,0,70501.92,9,33,bed,0
0119173_neurosketch,24,furniture,bed,374,49,0,73503.89,9,22,bed,1
0119173_neurosketch,24,furniture,bed,374,50,0,73503.89,9,22,bed,0
0119173_neurosketch,24,furniture,bench,375,51,1,76501.98,9,12,bench,1
0119173_neurosketch,24,furniture,bench,375,52,1,76501.98,9,12,bench,0
0119173_neurosketch,24,furniture,bench,375,53,1,76501.98,9,12,bench,0
0119173_neurosketch,24,furniture,bench,376,54,1,81001.9,9,26,bench,1
0119173_neurosketch,24,furniture,bench,376,55,1,81001.9,9,26,bench,0
0119173_neurosketch,24,furniture,bench,376,56,1,81001.9,9,26,bench,0
0119173_neurosketch,24,furniture,chair,377,57,1,85502.83,9,29,chair,1
0119173_neurosketch,24,furniture,chair,377,58,1,85502.83,9,29,chair,0
0119173_neurosketch,24,furniture,table,378,59,0,88501.98,9,31,,1
0119173_neurosketch,24,furniture,table,378,60,0,88501.98,9,31,,0
0119173_neurosketch,24,2,bed,379,61,0,91504.64,9,8,bed,1
0119173_neurosketch,24,2,bed,379,62,0,91504.64,9,8,bed,0
0119173_neurosketch,24,2,bed,379,63,0,91504.64,9,8,bed,0
0119173_neurosketch,24,furniture,chair,380,64,1,96002.04,9,25,chair,1
0119173_neurosketch,24,furniture,chair,380,65,1,96002.04,9,25,chair,0
0119173_neurosketch,24,furniture,chair,380,66,1,96002.04,9,25,chair,0
0119173_neurosketch,24,furniture,bed,381,67,0,100502.76,9,10,bed,1
0119173_neurosketch,24,furniture,bed,381,68,0,100502.76,9,10,bed,0
0119173_neurosketch,24,furniture,bed,381,69,0,100502.76,9,10,bed,0
0119173_neurosketch,24,furniture,bench,382,70,1,105002.88,9,31,bench,1
0119173_neurosketch,24,furniture,bench,382,71,1,105002.88,9,31,bench,0
0119173_neurosketch,24,furniture,table,383,72,0,108002.67,9,35,,1
0119173_neurosketch,24,furniture,table,383,73,0,108002.67,9,35,,0
0119173_neurosketch,24,furniture,table,383,74,0,108002.67,9,35,,0
0119173_neurosketch,24,furniture,table,383,75,0,108002.67,9,35,,0
0119173_neurosketch,24,furniture,bench,384,76,1,114002.68,9,35,bench,1
0119173_neurosketch,24,furniture,bench,384,77,1,114002.68,9,35,bench,0
0119173_neurosketch,24,furniture,bench,384,78,1,114002.68,9,35,bench,0
0119173_neurosketch,24,furniture,bench,384,79,1,114002.68,9,35,bench,0
0119173_neurosketch,24,furniture,chair,385,80,1,120002.27,9,7,chair,1
0119173_neurosketch,24,furniture,chair,385,81,1,120002.27,9,7,chair,0
0119173_neurosketch,24,furniture,chair,385,82,1,120002.27,9,7,chair,0
0119173_neurosketch,24,furniture,bed,386,83,0,124502.37,9,35,table,1
0119173_neurosketch,24,furniture,bed,386,84,0,124502.37,9,35,table,0
0119173_neurosketch,24,furniture,bed,386,85,0,124502.37,9,35,table,0
0119173_neurosketch,24,furniture,table,387,86,0,129002.11,9,22,table,1
0119173_neurosketch,24,furniture,table,387,87,0,129002.11,9,22,table,0
0119173_neurosketch,24,furniture,chair,388,88,1,132002.65,9,6,chair,1
0119173_neurosketch,24,furniture,chair,388,89,1,132002.65,9,6,chair,0
0119173_neurosketch,24,2,table,389,90,0,135004.43,9,12,table,1
0119173_neurosketch,24,2,table,389,91,0,135004.43,9,12,table,0
0119173_neurosketch,24,2,table,389,92,0,135004.43,9,12,table,0
0119173_neurosketch,24,2,table,389,93,0,135004.43,9,12,table,0
0119173_neurosketch,24,furniture,bench,390,94,1,141002.23,9,8,bench,1
0119173_neurosketch,24,furniture,bench,390,95,1,141002.23,9,8,bench,0
0119173_neurosketch,24,furniture,bench,390,96,1,141002.23,9,8,bench,0
0119173_neurosketch,24,furniture,bed,391,97,0,145502.76,9,37,bed,1
0119173_neurosketch,24,furniture,bed,391,98,0,145502.76,9,37,bed,0
0119173_neurosketch,24,furniture,chair,392,99,1,148502.78,9,27,chair,1
0119173_neurosketch,24,furniture,chair,392,100,1,148502.78,9,27,chair,0
0119173_neurosketch,24,furniture,bench,393,101,1,151502.68,9,28,bench,1
0119173_neurosketch,24,furniture,bench,393,102,1,151502.68,9,28,bench,0
0119173_neurosketch,24,furniture,bed,394,103,0,154502.5,9,11,bed,1
0119173_neurosketch,24,furniture,bed,394,104,0,154502.5,9,11,bed,0
0119173_neurosketch,24,furniture,table,395,105,0,157502.29,9,36,table,1
0119173_neurosketch,24,furniture,table,395,106,0,157502.29,9,36,table,0
0119173_neurosketch,24,furniture,table,395,107,0,157502.29,9,36,table,0
0119173_neurosketch,24,furniture,bench,396,108,1,162004.17,9,7,bench,1
0119173_neurosketch,24,furniture,bench,396,109,1,162004.17,9,7,bench,0
0119173_neurosketch,24,furniture,bench,396,110,1,162004.17,9,7,bench,0
0119173_neurosketch,24,furniture,bed,397,111,0,166502.39,9,12,bed,1
0119173_neurosketch,24,furniture,bed,397,112,0,166502.39,9,12,bed,0
0119173_neurosketch,24,furniture,chair,398,113,1,169503.33,9,5,chair,1
0119173_neurosketch,24,furniture,chair,398,114,1,169503.33,9,5,chair,0
0119173_neurosketch,24,furniture,chair,398,115,1,169503.33,9,5,chair,0
0119173_neurosketch,24,furniture,chair,398,116,1,169503.33,9,5,chair,0
0119173_neurosketch,24,2,table,399,117,0,175502.78,9,17,table,1
0119173_neurosketch,24,2,table,399,118,0,175502.78,9,17,table,0
0119173_neurosketch,24,2,table,399,119,0,175502.78,9,17,table,0
0119173_neurosketch,24,furniture,bed,400,120,0,180005.41,9,13,bed,1
0119173_neurosketch,24,furniture,bed,400,121,0,180005.41,9,13,bed,0
0119173_neurosketch,24,furniture,bed,400,122,0,180005.41,9,13,bed,0
0119173_neurosketch,24,furniture,bench,401,123,1,184505.73,9,25,bench,1
0119173_neurosketch,24,furniture,bench,401,124,1,184505.73,9,25,bench,0
0119173_neurosketch,24,furniture,table,402,125,0,187502.59,9,8,table,1
0119173_neurosketch,24,furniture,table,402,126,0,187502.59,9,8,table,0
0119173_neurosketch,24,furniture,table,402,127,0,187502.59,9,8,table,0
0119173_neurosketch,24,furniture,chair,403,128,1,192002.56,9,3,chair,1
0119173_neurosketch,24,furniture,chair,403,129,1,192002.56,9,3,chair,0
0119173_neurosketch,24,furniture,chair,403,130,1,192002.56,9,3,chair,0
0119173_neurosketch,24,furniture,chair,403,131,1,192002.56,9,3,chair,0
0119173_neurosketch,24,furniture,bench,404,132,1,198002.92,9,30,bench,1
0119173_neurosketch,24,furniture,bench,404,133,1,198002.92,9,30,bench,0
0119173_neurosketch,24,furniture,chair,405,134,1,201001.64,9,34,chair,1
0119173_neurosketch,24,furniture,chair,405,135,1,201001.64,9,34,chair,0
0119173_neurosketch,24,furniture,chair,405,136,1,201001.64,9,34,chair,0
0119173_neurosketch,24,furniture,chair,405,137,1,201001.64,9,34,chair,0
0119173_neurosketch,24,furniture,bed,406,138,0,207002.92,9,2,bed,1
0119173_neurosketch,24,furniture,bed,406,139,0,207002.92,9,2,bed,0
0119173_neurosketch,24,furniture,bed,406,140,0,207002.92,9,2,bed,0
0119173_neurosketch,24,furniture,table,407,141,0,211502.58,9,7,table,1
0119173_neurosketch,24,furniture,table,407,142,0,211502.58,9,7,table,0
0119173_neurosketch,24,furniture,table,407,143,0,211502.58,9,7,table,0
0119173_neurosketch,24,furniture,table,407,144,0,211502.58,9,7,table,0
0119173_neurosketch,24,furniture,table,408,145,0,217502.65,9,18,table,1
0119173_neurosketch,24,furniture,table,408,146,0,217502.65,9,18,table,0
0119173_neurosketch,24,furniture,table,408,147,0,217502.65,9,18,table,0
0119173_neurosketch,24,2,bed,409,148,0,222002.5,9,23,bed,1
0119173_neurosketch,24,2,bed,409,149,0,222002.5,9,23,bed,0
0119173_neurosketch,24,furniture,bench,410,150,1,225002.21,9,16,bench,1
0119173_neurosketch,24,furniture,bench,410,151,1,225002.21,9,16,bench,0
0119173_neurosketch,24,furniture,chair,411,152,1,228003.03,9,8,chair,1
0119173_neurosketch,24,furniture,chair,411,153,1,228003.03,9,8,chair,0
0119173_neurosketch,24,furniture,chair,411,154,1,228003.03,9,8,chair,0
0119173_neurosketch,24,furniture,chair,411,155,1,228003.03,9,8,chair,0
0119173_neurosketch,24,furniture,chair,412,156,1,234002.62,9,19,chair,1
0119173_neurosketch,24,furniture,chair,412,157,1,234002.62,9,19,chair,0
0119173_neurosketch,24,furniture,chair,412,158,1,234002.62,9,19,chair,0
0119173_neurosketch,24,furniture,table,413,159,0,238502.94,9,32,table,1
0119173_neurosketch,24,furniture,table,413,160,0,238502.94,9,32,table,0
0119173_neurosketch,24,furniture,bench,414,161,1,241501.5,9,0,bench,1
0119173_neurosketch,24,furniture,bench,414,162,1,241501.5,9,0,bench,0
0119173_neurosketch,24,furniture,bed,415,163,0,244502.96,9,32,bed,1
0119173_neurosketch,24,furniture,bed,415,164,0,244502.96,9,32,bed,0
0119173_neurosketch,24,furniture,bed,415,165,0,244502.96,9,32,bed,0
0119173_neurosketch,24,furniture,bed,416,166,0,249002.87,9,6,bed,1
0119173_neurosketch,24,furniture,bed,416,167,0,249002.87,9,6,bed,0
0119173_neurosketch,24,furniture,bed,416,168,0,249002.87,9,6,bed,0
0119173_neurosketch,24,furniture,bench,417,169,1,253502.62,9,23,bench,1
0119173_neurosketch,24,furniture,bench,417,170,1,253502.62,9,23,bench,0
0119173_neurosketch,24,furniture,table,418,171,0,256502.52,9,38,table,1
0119173_neurosketch,24,furniture,table,418,172,0,256502.52,9,38,table,0
0119173_neurosketch,24,2,chair,419,173,1,259502.79,9,16,chair,1
0119173_neurosketch,24,2,chair,419,174,1,259502.79,9,16,chair,0
0119173_neurosketch,24,2,chair,419,175,1,259502.79,9,16,chair,0
0119173_neurosketch,24,furniture,table,420,176,0,264002.9,9,16,table,1
0119173_neurosketch,24,furniture,table,420,177,0,264002.9,9,16,table,0
0119173_neurosketch,24,furniture,table,420,178,0,264002.9,9,16,table,0
0119173_neurosketch,24,furniture,chair,421,179,1,268502.58,9,12,chair,1
0119173_neurosketch,24,furniture,chair,421,180,1,268502.58,9,12,chair,0
0119173_neurosketch,24,furniture,chair,421,181,1,268502.58,9,12,chair,0
0119173_neurosketch,24,furniture,bed,422,182,0,273002.26,9,15,bed,1
0119173_neurosketch,24,furniture,bed,422,183,0,273002.26,9,15,bed,0
0119173_neurosketch,24,furniture,bench,423,184,1,276002.92,9,38,bench,1
0119173_neurosketch,24,furniture,bench,423,185,1,276002.92,9,38,bench,0
0119173_neurosketch,24,furniture,bench,423,186,1,276002.92,9,38,bench,0
0119173_neurosketch,24,furniture,bench,423,187,1,276002.92,9,38,bench,0
0119173_neurosketch,24,furniture,bed,424,188,0,282002.76,9,38,bed,1
0119173_neurosketch,24,furniture,bed,424,189,0,282002.76,9,38,bed,0
0119173_neurosketch,24,furniture,bed,424,190,0,282002.76,9,38,bed,0
0119173_neurosketch,24,furniture,bed,424,191,0,282002.76,9,38,bed,0
0119173_neurosketch,24,furniture,bench,425,192,1,288002.53,9,5,bench,1
0119173_neurosketch,24,furniture,bench,425,193,1,288002.53,9,5,bench,0
0119173_neurosketch,24,furniture,bench,425,194,1,288002.53,9,5,bench,0
0119173_neurosketch,24,furniture,table,426,195,0,292502.26,9,13,table,1
0119173_neurosketch,24,furniture,table,426,196,0,292502.26,9,13,table,0
0119173_neurosketch,24,furniture,table,426,197,0,292502.26,9,13,table,0
0119173_neurosketch,24,furniture,chair,427,198,1,297002.25,9,13,chair,1
0119173_neurosketch,24,furniture,chair,427,199,1,297002.25,9,13,chair,0
0119173_neurosketch,24,furniture,bed,428,200,0,300002.37,9,34,,1
0119173_neurosketch,24,furniture,bed,428,201,0,300002.37,9,34,,0
0119173_neurosketch,24,2,table,429,202,0,303002.93,9,1,table,1
0119173_neurosketch,24,2,table,429,203,0,303002.93,9,1,table,0
0119173_neurosketch,24,2,table,429,204,0,303002.93,9,1,table,0
0119173_neurosketch,24,2,table,429,205,0,303002.93,9,1,table,0
0119173_neurosketch,24,furniture,chair,430,206,1,309004.48,9,9,chair,1
0119173_neurosketch,24,furniture,chair,430,207,1,309004.48,9,9,chair,0
0119173_neurosketch,24,furniture,chair,430,208,1,309004.48,9,9,chair,0
0119173_neurosketch,24,furniture,bench,431,209,1,313502.05,9,29,bench,1
0119173_neurosketch,24,furniture,bench,431,210,1,313502.05,9,29,bench,0
0119173_neurosketch,24,furniture,bed,432,211,0,316502.51,9,14,,1
0119173_neurosketch,24,furniture,bed,432,212,0,316502.51,9,14,,0
0119173_neurosketch,24,furniture,table,433,213,0,319501.97,9,4,table,1
0119173_neurosketch,24,furniture,table,433,214,0,319501.97,9,4,table,0
0119173_neurosketch,24,furniture,bench,434,215,1,322502.73,9,11,bench,1
0119173_neurosketch,24,furniture,bench,434,216,1,322502.73,9,11,bench,0
0119173_neurosketch,24,furniture,chair,435,217,1,325502.77,9,37,chair,1
0119173_neurosketch,24,furniture,chair,435,218,1,325502.77,9,37,chair,0
0119173_neurosketch,24,furniture,chair,435,219,1,325502.77,9,37,chair,0
0119173_neurosketch,24,furniture,chair,436,220,1,330003.0,9,32,chair,1
0119173_neurosketch,24,furniture,chair,436,221,1,330003.0,9,32,chair,0
0119173_neurosketch,24,furniture,chair,436,222,1,330003.0,9,32,chair,0
0119173_neurosketch,24,furniture,bench,437,223,1,334501.94,9,13,bench,1
0119173_neurosketch,24,furniture,bench,437,224,1,334501.94,9,13,bench,0
0119173_neurosketch,24,furniture,table,438,225,0,337501.71,9,2,table,1
0119173_neurosketch,24,furniture,table,438,226,0,337501.71,9,2,table,0
0119173_neurosketch,24,furniture,table,438,227,0,337501.71,9,2,table,0
0119173_neurosketch,24,furniture,table,438,228,0,337501.71,9,2,table,0
0119173_neurosketch,24,2,bed,439,229,0,343501.83,9,25,bed,1
0119173_neurosketch,24,2,bed,439,230,0,343501.83,9,25,bed,0
0119173_neurosketch,24,2,bed,439,231,0,343501.83,9,25,bed,0
0119173_neurosketch,24,2,bed,439,232,0,343501.83,9,25,bed,0
0119173_neurosketch,24,2,bed,439,233,0,343501.83,9,25,bed,0
0119173_neurosketch,24,2,bed,439,234,0,343501.83,9,25,bed,0
0119173_neurosketch,24,2,bed,439,235,0,343501.83,9,25,bed,0
0119173_neurosketch,24,2,bed,439,236,0,343501.83,9,25,bed,0
0119173_neurosketch,24,2,bed,439,237,0,343501.83,9,25,bed,0
0119173_neurosketch,24,2,bed,439,238,0,343501.83,9,25,bed,0
0119173_neurosketch,24,2,bed,439,239,0,343501.83,9,25,bed,0
0119173_neurosketch,24,furniture,bed,440,0,-1,0.0,10,7,bed,0
0119173_neurosketch,24,furniture,bed,440,1,-1,0.0,10,7,bed,0
0119173_neurosketch,24,furniture,bed,440,2,-1,0.0,10,7,bed,0
0119173_neurosketch,24,furniture,bed,440,3,-1,0.0,10,7,bed,0
0119173_neurosketch,24,furniture,bed,440,4,-1,0.0,10,7,bed,0
0119173_neurosketch,24,furniture,bed,440,5,-1,0.0,10,7,bed,0
0119173_neurosketch,24,furniture,bed,440,6,-1,0.0,10,7,bed,0
0119173_neurosketch,24,furniture,bed,440,7,-1,0.0,10,7,bed,0
0119173_neurosketch,24,furniture,bed,440,8,0,12001.72,10,7,bed,1
0119173_neurosketch,24,furniture,bed,440,9,0,12001.72,10,7,bed,0
0119173_neurosketch,24,furniture,bed,440,10,0,12001.72,10,7,bed,0
0119173_neurosketch,24,furniture,bench,441,11,1,16501.95,10,19,bench,1
0119173_neurosketch,24,furniture,bench,441,12,1,16501.95,10,19,bench,0
0119173_neurosketch,24,furniture,chair,442,13,1,19502.5,10,36,chair,1
0119173_neurosketch,24,furniture,chair,442,14,1,19502.5,10,36,chair,0
0119173_neurosketch,24,furniture,chair,442,15,1,19502.5,10,36,chair,0
0119173_neurosketch,24,furniture,table,443,16,0,24001.41,10,29,table,1
0119173_neurosketch,24,furniture,table,443,17,0,24001.41,10,29,table,0
0119173_neurosketch,24,furniture,table,443,18,0,24001.41,10,29,table,0
0119173_neurosketch,24,furniture,table,443,19,0,24001.41,10,29,table,0
0119173_neurosketch,24,furniture,table,444,20,0,30001.87,10,5,table,1
0119173_neurosketch,24,furniture,table,444,21,0,30001.87,10,5,table,0
0119173_neurosketch,24,furniture,bench,445,22,1,33002.26,10,4,bench,1
0119173_neurosketch,24,furniture,bench,445,23,1,33002.26,10,4,bench,0
0119173_neurosketch,24,furniture,bench,445,24,1,33002.26,10,4,bench,0
0119173_neurosketch,24,furniture,bench,445,25,1,33002.26,10,4,bench,0
0119173_neurosketch,24,furniture,bed,446,26,0,39002.0,10,30,bed,1
0119173_neurosketch,24,furniture,bed,446,27,0,39002.0,10,30,bed,0
0119173_neurosketch,24,furniture,bed,446,28,0,39002.0,10,30,bed,0
0119173_neurosketch,24,furniture,chair,447,29,1,43502.16,10,38,chair,1
0119173_neurosketch,24,furniture,chair,447,30,1,43502.16,10,38,chair,0
0119173_neurosketch,24,furniture,chair,447,31,1,43502.16,10,38,chair,0
0119173_neurosketch,24,furniture,chair,447,32,1,43502.16,10,38,chair,0
0119173_neurosketch,24,furniture,table,448,33,0,49501.42,10,26,table,1
0119173_neurosketch,24,furniture,table,448,34,0,49501.42,10,26,table,0
0119173_neurosketch,24,furniture,table,448,35,0,49501.42,10,26,table,0
0119173_neurosketch,24,2,bench,449,36,1,54002.13,10,18,bench,1
0119173_neurosketch,24,2,bench,449,37,1,54002.13,10,18,bench,0
0119173_neurosketch,24,furniture,bed,450,38,0,57002.11,10,39,,1
0119173_neurosketch,24,furniture,bed,450,39,0,57002.11,10,39,,0
0119173_neurosketch,24,furniture,chair,451,40,1,60001.79,10,28,,1
0119173_neurosketch,24,furniture,chair,451,41,1,60001.79,10,28,,0
0119173_neurosketch,24,furniture,chair,451,42,1,60001.79,10,28,,0
0119173_neurosketch,24,furniture,chair,451,43,1,60001.79,10,28,,0
0119173_neurosketch,24,furniture,chair,452,44,1,66002.11,10,26,chair,1
0119173_neurosketch,24,furniture,chair,452,45,1,66002.11,10,26,chair,0
0119173_neurosketch,24,furniture,chair,452,46,1,66002.11,10,26,chair,0
0119173_neurosketch,24,furniture,bed,453,47,0,70502.19,10,28,bed,1
0119173_neurosketch,24,furniture,bed,453,48,0,70502.19,10,28,bed,0
0119173_neurosketch,24,furniture,table,454,49,0,73502.15,10,19,table,1
0119173_neurosketch,24,furniture,table,454,50,0,73502.15,10,19,table,0
0119173_neurosketch,24,furniture,bench,455,51,1,76502.42,10,39,bench,1
0119173_neurosketch,24,furniture,bench,455,52,1,76502.42,10,39,bench,0
0119173_neurosketch,24,furniture,bench,455,53,1,76502.42,10,39,bench,0
0119173_neurosketch,24,furniture,bed,456,54,0,81001.7,10,31,bed,1
0119173_neurosketch,24,furniture,bed,456,55,0,81001.7,10,31,bed,0
0119173_neurosketch,24,furniture,bed,456,56,0,81001.7,10,31,bed,0
0119173_neurosketch,24,furniture,bench,457,57,1,85501.69,10,20,bench,1
0119173_neurosketch,24,furniture,bench,457,58,1,85501.69,10,20,bench,0
0119173_neurosketch,24,furniture,chair,458,59,1,88502.28,10,35,chair,1
0119173_neurosketch,24,furniture,chair,458,60,1,88502.28,10,35,chair,0
0119173_neurosketch,24,2,table,459,61,0,91502.1,10,15,table,1
0119173_neurosketch,24,2,table,459,62,0,91502.1,10,15,table,0
0119173_neurosketch,24,2,table,459,63,0,91502.1,10,15,table,0
0119173_neurosketch,24,furniture,table,460,64,0,96001.86,10,27,table,1
0119173_neurosketch,24,furniture,table,460,65,0,96001.86,10,27,table,0
0119173_neurosketch,24,furniture,table,460,66,0,96001.86,10,27,table,0
0119173_neurosketch,24,furniture,bed,461,67,0,100502.02,10,3,bed,1
0119173_neurosketch,24,furniture,bed,461,68,0,100502.02,10,3,bed,0
0119173_neurosketch,24,furniture,bed,461,69,0,100502.02,10,3,bed,0
0119173_neurosketch,24,furniture,bench,462,70,1,105001.96,10,10,bench,1
0119173_neurosketch,24,furniture,bench,462,71,1,105001.96,10,10,bench,0
0119173_neurosketch,24,furniture,chair,463,72,1,108002.55,10,15,chair,1
0119173_neurosketch,24,furniture,chair,463,73,1,108002.55,10,15,chair,0
0119173_neurosketch,24,furniture,chair,463,74,1,108002.55,10,15,chair,0
0119173_neurosketch,24,furniture,chair,463,75,1,108002.55,10,15,chair,0
0119173_neurosketch,24,furniture,bed,464,76,0,114002.79,10,5,bed,1
0119173_neurosketch,24,furniture,bed,464,77,0,114002.79,10,5,bed,0
0119173_neurosketch,24,furniture,bed,464,78,0,114002.79,10,5,bed,0
0119173_neurosketch,24,furniture,bed,464,79,0,114002.79,10,5,bed,0
0119173_neurosketch,24,furniture,chair,465,80,1,120002.38,10,22,chair,1
0119173_neurosketch,24,furniture,chair,465,81,1,120002.38,10,22,chair,0
0119173_neurosketch,24,furniture,chair,465,82,1,120002.38,10,22,chair,0
0119173_neurosketch,24,furniture,table,466,83,0,124501.92,10,3,table,1
0119173_neurosketch,24,furniture,table,466,84,0,124501.92,10,3,table,0
0119173_neurosketch,24,furniture,table,466,85,0,124501.92,10,3,table,0
0119173_neurosketch,24,furniture,bench,467,86,1,129002.0,10,36,bench,1
0119173_neurosketch,24,furniture,bench,467,87,1,129002.0,10,36,bench,0
0119173_neurosketch,24,furniture,table,468,88,0,132001.74,10,20,table,1
0119173_neurosketch,24,furniture,table,468,89,0,132001.74,10,20,table,0
0119173_neurosketch,24,2,bed,469,90,0,135002.55,10,20,bed,1
0119173_neurosketch,24,2,bed,469,91,0,135002.55,10,20,bed,0
0119173_neurosketch,24,2,bed,469,92,0,135002.55,10,20,bed,0
0119173_neurosketch,24,2,bed,469,93,0,135002.55,10,20,bed,0
0119173_neurosketch,24,furniture,bench,470,94,1,141002.97,10,27,bench,1
0119173_neurosketch,24,furniture,bench,470,95,1,141002.97,10,27,bench,0
0119173_neurosketch,24,furniture,bench,470,96,1,141002.97,10,27,bench,0
0119173_neurosketch,24,furniture,chair,471,97,1,145503.26,10,1,chair,1
0119173_neurosketch,24,furniture,chair,471,98,1,145503.26,10,1,chair,0
0119173_neurosketch,24,furniture,bench,472,99,1,148501.81,10,37,bench,1
0119173_neurosketch,24,furniture,bench,472,100,1,148501.81,10,37,bench,0
0119173_neurosketch,24,furniture,table,473,101,0,151502.75,10,34,table,1
0119173_neurosketch,24,furniture,table,473,102,0,151502.75,10,34,table,0
0119173_neurosketch,24,furniture,chair,474,103,1,154502.48,10,33,chair,1
0119173_neurosketch,24,furniture,chair,474,104,1,154502.48,10,33,chair,0
0119173_neurosketch,24,furniture,bed,475,105,0,157503.33,10,19,bed,1
0119173_neurosketch,24,furniture,bed,475,106,0,157503.33,10,19,bed,0
0119173_neurosketch,24,furniture,bed,475,107,0,157503.33,10,19,bed,0
0119173_neurosketch,24,furniture,table,476,108,0,162003.47,10,23,table,1
0119173_neurosketch,24,furniture,table,476,109,0,162003.47,10,23,table,0
0119173_neurosketch,24,furniture,table,476,110,0,162003.47,10,23,table,0
0119173_neurosketch,24,furniture,bench,477,111,1,166502.11,10,15,bench,1
0119173_neurosketch,24,furniture,bench,477,112,1,166502.11,10,15,bench,0
0119173_neurosketch,24,furniture,chair,478,113,1,169502.06,10,14,chair,1
0119173_neurosketch,24,furniture,chair,478,114,1,169502.06,10,14,chair,0
0119173_neurosketch,24,furniture,chair,478,115,1,169502.06,10,14,chair,0
0119173_neurosketch,24,furniture,chair,478,116,1,169502.06,10,14,chair,0
0119173_neurosketch,24,2,bed,479,117,0,175504.32,10,1,bed,1
0119173_neurosketch,24,2,bed,479,118,0,175504.32,10,1,bed,0
0119173_neurosketch,24,2,bed,479,119,0,175504.32,10,1,bed,0
0119173_neurosketch,24,furniture,bench,480,120,1,180004.53,10,24,bench,1
0119173_neurosketch,24,furniture,bench,480,121,1,180004.53,10,24,bench,0
0119173_neurosketch,24,furniture,bench,480,122,1,180004.53,10,24,bench,0
0119173_neurosketch,24,furniture,bed,481,123,0,184502.86,10,0,bed,1
0119173_neurosketch,24,furniture,bed,481,124,0,184502.86,10,0,bed,0
0119173_neurosketch,24,furniture,table,482,125,0,187502.82,10,14,table,1
0119173_neurosketch,24,furniture,table,482,126,0,187502.82,10,14,table,0
0119173_neurosketch,24,furniture,table,482,127,0,187502.82,10,14,table,0
0119173_neurosketch,24,furniture,chair,483,128,1,192002.76,10,21,chair,1
0119173_neurosketch,24,furniture,chair,483,129,1,192002.76,10,21,chair,0
0119173_neurosketch,24,furniture,chair,483,130,1,192002.76,10,21,chair,0
0119173_neurosketch,24,furniture,chair,483,131,1,192002.76,10,21,chair,0
0119173_neurosketch,24,furniture,bed,484,132,0,198002.7,10,18,bed,1
0119173_neurosketch,24,furniture,bed,484,133,0,198002.7,10,18,bed,0
0119173_neurosketch,24,furniture,chair,485,134,1,201002.83,10,23,chair,1
0119173_neurosketch,24,furniture,chair,485,135,1,201002.83,10,23,chair,0
0119173_neurosketch,24,furniture,chair,485,136,1,201002.83,10,23,chair,0
0119173_neurosketch,24,furniture,chair,485,137,1,201002.83,10,23,chair,0
0119173_neurosketch,24,furniture,bench,486,138,1,207002.63,10,22,,1
0119173_neurosketch,24,furniture,bench,486,139,1,207002.63,10,22,,0
0119173_neurosketch,24,furniture,bench,486,140,1,207002.63,10,22,,0
0119173_neurosketch,24,furniture,table,487,141,0,211502.97,10,37,table,1
0119173_neurosketch,24,furniture,table,487,142,0,211502.97,10,37,table,0
0119173_neurosketch,24,furniture,table,487,143,0,211502.97,10,37,table,0
0119173_neurosketch,24,furniture,table,487,144,0,211502.97,10,37,table,0
0119173_neurosketch,24,furniture,chair,488,145,1,217502.81,10,39,chair,1
0119173_neurosketch,24,furniture,chair,488,146,1,217502.81,10,39,chair,0
0119173_neurosketch,24,furniture,chair,488,147,1,217502.81,10,39,chair,0
0119173_neurosketch,24,2,bench,489,148,1,222003.18,10,2,bench,1
0119173_neurosketch,24,2,bench,489,149,1,222003.18,10,2,bench,0
0119173_neurosketch,24,furniture,bed,490,150,0,225002.73,10,27,bed,1
0119173_neurosketch,24,furniture,bed,490,151,0,225002.73,10,27,bed,0
0119173_neurosketch,24,furniture,table,491,152,0,228002.25,10,0,table,1
0119173_neurosketch,24,furniture,table,491,153,0,228002.25,10,0,table,0
0119173_neurosketch,24,furniture,table,491,154,0,228002.25,10,0,table,0
0119173_neurosketch,24,furniture,table,491,155,0,228002.25,10,0,table,0
0119173_neurosketch,24,furniture,bench,492,156,1,234003.17,10,1,bench,1
0119173_neurosketch,24,furniture,bench,492,157,1,234003.17,10,1,bench,0
0119173_neurosketch,24,furniture,bench,492,158,1,234003.17,10,1,bench,0
0119173_neurosketch,24,furniture,bed,493,159,0,238502.89,10,21,bed,1
0119173_neurosketch,24,furniture,bed,493,160,0,238502.89,10,21,bed,0
0119173_neurosketch,24,furniture,table,494,161,0,241502.21,10,21,table,1
0119173_neurosketch,24,furniture,table,494,162,0,241502.21,10,21,table,0
0119173_neurosketch,24,furniture,chair,495,163,1,244502.72,10,2,chair,1
0119173_neurosketch,24,furniture,chair,495,164,1,244502.72,10,2,chair,0
0119173_neurosketch,24,furniture,chair,495,165,1,244502.72,10,2,chair,0
0119173_neurosketch,24,furniture,table,496,166,0,249002.76,10,25,table,1
0119173_neurosketch,24,furniture,table,496,167,0,249002.76,10,25,table,0
0119173_neurosketch,24,furniture,table,496,168,0,249002.76,10,25,table,0
0119173_neurosketch,24,furniture,bench,497,169,1,253503.87,10,21,bench,1
0119173_neurosketch,24,furniture,bench,497,170,1,253503.87,10,21,bench,0
0119173_neurosketch,24,furniture,chair,498,171,1,256502.62,10,24,chair,1
0119173_neurosketch,24,furniture,chair,498,172,1,256502.62,10,24,chair,0
0119173_neurosketch,24,2,bed,499,173,0,259502.42,10,29,bed,1
0119173_neurosketch,24,2,bed,499,174,0,259502.42,10,29,bed,0
0119173_neurosketch,24,2,bed,499,175,0,259502.42,10,29,bed,0
0119173_neurosketch,24,furniture,bench,500,176,1,264003.02,10,3,bench,1
0119173_neurosketch,24,furniture,bench,500,177,1,264003.02,10,3,bench,0
0119173_neurosketch,24,furniture,bench,500,178,1,264003.02,10,3,bench,0
0119173_neurosketch,24,furniture,bed,501,179,0,268502.5,10,4,bed,1
0119173_neurosketch,24,furniture,bed,501,180,0,268502.5,10,4,bed,0
0119173_neurosketch,24,furniture,bed,501,181,0,268502.5,10,4,bed,0
0119173_neurosketch,24,furniture,table,502,182,0,273003.17,10,30,table,1
0119173_neurosketch,24,furniture,table,502,183,0,273003.17,10,30,table,0
0119173_neurosketch,24,furniture,chair,503,184,1,276002.31,10,31,chair,1
0119173_neurosketch,24,furniture,chair,503,185,1,276002.31,10,31,chair,0
0119173_neurosketch,24,furniture,chair,503,186,1,276002.31,10,31,chair,0
0119173_neurosketch,24,furniture,chair,503,187,1,276002.31,10,31,chair,0
0119173_neurosketch,24,furniture,bench,504,188,1,282003.06,10,33,bench,1
0119173_neurosketch,24,furniture,bench,504,189,1,282003.06,10,33,bench,0
0119173_neurosketch,24,furniture,bench,504,190,1,282003.06,10,33,bench,0
0119173_neurosketch,24,furniture,bench,504,191,1,282003.06,10,33,bench,0
0119173_neurosketch,24,furniture,bed,505,192,0,288002.08,10,17,bed,1
0119173_neurosketch,24,furniture,bed,505,193,0,288002.08,10,17,bed,0
0119173_neurosketch,24,furniture,bed,505,194,0,288002.08,10,17,bed,0
0119173_neurosketch,24,furniture,table,506,195,0,292502.45,10,6,table,1
0119173_neurosketch,24,furniture,table,506,196,0,292502.45,10,6,table,0
0119173_neurosketch,24,furniture,table,506,197,0,292502.45,10,6,table,0
0119173_neurosketch,24,furniture,chair,507,198,1,297002.47,10,18,chair,1
0119173_neurosketch,24,furniture,chair,507,199,1,297002.47,10,18,chair,0
0119173_neurosketch,24,furniture,chair,508,200,1,300002.12,10,0,chair,1
0119173_neurosketch,24,furniture,chair,508,201,1,300002.12,10,0,chair,0
0119173_neurosketch,24,2,bed,509,202,0,303003.27,10,9,bed,1
0119173_neurosketch,24,2,bed,509,203,0,303003.27,10,9,bed,0
0119173_neurosketch,24,2,bed,509,204,0,303003.27,10,9,bed,0
0119173_neurosketch,24,2,bed,509,205,0,303003.27,10,9,bed,0
0119173_neurosketch,24,furniture,table,510,206,0,309002.4,10,39,table,1
0119173_neurosketch,24,furniture,table,510,207,0,309002.4,10,39,table,0
0119173_neurosketch,24,furniture,table,510,208,0,309002.4,10,39,table,0
0119173_neurosketch,24,furniture,bench,511,209,1,313504.83,10,6,bench,1
0119173_neurosketch,24,furniture,bench,511,210,1,313504.83,10,6,bench,0
0119173_neurosketch,24,furniture,chair,512,211,1,316503.07,10,11,chair,1
0119173_neurosketch,24,furniture,chair,512,212,1,316503.07,10,11,chair,0
0119173_neurosketch,24,furniture,bench,513,213,1,319502.11,10,17,bench,1
0119173_neurosketch,24,furniture,bench,513,214,1,319502.11,10,17,bench,0
0119173_neurosketch,24,furniture,bed,514,215,0,322502.81,10,26,table,1
0119173_neurosketch,24,furniture,bed,514,216,0,322502.81,10,26,table,0
0119173_neurosketch,24,furniture,table,515,217,0,325503.58,10,10,table,1
0119173_neurosketch,24,furniture,table,515,218,0,325503.58,10,10,table,0
0119173_neurosketch,24,furniture,table,515,219,0,325503.58,10,10,table,0
0119173_neurosketch,24,furniture,bench,516,220,1,330002.74,10,34,bench,1
0119173_neurosketch,24,furniture,bench,516,221,1,330002.74,10,34,bench,0
0119173_neurosketch,24,furniture,bench,516,222,1,330002.74,10,34,bench,0
0119173_neurosketch,24,furniture,table,517,223,0,334502.97,10,28,table,1
0119173_neurosketch,24,furniture,table,517,224,0,334502.97,10,28,table,0
0119173_neurosketch,24,furniture,chair,518,225,1,337502.69,10,30,chair,1
0119173_neurosketch,24,furniture,chair,518,226,1,337502.69,10,30,chair,0
0119173_neurosketch,24,furniture,chair,518,227,1,337502.69,10,30,chair,0
0119173_neurosketch,24,furniture,chair,518,228,1,337502.69,10,30,chair,0
0119173_neurosketch,24,2,bed,519,229,0,343503.11,10,36,table,1
0119173_neurosketch,24,2,bed,519,230,0,343503.11,10,36,table,0
0119173_neurosketch,24,2,bed,519,231,0,343503.11,10,36,table,0
0119173_neurosketch,24,2,bed,519,232,0,343503.11,10,36,table,0
0119173_neurosketch,24,2,bed,519,233,0,343503.11,10,36,table,0
0119173_neurosketch,24,2,bed,519,234,0,343503.11,10,36,table,0
0119173_neurosketch,24,2,bed,519,235,0,343503.11,10,36,table,0
0119173_neurosketch,24,2,bed,519,236,0,343503.11,10,36,table,0
0119173_neurosketch,24,2,bed,519,237,0,343503.11,10,36,table,0
0119173_neurosketch,24,2,bed,519,238,0,343503.11,10,36,table,0
0119173_neurosketch,24,2,bed,519,239,0,343503.11,10,36,table,0
