wID,versionNum,category,object,trial,TRnum,condition,onset_time,run_num,viewpoint,response,onset
0119171_neurosketch,18,furniture,bench,0,0,-1,0.0,1,29,,0
0119171_neurosketch,18,furniture,bench,0,1,-1,0.0,1,29,,0
0119171_neurosketch,18,furniture,bench,0,2,-1,0.0,1,29,,0
0119171_neurosketch,18,furniture,bench,0,3,-1,0.0,1,29,,0
0119171_neurosketch,18,furniture,bench,0,4,-1,0.0,1,29,,0
0119171_neurosketch,18,furniture,bench,0,5,-1,0.0,1,29,,0
0119171_neurosketch,18,furniture,bench,0,6,-1,0.0,1,29,,0
0119171_neurosketch,18,furniture,bench,0,7,-1,0.0,1,29,,0
0119171_neurosketch,18,furniture,bench,0,8,0,12004.02,1,29,,1
0119171_neurosketch,18,furniture,bench,0,9,0,12004.02,1,29,,0
0119171_neurosketch,18,furniture,bench,0,10,0,12004.02,1,29,,0
0119171_neurosketch,18,furniture,bench,0,11,0,12004.02,1,29,,0
0119171_neurosketch,18,furniture,bench,0,12,0,12004.02,1,29,,0
0119171_neurosketch,18,furniture,bench,0,13,0,12004.02,1,29,,0
0119171_neurosketch,18,furniture,chair,1,14,1,21002.82,1,14,chair,1
0119171_neurosketch,18,furniture,chair,1,15,1,21002.82,1,14,chair,0
0119171_neurosketch,18,furniture,bed,2,16,0,24001.32,1,38,bed,1
0119171_neurosketch,18,furniture,bed,2,17,0,24001.32,1,38,bed,0
0119171_neurosketch,18,furniture,table,3,18,1,27002.05,1,29,table,1
0119171_neurosketch,18,furniture,table,3,19,1,27002.05,1,29,table,0
0119171_neurosketch,18,furniture,table,3,20,1,27002.05,1,29,table,0
0119171_neurosketch,18,furniture,bench,4,21,0,31505.95,1,19,bench,1
0119171_neurosketch,18,furniture,bench,4,22,0,31505.95,1,19,bench,0
0119171_neurosketch,18,furniture,bench,4,23,0,31505.95,1,19,bench,0
0119171_neurosketch,18,furniture,bench,4,24,0,31505.95,1,19,bench,0
0119171_neurosketch,18,furniture,table,5,25,1,37501.54,1,38,table,1
0119171_neurosketch,18,furniture,table,5,26,1,37501.54,1,38,table,0
0119171_neurosketch,18,furniture,table,5,27,1,37501.54,1,38,table,0
0119171_neurosketch,18,furniture,chair,6,28,1,42002.35,1,18,chair,1
0119171_neurosketch,18,furniture,chair,6,29,1,42002.35,1,18,chair,0
0119171_neurosketch,18,furniture,bed,7,30,0,45001.96,1,28,bed,1
0119171_neurosketch,18,furniture,bed,7,31,0,45001.96,1,28,bed,0
0119171_neurosketch,18,furniture,bed,8,32,0,48002.85,1,7,bed,1
0119171_neurosketch,18,furniture,bed,8,33,0,48002.85,1,7,bed,0
0119171_neurosketch,18,furniture,bed,8,34,0,48002.85,1,7,bed,0
0119171_neurosketch,18,2,chair,9,35,1,52501.79,1,19,chair,1
0119171_neurosketch,18,2,chair,9,36,1,52501.79,1,19,chair,0
0119171_neurosketch,18,2,chair,9,37,1,52501.79,1,19,chair,0
0119171_neurosketch,18,furniture,table,10,38,1,57004.0,1,24,table,1
0119171_neurosketch,18,furniture,table,10,39,1,57004.0,1,24,table,0
0119171_neurosketch,18,furniture,bench,11,40,0,60002.39,1,0,bench,1
0119171_neurosketch,18,furniture,bench,11,41,0,60002.39,1,0,bench,0
0119171_neurosketch,18,furniture,table,12,42,1,63002.41,1,22,table,1
0119171_neurosketch,18,furniture,table,12,43,1,63002.41,1,22,table,0
0119171_neurosketch,18,furniture,table,12,44,1,63002.41,1,22,table,0
0119171_neurosketch,18,furniture,table,12,45,1,63002.41,1,22,table,0
0119171_neurosketch,18,furniture,bench,13,46,0,69001.99,1,16,bench,1
0119171_neurosketch,18,furniture,bench,13,47,0,69001.99,1,16,bench,0
0119171_neurosketch,18,furniture,bed,14,48,0,72001.78,1,4,bed,1
0119171_neurosketch,18,furniture,bed,14,49,0,72001.78,1,4,bed,0
0119171_neurosketch,18,furniture,bed,14,50,0,72001.78,1,4,bed,0
0119171_neurosketch,18,furniture,chair,15,51,1,76502.12,1,10,chair,1
0119171_neurosketch,18,furniture,chair,15,52,1,76502.12,1,10,chair,0
0119171_neurosketch,18,furniture,table,16,53,1,79502.6,1,0,table,1
0119171_neurosketch,18,furniture,table,16,54,1,79502.6,1,0,table,0
0119171_neurosketch,18,furniture,table,16,55,1,79502.6,1,0,table,0
0119171_neurosketch,18,furniture,chair,17,56,1,84001.76,1,35,chair,1
0119171_neurosketch,18,furniture,chair,17,57,1,84001.76,1,35,chair,0
0119171_neurosketch,18,furniture,chair,17,58,1,84001.76,1,35,chair,0
0119171_neurosketch,18,furniture,bed,18,59,0,88502.14,1,32,bed,1
0119171_neurosketch,18,furniture,bed,18,60,0,88502.14,1,32,bed,0
0119171_neurosketch,18,furniture,bed,18,61,0,88502.14,1,32,bed,0
0119171_neurosketch,18,furniture,bed,18,62,0,88502.14,1,32,bed,0
0119171_neurosketch,18,2,bench,19,63,0,94502.2,1,17,bench,1
0119171_neurosketch,18,2,bench,19,64,0,94502.2,1,17,bench,0
0119171_neurosketch,18,2,bench,19,65,0,94502.2,1,17,bench,0
0119171_neurosketch,18,furniture,bench,20,66,0,99002.11,1,25,bench,1
0119171_neurosketch,18,furniture,bench,20,67,0,99002.11,1,25,bench,0
0119171_neurosketch,18,furniture,bench,20,68,0,99002.11,1,25,bench,0
0119171_neurosketch,18,furniture,table,21,69,1,103502.43,1,10,table,1
0119171_neurosketch,18,furniture,table,21,70,1,103502.43,1,10,table,0
0119171_neurosketch,18,furniture,chair,22,71,1,106502.51,1,12,chair,1
0119171_neurosketch,18,furniture,chair,22,72,1,106502.51,1,12,chair,0
0119171_neurosketch,18,furniture,chair,22,73,1,106502.51,1,12,chair,0
0119171_neurosketch,18,furniture,bed,23,74,0,111003.39,1,26,bed,1
0119171_neurosketch,18,furniture,bed,23,75,0,111003.39,1,26,bed,0
0119171_neurosketch,18,furniture,bed,23,76,0,111003.39,1,26,bed,0
0119171_neurosketch,18,furniture,bed,23,77,0,111003.39,1,26,bed,0
0119171_neurosketch,18,furniture,bench,24,78,0,117002.32,1,21,bench,1
0119171_neurosketch,18,furniture,bench,24,79,0,117002.32,1,21,bench,0
0119171_neurosketch,18,furniture,table,25,80,1,120002.91,1,36,table,1
0119171_neurosketch,18,furniture,table,25,81,1,120002.91,1,36,table,0
0119171_neurosketch,18,furniture,table,25,82,1,120002.91,1,36,table,0
0119171_neurosketch,18,furniture,table,25,83,1,120002.91,1,36,table,0
0119171_neurosketch,18,furniture,bed,26,84,0,126002.09,1,22,bed,1
0119171_neurosketch,18,furniture,bed,26,85,0,126002.09,1,22,bed,0
0119171_neurosketch,18,furniture,chair,27,86,1,129001.96,1,3,chair,1
0119171_neurosketch,18,furniture,chair,27,87,1,129001.96,1,3,chair,0
0119171_neurosketch,18,furniture,chair,27,88,1,129001.96,1,3,chair,0
0119171_neurosketch,18,furniture,chair,27,89,1,129001.96,1,3,chair,0
0119171_neurosketch,18,furniture,bed,28,90,0,135002.79,1,6,bed,1
0119171_neurosketch,18,furniture,bed,28,91,0,135002.79,1,6,bed,0
0119171_neurosketch,18,furniture,bed,28,92,0,135002.79,1,6,bed,0
0119171_neurosketch,18,2,chair,29,93,1,139502.52,1,27,chair,1
0119171_neurosketch,18,2,chair,29,94,1,139502.52,1,27,chair,0
0119171_neurosketch,18,2,chair,29,95,1,139502.52,1,27,chair,0
0119171_neurosketch,18,furniture,table,30,96,1,144002.3,1,16,table,1
0119171_neurosketch,18,furniture,table,30,97,1,144002.3,1,16,table,0
0119171_neurosketch,18,furniture,table,30,98,1,144002.3,1,16,table,0
0119171_neurosketch,18,furniture,table,30,99,1,144002.3,1,16,table,0
0119171_neurosketch,18,furniture,bench,31,100,0,150003.11,1,23,bench,1
0119171_neurosketch,18,furniture,bench,31,101,0,150003.11,1,23,bench,0
0119171_neurosketch,18,furniture,bench,31,102,0,150003.11,1,23,bench,0
0119171_neurosketch,18,furniture,bench,32,103,0,154503.85,1,32,bench,1
0119171_neurosketch,18,furniture,bench,32,104,0,154503.85,1,32,bench,0
0119171_neurosketch,18,furniture,chair,33,105,1,157504.37,1,15,chair,1
0119171_neurosketch,18,furniture,chair,33,106,1,157504.37,1,15,chair,0
0119171_neurosketch,18,furniture,bed,34,107,0,160502.35,1,2,bed,1
0119171_neurosketch,18,furniture,bed,34,108,0,160502.35,1,2,bed,0
0119171_neurosketch,18,furniture,bed,34,109,0,160502.35,1,2,bed,0
0119171_neurosketch,18,furniture,table,35,110,1,165002.61,1,28,table,1
0119171_neurosketch,18,furniture,table,35,111,1,165002.61,1,28,table,0
0119171_neurosketch,18,furniture,table,36,112,1,168003.03,1,14,table,1
0119171_neurosketch,18,furniture,table,36,113,1,168003.03,1,14,table,0
0119171_neurosketch,18,furniture,table,36,114,1,168003.03,1,14,table,0
0119171_neurosketch,18,furniture,bed,37,115,0,172502.18,1,37,bed,1
0119171_neurosketch,18,furniture,bed,37,116,0,172502.18,1,37,bed,0
0119171_neurosketch,18,furniture,bed,37,117,0,172502.18,1,37,bed,0
0119171_neurosketch,18,furniture,chair,38,118,1,177002.07,1,31,chair,1
0119171_neurosketch,18,furniture,chair,38,119,1,177002.07,1,31,chair,0
0119171_neurosketch,18,2,bench,39,120,0,180002.45,1,34,bench,1
0119171_neurosketch,18,2,bench,39,121,0,180002.45,1,34,bench,0
0119171_neurosketch,18,furniture,table,40,122,1,183002.06,1,11,table,1
0119171_neurosketch,18,furniture,table,40,123,1,183002.06,1,11,table,0
0119171_neurosketch,18,furniture,table,40,124,1,183002.06,1,11,table,0
0119171_neurosketch,18,furniture,table,40,125,1,183002.06,1,11,table,0
0119171_neurosketch,18,furniture,chair,41,126,1,189001.99,1,39,chair,1
0119171_neurosketch,18,furniture,chair,41,127,1,189001.99,1,39,chair,0
0119171_neurosketch,18,furniture,bench,42,128,0,192002.94,1,27,bench,1
0119171_neurosketch,18,furniture,bench,42,129,0,192002.94,1,27,bench,0
0119171_neurosketch,18,furniture,bed,43,130,0,195002.01,1,18,bed,1
0119171_neurosketch,18,furniture,bed,43,131,0,195002.01,1,18,bed,0
0119171_neurosketch,18,furniture,bed,43,132,0,195002.01,1,18,bed,0
0119171_neurosketch,18,furniture,chair,44,133,1,199502.06,1,11,chair,1
0119171_neurosketch,18,furniture,chair,44,134,1,199502.06,1,11,chair,0
0119171_neurosketch,18,furniture,chair,44,135,1,199502.06,1,11,chair,0
0119171_neurosketch,18,furniture,chair,44,136,1,199502.06,1,11,chair,0
0119171_neurosketch,18,furniture,table,45,137,1,205502.94,1,3,table,1
0119171_neurosketch,18,furniture,table,45,138,1,205502.94,1,3,table,0
0119171_neurosketch,18,furniture,table,45,139,1,205502.94,1,3,table,0
0119171_neurosketch,18,furniture,bed,46,140,0,210002.48,1,20,bed,1
0119171_neurosketch,18,furniture,bed,46,141,0,210002.48,1,20,bed,0
0119171_neurosketch,18,furniture,bench,47,142,0,213001.95,1,31,bench,1
0119171_neurosketch,18,furniture,bench,47,143,0,213001.95,1,31,bench,0
0119171_neurosketch,18,furniture,chair,48,144,1,216002.95,1,30,chair,1
0119171_neurosketch,18,furniture,chair,48,145,1,216002.95,1,30,chair,0
0119171_neurosketch,18,furniture,chair,48,146,1,216002.95,1,30,chair,0
0119171_neurosketch,18,2,bed,49,147,0,220503.05,1,23,bed,1
0119171_neurosketch,18,2,bed,49,148,0,220503.05,1,23,bed,0
0119171_neurosketch,18,2,bed,49,149,0,220503.05,1,23,bed,0
0119171_neurosketch,18,furniture,bench,50,150,0,225001.97,1,15,bench,1
0119171_neurosketch,18,furniture,bench,50,151,0,225001.97,1,15,bench,0
0119171_neurosketch,18,furniture,table,51,152,1,228002.9,1,25,,1
0119171_neurosketch,18,furniture,table,51,153,1,228002.9,1,25,,0
0119171_neurosketch,18,furniture,bench,52,154,0,231002.95,1,33,bench,1
0119171_neurosketch,18,furniture,bench,52,155,0,231002.95,1,33,bench,0
0119171_neurosketch,18,furniture,bench,52,156,0,231002.95,1,33,bench,0
0119171_neurosketch,18,furniture,bench,52,157,0,231002.95,1,33,bench,0
0119171_neurosketch,18,furniture,table,53,158,1,237002.05,1,26,table,1
0119171_neurosketch,18,furniture,table,53,159,1,237002.05,1,26,table,0
0119171_neurosketch,18,furniture,bed,54,160,0,240002.91,1,19,bed,1
0119171_neurosketch,18,furniture,bed,54,161,0,240002.91,1,19,bed,0
0119171_neurosketch,18,furniture,bed,54,162,0,240002.91,1,19,bed,0
0119171_neurosketch,18,furniture,chair,55,163,1,244502.3,1,23,chair,1
0119171_neurosketch,18,furniture,chair,55,164,1,244502.3,1,23,chair,0
0119171_neurosketch,18,furniture,bench,56,165,0,247502.73,1,10,bench,1
0119171_neurosketch,18,furniture,bench,56,166,0,247502.73,1,10,bench,0
0119171_neurosketch,18,furniture,bench,56,167,0,247502.73,1,10,bench,0
0119171_neurosketch,18,furniture,chair,57,168,1,252002.87,1,16,chair,1
0119171_neurosketch,18,furniture,chair,57,169,1,252002.87,1,16,chair,0
0119171_neurosketch,18,furniture,chair,57,170,1,252002.87,1,16,chair,0
0119171_neurosketch,18,furniture,table,58,171,1,256502.18,1,15,table,1
0119171_neurosketch,18,furniture,table,58,172,1,256502.18,1,15,table,0
0119171_neurosketch,18,furniture,table,58,173,1,256502.18,1,15,table,0
0119171_neurosketch,18,furniture,table,58,174,1,256502.18,1,15,table,0
0119171_neurosketch,18,2,bed,59,175,0,262502.5,1,16,bed,1
0119171_neurosketch,18,2,bed,59,176,0,262502.5,1,16,bed,0
0119171_neurosketch,18,2,bed,59,177,0,262502.5,1,16,bed,0
0119171_neurosketch,18,furniture,chair,60,178,1,267002.24,1,17,chair,1
0119171_neurosketch,18,furniture,chair,60,179,1,267002.24,1,17,chair,0
0119171_neurosketch,18,furniture,chair,60,180,1,267002.24,1,17,chair,0
0119171_neurosketch,18,furniture,bed,61,181,0,271502.08,1,21,bed,1
0119171_neurosketch,18,furniture,bed,61,182,0,271502.08,1,21,bed,0
0119171_neurosketch,18,furniture,table,62,183,1,274502.68,1,8,table,1
0119171_neurosketch,18,furniture,table,62,184,1,274502.68,1,8,table,0
0119171_neurosketch,18,furniture,table,62,185,1,274502.68,1,8,table,0
0119171_neurosketch,18,furniture,bench,63,186,0,279002.32,1,3,,1
0119171_neurosketch,18,furniture,bench,63,187,0,279002.32,1,3,,0
0119171_neurosketch,18,furniture,bench,63,188,0,279002.32,1,3,,0
0119171_neurosketch,18,furniture,bench,63,189,0,279002.32,1,3,,0
0119171_neurosketch,18,furniture,table,64,190,1,285002.71,1,23,table,1
0119171_neurosketch,18,furniture,table,64,191,1,285002.71,1,23,table,0
0119171_neurosketch,18,furniture,bed,65,192,0,288002.41,1,31,bed,1
0119171_neurosketch,18,furniture,bed,65,193,0,288002.41,1,31,bed,0
0119171_neurosketch,18,furniture,bed,65,194,0,288002.41,1,31,bed,0
0119171_neurosketch,18,furniture,bed,65,195,0,288002.41,1,31,bed,0
0119171_neurosketch,18,furniture,chair,66,196,1,294002.85,1,28,chair,1
0119171_neurosketch,18,furniture,chair,66,197,1,294002.85,1,28,chair,0
0119171_neurosketch,18,furniture,bench,67,198,0,297002.86,1,14,bench,1
0119171_neurosketch,18,furniture,bench,67,199,0,297002.86,1,14,bench,0
0119171_neurosketch,18,furniture,bench,67,200,0,297002.86,1,14,bench,0
0119171_neurosketch,18,furniture,bench,67,201,0,297002.86,1,14,bench,0
0119171_neurosketch,18,furniture,bed,68,202,0,303003.59,1,1,bed,1
0119171_neurosketch,18,furniture,bed,68,203,0,303003.59,1,1,bed,0
0119171_neurosketch,18,furniture,bed,68,204,0,303003.59,1,1,bed,0
0119171_neurosketch,18,2,chair,69,205,1,307503.64,1,5,chair,1
0119171_neurosketch,18,2,chair,69,206,1,307503.64,1,5,chair,0
0119171_neurosketch,18,2,chair,69,207,1,307503.64,1,5,chair,0
0119171_neurosketch,18,furniture,bench,70,208,0,312003.13,1,1,bench,1
0119171_neurosketch,18,furniture,bench,70,209,0,312003.13,1,1,bench,0
0119171_neurosketch,18,furniture,bench,70,210,0,312003.13,1,1,bench,0
0119171_neurosketch,18,furniture,bench,70,211,0,312003.13,1,1,bench,0
0119171_neurosketch,18,furniture,table,71,212,1,318003.22,1,17,table,1
0119171_neurosketch,18,furniture,table,71,213,1,318003.22,1,17,table,0
0119171_neurosketch,18,furniture,table,71,214,1,318003.22,1,17,table,0
0119171_neurosketch,18,furniture,chair,72,215,1,322502.4,1,9,chair,1
0119171_neurosketch,18,furniture,chair,72,216,1,322502.4,1,9,chair,0
0119171_neurosketch,18,furniture,bench,73,217,0,325502.44,1,26,bench,1
0119171_neurosketch,18,furniture,bench,73,218,0,325502.44,1,26,bench,0
0119171_neurosketch,18,furniture,table,74,219,1,328502.39,1,33,table,1
0119171_neurosketch,18,furniture,table,74,220,1,328502.39,1,33,table,0
0119171_neurosketch,18,furniture,table,74,221,1,328502.39,1,33,table,0
0119171_neurosketch,18,furniture,bed,75,222,0,333002.5,1,30,bed,1
0119171_neurosketch,18,furniture,bed,75,223,0,333002.5,1,30,bed,0
0119171_neurosketch,18,furniture,bench,76,224,0,336002.51,1,5,bench,1
0119171_neurosketch,18,furniture,bench,76,225,0,336002.51,1,5,bench,0
0119171_neurosketch,18,furniture,bench,76,226,0,336002.51,1,5,bench,0
0119171_neurosketch,18,furniture,chair,77,227,1,340502.02,1,4,chair,1
0119171_neurosketch,18,furniture,chair,77,228,1,340502.02,1,4,chair,0
0119171_neurosketch,18,furniture,chair,77,229,1,340502.02,1,4,chair,0
0119171_neurosketch,18,furniture,table,78,230,1,345002.43,1,6,table,1
0119171_neurosketch,18,furniture,table,78,231,1,345002.43,1,6,table,0
0119171_neurosketch,18,2,bed,79,232,0,348001.88,1,10,bed,1
0119171_neurosketch,18,2,bed,79,233,0,348001.88,1,10,bed,0
0119171_neurosketch,18,2,bed,79,234,0,348001.88,1,10,bed,0
0119171_neurosketch,18,2,bed,79,235,0,348001.88,1,10,bed,0
0119171_neurosketch,18,2,bed,79,236,0,348001.88,1,10,bed,0
0119171_neurosketch,18,2,bed,79,237,0,348001.88,1,10,bed,0
0119171_neurosketch,18,2,bed,79,238,0,348001.88,1,10,bed,0
0119171_neurosketch,18,2,bed,79,239,0,348001.88,1,10,bed,0
0119171_neurosketch,18,furniture,bench,80,0,-1,0.0,2,28,bench,0
0119171_neurosketch,18,furniture,bench,80,1,-1,0.0,2,28,bench,0
0119171_neurosketch,18,furniture,bench,80,2,-1,0.0,2,28,bench,0
0119171_neurosketch,18,furniture,bench,80,3,-1,0.0,2,28,bench,0
0119171_neurosketch,18,furniture,bench,80,4,-1,0.0,2,28,bench,0
0119171_neurosketch,18,furniture,bench,80,5,-1,0.0,2,28,bench,0
0119171_neurosketch,18,furniture,bench,80,6,-1,0.0,2,28,bench,0
0119171_neurosketch,18,furniture,bench,80,7,-1,0.0,2,28,bench,0
0119171_neurosketch,18,furniture,bench,80,8,0,12001.69,2,28,bench,1
0119171_neurosketch,18,furniture,bench,80,9,0,12001.69,2,28,bench,0
0119171_neurosketch,18,furniture,bench,80,10,0,12001.69,2,28,bench,0
0119171_neurosketch,18,furniture,bench,80,11,0,12001.69,2,28,bench,0
0119171_neurosketch,18,furniture,table,81,12,1,18001.82,2,34,table,1
0119171_neurosketch,18,furniture,table,81,13,1,18001.82,2,34,table,0
0119171_neurosketch,18,furniture,chair,82,14,1,21002.36,2,33,chair,1
0119171_neurosketch,18,furniture,chair,82,15,1,21002.36,2,33,chair,0
0119171_neurosketch,18,furniture,bed,83,16,0,24001.87,2,39,bed,1
0119171_neurosketch,18,furniture,bed,83,17,0,24001.87,2,39,bed,0
0119171_neurosketch,18,furniture,bed,83,18,0,24001.87,2,39,bed,0
0119171_neurosketch,18,furniture,table,84,19,1,28501.45,2,20,table,1
0119171_neurosketch,18,furniture,table,84,20,1,28501.45,2,20,table,0
0119171_neurosketch,18,furniture,table,84,21,1,28501.45,2,20,table,0
0119171_neurosketch,18,furniture,table,84,22,1,28501.45,2,20,table,0
0119171_neurosketch,18,furniture,bench,85,23,0,34502.16,2,13,bench,1
0119171_neurosketch,18,furniture,bench,85,24,0,34502.16,2,13,bench,0
0119171_neurosketch,18,furniture,bench,85,25,0,34502.16,2,13,bench,0
0119171_neurosketch,18,furniture,chair,86,26,1,39002.18,2,26,chair,1
0119171_neurosketch,18,furniture,chair,86,27,1,39002.18,2,26,chair,0
0119171_neurosketch,18,furniture,bed,87,28,0,42001.88,2,36,bed,1
0119171_neurosketch,18,furniture,bed,87,29,0,42001.88,2,36,bed,0
0119171_neurosketch,18,furniture,table,88,30,1,45002.12,2,27,table,1
0119171_neurosketch,18,furniture,table,88,31,1,45002.12,2,27,table,0
0119171_neurosketch,18,furniture,table,88,32,1,45002.12,2,27,table,0
0119171_neurosketch,18,2,bench,89,33,0,49502.45,2,11,bench,1
0119171_neurosketch,18,2,bench,89,34,0,49502.45,2,11,bench,0
0119171_neurosketch,18,2,bench,89,35,0,49502.45,2,11,bench,0
0119171_neurosketch,18,furniture,bed,90,36,0,54001.43,2,17,bed,1
0119171_neurosketch,18,furniture,bed,90,37,0,54001.43,2,17,bed,0
0119171_neurosketch,18,furniture,chair,91,38,1,57001.85,2,38,chair,1
0119171_neurosketch,18,furniture,chair,91,39,1,57001.85,2,38,chair,0
0119171_neurosketch,18,furniture,chair,92,40,1,60001.95,2,8,chair,1
0119171_neurosketch,18,furniture,chair,92,41,1,60001.95,2,8,chair,0
0119171_neurosketch,18,furniture,chair,92,42,1,60001.95,2,8,chair,0
0119171_neurosketch,18,furniture,chair,92,43,1,60001.95,2,8,chair,0
0119171_neurosketch,18,furniture,table,93,44,1,66004.12,2,39,table,1
0119171_neurosketch,18,furniture,table,93,45,1,66004.12,2,39,table,0
0119171_neurosketch,18,furniture,bed,94,46,0,69002.34,2,27,bed,1
0119171_neurosketch,18,furniture,bed,94,47,0,69002.34,2,27,bed,0
0119171_neurosketch,18,furniture,bed,94,48,0,69002.34,2,27,bed,0
0119171_neurosketch,18,furniture,bench,95,49,0,73501.8,2,7,bench,1
0119171_neurosketch,18,furniture,bench,95,50,0,73501.8,2,7,bench,0
0119171_neurosketch,18,furniture,chair,96,51,1,76501.9,2,37,chair,1
0119171_neurosketch,18,furniture,chair,96,52,1,76501.9,2,37,chair,0
0119171_neurosketch,18,furniture,chair,96,53,1,76501.9,2,37,chair,0
0119171_neurosketch,18,furniture,table,97,54,1,81003.56,2,5,table,1
0119171_neurosketch,18,furniture,table,97,55,1,81003.56,2,5,table,0
0119171_neurosketch,18,furniture,table,97,56,1,81003.56,2,5,table,0
0119171_neurosketch,18,furniture,bed,98,57,0,85501.61,2,9,bed,1
0119171_neurosketch,18,furniture,bed,98,58,0,85501.61,2,9,bed,0
0119171_neurosketch,18,furniture,bed,98,59,0,85501.61,2,9,bed,0
0119171_neurosketch,18,furniture,bed,98,60,0,85501.61,2,9,bed,0
0119171_neurosketch,18,2,bench,99,61,0,91502.23,2,37,bench,1
0119171_neurosketch,18,2,bench,99,62,0,91502.23,2,37,bench,0
0119171_neurosketch,18,2,bench,99,63,0,91502.23,2,37,bench,0
0119171_neurosketch,18,furniture,bench,100,64,0,96001.72,2,22,bench,1
0119171_neurosketch,18,furniture,bench,100,65,0,96001.72,2,22,bench,0
0119171_neurosketch,18,furniture,bench,100,66,0,96001.72,2,22,bench,0
0119171_neurosketch,18,furniture,table,101,67,1,100501.9,2,2,chair,1
0119171_neurosketch,18,furniture,table,101,68,1,100501.9,2,2,chair,0
0119171_neurosketch,18,furniture,chair,102,69,1,103501.7,2,0,chair,1
0119171_neurosketch,18,furniture,chair,102,70,1,103501.7,2,0,chair,0
0119171_neurosketch,18,furniture,chair,102,71,1,103501.7,2,0,chair,0
0119171_neurosketch,18,furniture,bed,103,72,0,108002.48,2,24,bed,1
0119171_neurosketch,18,furniture,bed,103,73,0,108002.48,2,24,bed,0
0119171_neurosketch,18,furniture,bed,103,74,0,108002.48,2,24,bed,0
0119171_neurosketch,18,furniture,bed,103,75,0,108002.48,2,24,bed,0
0119171_neurosketch,18,furniture,bed,104,76,0,114004.0,2,25,bed,1
0119171_neurosketch,18,furniture,bed,104,77,0,114004.0,2,25,bed,0
0119171_neurosketch,18,furniture,table,105,78,1,117003.16,2,32,table,1
0119171_neurosketch,18,furniture,table,105,79,1,117003.16,2,32,table,0
0119171_neurosketch,18,furniture,table,105,80,1,117003.16,2,32,table,0
0119171_neurosketch,18,furniture,table,105,81,1,117003.16,2,32,table,0
0119171_neurosketch,18,furniture,bench,106,82,0,123001.99,2,36,bench,1
0119171_neurosketch,18,furniture,bench,106,83,0,123001.99,2,36,bench,0
0119171_neurosketch,18,furniture,chair,107,84,1,126001.97,2,34,chair,1
0119171_neurosketch,18,furniture,chair,107,85,1,126001.97,2,34,chair,0
0119171_neurosketch,18,furniture,chair,107,86,1,126001.97,2,34,chair,0
0119171_neurosketch,18,furniture,chair,107,87,1,126001.97,2,34,chair,0
0119171_neurosketch,18,furniture,bench,108,88,0,132002.8,2,6,bench,1
0119171_neurosketch,18,furniture,bench,108,89,0,132002.8,2,6,bench,0
0119171_neurosketch,18,furniture,bench,108,90,0,132002.8,2,6,bench,0
0119171_neurosketch,18,2,chair,109,91,1,136504.33,2,29,chair,1
0119171_neurosketch,18,2,chair,109,92,1,136504.33,2,29,chair,0
0119171_neurosketch,18,2,chair,109,93,1,136504.33,2,29,chair,0
0119171_neurosketch,18,furniture,table,110,94,1,141003.09,2,21,table,1
0119171_neurosketch,18,furniture,table,110,95,1,141003.09,2,21,table,0
0119171_neurosketch,18,furniture,table,110,96,1,141003.09,2,21,table,0
0119171_neurosketch,18,furniture,table,110,97,1,141003.09,2,21,table,0
0119171_neurosketch,18,furniture,bed,111,98,0,147002.45,2,0,bed,1
0119171_neurosketch,18,furniture,bed,111,99,0,147002.45,2,0,bed,0
0119171_neurosketch,18,furniture,bed,111,100,0,147002.45,2,0,bed,0
0119171_neurosketch,18,furniture,bench,112,101,0,151502.75,2,18,bench,1
0119171_neurosketch,18,furniture,bench,112,102,0,151502.75,2,18,bench,0
0119171_neurosketch,18,furniture,chair,113,103,1,154503.19,2,32,chair,1
0119171_neurosketch,18,furniture,chair,113,104,1,154503.19,2,32,chair,0
0119171_neurosketch,18,furniture,bed,114,105,0,157502.8,2,34,bench,1
0119171_neurosketch,18,furniture,bed,114,106,0,157502.8,2,34,bench,0
0119171_neurosketch,18,furniture,bed,114,107,0,157502.8,2,34,bench,0
0119171_neurosketch,18,furniture,table,115,108,1,162001.96,2,31,table,1
0119171_neurosketch,18,furniture,table,115,109,1,162001.96,2,31,table,0
0119171_neurosketch,18,furniture,table,116,110,1,165002.71,2,7,table,1
0119171_neurosketch,18,furniture,table,116,111,1,165002.71,2,7,table,0
0119171_neurosketch,18,furniture,table,116,112,1,165002.71,2,7,table,0
0119171_neurosketch,18,furniture,bed,117,113,0,169502.16,2,12,bed,1
0119171_neurosketch,18,furniture,bed,117,114,0,169502.16,2,12,bed,0
0119171_neurosketch,18,furniture,bed,117,115,0,169502.16,2,12,bed,0
0119171_neurosketch,18,furniture,bench,118,116,0,174002.65,2,4,bench,1
0119171_neurosketch,18,furniture,bench,118,117,0,174002.65,2,4,bench,0
0119171_neurosketch,18,2,chair,119,118,1,177002.26,2,2,chair,1
0119171_neurosketch,18,2,chair,119,119,1,177002.26,2,2,chair,0
0119171_neurosketch,18,furniture,bench,120,120,0,180001.48,2,35,bench,1
0119171_neurosketch,18,furniture,bench,120,121,0,180001.48,2,35,bench,0
0119171_neurosketch,18,furniture,bench,120,122,0,180001.48,2,35,bench,0
0119171_neurosketch,18,furniture,bench,120,123,0,180001.48,2,35,bench,0
0119171_neurosketch,18,furniture,table,121,124,1,186002.55,2,1,table,1
0119171_neurosketch,18,furniture,table,121,125,1,186002.55,2,1,table,0
0119171_neurosketch,18,furniture,bed,122,126,0,189002.69,2,13,bed,1
0119171_neurosketch,18,furniture,bed,122,127,0,189002.69,2,13,bed,0
0119171_neurosketch,18,furniture,chair,123,128,1,192002.41,2,1,chair,1
0119171_neurosketch,18,furniture,chair,123,129,1,192002.41,2,1,chair,0
0119171_neurosketch,18,furniture,chair,123,130,1,192002.41,2,1,chair,0
0119171_neurosketch,18,furniture,chair,124,131,1,196503.17,2,25,chair,1
0119171_neurosketch,18,furniture,chair,124,132,1,196503.17,2,25,chair,0
0119171_neurosketch,18,furniture,chair,124,133,1,196503.17,2,25,chair,0
0119171_neurosketch,18,furniture,chair,124,134,1,196503.17,2,25,chair,0
0119171_neurosketch,18,furniture,bed,125,135,0,202502.45,2,5,bed,1
0119171_neurosketch,18,furniture,bed,125,136,0,202502.45,2,5,bed,0
0119171_neurosketch,18,furniture,bed,125,137,0,202502.45,2,5,bed,0
0119171_neurosketch,18,furniture,bench,126,138,0,207003.01,2,8,bench,1
0119171_neurosketch,18,furniture,bench,126,139,0,207003.01,2,8,bench,0
0119171_neurosketch,18,furniture,table,127,140,1,210002.95,2,30,table,1
0119171_neurosketch,18,furniture,table,127,141,1,210002.95,2,30,table,0
0119171_neurosketch,18,furniture,bench,128,142,0,213002.71,2,9,bench,1
0119171_neurosketch,18,furniture,bench,128,143,0,213002.71,2,9,bench,0
0119171_neurosketch,18,furniture,bench,128,144,0,213002.71,2,9,bench,0
0119171_neurosketch,18,2,chair,129,145,1,217502.67,2,6,chair,1
0119171_neurosketch,18,2,chair,129,146,1,217502.67,2,6,chair,0
0119171_neurosketch,18,2,chair,129,147,1,217502.67,2,6,chair,0
0119171_neurosketch,18,furniture,bed,130,148,0,222003.02,2,8,bed,1
0119171_neurosketch,18,furniture,bed,130,149,0,222003.02,2,8,bed,0
0119171_neurosketch,18,furniture,table,131,150,1,225001.82,2,35,table,1
0119171_neurosketch,18,furniture,table,131,151,1,225001.82,2,35,table,0
0119171_neurosketch,18,furniture,table,132,152,1,228003.41,2,4,table,1
0119171_neurosketch,18,furniture,table,132,153,1,228003.41,2,4,table,0
0119171_neurosketch,18,furniture,table,132,154,1,228003.41,2,4,table,0
0119171_neurosketch,18,furniture,table,132,155,1,228003.41,2,4,table,0
0119171_neurosketch,18,furniture,bench,133,156,0,234002.62,2,30,bench,1
0119171_neurosketch,18,furniture,bench,133,157,0,234002.62,2,30,bench,0
0119171_neurosketch,18,furniture,bed,134,158,0,237002.62,2,11,bed,1
0119171_neurosketch,18,furniture,bed,134,159,0,237002.62,2,11,bed,0
0119171_neurosketch,18,furniture,bed,134,160,0,237002.62,2,11,bed,0
0119171_neurosketch,18,furniture,chair,135,161,1,241502.74,2,7,chair,1
0119171_neurosketch,18,furniture,chair,135,162,1,241502.74,2,7,chair,0
0119171_neurosketch,18,furniture,table,136,163,1,244502.99,2,9,table,1
0119171_neurosketch,18,furniture,table,136,164,1,244502.99,2,9,table,0
0119171_neurosketch,18,furniture,table,136,165,1,244502.99,2,9,table,0
0119171_neurosketch,18,furniture,bench,137,166,0,249002.73,2,38,bench,1
0119171_neurosketch,18,furniture,bench,137,167,0,249002.73,2,38,bench,0
0119171_neurosketch,18,furniture,bench,137,168,0,249002.73,2,38,bench,0
0119171_neurosketch,18,furniture,chair,138,169,1,253503.9,2,36,chair,1
0119171_neurosketch,18,furniture,chair,138,170,1,253503.9,2,36,chair,0
0119171_neurosketch,18,furniture,chair,138,171,1,253503.9,2,36,chair,0
0119171_neurosketch,18,furniture,chair,138,172,1,253503.9,2,36,chair,0
0119171_neurosketch,18,2,bed,139,173,0,259502.37,2,33,bed,1
0119171_neurosketch,18,2,bed,139,174,0,259502.37,2,33,bed,0
0119171_neurosketch,18,2,bed,139,175,0,259502.37,2,33,bed,0
0119171_neurosketch,18,furniture,bench,140,176,0,264002.29,2,2,bench,1
0119171_neurosketch,18,furniture,bench,140,177,0,264002.29,2,2,bench,0
0119171_neurosketch,18,furniture,bench,140,178,0,264002.29,2,2,bench,0
0119171_neurosketch,18,furniture,chair,141,179,1,268502.71,2,22,chair,1
0119171_neurosketch,18,furniture,chair,141,180,1,268502.71,2,22,chair,0
0119171_neurosketch,18,furniture,table,142,181,1,271504.35,2,37,table,1
0119171_neurosketch,18,furniture,table,142,182,1,271504.35,2,37,table,0
0119171_neurosketch,18,furniture,table,142,183,1,271504.35,2,37,table,0
0119171_neurosketch,18,furniture,bed,143,184,0,276003.62,2,3,bed,1
0119171_neurosketch,18,furniture,bed,143,185,0,276003.62,2,3,bed,0
0119171_neurosketch,18,furniture,bed,143,186,0,276003.62,2,3,bed,0
0119171_neurosketch,18,furniture,bed,143,187,0,276003.62,2,3,bed,0
0119171_neurosketch,18,furniture,bed,144,188,0,282003.04,2,29,bed,1
0119171_neurosketch,18,furniture,bed,144,189,0,282003.04,2,29,bed,0
0119171_neurosketch,18,furniture,table,145,190,1,285003.28,2,19,table,1
0119171_neurosketch,18,furniture,table,145,191,1,285003.28,2,19,table,0
0119171_neurosketch,18,furniture,table,145,192,1,285003.28,2,19,table,0
0119171_neurosketch,18,furniture,table,145,193,1,285003.28,2,19,table,0
0119171_neurosketch,18,furniture,chair,146,194,1,291002.49,2,20,chair,1
0119171_neurosketch,18,furniture,chair,146,195,1,291002.49,2,20,chair,0
0119171_neurosketch,18,furniture,bench,147,196,0,294003.6,2,12,bench,1
0119171_neurosketch,18,furniture,bench,147,197,0,294003.6,2,12,bench,0
0119171_neurosketch,18,furniture,bench,147,198,0,294003.6,2,12,bench,0
0119171_neurosketch,18,furniture,bench,147,199,0,294003.6,2,12,bench,0
0119171_neurosketch,18,furniture,table,148,200,1,300002.31,2,18,table,1
0119171_neurosketch,18,furniture,table,148,201,1,300002.31,2,18,table,0
0119171_neurosketch,18,furniture,table,148,202,1,300002.31,2,18,table,0
0119171_neurosketch,18,2,bed,149,203,0,304503.34,2,15,bed,1
0119171_neurosketch,18,2,bed,149,204,0,304503.34,2,15,bed,0
0119171_neurosketch,18,2,bed,149,205,0,304503.34,2,15,bed,0
0119171_neurosketch,18,furniture,chair,150,206,1,309002.69,2,21,chair,1
0119171_neurosketch,18,furniture,chair,150,207,1,309002.69,2,21,chair,0
0119171_neurosketch,18,furniture,chair,150,208,1,309002.69,2,21,chair,0
0119171_neurosketch,18,furniture,chair,150,209,1,309002.69,2,21,chair,0
0119171_neurosketch,18,furniture,bench,151,210,0,315002.62,2,24,bench,1
0119171_neurosketch,18,furniture,bench,151,211,0,315002.62,2,24,bench,0
0119171_neurosketch,18,furniture,bench,151,212,0,315002.62,2,24,bench,0
0119171_neurosketch,18,furniture,bench,152,213,0,319502.95,2,39,bench,1
0119171_neurosketch,18,furniture,bench,152,214,0,319502.95,2,39,bench,0
0119171_neurosketch,18,furniture,bed,153,215,0,322503.2,2,14,bed,1
0119171_neurosketch,18,furniture,bed,153,216,0,322503.2,2,14,bed,0
0119171_neurosketch,18,furniture,chair,154,217,1,325502.05,2,24,chair,1
0119171_neurosketch,18,furniture,chair,154,218,1,325502.05,2,24,chair,0
0119171_neurosketch,18,furniture,chair,154,219,1,325502.05,2,24,chair,0
0119171_neurosketch,18,furniture,table,155,220,1,330002.68,2,12,table,1
0119171_neurosketch,18,furniture,table,155,221,1,330002.68,2,12,table,0
0119171_neurosketch,18,furniture,bench,156,222,0,333002.04,2,20,bench,1
0119171_neurosketch,18,furniture,bench,156,223,0,333002.04,2,20,bench,0
0119171_neurosketch,18,furniture,bench,156,224,0,333002.04,2,20,bench,0
0119171_neurosketch,18,furniture,table,157,225,1,337502.06,2,13,table,1
0119171_neurosketch,18,furniture,table,157,226,1,337502.06,2,13,table,0
0119171_neurosketch,18,furniture,table,157,227,1,337502.06,2,13,table,0
0119171_neurosketch,18,furniture,bed,158,228,0,342004.38,2,35,bed,1
0119171_neurosketch,18,furniture,bed,158,229,0,342004.38,2,35,bed,0
0119171_neurosketch,18,2,chair,159,230,1,345002.68,2,13,chair,1
0119171_neurosketch,18,2,chair,159,231,1,345002.68,2,13,chair,0
0119171_neurosketch,18,2,chair,159,232,1,345002.68,2,13,chair,0
0119171_neurosketch,18,2,chair,159,233,1,345002.68,2,13,chair,0
0119171_neurosketch,18,2,chair,159,234,1,345002.68,2,13,chair,0
0119171_neurosketch,18,2,chair,159,235,1,345002.68,2,13,chair,0
0119171_neurosketch,18,2,chair,159,236,1,345002.68,2,13,chair,0
0119171_neurosketch,18,2,chair,159,237,1,345002.68,2,13,chair,0
0119171_neurosketch,18,2,chair,159,238,1,345002.68,2,13,chair,0
0119171_neurosketch,18,2,chair,159,239,1,345002.68,2,13,chair,0
0119171_neurosketch,18,furniture,chair,160,0,-1,0.0,3,13,chair,0
0119171_neurosketch,18,furniture,chair,160,1,-1,0.0,3,13,chair,0
0119171_neurosketch,18,furniture,chair,160,2,-1,0.0,3,13,chair,0
0119171_neurosketch,18,furniture,chair,160,3,-1,0.0,3,13,chair,0
0119171_neurosketch,18,furniture,chair,160,4,-1,0.0,3,13,chair,0
0119171_neurosketch,18,furniture,chair,160,5,-1,0.0,3,13,chair,0
0119171_neurosketch,18,furniture,chair,160,6,-1,0.0,3,13,chair,0
0119171_neurosketch,18,furniture,chair,160,7,-1,0.0,3,13,chair,0
0119171_neurosketch,18,furniture,chair,160,8,1,12000.95,3,13,chair,1
0119171_neurosketch,18,furniture,chair,160,9,1,12000.95,3,13,chair,0
0119171_neurosketch,18,furniture,chair,160,10,1,12000.95,3,13,chair,0
0119171_neurosketch,18,furniture,chair,160,11,1,12000.95,3,13,chair,0
0119171_neurosketch,18,furniture,bed,161,12,0,18002.05,3,35,bed,1
0119171_neurosketch,18,furniture,bed,161,13,0,18002.05,3,35,bed,0
0119171_neurosketch,18,furniture,table,162,14,1,21001.89,3,13,table,1
0119171_neurosketch,18,furniture,table,162,15,1,21001.89,3,13,table,0
0119171_neurosketch,18,furniture,bench,163,16,0,24002.07,3,20,bench,1
0119171_neurosketch,18,furniture,bench,163,17,0,24002.07,3,20,bench,0
0119171_neurosketch,18,furniture,bench,163,18,0,24002.07,3,20,bench,0
0119171_neurosketch,18,furniture,table,164,19,1,28501.78,3,12,table,1
0119171_neurosketch,18,furniture,table,164,20,1,28501.78,3,12,table,0
0119171_neurosketch,18,furniture,table,164,21,1,28501.78,3,12,table,0
0119171_neurosketch,18,furniture,table,164,22,1,28501.78,3,12,table,0
0119171_neurosketch,18,furniture,chair,165,23,1,34502.02,3,24,chair,1
0119171_neurosketch,18,furniture,chair,165,24,1,34502.02,3,24,chair,0
0119171_neurosketch,18,furniture,chair,165,25,1,34502.02,3,24,chair,0
0119171_neurosketch,18,furniture,bed,166,26,0,39001.74,3,14,bed,1
0119171_neurosketch,18,furniture,bed,166,27,0,39001.74,3,14,bed,0
0119171_neurosketch,18,furniture,bench,167,28,0,42002.32,3,39,bench,1
0119171_neurosketch,18,furniture,bench,167,29,0,42002.32,3,39,bench,0
0119171_neurosketch,18,furniture,bench,168,30,0,45001.39,3,24,bench,1
0119171_neurosketch,18,furniture,bench,168,31,0,45001.39,3,24,bench,0
0119171_neurosketch,18,furniture,bench,168,32,0,45001.39,3,24,bench,0
0119171_neurosketch,18,2,chair,169,33,1,49502.31,3,21,chair,1
0119171_neurosketch,18,2,chair,169,34,1,49502.31,3,21,chair,0
0119171_neurosketch,18,2,chair,169,35,1,49502.31,3,21,chair,0
0119171_neurosketch,18,furniture,bed,170,36,0,54001.99,3,15,bed,1
0119171_neurosketch,18,furniture,bed,170,37,0,54001.99,3,15,bed,0
0119171_neurosketch,18,furniture,table,171,38,1,57002.65,3,18,table,1
0119171_neurosketch,18,furniture,table,171,39,1,57002.65,3,18,table,0
0119171_neurosketch,18,furniture,bench,172,40,0,60001.61,3,12,bench,1
0119171_neurosketch,18,furniture,bench,172,41,0,60001.61,3,12,bench,0
0119171_neurosketch,18,furniture,bench,172,42,0,60001.61,3,12,bench,0
0119171_neurosketch,18,furniture,bench,172,43,0,60001.61,3,12,bench,0
0119171_neurosketch,18,furniture,chair,173,44,1,66002.77,3,20,chair,1
0119171_neurosketch,18,furniture,chair,173,45,1,66002.77,3,20,chair,0
0119171_neurosketch,18,furniture,table,174,46,1,69002.55,3,19,table,1
0119171_neurosketch,18,furniture,table,174,47,1,69002.55,3,19,table,0
0119171_neurosketch,18,furniture,table,174,48,1,69002.55,3,19,table,0
0119171_neurosketch,18,furniture,bed,175,49,0,73502.45,3,29,bed,1
0119171_neurosketch,18,furniture,bed,175,50,0,73502.45,3,29,bed,0
0119171_neurosketch,18,furniture,bed,176,51,0,76502.61,3,3,bed,1
0119171_neurosketch,18,furniture,bed,176,52,0,76502.61,3,3,bed,0
0119171_neurosketch,18,furniture,bed,176,53,0,76502.61,3,3,bed,0
0119171_neurosketch,18,furniture,table,177,54,1,81001.97,3,37,table,1
0119171_neurosketch,18,furniture,table,177,55,1,81001.97,3,37,table,0
0119171_neurosketch,18,furniture,table,177,56,1,81001.97,3,37,table,0
0119171_neurosketch,18,furniture,chair,178,57,1,85502.06,3,22,chair,1
0119171_neurosketch,18,furniture,chair,178,58,1,85502.06,3,22,chair,0
0119171_neurosketch,18,furniture,chair,178,59,1,85502.06,3,22,chair,0
0119171_neurosketch,18,furniture,chair,178,60,1,85502.06,3,22,chair,0
0119171_neurosketch,18,2,bench,179,61,0,91501.77,3,2,bench,1
0119171_neurosketch,18,2,bench,179,62,0,91501.77,3,2,bench,0
0119171_neurosketch,18,2,bench,179,63,0,91501.77,3,2,bench,0
0119171_neurosketch,18,furniture,bed,180,64,0,96002.45,3,33,bed,1
0119171_neurosketch,18,furniture,bed,180,65,0,96002.45,3,33,bed,0
0119171_neurosketch,18,furniture,bed,180,66,0,96002.45,3,33,bed,0
0119171_neurosketch,18,furniture,chair,181,67,1,100501.7,3,36,chair,1
0119171_neurosketch,18,furniture,chair,181,68,1,100501.7,3,36,chair,0
0119171_neurosketch,18,furniture,bench,182,69,0,103502.73,3,38,bench,1
0119171_neurosketch,18,furniture,bench,182,70,0,103502.73,3,38,bench,0
0119171_neurosketch,18,furniture,bench,182,71,0,103502.73,3,38,bench,0
0119171_neurosketch,18,furniture,table,183,72,1,108003.01,3,9,table,1
0119171_neurosketch,18,furniture,table,183,73,1,108003.01,3,9,table,0
0119171_neurosketch,18,furniture,table,183,74,1,108003.01,3,9,table,0
0119171_neurosketch,18,furniture,table,183,75,1,108003.01,3,9,table,0
0119171_neurosketch,18,furniture,chair,184,76,1,114003.03,3,7,chair,1
0119171_neurosketch,18,furniture,chair,184,77,1,114003.03,3,7,chair,0
0119171_neurosketch,18,furniture,bed,185,78,0,117002.55,3,11,bed,1
0119171_neurosketch,18,furniture,bed,185,79,0,117002.55,3,11,bed,0
0119171_neurosketch,18,furniture,bed,185,80,0,117002.55,3,11,bed,0
0119171_neurosketch,18,furniture,bed,185,81,0,117002.55,3,11,bed,0
0119171_neurosketch,18,furniture,bench,186,82,0,123002.17,3,30,bench,1
0119171_neurosketch,18,furniture,bench,186,83,0,123002.17,3,30,bench,0
0119171_neurosketch,18,furniture,table,187,84,1,126002.26,3,4,table,1
0119171_neurosketch,18,furniture,table,187,85,1,126002.26,3,4,table,0
0119171_neurosketch,18,furniture,table,187,86,1,126002.26,3,4,table,0
0119171_neurosketch,18,furniture,table,187,87,1,126002.26,3,4,table,0
0119171_neurosketch,18,furniture,table,188,88,1,132002.97,3,35,table,1
0119171_neurosketch,18,furniture,table,188,89,1,132002.97,3,35,table,0
0119171_neurosketch,18,furniture,table,188,90,1,132002.97,3,35,table,0
0119171_neurosketch,18,2,bed,189,91,0,136502.97,3,8,bed,1
0119171_neurosketch,18,2,bed,189,92,0,136502.97,3,8,bed,0
0119171_neurosketch,18,2,bed,189,93,0,136502.97,3,8,bed,0
0119171_neurosketch,18,furniture,chair,190,94,1,141002.25,3,6,chair,1
0119171_neurosketch,18,furniture,chair,190,95,1,141002.25,3,6,chair,0
0119171_neurosketch,18,furniture,chair,190,96,1,141002.25,3,6,chair,0
0119171_neurosketch,18,furniture,chair,190,97,1,141002.25,3,6,chair,0
0119171_neurosketch,18,furniture,bench,191,98,0,147003.08,3,9,bench,1
0119171_neurosketch,18,furniture,bench,191,99,0,147003.08,3,9,bench,0
0119171_neurosketch,18,furniture,bench,191,100,0,147003.08,3,9,bench,0
0119171_neurosketch,18,furniture,table,192,101,1,151502.0,3,30,table,1
0119171_neurosketch,18,furniture,table,192,102,1,151502.0,3,30,table,0
0119171_neurosketch,18,furniture,bench,193,103,0,154502.69,3,8,bench,1
0119171_neurosketch,18,furniture,bench,193,104,0,154502.69,3,8,bench,0
0119171_neurosketch,18,furniture,bed,194,105,0,157503.15,3,5,bed,1
0119171_neurosketch,18,furniture,bed,194,106,0,157503.15,3,5,bed,0
0119171_neurosketch,18,furniture,bed,194,107,0,157503.15,3,5,bed,0
0119171_neurosketch,18,furniture,chair,195,108,1,162002.2,3,25,chair,1
0119171_neurosketch,18,furniture,chair,195,109,1,162002.2,3,25,chair,0
0119171_neurosketch,18,furniture,chair,196,110,1,165002.19,3,1,chair,1
0119171_neurosketch,18,furniture,chair,196,111,1,165002.19,3,1,chair,0
0119171_neurosketch,18,furniture,chair,196,112,1,165002.19,3,1,chair,0
0119171_neurosketch,18,furniture,bed,197,113,0,169502.08,3,13,bed,1
0119171_neurosketch,18,furniture,bed,197,114,0,169502.08,3,13,bed,0
0119171_neurosketch,18,furniture,bed,197,115,0,169502.08,3,13,bed,0
0119171_neurosketch,18,furniture,table,198,116,1,174002.31,3,1,table,1
0119171_neurosketch,18,furniture,table,198,117,1,174002.31,3,1,table,0
0119171_neurosketch,18,2,bench,199,118,0,177002.11,3,35,bench,1
0119171_neurosketch,18,2,bench,199,119,0,177002.11,3,35,bench,0
0119171_neurosketch,18,furniture,chair,200,120,1,180002.41,3,2,chair,1
0119171_neurosketch,18,furniture,chair,200,121,1,180002.41,3,2,chair,0
0119171_neurosketch,18,furniture,chair,200,122,1,180002.41,3,2,chair,0
0119171_neurosketch,18,furniture,chair,200,123,1,180002.41,3,2,chair,0
0119171_neurosketch,18,furniture,bench,201,124,0,186002.68,3,4,bench,1
0119171_neurosketch,18,furniture,bench,201,125,0,186002.68,3,4,bench,0
0119171_neurosketch,18,furniture,bed,202,126,0,189002.12,3,12,bed,1
0119171_neurosketch,18,furniture,bed,202,127,0,189002.12,3,12,bed,0
0119171_neurosketch,18,furniture,table,203,128,1,192002.32,3,7,table,1
0119171_neurosketch,18,furniture,table,203,129,1,192002.32,3,7,table,0
0119171_neurosketch,18,furniture,table,203,130,1,192002.32,3,7,table,0
0119171_neurosketch,18,furniture,table,204,131,1,196502.35,3,31,table,1
0119171_neurosketch,18,furniture,table,204,132,1,196502.35,3,31,table,0
0119171_neurosketch,18,furniture,table,204,133,1,196502.35,3,31,table,0
0119171_neurosketch,18,furniture,table,204,134,1,196502.35,3,31,table,0
0119171_neurosketch,18,furniture,bed,205,135,0,202502.2,3,34,bed,1
0119171_neurosketch,18,furniture,bed,205,136,0,202502.2,3,34,bed,0
0119171_neurosketch,18,furniture,bed,205,137,0,202502.2,3,34,bed,0
0119171_neurosketch,18,furniture,chair,206,138,1,207003.05,3,32,table,1
0119171_neurosketch,18,furniture,chair,206,139,1,207003.05,3,32,table,0
0119171_neurosketch,18,furniture,bench,207,140,0,210002.11,3,18,bench,1
0119171_neurosketch,18,furniture,bench,207,141,0,210002.11,3,18,bench,0
0119171_neurosketch,18,furniture,bed,208,142,0,213002.68,3,0,bed,1
0119171_neurosketch,18,furniture,bed,208,143,0,213002.68,3,0,bed,0
0119171_neurosketch,18,furniture,bed,208,144,0,213002.68,3,0,bed,0
0119171_neurosketch,18,2,table,209,145,1,217502.82,3,21,,1
0119171_neurosketch,18,2,table,209,146,1,217502.82,3,21,,0
0119171_neurosketch,18,2,table,209,147,1,217502.82,3,21,,0
0119171_neurosketch,18,furniture,chair,210,148,1,222002.08,3,29,chair,1
0119171_neurosketch,18,furniture,chair,210,149,1,222002.08,3,29,chair,0
0119171_neurosketch,18,furniture,bench,211,150,0,225002.87,3,6,bench,1
0119171_neurosketch,18,furniture,bench,211,151,0,225002.87,3,6,bench,0
0119171_neurosketch,18,furniture,chair,212,152,1,228002.76,3,34,chair,1
0119171_neurosketch,18,furniture,chair,212,153,1,228002.76,3,34,chair,0
0119171_neurosketch,18,furniture,chair,212,154,1,228002.76,3,34,chair,0
0119171_neurosketch,18,furniture,chair,212,155,1,228002.76,3,34,chair,0
0119171_neurosketch,18,furniture,bench,213,156,0,234002.75,3,36,bench,1
0119171_neurosketch,18,furniture,bench,213,157,0,234002.75,3,36,bench,0
0119171_neurosketch,18,furniture,table,214,158,1,237002.96,3,32,table,1
0119171_neurosketch,18,furniture,table,214,159,1,237002.96,3,32,table,0
0119171_neurosketch,18,furniture,table,214,160,1,237002.96,3,32,table,0
0119171_neurosketch,18,furniture,bed,215,161,0,241502.57,3,25,bed,1
0119171_neurosketch,18,furniture,bed,215,162,0,241502.57,3,25,bed,0
0119171_neurosketch,18,furniture,bed,216,163,0,244502.93,3,24,bed,1
0119171_neurosketch,18,furniture,bed,216,164,0,244502.93,3,24,bed,0
0119171_neurosketch,18,furniture,bed,216,165,0,244502.93,3,24,bed,0
0119171_neurosketch,18,furniture,chair,217,166,1,249002.62,3,0,chair,1
0119171_neurosketch,18,furniture,chair,217,167,1,249002.62,3,0,chair,0
0119171_neurosketch,18,furniture,chair,217,168,1,249002.62,3,0,chair,0
0119171_neurosketch,18,furniture,table,218,169,1,253502.43,3,2,table,1
0119171_neurosketch,18,furniture,table,218,170,1,253502.43,3,2,table,0
0119171_neurosketch,18,furniture,table,218,171,1,253502.43,3,2,table,0
0119171_neurosketch,18,furniture,table,218,172,1,253502.43,3,2,table,0
0119171_neurosketch,18,2,bench,219,173,0,259505.59,3,22,bench,1
0119171_neurosketch,18,2,bench,219,174,0,259505.59,3,22,bench,0
0119171_neurosketch,18,2,bench,219,175,0,259505.59,3,22,bench,0
0119171_neurosketch,18,furniture,bench,220,176,0,264003.21,3,37,bench,1
0119171_neurosketch,18,furniture,bench,220,177,0,264003.21,3,37,bench,0
0119171_neurosketch,18,furniture,bench,220,178,0,264003.21,3,37,bench,0
0119171_neurosketch,18,furniture,bed,221,179,0,268502.13,3,9,bed,1
0119171_neurosketch,18,furniture,bed,221,180,0,268502.13,3,9,bed,0
0119171_neurosketch,18,furniture,table,222,181,1,271503.18,3,5,table,1
0119171_neurosketch,18,furniture,table,222,182,1,271503.18,3,5,table,0
0119171_neurosketch,18,furniture,table,222,183,1,271503.18,3,5,table,0
0119171_neurosketch,18,furniture,chair,223,184,1,276002.27,3,37,chair,1
0119171_neurosketch,18,furniture,chair,223,185,1,276002.27,3,37,chair,0
0119171_neurosketch,18,furniture,chair,223,186,1,276002.27,3,37,chair,0
0119171_neurosketch,18,furniture,chair,223,187,1,276002.27,3,37,chair,0
0119171_neurosketch,18,furniture,bench,224,188,0,282003.04,3,7,bench,1
0119171_neurosketch,18,furniture,bench,224,189,0,282003.04,3,7,bench,0
0119171_neurosketch,18,furniture,bed,225,190,0,285002.8,3,27,bed,1
0119171_neurosketch,18,furniture,bed,225,191,0,285002.8,3,27,bed,0
0119171_neurosketch,18,furniture,bed,225,192,0,285002.8,3,27,bed,0
0119171_neurosketch,18,furniture,bed,225,193,0,285002.8,3,27,bed,0
0119171_neurosketch,18,furniture,table,226,194,1,291002.61,3,39,table,1
0119171_neurosketch,18,furniture,table,226,195,1,291002.61,3,39,table,0
0119171_neurosketch,18,furniture,chair,227,196,1,294002.0,3,8,chair,1
0119171_neurosketch,18,furniture,chair,227,197,1,294002.0,3,8,chair,0
0119171_neurosketch,18,furniture,chair,227,198,1,294002.0,3,8,chair,0
0119171_neurosketch,18,furniture,chair,227,199,1,294002.0,3,8,chair,0
0119171_neurosketch,18,furniture,chair,228,200,1,300002.82,3,38,chair,1
0119171_neurosketch,18,furniture,chair,228,201,1,300002.82,3,38,chair,0
0119171_neurosketch,18,furniture,chair,228,202,1,300002.82,3,38,chair,0
0119171_neurosketch,18,2,bed,229,203,0,304503.52,3,17,bed,1
0119171_neurosketch,18,2,bed,229,204,0,304503.52,3,17,bed,0
0119171_neurosketch,18,2,bed,229,205,0,304503.52,3,17,bed,0
0119171_neurosketch,18,furniture,bench,230,206,0,309002.22,3,11,bench,1
0119171_neurosketch,18,furniture,bench,230,207,0,309002.22,3,11,bench,0
0119171_neurosketch,18,furniture,bench,230,208,0,309002.22,3,11,bench,0
0119171_neurosketch,18,furniture,bench,230,209,0,309002.22,3,11,bench,0
0119171_neurosketch,18,furniture,table,231,210,1,315002.3,3,27,table,1
0119171_neurosketch,18,furniture,table,231,211,1,315002.3,3,27,table,0
0119171_neurosketch,18,furniture,table,231,212,1,315002.3,3,27,table,0
0119171_neurosketch,18,furniture,bed,232,213,0,319502.77,3,36,bed,1
0119171_neurosketch,18,furniture,bed,232,214,0,319502.77,3,36,bed,0
0119171_neurosketch,18,furniture,chair,233,215,1,322502.72,3,26,chair,1
0119171_neurosketch,18,furniture,chair,233,216,1,322502.72,3,26,chair,0
0119171_neurosketch,18,furniture,bench,234,217,0,325502.84,3,13,bench,1
0119171_neurosketch,18,furniture,bench,234,218,0,325502.84,3,13,bench,0
0119171_neurosketch,18,furniture,bench,234,219,0,325502.84,3,13,bench,0
0119171_neurosketch,18,furniture,table,235,220,1,330002.86,3,20,table,1
0119171_neurosketch,18,furniture,table,235,221,1,330002.86,3,20,table,0
0119171_neurosketch,18,furniture,bed,236,222,0,333001.91,3,39,bed,1
0119171_neurosketch,18,furniture,bed,236,223,0,333001.91,3,39,bed,0
0119171_neurosketch,18,furniture,bed,236,224,0,333001.91,3,39,bed,0
0119171_neurosketch,18,furniture,chair,237,225,1,337502.84,3,33,chair,1
0119171_neurosketch,18,furniture,chair,237,226,1,337502.84,3,33,chair,0
0119171_neurosketch,18,furniture,chair,237,227,1,337502.84,3,33,chair,0
0119171_neurosketch,18,furniture,table,238,228,1,342001.99,3,34,table,1
0119171_neurosketch,18,furniture,table,238,229,1,342001.99,3,34,table,0
0119171_neurosketch,18,2,bench,239,230,0,345002.97,3,28,bench,1
0119171_neurosketch,18,2,bench,239,231,0,345002.97,3,28,bench,0
0119171_neurosketch,18,2,bench,239,232,0,345002.97,3,28,bench,0
0119171_neurosketch,18,2,bench,239,233,0,345002.97,3,28,bench,0
0119171_neurosketch,18,2,bench,239,234,0,345002.97,3,28,bench,0
0119171_neurosketch,18,2,bench,239,235,0,345002.97,3,28,bench,0
0119171_neurosketch,18,2,bench,239,236,0,345002.97,3,28,bench,0
0119171_neurosketch,18,2,bench,239,237,0,345002.97,3,28,bench,0
0119171_neurosketch,18,2,bench,239,238,0,345002.97,3,28,bench,0
0119171_neurosketch,18,2,bench,239,239,0,345002.97,3,28,bench,0
0119171_neurosketch,18,furniture,bed,240,0,-1,0.0,4,10,bed,0
0119171_neurosketch,18,furniture,bed,240,1,-1,0.0,4,10,bed,0
0119171_neurosketch,18,furniture,bed,240,2,-1,0.0,4,10,bed,0
0119171_neurosketch,18,furniture,bed,240,3,-1,0.0,4,10,bed,0
0119171_neurosketch,18,furniture,bed,240,4,-1,0.0,4,10,bed,0
0119171_neurosketch,18,furniture,bed,240,5,-1,0.0,4,10,bed,0
0119171_neurosketch,18,furniture,bed,240,6,-1,0.0,4,10,bed,0
0119171_neurosketch,18,furniture,bed,240,7,-1,0.0,4,10,bed,0
0119171_neurosketch,18,furniture,bed,240,8,0,12001.94,4,10,bed,1
0119171_neurosketch,18,furniture,bed,240,9,0,12001.94,4,10,bed,0
0119171_neurosketch,18,furniture,bed,240,10,0,12001.94,4,10,bed,0
0119171_neurosketch,18,furniture,bed,240,11,0,12001.94,4,10,bed,0
0119171_neurosketch,18,furniture,table,241,12,1,18001.33,4,6,table,1
0119171_neurosketch,18,furniture,table,241,13,1,18001.33,4,6,table,0
0119171_neurosketch,18,furniture,chair,242,14,1,21003.11,4,4,chair,1
0119171_neurosketch,18,furniture,chair,242,15,1,21003.11,4,4,chair,0
0119171_neurosketch,18,furniture,bench,243,16,0,24001.98,4,5,bench,1
0119171_neurosketch,18,furniture,bench,243,17,0,24001.98,4,5,bench,0
0119171_neurosketch,18,furniture,bench,243,18,0,24001.98,4,5,bench,0
0119171_neurosketch,18,furniture,bed,244,19,0,28501.56,4,30,bed,1
0119171_neurosketch,18,furniture,bed,244,20,0,28501.56,4,30,bed,0
0119171_neurosketch,18,furniture,bed,244,21,0,28501.56,4,30,bed,0
0119171_neurosketch,18,furniture,bed,244,22,0,28501.56,4,30,bed,0
0119171_neurosketch,18,furniture,table,245,23,1,34501.53,4,33,table,1
0119171_neurosketch,18,furniture,table,245,24,1,34501.53,4,33,table,0
0119171_neurosketch,18,furniture,table,245,25,1,34501.53,4,33,table,0
0119171_neurosketch,18,furniture,bench,246,26,0,39002.04,4,26,bench,1
0119171_neurosketch,18,furniture,bench,246,27,0,39002.04,4,26,bench,0
0119171_neurosketch,18,furniture,chair,247,28,1,42002.42,4,9,chair,1
0119171_neurosketch,18,furniture,chair,247,29,1,42002.42,4,9,chair,0
0119171_neurosketch,18,furniture,table,248,30,1,45001.92,4,17,table,1
0119171_neurosketch,18,furniture,table,248,31,1,45001.92,4,17,table,0
0119171_neurosketch,18,furniture,table,248,32,1,45001.92,4,17,table,0
0119171_neurosketch,18,2,bench,249,33,0,49502.16,4,1,bench,1
0119171_neurosketch,18,2,bench,249,34,0,49502.16,4,1,bench,0
0119171_neurosketch,18,2,bench,249,35,0,49502.16,4,1,bench,0
0119171_neurosketch,18,furniture,chair,250,36,1,54001.55,4,5,chair,1
0119171_neurosketch,18,furniture,chair,250,37,1,54001.55,4,5,chair,0
0119171_neurosketch,18,furniture,bed,251,38,0,57002.4,4,1,bed,1
0119171_neurosketch,18,furniture,bed,251,39,0,57002.4,4,1,bed,0
0119171_neurosketch,18,furniture,bench,252,40,0,60001.92,4,14,bench,1
0119171_neurosketch,18,furniture,bench,252,41,0,60001.92,4,14,bench,0
0119171_neurosketch,18,furniture,bench,252,42,0,60001.92,4,14,bench,0
0119171_neurosketch,18,furniture,bench,252,43,0,60001.92,4,14,bench,0
0119171_neurosketch,18,furniture,chair,253,44,1,66001.65,4,28,chair,1
0119171_neurosketch,18,furniture,chair,253,45,1,66001.65,4,28,chair,0
0119171_neurosketch,18,furniture,bed,254,46,0,69002.16,4,31,,1
0119171_neurosketch,18,furniture,bed,254,47,0,69002.16,4,31,,0
0119171_neurosketch,18,furniture,bed,254,48,0,69002.16,4,31,,0
0119171_neurosketch,18,furniture,table,255,49,1,73501.53,4,23,table,1
0119171_neurosketch,18,furniture,table,255,50,1,73501.53,4,23,table,0
0119171_neurosketch,18,furniture,bench,256,51,0,76501.98,4,3,bench,1
0119171_neurosketch,18,furniture,bench,256,52,0,76501.98,4,3,bench,0
0119171_neurosketch,18,furniture,bench,256,53,0,76501.98,4,3,bench,0
0119171_neurosketch,18,furniture,table,257,54,1,81001.65,4,8,table,1
0119171_neurosketch,18,furniture,table,257,55,1,81001.65,4,8,table,0
0119171_neurosketch,18,furniture,table,257,56,1,81001.65,4,8,table,0
0119171_neurosketch,18,furniture,bed,258,57,0,85501.22,4,21,bed,1
0119171_neurosketch,18,furniture,bed,258,58,0,85501.22,4,21,bed,0
0119171_neurosketch,18,furniture,bed,258,59,0,85501.22,4,21,bed,0
0119171_neurosketch,18,furniture,bed,258,60,0,85501.22,4,21,bed,0
0119171_neurosketch,18,2,chair,259,61,1,91502.86,4,17,chair,1
0119171_neurosketch,18,2,chair,259,62,1,91502.86,4,17,chair,0
0119171_neurosketch,18,2,chair,259,63,1,91502.86,4,17,chair,0
0119171_neurosketch,18,furniture,bed,260,64,0,96002.72,4,16,bed,1
0119171_neurosketch,18,furniture,bed,260,65,0,96002.72,4,16,bed,0
0119171_neurosketch,18,furniture,bed,260,66,0,96002.72,4,16,bed,0
0119171_neurosketch,18,furniture,table,261,67,1,100502.37,4,15,table,1
0119171_neurosketch,18,furniture,table,261,68,1,100502.37,4,15,table,0
0119171_neurosketch,18,furniture,chair,262,69,1,103502.59,4,16,chair,1
0119171_neurosketch,18,furniture,chair,262,70,1,103502.59,4,16,chair,0
0119171_neurosketch,18,furniture,chair,262,71,1,103502.59,4,16,chair,0
0119171_neurosketch,18,furniture,bench,263,72,0,108003.91,4,10,bench,1
0119171_neurosketch,18,furniture,bench,263,73,0,108003.91,4,10,bench,0
0119171_neurosketch,18,furniture,bench,263,74,0,108003.91,4,10,bench,0
0119171_neurosketch,18,furniture,bench,263,75,0,108003.91,4,10,bench,0
0119171_neurosketch,18,furniture,chair,264,76,1,114002.63,4,23,chair,1
0119171_neurosketch,18,furniture,chair,264,77,1,114002.63,4,23,chair,0
0119171_neurosketch,18,furniture,bed,265,78,0,117002.08,4,19,bed,1
0119171_neurosketch,18,furniture,bed,265,79,0,117002.08,4,19,bed,0
0119171_neurosketch,18,furniture,bed,265,80,0,117002.08,4,19,bed,0
0119171_neurosketch,18,furniture,bed,265,81,0,117002.08,4,19,bed,0
0119171_neurosketch,18,furniture,table,266,82,1,123001.48,4,26,table,1
0119171_neurosketch,18,furniture,table,266,83,1,123001.48,4,26,table,0
0119171_neurosketch,18,furniture,bench,267,84,0,126002.36,4,33,bench,1
0119171_neurosketch,18,furniture,bench,267,85,0,126002.36,4,33,bench,0
0119171_neurosketch,18,furniture,bench,267,86,0,126002.36,4,33,bench,0
0119171_neurosketch,18,furniture,bench,267,87,0,126002.36,4,33,bench,0
0119171_neurosketch,18,furniture,table,268,88,1,132002.42,4,25,table,1
0119171_neurosketch,18,furniture,table,268,89,1,132002.42,4,25,table,0
0119171_neurosketch,18,furniture,table,268,90,1,132002.42,4,25,table,0
0119171_neurosketch,18,2,bench,269,91,0,136502.46,4,15,bench,1
0119171_neurosketch,18,2,bench,269,92,0,136502.46,4,15,bench,0
0119171_neurosketch,18,2,bench,269,93,0,136502.46,4,15,bench,0
0119171_neurosketch,18,furniture,bed,270,94,0,141002.77,4,23,bed,1
0119171_neurosketch,18,furniture,bed,270,95,0,141002.77,4,23,bed,0
0119171_neurosketch,18,furniture,bed,270,96,0,141002.77,4,23,bed,0
0119171_neurosketch,18,furniture,bed,270,97,0,141002.77,4,23,bed,0
0119171_neurosketch,18,furniture,chair,271,98,1,147002.39,4,30,chair,1
0119171_neurosketch,18,furniture,chair,271,99,1,147002.39,4,30,chair,0
0119171_neurosketch,18,furniture,chair,271,100,1,147002.39,4,30,chair,0
0119171_neurosketch,18,furniture,bench,272,101,0,151502.93,4,31,bench,1
0119171_neurosketch,18,furniture,bench,272,102,0,151502.93,4,31,bench,0
0119171_neurosketch,18,furniture,bed,273,103,0,154502.85,4,20,bed,1
0119171_neurosketch,18,furniture,bed,273,104,0,154502.85,4,20,bed,0
0119171_neurosketch,18,furniture,table,274,105,1,157502.45,4,3,table,1
0119171_neurosketch,18,furniture,table,274,106,1,157502.45,4,3,table,0
0119171_neurosketch,18,furniture,table,274,107,1,157502.45,4,3,table,0
0119171_neurosketch,18,furniture,chair,275,108,1,162002.42,4,11,chair,1
0119171_neurosketch,18,furniture,chair,275,109,1,162002.42,4,11,chair,0
0119171_neurosketch,18,furniture,bed,276,110,0,165003.52,4,18,bed,1
0119171_neurosketch,18,furniture,bed,276,111,0,165003.52,4,18,bed,0
0119171_neurosketch,18,furniture,bed,276,112,0,165003.52,4,18,bed,0
0119171_neurosketch,18,furniture,bench,277,113,0,169502.73,4,27,bench,1
0119171_neurosketch,18,furniture,bench,277,114,0,169502.73,4,27,bench,0
0119171_neurosketch,18,furniture,bench,277,115,0,169502.73,4,27,bench,0
0119171_neurosketch,18,furniture,chair,278,116,1,174002.42,4,39,chair,1
0119171_neurosketch,18,furniture,chair,278,117,1,174002.42,4,39,chair,0
0119171_neurosketch,18,2,table,279,118,1,177003.25,4,11,table,1
0119171_neurosketch,18,2,table,279,119,1,177003.25,4,11,table,0
0119171_neurosketch,18,furniture,bench,280,120,0,180002.42,4,34,bench,1
0119171_neurosketch,18,furniture,bench,280,121,0,180002.42,4,34,bench,0
0119171_neurosketch,18,furniture,bench,280,122,0,180002.42,4,34,bench,0
0119171_neurosketch,18,furniture,bench,280,123,0,180002.42,4,34,bench,0
0119171_neurosketch,18,furniture,chair,281,124,1,186002.45,4,31,chair,1
0119171_neurosketch,18,furniture,chair,281,125,1,186002.45,4,31,chair,0
0119171_neurosketch,18,furniture,bed,282,126,0,189002.44,4,37,bed,1
0119171_neurosketch,18,furniture,bed,282,127,0,189002.44,4,37,bed,0
0119171_neurosketch,18,furniture,table,283,128,1,192002.33,4,14,chair,1
0119171_neurosketch,18,furniture,table,283,129,1,192002.33,4,14,chair,0
0119171_neurosketch,18,furniture,table,283,130,1,192002.33,4,14,chair,0
0119171_neurosketch,18,furniture,table,284,131,1,196502.07,4,28,table,1
0119171_neurosketch,18,furniture,table,284,132,1,196502.07,4,28,table,0
0119171_neurosketch,18,furniture,table,284,133,1,196502.07,4,28,table,0
0119171_neurosketch,18,furniture,table,284,134,1,196502.07,4,28,table,0
0119171_neurosketch,18,furniture,bed,285,135,0,202502.49,4,2,bed,1
0119171_neurosketch,18,furniture,bed,285,136,0,202502.49,4,2,bed,0
0119171_neurosketch,18,furniture,bed,285,137,0,202502.49,4,2,bed,0
0119171_neurosketch,18,furniture,chair,286,138,1,207002.52,4,15,chair,1
0119171_neurosketch,18,furniture,chair,286,139,1,207002.52,4,15,chair,0
0119171_neurosketch,18,furniture,bench,287,140,0,210003.98,4,32,bench,1
0119171_neurosketch,18,furniture,bench,287,141,0,210003.98,4,32,bench,0
0119171_neurosketch,18,furniture,bench,288,142,0,213002.36,4,23,bench,1
0119171_neurosketch,18,furniture,bench,288,143,0,213002.36,4,23,bench,0
0119171_neurosketch,18,furniture,bench,288,144,0,213002.36,4,23,bench,0
0119171_neurosketch,18,2,table,289,145,1,217502.3,4,16,table,1
0119171_neurosketch,18,2,table,289,146,1,217502.3,4,16,table,0
0119171_neurosketch,18,2,table,289,147,1,217502.3,4,16,table,0
0119171_neurosketch,18,furniture,chair,290,148,1,222002.48,4,27,chair,1
0119171_neurosketch,18,furniture,chair,290,149,1,222002.48,4,27,chair,0
0119171_neurosketch,18,furniture,bed,291,150,0,225002.94,4,6,bed,1
0119171_neurosketch,18,furniture,bed,291,151,0,225002.94,4,6,bed,0
0119171_neurosketch,18,furniture,chair,292,152,1,228002.5,4,3,chair,1
0119171_neurosketch,18,furniture,chair,292,153,1,228002.5,4,3,chair,0
0119171_neurosketch,18,furniture,chair,292,154,1,228002.5,4,3,chair,0
0119171_neurosketch,18,furniture,chair,292,155,1,228002.5,4,3,chair,0
0119171_neurosketch,18,furniture,bed,293,156,0,234002.44,4,22,bed,1
0119171_neurosketch,18,furniture,bed,293,157,0,234002.44,4,22,bed,0
0119171_neurosketch,18,furniture,table,294,158,1,237002.73,4,36,table,1
0119171_neurosketch,18,furniture,table,294,159,1,237002.73,4,36,table,0
0119171_neurosketch,18,furniture,table,294,160,1,237002.73,4,36,table,0
0119171_neurosketch,18,furniture,bench,295,161,0,241502.48,4,21,bench,1
0119171_neurosketch,18,furniture,bench,295,162,0,241502.48,4,21,bench,0
0119171_neurosketch,18,furniture,bed,296,163,0,244502.9,4,26,bed,1
0119171_neurosketch,18,furniture,bed,296,164,0,244502.9,4,26,bed,0
0119171_neurosketch,18,furniture,bed,296,165,0,244502.9,4,26,bed,0
0119171_neurosketch,18,furniture,chair,297,166,1,249002.59,4,12,chair,1
0119171_neurosketch,18,furniture,chair,297,167,1,249002.59,4,12,chair,0
0119171_neurosketch,18,furniture,chair,297,168,1,249002.59,4,12,chair,0
0119171_neurosketch,18,furniture,table,298,169,1,253504.5,4,10,table,1
0119171_neurosketch,18,furniture,table,298,170,1,253504.5,4,10,table,0
0119171_neurosketch,18,furniture,table,298,171,1,253504.5,4,10,table,0
0119171_neurosketch,18,furniture,table,298,172,1,253504.5,4,10,table,0
0119171_neurosketch,18,2,bench,299,173,0,259502.59,4,25,bench,1
0119171_neurosketch,18,2,bench,299,174,0,259502.59,4,25,bench,0
0119171_neurosketch,18,2,bench,299,175,0,259502.59,4,25,bench,0
0119171_neurosketch,18,furniture,bench,300,176,0,264003.96,4,17,bench,1
0119171_neurosketch,18,furniture,bench,300,177,0,264003.96,4,17,bench,0
0119171_neurosketch,18,furniture,bench,300,178,0,264003.96,4,17,bench,0
0119171_neurosketch,18,furniture,bed,301,179,0,268502.59,4,32,bed,1
0119171_neurosketch,18,furniture,bed,301,180,0,268502.59,4,32,bed,0
0119171_neurosketch,18,furniture,chair,302,181,1,271502.73,4,35,chair,1
0119171_neurosketch,18,furniture,chair,302,182,1,271502.73,4,35,chair,0
0119171_neurosketch,18,furniture,chair,302,183,1,271502.73,4,35,chair,0
0119171_neurosketch,18,furniture,table,303,184,1,276003.45,4,0,,1
0119171_neurosketch,18,furniture,table,303,185,1,276003.45,4,0,,0
0119171_neurosketch,18,furniture,table,303,186,1,276003.45,4,0,,0
0119171_neurosketch,18,furniture,table,303,187,1,276003.45,4,0,,0
0119171_neurosketch,18,furniture,chair,304,188,1,282002.37,4,10,chair,1
0119171_neurosketch,18,furniture,chair,304,189,1,282002.37,4,10,chair,0
0119171_neurosketch,18,furniture,bed,305,190,0,285003.54,4,4,bed,1
0119171_neurosketch,18,furniture,bed,305,191,0,285003.54,4,4,bed,0
0119171_neurosketch,18,furniture,bed,305,192,0,285003.54,4,4,bed,0
0119171_neurosketch,18,furniture,bed,305,193,0,285003.54,4,4,bed,0
0119171_neurosketch,18,furniture,bench,306,194,0,291003.02,4,16,bench,1
0119171_neurosketch,18,furniture,bench,306,195,0,291003.02,4,16,bench,0
0119171_neurosketch,18,furniture,table,307,196,1,294003.1,4,22,table,1
0119171_neurosketch,18,furniture,table,307,197,1,294003.1,4,22,table,0
0119171_neurosketch,18,furniture,table,307,198,1,294003.1,4,22,table,0
0119171_neurosketch,18,furniture,table,307,199,1,294003.1,4,22,table,0
0119171_neurosketch,18,furniture,bench,308,200,0,300002.55,4,0,bench,1
0119171_neurosketch,18,furniture,bench,308,201,0,300002.55,4,0,bench,0
0119171_neurosketch,18,furniture,bench,308,202,0,300002.55,4,0,bench,0
0119171_neurosketch,18,2,table,309,203,1,304502.7,4,24,table,1
0119171_neurosketch,18,2,table,309,204,1,304502.7,4,24,table,0
0119171_neurosketch,18,2,table,309,205,1,304502.7,4,24,table,0
0119171_neurosketch,18,furniture,chair,310,206,1,309003.14,4,19,chair,1
0119171_neurosketch,18,furniture,chair,310,207,1,309003.14,4,19,chair,0
0119171_neurosketch,18,furniture,chair,310,208,1,309003.14,4,19,chair,0
0119171_neurosketch,18,furniture,chair,310,209,1,309003.14,4,19,chair,0
0119171_neurosketch,18,furniture,bed,311,210,0,315003.07,4,7,bed,1
0119171_neurosketch,18,furniture,bed,311,211,0,315003.07,4,7,bed,0
0119171_neurosketch,18,furniture,bed,311,212,0,315003.07,4,7,bed,0
0119171_neurosketch,18,furniture,bed,312,213,0,319503.06,4,28,bed,1
0119171_neurosketch,18,furniture,bed,312,214,0,319503.06,4,28,bed,0
0119171_neurosketch,18,furniture,chair,313,215,1,322502.53,4,18,chair,1
0119171_neurosketch,18,furniture,chair,313,216,1,322502.53,4,18,chair,0
0119171_neurosketch,18,furniture,table,314,217,1,325502.95,4,38,chair,1
0119171_neurosketch,18,furniture,table,314,218,1,325502.95,4,38,chair,0
0119171_neurosketch,18,furniture,table,314,219,1,325502.95,4,38,chair,0
0119171_neurosketch,18,furniture,bench,315,220,0,330003.23,4,19,bench,1
0119171_neurosketch,18,furniture,bench,315,221,0,330003.23,4,19,bench,0
0119171_neurosketch,18,furniture,table,316,222,1,333003.0,4,29,table,1
0119171_neurosketch,18,furniture,table,316,223,1,333003.0,4,29,table,0
0119171_neurosketch,18,furniture,table,316,224,1,333003.0,4,29,table,0
0119171_neurosketch,18,furniture,bed,317,225,0,337502.47,4,38,bed,1
0119171_neurosketch,18,furniture,bed,317,226,0,337502.47,4,38,bed,0
0119171_neurosketch,18,furniture,bed,317,227,0,337502.47,4,38,bed,0
0119171_neurosketch,18,furniture,chair,318,228,1,342001.88,4,14,chair,1
0119171_neurosketch,18,furniture,chair,318,229,1,342001.88,4,14,chair,0
0119171_neurosketch,18,2,bench,319,230,0,345002.39,4,29,bench,1
0119171_neurosketch,18,2,bench,319,231,0,345002.39,4,29,bench,0
0119171_neurosketch,18,2,bench,319,232,0,345002.39,4,29,bench,0
0119171_neurosketch,18,2,bench,319,233,0,345002.39,4,29,bench,0
0119171_neurosketch,18,2,bench,319,234,0,345002.39,4,29,bench,0
0119171_neurosketch,18,2,bench,319,235,0,345002.39,4,29,bench,0
0119171_neurosketch,18,2,bench,319,236,0,345002.39,4,29,bench,0
0119171_neurosketch,18,2,bench,319,237,0,345002.39,4,29,bench,0
0119171_neurosketch,18,2,bench,319,238,0,345002.39,4,29,bench,0
0119171_neurosketch,18,2,bench,319,239,0,345002.39,4,29,bench,0
0119171_neurosketch,18,furniture,bench,360,0,-1,0.0,9,29,,0
0119171_neurosketch,18,furniture,bench,360,1,-1,0.0,9,29,,0
0119171_neurosketch,18,furniture,bench,360,2,-1,0.0,9,29,,0
0119171_neurosketch,18,furniture,bench,360,3,-1,0.0,9,29,,0
0119171_neurosketch,18,furniture,bench,360,4,-1,0.0,9,29,,0
0119171_neurosketch,18,furniture,bench,360,5,-1,0.0,9,29,,0
0119171_neurosketch,18,furniture,bench,360,6,-1,0.0,9,29,,0
0119171_neurosketch,18,furniture,bench,360,7,-1,0.0,9,29,,0
0119171_neurosketch,18,furniture,bench,360,8,0,12003.26,9,29,,1
0119171_neurosketch,18,furniture,bench,360,9,0,12003.26,9,29,,0
0119171_neurosketch,18,furniture,bench,360,10,0,12003.26,9,29,,0
0119171_neurosketch,18,furniture,bench,360,11,0,12003.26,9,29,,0
0119171_neurosketch,18,furniture,chair,361,12,1,18002.59,9,14,chair,1
0119171_neurosketch,18,furniture,chair,361,13,1,18002.59,9,14,chair,0
0119171_neurosketch,18,furniture,bed,362,14,0,21001.53,9,38,bed,1
0119171_neurosketch,18,furniture,bed,362,15,0,21001.53,9,38,bed,0
0119171_neurosketch,18,furniture,table,363,16,1,24004.14,9,29,table,1
0119171_neurosketch,18,furniture,table,363,17,1,24004.14,9,29,table,0
0119171_neurosketch,18,furniture,table,363,18,1,24004.14,9,29,table,0
0119171_neurosketch,18,furniture,bench,364,19,0,28501.5,9,19,bench,1
0119171_neurosketch,18,furniture,bench,364,20,0,28501.5,9,19,bench,0
0119171_neurosketch,18,furniture,bench,364,21,0,28501.5,9,19,bench,0
0119171_neurosketch,18,furniture,bench,364,22,0,28501.5,9,19,bench,0
0119171_neurosketch,18,furniture,table,365,23,1,34502.34,9,38,table,1
0119171_neurosketch,18,furniture,table,365,24,1,34502.34,9,38,table,0
0119171_neurosketch,18,furniture,table,365,25,1,34502.34,9,38,table,0
0119171_neurosketch,18,furniture,chair,366,26,1,39002.51,9,18,chair,1
0119171_neurosketch,18,furniture,chair,366,27,1,39002.51,9,18,chair,0
0119171_neurosketch,18,furniture,bed,367,28,0,42002.17,9,28,bed,1
0119171_neurosketch,18,furniture,bed,367,29,0,42002.17,9,28,bed,0
0119171_neurosketch,18,furniture,bed,368,30,0,45001.64,9,7,bed,1
0119171_neurosketch,18,furniture,bed,368,31,0,45001.64,9,7,bed,0
0119171_neurosketch,18,furniture,bed,368,32,0,45001.64,9,7,bed,0
0119171_neurosketch,18,2,chair,369,33,1,49502.06,9,19,table,1
0119171_neurosketch,18,2,chair,369,34,1,49502.06,9,19,table,0
0119171_neurosketch,18,2,chair,369,35,1,49502.06,9,19,table,0
0119171_neurosketch,18,furniture,table,370,36,1,54002.17,9,24,table,1
0119171_neurosketch,18,furniture,table,370,37,1,54002.17,9,24,table,0
0119171_neurosketch,18,furniture,bench,371,38,0,57002.13,9,0,,1
0119171_neurosketch,18,furniture,bench,371,39,0,57002.13,9,0,,0
0119171_neurosketch,18,furniture,table,372,40,1,60001.74,9,22,table,1
0119171_neurosketch,18,furniture,table,372,41,1,60001.74,9,22,table,0
0119171_neurosketch,18,furniture,table,372,42,1,60001.74,9,22,table,0
0119171_neurosketch,18,furniture,table,372,43,1,60001.74,9,22,table,0
0119171_neurosketch,18,furniture,bench,373,44,0,66001.58,9,16,bench,1
0119171_neurosketch,18,furniture,bench,373,45,0,66001.58,9,16,bench,0
0119171_neurosketch,18,furniture,bed,374,46,0,69002.52,9,4,bed,1
0119171_neurosketch,18,furniture,bed,374,47,0,69002.52,9,4,bed,0
0119171_neurosketch,18,furniture,bed,374,48,0,69002.52,9,4,bed,0
0119171_neurosketch,18,furniture,chair,375,49,1,73502.06,9,10,chair,1
0119171_neurosketch,18,furniture,chair,375,50,1,73502.06,9,10,chair,0
0119171_neurosketch,18,furniture,table,376,51,1,76502.12,9,0,table,1
0119171_neurosketch,18,furniture,table,376,52,1,76502.12,9,0,table,0
0119171_neurosketch,18,furniture,table,376,53,1,76502.12,9,0,table,0
0119171_neurosketch,18,furniture,chair,377,54,1,81002.3,9,35,chair,1
0119171_neurosketch,18,furniture,chair,377,55,1,81002.3,9,35,chair,0
0119171_neurosketch,18,furniture,chair,377,56,1,81002.3,9,35,chair,0
0119171_neurosketch,18,furniture,bed,378,57,0,85502.2,9,32,bed,1
0119171_neurosketch,18,furniture,bed,378,58,0,85502.2,9,32,bed,0
0119171_neurosketch,18,furniture,bed,378,59,0,85502.2,9,32,bed,0
0119171_neurosketch,18,furniture,bed,378,60,0,85502.2,9,32,bed,0
0119171_neurosketch,18,2,bench,379,61,0,91502.78,9,17,bench,1
0119171_neurosketch,18,2,bench,379,62,0,91502.78,9,17,bench,0
0119171_neurosketch,18,2,bench,379,63,0,91502.78,9,17,bench,0
0119171_neurosketch,18,furniture,bench,380,64,0,96003.66,9,25,bench,1
0119171_neurosketch,18,furniture,bench,380,65,0,96003.66,9,25,bench,0
0119171_neurosketch,18,furniture,bench,380,66,0,96003.66,9,25,bench,0
0119171_neurosketch,18,furniture,table,381,67,1,100502.2,9,10,table,1
0119171_neurosketch,18,furniture,table,381,68,1,100502.2,9,10,table,0
0119171_neurosketch,18,furniture,chair,382,69,1,103502.22,9,12,chair,1
0119171_neurosketch,18,furniture,chair,382,70,1,103502.22,9,12,chair,0
0119171_neurosketch,18,furniture,chair,382,71,1,103502.22,9,12,chair,0
0119171_neurosketch,18,furniture,bed,383,72,0,108002.39,9,26,bed,1
0119171_neurosketch,18,furniture,bed,383,73,0,108002.39,9,26,bed,0
0119171_neurosketch,18,furniture,bed,383,74,0,108002.39,9,26,bed,0
0119171_neurosketch,18,furniture,bed,383,75,0,108002.39,9,26,bed,0
0119171_neurosketch,18,furniture,bench,384,76,0,114002.53,9,21,bench,1
0119171_neurosketch,18,furniture,bench,384,77,0,114002.53,9,21,bench,0
0119171_neurosketch,18,furniture,table,385,78,1,117002.81,9,36,table,1
0119171_neurosketch,18,furniture,table,385,79,1,117002.81,9,36,table,0
0119171_neurosketch,18,furniture,table,385,80,1,117002.81,9,36,table,0
0119171_neurosketch,18,furniture,table,385,81,1,117002.81,9,36,table,0
0119171_neurosketch,18,furniture,bed,386,82,0,123002.52,9,22,bed,1
0119171_neurosketch,18,furniture,bed,386,83,0,123002.52,9,22,bed,0
0119171_neurosketch,18,furniture,chair,387,84,1,126002.26,9,3,chair,1
0119171_neurosketch,18,furniture,chair,387,85,1,126002.26,9,3,chair,0
0119171_neurosketch,18,furniture,chair,387,86,1,126002.26,9,3,chair,0
0119171_neurosketch,18,furniture,chair,387,87,1,126002.26,9,3,chair,0
0119171_neurosketch,18,furniture,bed,388,88,0,132002.64,9,6,bench,1
0119171_neurosketch,18,furniture,bed,388,89,0,132002.64,9,6,bench,0
0119171_neurosketch,18,furniture,bed,388,90,0,132002.64,9,6,bench,0
0119171_neurosketch,18,2,chair,389,91,1,136502.45,9,27,chair,1
0119171_neurosketch,18,2,chair,389,92,1,136502.45,9,27,chair,0
0119171_neurosketch,18,2,chair,389,93,1,136502.45,9,27,chair,0
0119171_neurosketch,18,furniture,table,390,94,1,141002.23,9,16,table,1
0119171_neurosketch,18,furniture,table,390,95,1,141002.23,9,16,table,0
0119171_neurosketch,18,furniture,table,390,96,1,141002.23,9,16,table,0
0119171_neurosketch,18,furniture,table,390,97,1,141002.23,9,16,table,0
0119171_neurosketch,18,furniture,bench,391,98,0,147002.65,9,23,bench,1
0119171_neurosketch,18,furniture,bench,391,99,0,147002.65,9,23,bench,0
0119171_neurosketch,18,furniture,bench,391,100,0,147002.65,9,23,bench,0
0119171_neurosketch,18,furniture,bench,392,101,0,151502.26,9,32,bench,1
0119171_neurosketch,18,furniture,bench,392,102,0,151502.26,9,32,bench,0
0119171_neurosketch,18,furniture,chair,393,103,1,154502.43,9,15,chair,1
0119171_neurosketch,18,furniture,chair,393,104,1,154502.43,9,15,chair,0
0119171_neurosketch,18,furniture,bed,394,105,0,157502.92,9,2,bed,1
0119171_neurosketch,18,furniture,bed,394,106,0,157502.92,9,2,bed,0
0119171_neurosketch,18,furniture,bed,394,107,0,157502.92,9,2,bed,0
0119171_neurosketch,18,furniture,table,395,108,1,162002.91,9,28,,1
0119171_neurosketch,18,furniture,table,395,109,1,162002.91,9,28,,0
0119171_neurosketch,18,furniture,table,396,110,1,165003.55,9,14,table,1
0119171_neurosketch,18,furniture,table,396,111,1,165003.55,9,14,table,0
0119171_neurosketch,18,furniture,table,396,112,1,165003.55,9,14,table,0
0119171_neurosketch,18,furniture,bed,397,113,0,169503.08,9,37,bed,1
0119171_neurosketch,18,furniture,bed,397,114,0,169503.08,9,37,bed,0
0119171_neurosketch,18,furniture,bed,397,115,0,169503.08,9,37,bed,0
0119171_neurosketch,18,furniture,chair,398,116,1,174003.14,9,31,chair,1
0119171_neurosketch,18,furniture,chair,398,117,1,174003.14,9,31,chair,0
0119171_neurosketch,18,2,bench,399,118,0,177003.38,9,34,bench,1
0119171_neurosketch,18,2,bench,399,119,0,177003.38,9,34,bench,0
0119171_neurosketch,18,furniture,table,400,120,1,180002.5,9,11,,1
0119171_neurosketch,18,furniture,table,400,121,1,180002.5,9,11,,0
0119171_neurosketch,18,furniture,table,400,122,1,180002.5,9,11,,0
0119171_neurosketch,18,furniture,table,400,123,1,180002.5,9,11,,0
0119171_neurosketch,18,furniture,chair,401,124,1,186003.24,9,39,chair,1
0119171_neurosketch,18,furniture,chair,401,125,1,186003.24,9,39,chair,0
0119171_neurosketch,18,furniture,bench,402,126,0,189002.91,9,27,bench,1
0119171_neurosketch,18,furniture,bench,402,127,0,189002.91,9,27,bench,0
0119171_neurosketch,18,furniture,bed,403,128,0,192002.48,9,18,bed,1
0119171_neurosketch,18,furniture,bed,403,129,0,192002.48,9,18,bed,0
0119171_neurosketch,18,furniture,bed,403,130,0,192002.48,9,18,bed,0
0119171_neurosketch,18,furniture,chair,404,131,1,196503.37,9,11,chair,1
0119171_neurosketch,18,furniture,chair,404,132,1,196503.37,9,11,chair,0
0119171_neurosketch,18,furniture,chair,404,133,1,196503.37,9,11,chair,0
0119171_neurosketch,18,furniture,chair,404,134,1,196503.37,9,11,chair,0
0119171_neurosketch,18,furniture,table,405,135,1,202502.59,9,3,table,1
0119171_neurosketch,18,furniture,table,405,136,1,202502.59,9,3,table,0
0119171_neurosketch,18,furniture,table,405,137,1,202502.59,9,3,table,0
0119171_neurosketch,18,furniture,bed,406,138,0,207002.24,9,20,bed,1
0119171_neurosketch,18,furniture,bed,406,139,0,207002.24,9,20,bed,0
0119171_neurosketch,18,furniture,bench,407,140,0,210002.74,9,31,bench,1
0119171_neurosketch,18,furniture,bench,407,141,0,210002.74,9,31,bench,0
0119171_neurosketch,18,furniture,chair,408,142,1,213003.87,9,30,chair,1
0119171_neurosketch,18,furniture,chair,408,143,1,213003.87,9,30,chair,0
0119171_neurosketch,18,furniture,chair,408,144,1,213003.87,9,30,chair,0
0119171_neurosketch,18,2,bed,409,145,0,217502.69,9,23,bed,1
0119171_neurosketch,18,2,bed,409,146,0,217502.69,9,23,bed,0
0119171_neurosketch,18,2,bed,409,147,0,217502.69,9,23,bed,0
0119171_neurosketch,18,furniture,bench,410,148,0,222002.34,9,15,bench,1
0119171_neurosketch,18,furniture,bench,410,149,0,222002.34,9,15,bench,0
0119171_neurosketch,18,furniture,table,411,150,1,225002.64,9,25,chair,1
0119171_neurosketch,18,furniture,table,411,151,1,225002.64,9,25,chair,0
0119171_neurosketch,18,furniture,bench,412,152,0,228002.7,9,33,,1
0119171_neurosketch,18,furniture,bench,412,153,0,228002.7,9,33,,0
0119171_neurosketch,18,furniture,bench,412,154,0,228002.7,9,33,,0
0119171_neurosketch,18,furniture,bench,412,155,0,228002.7,9,33,,0
0119171_neurosketch,18,furniture,table,413,156,1,234002.69,9,26,table,1
0119171_neurosketch,18,furniture,table,413,157,1,234002.69,9,26,table,0
0119171_neurosketch,18,furniture,bed,414,158,0,237002.47,9,19,bed,1
0119171_neurosketch,18,furniture,bed,414,159,0,237002.47,9,19,bed,0
0119171_neurosketch,18,furniture,bed,414,160,0,237002.47,9,19,bed,0
0119171_neurosketch,18,furniture,chair,415,161,1,241503.62,9,23,chair,1
0119171_neurosketch,18,furniture,chair,415,162,1,241503.62,9,23,chair,0
0119171_neurosketch,18,furniture,bench,416,163,0,244502.4,9,10,bench,1
0119171_neurosketch,18,furniture,bench,416,164,0,244502.4,9,10,bench,0
0119171_neurosketch,18,furniture,bench,416,165,0,244502.4,9,10,bench,0
0119171_neurosketch,18,furniture,chair,417,166,1,249002.42,9,16,chair,1
0119171_neurosketch,18,furniture,chair,417,167,1,249002.42,9,16,chair,0
0119171_neurosketch,18,furniture,chair,417,168,1,249002.42,9,16,chair,0
0119171_neurosketch,18,furniture,table,418,169,1,253502.2,9,15,table,1
0119171_neurosketch,18,furniture,table,418,170,1,253502.2,9,15,table,0
0119171_neurosketch,18,furniture,table,418,171,1,253502.2,9,15,table,0
0119171_neurosketch,18,furniture,table,418,172,1,253502.2,9,15,table,0
0119171_neurosketch,18,2,bed,419,173,0,259502.17,9,16,bed,1
0119171_neurosketch,18,2,bed,419,174,0,259502.17,9,16,bed,0
0119171_neurosketch,18,2,bed,419,175,0,259502.17,9,16,bed,0
0119171_neurosketch,18,furniture,chair,420,176,1,264002.88,9,17,chair,1
0119171_neurosketch,18,furniture,chair,420,177,1,264002.88,9,17,chair,0
0119171_neurosketch,18,furniture,chair,420,178,1,264002.88,9,17,chair,0
0119171_neurosketch,18,furniture,bed,421,179,0,268502.86,9,21,bed,1
0119171_neurosketch,18,furniture,bed,421,180,0,268502.86,9,21,bed,0
0119171_neurosketch,18,furniture,table,422,181,1,271502.43,9,8,table,1
0119171_neurosketch,18,furniture,table,422,182,1,271502.43,9,8,table,0
0119171_neurosketch,18,furniture,table,422,183,1,271502.43,9,8,table,0
0119171_neurosketch,18,furniture,bench,423,184,0,276002.39,9,3,bench,1
0119171_neurosketch,18,furniture,bench,423,185,0,276002.39,9,3,bench,0
0119171_neurosketch,18,furniture,bench,423,186,0,276002.39,9,3,bench,0
0119171_neurosketch,18,furniture,bench,423,187,0,276002.39,9,3,bench,0
0119171_neurosketch,18,furniture,table,424,188,1,282002.8,9,23,table,1
0119171_neurosketch,18,furniture,table,424,189,1,282002.8,9,23,table,0
0119171_neurosketch,18,furniture,bed,425,190,0,285002.92,9,31,bed,1
0119171_neurosketch,18,furniture,bed,425,191,0,285002.92,9,31,bed,0
0119171_neurosketch,18,furniture,bed,425,192,0,285002.92,9,31,bed,0
0119171_neurosketch,18,furniture,bed,425,193,0,285002.92,9,31,bed,0
0119171_neurosketch,18,furniture,chair,426,194,1,291004.8,9,28,chair,1
0119171_neurosketch,18,furniture,chair,426,195,1,291004.8,9,28,chair,0
0119171_neurosketch,18,furniture,bench,427,196,0,294002.58,9,14,,1
0119171_neurosketch,18,furniture,bench,427,197,0,294002.58,9,14,,0
0119171_neurosketch,18,furniture,bench,427,198,0,294002.58,9,14,,0
0119171_neurosketch,18,furniture,bench,427,199,0,294002.58,9,14,,0
0119171_neurosketch,18,furniture,bed,428,200,0,300002.71,9,1,bed,1
0119171_neurosketch,18,furniture,bed,428,201,0,300002.71,9,1,bed,0
0119171_neurosketch,18,furniture,bed,428,202,0,300002.71,9,1,bed,0
0119171_neurosketch,18,2,chair,429,203,1,304502.32,9,5,,1
0119171_neurosketch,18,2,chair,429,204,1,304502.32,9,5,,0
0119171_neurosketch,18,2,chair,429,205,1,304502.32,9,5,,0
0119171_neurosketch,18,furniture,bench,430,206,0,309002.75,9,1,bench,1
0119171_neurosketch,18,furniture,bench,430,207,0,309002.75,9,1,bench,0
0119171_neurosketch,18,furniture,bench,430,208,0,309002.75,9,1,bench,0
0119171_neurosketch,18,furniture,bench,430,209,0,309002.75,9,1,bench,0
0119171_neurosketch,18,furniture,table,431,210,1,315004.32,9,17,table,1
0119171_neurosketch,18,furniture,table,431,211,1,315004.32,9,17,table,0
0119171_neurosketch,18,furniture,table,431,212,1,315004.32,9,17,table,0
0119171_neurosketch,18,furniture,chair,432,213,1,319503.16,9,9,chair,1
0119171_neurosketch,18,furniture,chair,432,214,1,319503.16,9,9,chair,0
0119171_neurosketch,18,furniture,bench,433,215,0,322503.24,9,26,bed,1
0119171_neurosketch,18,furniture,bench,433,216,0,322503.24,9,26,bed,0
0119171_neurosketch,18,furniture,table,434,217,1,325502.5,9,33,,1
0119171_neurosketch,18,furniture,table,434,218,1,325502.5,9,33,,0
0119171_neurosketch,18,furniture,table,434,219,1,325502.5,9,33,,0
0119171_neurosketch,18,furniture,bed,435,220,0,330003.57,9,30,bed,1
0119171_neurosketch,18,furniture,bed,435,221,0,330003.57,9,30,bed,0
0119171_neurosketch,18,furniture,bench,436,222,0,333003.1,9,5,bench,1
0119171_neurosketch,18,furniture,bench,436,223,0,333003.1,9,5,bench,0
0119171_neurosketch,18,furniture,bench,436,224,0,333003.1,9,5,bench,0
0119171_neurosketch,18,furniture,chair,437,225,1,337502.62,9,4,chair,1
0119171_neurosketch,18,furniture,chair,437,226,1,337502.62,9,4,chair,0
0119171_neurosketch,18,furniture,chair,437,227,1,337502.62,9,4,chair,0
0119171_neurosketch,18,furniture,table,438,228,1,342003.03,9,6,table,1
0119171_neurosketch,18,furniture,table,438,229,1,342003.03,9,6,table,0
0119171_neurosketch,18,2,bed,439,230,0,345002.26,9,10,bed,1
0119171_neurosketch,18,2,bed,439,231,0,345002.26,9,10,bed,0
0119171_neurosketch,18,2,bed,439,232,0,345002.26,9,10,bed,0
0119171_neurosketch,18,2,bed,439,233,0,345002.26,9,10,bed,0
0119171_neurosketch,18,2,bed,439,234,0,345002.26,9,10,bed,0
0119171_neurosketch,18,2,bed,439,235,0,345002.26,9,10,bed,0
0119171_neurosketch,18,2,bed,439,236,0,345002.26,9,10,bed,0
0119171_neurosketch,18,2,bed,439,237,0,345002.26,9,10,bed,0
0119171_neurosketch,18,2,bed,439,238,0,345002.26,9,10,bed,0
0119171_neurosketch,18,2,bed,439,239,0,345002.26,9,10,bed,0
0119171_neurosketch,18,furniture,bench,440,0,-1,0.0,10,28,bench,0
0119171_neurosketch,18,furniture,bench,440,1,-1,0.0,10,28,bench,0
0119171_neurosketch,18,furniture,bench,440,2,-1,0.0,10,28,bench,0
0119171_neurosketch,18,furniture,bench,440,3,-1,0.0,10,28,bench,0
0119171_neurosketch,18,furniture,bench,440,4,-1,0.0,10,28,bench,0
0119171_neurosketch,18,furniture,bench,440,5,-1,0.0,10,28,bench,0
0119171_neurosketch,18,furniture,bench,440,6,-1,0.0,10,28,bench,0
0119171_neurosketch,18,furniture,bench,440,7,-1,0.0,10,28,bench,0
0119171_neurosketch,18,furniture,bench,440,8,0,12001.45,10,28,bench,1
0119171_neurosketch,18,furniture,bench,440,9,0,12001.45,10,28,bench,0
0119171_neurosketch,18,furniture,bench,440,10,0,12001.45,10,28,bench,0
0119171_neurosketch,18,furniture,bench,440,11,0,12001.45,10,28,bench,0
0119171_neurosketch,18,furniture,table,441,12,1,18001.48,10,34,table,1
0119171_neurosketch,18,furniture,table,441,13,1,18001.48,10,34,table,0
0119171_neurosketch,18,furniture,chair,442,14,1,21001.18,10,33,chair,1
0119171_neurosketch,18,furniture,chair,442,15,1,21001.18,10,33,chair,0
0119171_neurosketch,18,furniture,bed,443,16,0,24001.62,10,39,bed,1
0119171_neurosketch,18,furniture,bed,443,17,0,24001.62,10,39,bed,0
0119171_neurosketch,18,furniture,bed,443,18,0,24001.62,10,39,bed,0
0119171_neurosketch,18,furniture,table,444,19,1,28501.27,10,20,table,1
0119171_neurosketch,18,furniture,table,444,20,1,28501.27,10,20,table,0
0119171_neurosketch,18,furniture,table,444,21,1,28501.27,10,20,table,0
0119171_neurosketch,18,furniture,table,444,22,1,28501.27,10,20,table,0
0119171_neurosketch,18,furniture,bench,445,23,0,34501.7,10,13,bench,1
0119171_neurosketch,18,furniture,bench,445,24,0,34501.7,10,13,bench,0
0119171_neurosketch,18,furniture,bench,445,25,0,34501.7,10,13,bench,0
0119171_neurosketch,18,furniture,chair,446,26,1,39001.38,10,26,chair,1
0119171_neurosketch,18,furniture,chair,446,27,1,39001.38,10,26,chair,0
0119171_neurosketch,18,furniture,bed,447,28,0,42002.07,10,36,bed,1
0119171_neurosketch,18,furniture,bed,447,29,0,42002.07,10,36,bed,0
0119171_neurosketch,18,furniture,table,448,30,1,45001.95,10,27,table,1
0119171_neurosketch,18,furniture,table,448,31,1,45001.95,10,27,table,0
0119171_neurosketch,18,furniture,table,448,32,1,45001.95,10,27,table,0
0119171_neurosketch,18,2,bench,449,33,0,49501.83,10,11,bench,1
0119171_neurosketch,18,2,bench,449,34,0,49501.83,10,11,bench,0
0119171_neurosketch,18,2,bench,449,35,0,49501.83,10,11,bench,0
0119171_neurosketch,18,furniture,bed,450,36,0,54001.75,10,17,bed,1
0119171_neurosketch,18,furniture,bed,450,37,0,54001.75,10,17,bed,0
0119171_neurosketch,18,furniture,chair,451,38,1,57002.48,10,38,chair,1
0119171_neurosketch,18,furniture,chair,451,39,1,57002.48,10,38,chair,0
0119171_neurosketch,18,furniture,chair,452,40,1,60002.12,10,8,chair,1
0119171_neurosketch,18,furniture,chair,452,41,1,60002.12,10,8,chair,0
0119171_neurosketch,18,furniture,chair,452,42,1,60002.12,10,8,chair,0
0119171_neurosketch,18,furniture,chair,452,43,1,60002.12,10,8,chair,0
0119171_neurosketch,18,furniture,table,453,44,1,66002.39,10,39,table,1
0119171_neurosketch,18,furniture,table,453,45,1,66002.39,10,39,table,0
0119171_neurosketch,18,furniture,bed,454,46,0,69002.16,10,27,bed,1
0119171_neurosketch,18,furniture,bed,454,47,0,69002.16,10,27,bed,0
0119171_neurosketch,18,furniture,bed,454,48,0,69002.16,10,27,bed,0
0119171_neurosketch,18,furniture,bench,455,49,0,73501.72,10,7,bench,1
0119171_neurosketch,18,furniture,bench,455,50,0,73501.72,10,7,bench,0
0119171_neurosketch,18,furniture,chair,456,51,1,76502.52,10,37,chair,1
0119171_neurosketch,18,furniture,chair,456,52,1,76502.52,10,37,chair,0
0119171_neurosketch,18,furniture,chair,456,53,1,76502.52,10,37,chair,0
0119171_neurosketch,18,furniture,table,457,54,1,81002.03,10,5,table,1
0119171_neurosketch,18,furniture,table,457,55,1,81002.03,10,5,table,0
0119171_neurosketch,18,furniture,table,457,56,1,81002.03,10,5,table,0
0119171_neurosketch,18,furniture,bed,458,57,0,85502.44,10,9,bed,1
0119171_neurosketch,18,furniture,bed,458,58,0,85502.44,10,9,bed,0
0119171_neurosketch,18,furniture,bed,458,59,0,85502.44,10,9,bed,0
0119171_neurosketch,18,furniture,bed,458,60,0,85502.44,10,9,bed,0
0119171_neurosketch,18,2,bench,459,61,0,91502.56,10,37,bench,1
0119171_neurosketch,18,2,bench,459,62,0,91502.56,10,37,bench,0
0119171_neurosketch,18,2,bench,459,63,0,91502.56,10,37,bench,0
0119171_neurosketch,18,furniture,bench,460,64,0,96002.59,10,22,bench,1
0119171_neurosketch,18,furniture,bench,460,65,0,96002.59,10,22,bench,0
0119171_neurosketch,18,furniture,bench,460,66,0,96002.59,10,22,bench,0
0119171_neurosketch,18,furniture,table,461,67,1,100502.13,10,2,table,1
0119171_neurosketch,18,furniture,table,461,68,1,100502.13,10,2,table,0
0119171_neurosketch,18,furniture,chair,462,69,1,103502.52,10,0,chair,1
0119171_neurosketch,18,furniture,chair,462,70,1,103502.52,10,0,chair,0
0119171_neurosketch,18,furniture,chair,462,71,1,103502.52,10,0,chair,0
0119171_neurosketch,18,furniture,bed,463,72,0,108001.81,10,24,bed,1
0119171_neurosketch,18,furniture,bed,463,73,0,108001.81,10,24,bed,0
0119171_neurosketch,18,furniture,bed,463,74,0,108001.81,10,24,bed,0
0119171_neurosketch,18,furniture,bed,463,75,0,108001.81,10,24,bed,0
0119171_neurosketch,18,furniture,bed,464,76,0,114002.89,10,25,bed,1
0119171_neurosketch,18,furniture,bed,464,77,0,114002.89,10,25,bed,0
0119171_neurosketch,18,furniture,table,465,78,1,117002.14,10,32,table,1
0119171_neurosketch,18,furniture,table,465,79,1,117002.14,10,32,table,0
0119171_neurosketch,18,furniture,table,465,80,1,117002.14,10,32,table,0
0119171_neurosketch,18,furniture,table,465,81,1,117002.14,10,32,table,0
0119171_neurosketch,18,furniture,bench,466,82,0,123002.2,10,36,bench,1
0119171_neurosketch,18,furniture,bench,466,83,0,123002.2,10,36,bench,0
0119171_neurosketch,18,furniture,chair,467,84,1,126002.45,10,34,chair,1
0119171_neurosketch,18,furniture,chair,467,85,1,126002.45,10,34,chair,0
0119171_neurosketch,18,furniture,chair,467,86,1,126002.45,10,34,chair,0
0119171_neurosketch,18,furniture,chair,467,87,1,126002.45,10,34,chair,0
0119171_neurosketch,18,furniture,bench,468,88,0,132002.95,10,6,bench,1
0119171_neurosketch,18,furniture,bench,468,89,0,132002.95,10,6,bench,0
0119171_neurosketch,18,furniture,bench,468,90,0,132002.95,10,6,bench,0
0119171_neurosketch,18,2,chair,469,91,1,136502.92,10,29,chair,1
0119171_neurosketch,18,2,chair,469,92,1,136502.92,10,29,chair,0
0119171_neurosketch,18,2,chair,469,93,1,136502.92,10,29,chair,0
0119171_neurosketch,18,furniture,table,470,94,1,141002.86,10,21,table,1
0119171_neurosketch,18,furniture,table,470,95,1,141002.86,10,21,table,0
0119171_neurosketch,18,furniture,table,470,96,1,141002.86,10,21,table,0
0119171_neurosketch,18,furniture,table,470,97,1,141002.86,10,21,table,0
0119171_neurosketch,18,furniture,bed,471,98,0,147002.83,10,0,bed,1
0119171_neurosketch,18,furniture,bed,471,99,0,147002.83,10,0,bed,0
0119171_neurosketch,18,furniture,bed,471,100,0,147002.83,10,0,bed,0
0119171_neurosketch,18,furniture,bench,472,101,0,151502.69,10,18,bench,1
0119171_neurosketch,18,furniture,bench,472,102,0,151502.69,10,18,bench,0
0119171_neurosketch,18,furniture,chair,473,103,1,154502.79,10,32,chair,1
0119171_neurosketch,18,furniture,chair,473,104,1,154502.79,10,32,chair,0
0119171_neurosketch,18,furniture,bed,474,105,0,157502.99,10,34,bed,1
0119171_neurosketch,18,furniture,bed,474,106,0,157502.99,10,34,bed,0
0119171_neurosketch,18,furniture,bed,474,107,0,157502.99,10,34,bed,0
0119171_neurosketch,18,furniture,table,475,108,1,162002.29,10,31,table,1
0119171_neurosketch,18,furniture,table,475,109,1,162002.29,10,31,table,0
0119171_neurosketch,18,furniture,table,476,110,1,165002.12,10,7,table,1
0119171_neurosketch,18,furniture,table,476,111,1,165002.12,10,7,table,0
0119171_neurosketch,18,furniture,table,476,112,1,165002.12,10,7,table,0
0119171_neurosketch,18,furniture,bed,477,113,0,169502.8,10,12,bed,1
0119171_neurosketch,18,furniture,bed,477,114,0,169502.8,10,12,bed,0
0119171_neurosketch,18,furniture,bed,477,115,0,169502.8,10,12,bed,0
0119171_neurosketch,18,furniture,bench,478,116,0,174003.2,10,4,bench,1
0119171_neurosketch,18,furniture,bench,478,117,0,174003.2,10,4,bench,0
0119171_neurosketch,18,2,chair,479,118,1,177001.86,10,2,chair,1
0119171_neurosketch,18,2,chair,479,119,1,177001.86,10,2,chair,0
0119171_neurosketch,18,furniture,bench,480,120,0,180005.19,10,35,bench,1
0119171_neurosketch,18,furniture,bench,480,121,0,180005.19,10,35,bench,0
0119171_neurosketch,18,furniture,bench,480,122,0,180005.19,10,35,bench,0
0119171_neurosketch,18,furniture,bench,480,123,0,180005.19,10,35,bench,0
0119171_neurosketch,18,furniture,table,481,124,1,186002.27,10,1,table,1
0119171_neurosketch,18,furniture,table,481,125,1,186002.27,10,1,table,0
0119171_neurosketch,18,furniture,bed,482,126,0,189002.13,10,13,bed,1
0119171_neurosketch,18,furniture,bed,482,127,0,189002.13,10,13,bed,0
0119171_neurosketch,18,furniture,chair,483,128,1,192002.84,10,1,chair,1
0119171_neurosketch,18,furniture,chair,483,129,1,192002.84,10,1,chair,0
0119171_neurosketch,18,furniture,chair,483,130,1,192002.84,10,1,chair,0
0119171_neurosketch,18,furniture,chair,484,131,1,196502.3,10,25,chair,1
0119171_neurosketch,18,furniture,chair,484,132,1,196502.3,10,25,chair,0
0119171_neurosketch,18,furniture,chair,484,133,1,196502.3,10,25,chair,0
0119171_neurosketch,18,furniture,chair,484,134,1,196502.3,10,25,chair,0
0119171_neurosketch,18,furniture,bed,485,135,0,202502.25,10,5,bed,1
0119171_neurosketch,18,furniture,bed,485,136,0,202502.25,10,5,bed,0
0119171_neurosketch,18,furniture,bed,485,137,0,202502.25,10,5,bed,0
0119171_neurosketch,18,furniture,bench,486,138,0,207002.41,10,8,bench,1
0119171_neurosketch,18,furniture,bench,486,139,0,207002.41,10,8,bench,0
0119171_neurosketch,18,furniture,table,487,140,1,210002.31,10,30,table,1
0119171_neurosketch,18,furniture,table,487,141,1,210002.31,10,30,table,0
0119171_neurosketch,18,furniture,bench,488,142,0,213003.02,10,9,bench,1
0119171_neurosketch,18,furniture,bench,488,143,0,213003.02,10,9,bench,0
0119171_neurosketch,18,furniture,bench,488,144,0,213003.02,10,9,bench,0
0119171_neurosketch,18,2,chair,489,145,1,217503.68,10,6,chair,1
0119171_neurosketch,18,2,chair,489,146,1,217503.68,10,6,chair,0
0119171_neurosketch,18,2,chair,489,147,1,217503.68,10,6,chair,0
0119171_neurosketch,18,furniture,bed,490,148,0,222002.57,10,8,bed,1
0119171_neurosketch,18,furniture,bed,490,149,0,222002.57,10,8,bed,0
0119171_neurosketch,18,furniture,table,491,150,1,225002.59,10,35,table,1
0119171_neurosketch,18,furniture,table,491,151,1,225002.59,10,35,table,0
0119171_neurosketch,18,furniture,table,492,152,1,228002.17,10,4,table,1
0119171_neurosketch,18,furniture,table,492,153,1,228002.17,10,4,table,0
0119171_neurosketch,18,furniture,table,492,154,1,228002.17,10,4,table,0
0119171_neurosketch,18,furniture,table,492,155,1,228002.17,10,4,table,0
0119171_neurosketch,18,furniture,bench,493,156,0,234001.86,10,30,bench,1
0119171_neurosketch,18,furniture,bench,493,157,0,234001.86,10,30,bench,0
0119171_neurosketch,18,furniture,bed,494,158,0,237002.22,10,11,bed,1
0119171_neurosketch,18,furniture,bed,494,159,0,237002.22,10,11,bed,0
0119171_neurosketch,18,furniture,bed,494,160,0,237002.22,10,11,bed,0
0119171_neurosketch,18,furniture,chair,495,161,1,241502.93,10,7,chair,1
0119171_neurosketch,18,furniture,chair,495,162,1,241502.93,10,7,chair,0
0119171_neurosketch,18,furniture,table,496,163,1,244502.21,10,9,table,1
0119171_neurosketch,18,furniture,table,496,164,1,244502.21,10,9,table,0
0119171_neurosketch,18,furniture,table,496,165,1,244502.21,10,9,table,0
0119171_neurosketch,18,furniture,bench,497,166,0,249002.69,10,38,bench,1
0119171_neurosketch,18,furniture,bench,497,167,0,249002.69,10,38,bench,0
0119171_neurosketch,18,furniture,bench,497,168,0,249002.69,10,38,bench,0
0119171_neurosketch,18,furniture,chair,498,169,1,253502.37,10,36,chair,1
0119171_neurosketch,18,furniture,chair,498,170,1,253502.37,10,36,chair,0
0119171_neurosketch,18,furniture,chair,498,171,1,253502.37,10,36,chair,0
0119171_neurosketch,18,furniture,chair,498,172,1,253502.37,10,36,chair,0
0119171_neurosketch,18,2,bed,499,173,0,259502.21,10,33,bed,1
0119171_neurosketch,18,2,bed,499,174,0,259502.21,10,33,bed,0
0119171_neurosketch,18,2,bed,499,175,0,259502.21,10,33,bed,0
0119171_neurosketch,18,furniture,bench,500,176,0,264002.85,10,2,bench,1
0119171_neurosketch,18,furniture,bench,500,177,0,264002.85,10,2,bench,0
0119171_neurosketch,18,furniture,bench,500,178,0,264002.85,10,2,bench,0
0119171_neurosketch,18,furniture,chair,501,179,1,268501.68,10,22,chair,1
0119171_neurosketch,18,furniture,chair,501,180,1,268501.68,10,22,chair,0
0119171_neurosketch,18,furniture,table,502,181,1,271502.29,10,37,table,1
0119171_neurosketch,18,furniture,table,502,182,1,271502.29,10,37,table,0
0119171_neurosketch,18,furniture,table,502,183,1,271502.29,10,37,table,0
0119171_neurosketch,18,furniture,bed,503,184,0,276002.85,10,3,bed,1
0119171_neurosketch,18,furniture,bed,503,185,0,276002.85,10,3,bed,0
0119171_neurosketch,18,furniture,bed,503,186,0,276002.85,10,3,bed,0
0119171_neurosketch,18,furniture,bed,503,187,0,276002.85,10,3,bed,0
0119171_neurosketch,18,furniture,bed,504,188,0,282002.71,10,29,bed,1
0119171_neurosketch,18,furniture,bed,504,189,0,282002.71,10,29,bed,0
0119171_neurosketch,18,furniture,table,505,190,1,285001.97,10,19,,1
0119171_neurosketch,18,furniture,table,505,191,1,285001.97,10,19,,0
0119171_neurosketch,18,furniture,table,505,192,1,285001.97,10,19,,0
0119171_neurosketch,18,furniture,table,505,193,1,285001.97,10,19,,0
0119171_neurosketch,18,furniture,chair,506,194,1,291003.92,10,20,chair,1
0119171_neurosketch,18,furniture,chair,506,195,1,291003.92,10,20,chair,0
0119171_neurosketch,18,furniture,bench,507,196,0,294002.22,10,12,bed,1
0119171_neurosketch,18,furniture,bench,507,197,0,294002.22,10,12,bed,0
0119171_neurosketch,18,furniture,bench,507,198,0,294002.22,10,12,bed,0
0119171_neurosketch,18,furniture,bench,507,199,0,294002.22,10,12,bed,0
0119171_neurosketch,18,furniture,table,508,200,1,300002.11,10,18,table,1
0119171_neurosketch,18,furniture,table,508,201,1,300002.11,10,18,table,0
0119171_neurosketch,18,furniture,table,508,202,1,300002.11,10,18,table,0
0119171_neurosketch,18,2,bed,509,203,0,304503.14,10,15,bed,1
0119171_neurosketch,18,2,bed,509,204,0,304503.14,10,15,bed,0
0119171_neurosketch,18,2,bed,509,205,0,304503.14,10,15,bed,0
0119171_neurosketch,18,furniture,chair,510,206,1,309001.77,10,21,chair,1
0119171_neurosketch,18,furniture,chair,510,207,1,309001.77,10,21,chair,0
0119171_neurosketch,18,furniture,chair,510,208,1,309001.77,10,21,chair,0
0119171_neurosketch,18,furniture,chair,510,209,1,309001.77,10,21,chair,0
0119171_neurosketch,18,furniture,bench,511,210,0,315002.98,10,24,bench,1
0119171_neurosketch,18,furniture,bench,511,211,0,315002.98,10,24,bench,0
0119171_neurosketch,18,furniture,bench,511,212,0,315002.98,10,24,bench,0
0119171_neurosketch,18,furniture,bench,512,213,0,319502.29,10,39,bench,1
0119171_neurosketch,18,furniture,bench,512,214,0,319502.29,10,39,bench,0
0119171_neurosketch,18,furniture,bed,513,215,0,322503.01,10,14,bed,1
0119171_neurosketch,18,furniture,bed,513,216,0,322503.01,10,14,bed,0
0119171_neurosketch,18,furniture,chair,514,217,1,325502.98,10,24,chair,1
0119171_neurosketch,18,furniture,chair,514,218,1,325502.98,10,24,chair,0
0119171_neurosketch,18,furniture,chair,514,219,1,325502.98,10,24,chair,0
0119171_neurosketch,18,furniture,table,515,220,1,330002.88,10,12,table,1
0119171_neurosketch,18,furniture,table,515,221,1,330002.88,10,12,table,0
0119171_neurosketch,18,furniture,bench,516,222,0,333003.14,10,20,bench,1
0119171_neurosketch,18,furniture,bench,516,223,0,333003.14,10,20,bench,0
0119171_neurosketch,18,furniture,bench,516,224,0,333003.14,10,20,bench,0
0119171_neurosketch,18,furniture,table,517,225,1,337502.24,10,13,table,1
0119171_neurosketch,18,furniture,table,517,226,1,337502.24,10,13,table,0
0119171_neurosketch,18,furniture,table,517,227,1,337502.24,10,13,table,0
0119171_neurosketch,18,furniture,bed,518,228,0,342003.01,10,35,bed,1
0119171_neurosketch,18,furniture,bed,518,229,0,342003.01,10,35,bed,0
0119171_neurosketch,18,2,chair,519,230,1,345003.12,10,13,chair,1
0119171_neurosketch,18,2,chair,519,231,1,345003.12,10,13,chair,0
0119171_neurosketch,18,2,chair,519,232,1,345003.12,10,13,chair,0
0119171_neurosketch,18,2,chair,519,233,1,345003.12,10,13,chair,0
0119171_neurosketch,18,2,chair,519,234,1,345003.12,10,13,chair,0
0119171_neurosketch,18,2,chair,519,235,1,345003.12,10,13,chair,0
0119171_neurosketch,18,2,chair,519,236,1,345003.12,10,13,chair,0
0119171_neurosketch,18,2,chair,519,237,1,345003.12,10,13,chair,0
0119171_neurosketch,18,2,chair,519,238,1,345003.12,10,13,chair,0
0119171_neurosketch,18,2,chair,519,239,1,345003.12,10,13,chair,0
