wID,versionNum,category,object,trial,TRnum,condition,onset_time,run_num,viewpoint,response,onset
0120173_neurosketch,18,furniture,chair,0,0,-1,0.0,1,2,,0
0120173_neurosketch,18,furniture,chair,0,1,-1,0.0,1,2,,0
0120173_neurosketch,18,furniture,chair,0,2,-1,0.0,1,2,,0
0120173_neurosketch,18,furniture,chair,0,3,-1,0.0,1,2,,0
0120173_neurosketch,18,furniture,chair,0,4,-1,0.0,1,2,,0
0120173_neurosketch,18,furniture,chair,0,5,-1,0.0,1,2,,0
0120173_neurosketch,18,furniture,chair,0,6,-1,0.0,1,2,,0
0120173_neurosketch,18,furniture,chair,0,7,-1,0.0,1,2,,0
0120173_neurosketch,18,furniture,chair,0,8,1,12004.16,1,2,,1
0120173_neurosketch,18,furniture,chair,0,9,1,12004.16,1,2,,0
0120173_neurosketch,18,furniture,chair,0,10,1,12004.16,1,2,,0
0120173_neurosketch,18,furniture,chair,0,11,1,12004.16,1,2,,0
0120173_neurosketch,18,furniture,chair,0,12,1,12004.16,1,2,,0
0120173_neurosketch,18,furniture,chair,0,13,1,12004.16,1,2,,0
0120173_neurosketch,18,furniture,bench,1,14,0,21002.61,1,38,bench,1
0120173_neurosketch,18,furniture,bench,1,15,0,21002.61,1,38,bench,0
0120173_neurosketch,18,furniture,bench,1,16,0,21002.61,1,38,bench,0
0120173_neurosketch,18,furniture,bench,1,17,0,21002.61,1,38,bench,0
0120173_neurosketch,18,furniture,bed,2,18,0,27002.62,1,11,,1
0120173_neurosketch,18,furniture,bed,2,19,0,27002.62,1,11,,0
0120173_neurosketch,18,furniture,bed,2,20,0,27002.62,1,11,,0
0120173_neurosketch,18,furniture,table,3,21,1,31503.38,1,27,,1
0120173_neurosketch,18,furniture,table,3,22,1,31503.38,1,27,,0
0120173_neurosketch,18,furniture,table,4,23,1,34503.54,1,21,,1
0120173_neurosketch,18,furniture,table,4,24,1,34503.54,1,21,,0
0120173_neurosketch,18,furniture,bed,5,25,0,37502.56,1,12,bed,1
0120173_neurosketch,18,furniture,bed,5,26,0,37502.56,1,12,bed,0
0120173_neurosketch,18,furniture,bench,6,27,0,40501.65,1,13,bench,1
0120173_neurosketch,18,furniture,bench,6,28,0,40501.65,1,13,bench,0
0120173_neurosketch,18,furniture,chair,7,29,1,43502.79,1,13,chair,1
0120173_neurosketch,18,furniture,chair,7,30,1,43502.79,1,13,chair,0
0120173_neurosketch,18,furniture,chair,7,31,1,43502.79,1,13,chair,0
0120173_neurosketch,18,furniture,chair,7,32,1,43502.79,1,13,chair,0
0120173_neurosketch,18,furniture,bed,8,33,0,49503.76,1,31,,1
0120173_neurosketch,18,furniture,bed,8,34,0,49503.76,1,31,,0
0120173_neurosketch,18,furniture,bed,8,35,0,49503.76,1,31,,0
0120173_neurosketch,18,2,table,9,36,1,54002.15,1,38,,1
0120173_neurosketch,18,2,table,9,37,1,54002.15,1,38,,0
0120173_neurosketch,18,furniture,bench,10,38,0,57002.28,1,11,,1
0120173_neurosketch,18,furniture,bench,10,39,0,57002.28,1,11,,0
0120173_neurosketch,18,furniture,bench,10,40,0,57002.28,1,11,,0
0120173_neurosketch,18,furniture,chair,11,41,1,61501.85,1,11,,1
0120173_neurosketch,18,furniture,chair,11,42,1,61501.85,1,11,,0
0120173_neurosketch,18,furniture,chair,11,43,1,61501.85,1,11,,0
0120173_neurosketch,18,furniture,bench,12,44,0,66002.63,1,0,,1
0120173_neurosketch,18,furniture,bench,12,45,0,66002.63,1,0,,0
0120173_neurosketch,18,furniture,bench,12,46,0,66002.63,1,0,,0
0120173_neurosketch,18,furniture,table,13,47,1,70502.55,1,31,,1
0120173_neurosketch,18,furniture,table,13,48,1,70502.55,1,31,,0
0120173_neurosketch,18,furniture,chair,14,49,1,73503.11,1,1,,1
0120173_neurosketch,18,furniture,chair,14,50,1,73503.11,1,1,,0
0120173_neurosketch,18,furniture,chair,14,51,1,73503.11,1,1,,0
0120173_neurosketch,18,furniture,chair,14,52,1,73503.11,1,1,,0
0120173_neurosketch,18,furniture,bed,15,53,0,79502.47,1,28,,1
0120173_neurosketch,18,furniture,bed,15,54,0,79502.47,1,28,,0
0120173_neurosketch,18,furniture,bed,15,55,0,79502.47,1,28,,0
0120173_neurosketch,18,furniture,bed,16,56,0,84003.14,1,24,,1
0120173_neurosketch,18,furniture,bed,16,57,0,84003.14,1,24,,0
0120173_neurosketch,18,furniture,bench,17,58,0,87004.55,1,12,,1
0120173_neurosketch,18,furniture,bench,17,59,0,87004.55,1,12,,0
0120173_neurosketch,18,furniture,chair,18,60,1,90003.04,1,24,,1
0120173_neurosketch,18,furniture,chair,18,61,1,90003.04,1,24,,0
0120173_neurosketch,18,furniture,chair,18,62,1,90003.04,1,24,,0
0120173_neurosketch,18,2,table,19,63,1,94502.44,1,18,,1
0120173_neurosketch,18,2,table,19,64,1,94502.44,1,18,,0
0120173_neurosketch,18,2,table,19,65,1,94502.44,1,18,,0
0120173_neurosketch,18,furniture,bed,20,66,0,99002.74,1,21,,1
0120173_neurosketch,18,furniture,bed,20,67,0,99002.74,1,21,,0
0120173_neurosketch,18,furniture,bed,20,68,0,99002.74,1,21,,0
0120173_neurosketch,18,furniture,bench,21,69,0,103502.78,1,20,,1
0120173_neurosketch,18,furniture,bench,21,70,0,103502.78,1,20,,0
0120173_neurosketch,18,furniture,bench,21,71,0,103502.78,1,20,,0
0120173_neurosketch,18,furniture,chair,22,72,1,108003.79,1,32,,1
0120173_neurosketch,18,furniture,chair,22,73,1,108003.79,1,32,,0
0120173_neurosketch,18,furniture,chair,22,74,1,108003.79,1,32,,0
0120173_neurosketch,18,furniture,chair,22,75,1,108003.79,1,32,,0
0120173_neurosketch,18,furniture,table,23,76,1,114003.27,1,37,,1
0120173_neurosketch,18,furniture,table,23,77,1,114003.27,1,37,,0
0120173_neurosketch,18,furniture,bench,24,78,0,117002.02,1,6,,1
0120173_neurosketch,18,furniture,bench,24,79,0,117002.02,1,6,,0
0120173_neurosketch,18,furniture,table,25,80,1,120003.03,1,15,,1
0120173_neurosketch,18,furniture,table,25,81,1,120003.03,1,15,,0
0120173_neurosketch,18,furniture,table,25,82,1,120003.03,1,15,,0
0120173_neurosketch,18,furniture,bed,26,83,0,124502.79,1,4,bed,1
0120173_neurosketch,18,furniture,bed,26,84,0,124502.79,1,4,bed,0
0120173_neurosketch,18,furniture,chair,27,85,1,127505.16,1,17,chair,1
0120173_neurosketch,18,furniture,chair,27,86,1,127505.16,1,17,chair,0
0120173_neurosketch,18,furniture,chair,27,87,1,127505.16,1,17,chair,0
0120173_neurosketch,18,furniture,table,28,88,1,132002.21,1,36,table,1
0120173_neurosketch,18,furniture,table,28,89,1,132002.21,1,36,table,0
0120173_neurosketch,18,furniture,table,28,90,1,132002.21,1,36,table,0
0120173_neurosketch,18,furniture,table,28,91,1,132002.21,1,36,table,0
0120173_neurosketch,18,2,bed,29,92,0,138002.83,1,5,bed,1
0120173_neurosketch,18,2,bed,29,93,0,138002.83,1,5,bed,0
0120173_neurosketch,18,2,bed,29,94,0,138002.83,1,5,bed,0
0120173_neurosketch,18,2,bed,29,95,0,138002.83,1,5,bed,0
0120173_neurosketch,18,furniture,chair,30,96,1,144003.39,1,14,chair,1
0120173_neurosketch,18,furniture,chair,30,97,1,144003.39,1,14,chair,0
0120173_neurosketch,18,furniture,bench,31,98,0,147002.11,1,39,,1
0120173_neurosketch,18,furniture,bench,31,99,0,147002.11,1,39,,0
0120173_neurosketch,18,furniture,chair,32,100,1,150002.3,1,16,chair,1
0120173_neurosketch,18,furniture,chair,32,101,1,150002.3,1,16,chair,0
0120173_neurosketch,18,furniture,bench,33,102,0,153002.59,1,24,,1
0120173_neurosketch,18,furniture,bench,33,103,0,153002.59,1,24,,0
0120173_neurosketch,18,furniture,bench,33,104,0,153002.59,1,24,,0
0120173_neurosketch,18,furniture,table,34,105,1,157502.17,1,13,table,1
0120173_neurosketch,18,furniture,table,34,106,1,157502.17,1,13,table,0
0120173_neurosketch,18,furniture,table,34,107,1,157502.17,1,13,table,0
0120173_neurosketch,18,furniture,bed,35,108,0,162002.91,1,37,bed,1
0120173_neurosketch,18,furniture,bed,35,109,0,162002.91,1,37,bed,0
0120173_neurosketch,18,furniture,bed,35,110,0,162002.91,1,37,bed,0
0120173_neurosketch,18,furniture,bench,36,111,0,166502.89,1,37,bench,1
0120173_neurosketch,18,furniture,bench,36,112,0,166502.89,1,37,bench,0
0120173_neurosketch,18,furniture,bench,36,113,0,166502.89,1,37,bench,0
0120173_neurosketch,18,furniture,bench,36,114,0,166502.89,1,37,bench,0
0120173_neurosketch,18,furniture,table,37,115,1,172502.78,1,19,table,1
0120173_neurosketch,18,furniture,table,37,116,1,172502.78,1,19,table,0
0120173_neurosketch,18,furniture,table,37,117,1,172502.78,1,19,table,0
0120173_neurosketch,18,furniture,chair,38,118,1,177002.42,1,18,,1
0120173_neurosketch,18,furniture,chair,38,119,1,177002.42,1,18,,0
0120173_neurosketch,18,2,bed,39,120,0,180003.01,1,35,bed,1
0120173_neurosketch,18,2,bed,39,121,0,180003.01,1,35,bed,0
0120173_neurosketch,18,2,bed,39,122,0,180003.01,1,35,bed,0
0120173_neurosketch,18,2,bed,39,123,0,180003.01,1,35,bed,0
0120173_neurosketch,18,furniture,chair,40,124,1,186003.08,1,31,chair,1
0120173_neurosketch,18,furniture,chair,40,125,1,186003.08,1,31,chair,0
0120173_neurosketch,18,furniture,table,41,126,1,189002.49,1,22,,1
0120173_neurosketch,18,furniture,table,41,127,1,189002.49,1,22,,0
0120173_neurosketch,18,furniture,table,41,128,1,189002.49,1,22,,0
0120173_neurosketch,18,furniture,table,41,129,1,189002.49,1,22,,0
0120173_neurosketch,18,furniture,bed,42,130,0,195002.43,1,8,bed,1
0120173_neurosketch,18,furniture,bed,42,131,0,195002.43,1,8,bed,0
0120173_neurosketch,18,furniture,bed,42,132,0,195002.43,1,8,bed,0
0120173_neurosketch,18,furniture,bench,43,133,0,199503.05,1,21,bed,1
0120173_neurosketch,18,furniture,bench,43,134,0,199503.05,1,21,bed,0
0120173_neurosketch,18,furniture,table,44,135,1,202503.1,1,24,,1
0120173_neurosketch,18,furniture,table,44,136,1,202503.1,1,24,,0
0120173_neurosketch,18,furniture,bench,45,137,0,205502.38,1,34,,1
0120173_neurosketch,18,furniture,bench,45,138,0,205502.38,1,34,,0
0120173_neurosketch,18,furniture,chair,46,139,1,208502.96,1,19,chair,1
0120173_neurosketch,18,furniture,chair,46,140,1,208502.96,1,19,chair,0
0120173_neurosketch,18,furniture,bed,47,141,0,211502.34,1,13,bed,1
0120173_neurosketch,18,furniture,bed,47,142,0,211502.34,1,13,bed,0
0120173_neurosketch,18,furniture,bed,47,143,0,211502.34,1,13,bed,0
0120173_neurosketch,18,furniture,bed,47,144,0,211502.34,1,13,bed,0
0120173_neurosketch,18,furniture,chair,48,145,1,217505.26,1,3,chair,1
0120173_neurosketch,18,furniture,chair,48,146,1,217505.26,1,3,chair,0
0120173_neurosketch,18,furniture,chair,48,147,1,217505.26,1,3,chair,0
0120173_neurosketch,18,2,table,49,148,1,222002.45,1,8,,1
0120173_neurosketch,18,2,table,49,149,1,222002.45,1,8,,0
0120173_neurosketch,18,furniture,bed,50,150,0,225002.17,1,25,bed,1
0120173_neurosketch,18,furniture,bed,50,151,0,225002.17,1,25,bed,0
0120173_neurosketch,18,furniture,bed,50,152,0,225002.17,1,25,bed,0
0120173_neurosketch,18,furniture,bench,51,153,0,229502.91,1,16,bench,1
0120173_neurosketch,18,furniture,bench,51,154,0,229502.91,1,16,bench,0
0120173_neurosketch,18,furniture,bench,51,155,0,229502.91,1,16,bench,0
0120173_neurosketch,18,furniture,bed,52,156,0,234002.59,1,29,bed,1
0120173_neurosketch,18,furniture,bed,52,157,0,234002.59,1,29,bed,0
0120173_neurosketch,18,furniture,bed,52,158,0,234002.59,1,29,bed,0
0120173_neurosketch,18,furniture,table,53,159,1,238503.04,1,30,table,1
0120173_neurosketch,18,furniture,table,53,160,1,238503.04,1,30,table,0
0120173_neurosketch,18,furniture,bench,54,161,0,241502.96,1,29,bench,1
0120173_neurosketch,18,furniture,bench,54,162,0,241502.96,1,29,bench,0
0120173_neurosketch,18,furniture,bench,54,163,0,241502.96,1,29,bench,0
0120173_neurosketch,18,furniture,bench,54,164,0,241502.96,1,29,bench,0
0120173_neurosketch,18,furniture,chair,55,165,1,247503.02,1,30,chair,1
0120173_neurosketch,18,furniture,chair,55,166,1,247503.02,1,30,chair,0
0120173_neurosketch,18,furniture,chair,55,167,1,247503.02,1,30,chair,0
0120173_neurosketch,18,furniture,bed,56,168,0,252003.76,1,0,bed,1
0120173_neurosketch,18,furniture,bed,56,169,0,252003.76,1,0,bed,0
0120173_neurosketch,18,furniture,chair,57,170,1,255001.47,1,29,chair,1
0120173_neurosketch,18,furniture,chair,57,171,1,255001.47,1,29,chair,0
0120173_neurosketch,18,furniture,table,58,172,1,258002.95,1,29,table,1
0120173_neurosketch,18,furniture,table,58,173,1,258002.95,1,29,table,0
0120173_neurosketch,18,furniture,table,58,174,1,258002.95,1,29,table,0
0120173_neurosketch,18,2,bench,59,175,0,262502.92,1,28,bench,1
0120173_neurosketch,18,2,bench,59,176,0,262502.92,1,28,bench,0
0120173_neurosketch,18,2,bench,59,177,0,262502.92,1,28,bench,0
0120173_neurosketch,18,furniture,chair,60,178,1,267003.68,1,15,chair,1
0120173_neurosketch,18,furniture,chair,60,179,1,267003.68,1,15,chair,0
0120173_neurosketch,18,furniture,chair,60,180,1,267003.68,1,15,chair,0
0120173_neurosketch,18,furniture,bench,61,181,0,271503.1,1,19,bench,1
0120173_neurosketch,18,furniture,bench,61,182,0,271503.1,1,19,bench,0
0120173_neurosketch,18,furniture,bench,61,183,0,271503.1,1,19,bench,0
0120173_neurosketch,18,furniture,bed,62,184,0,276005.07,1,30,bench,1
0120173_neurosketch,18,furniture,bed,62,185,0,276005.07,1,30,bench,0
0120173_neurosketch,18,furniture,bed,62,186,0,276005.07,1,30,bench,0
0120173_neurosketch,18,furniture,bed,62,187,0,276005.07,1,30,bench,0
0120173_neurosketch,18,furniture,table,63,188,1,282002.52,1,39,,1
0120173_neurosketch,18,furniture,table,63,189,1,282002.52,1,39,,0
0120173_neurosketch,18,furniture,chair,64,190,1,285002.99,1,39,chair,1
0120173_neurosketch,18,furniture,chair,64,191,1,285002.99,1,39,chair,0
0120173_neurosketch,18,furniture,table,65,192,1,288002.72,1,3,table,1
0120173_neurosketch,18,furniture,table,65,193,1,288002.72,1,3,table,0
0120173_neurosketch,18,furniture,table,65,194,1,288002.72,1,3,table,0
0120173_neurosketch,18,furniture,bed,66,195,0,292504.7,1,7,bed,1
0120173_neurosketch,18,furniture,bed,66,196,0,292504.7,1,7,bed,0
0120173_neurosketch,18,furniture,bench,67,197,0,295502.57,1,5,bench,1
0120173_neurosketch,18,furniture,bench,67,198,0,295502.57,1,5,bench,0
0120173_neurosketch,18,furniture,bench,67,199,0,295502.57,1,5,bench,0
0120173_neurosketch,18,furniture,table,68,200,1,300002.26,1,25,table,1
0120173_neurosketch,18,furniture,table,68,201,1,300002.26,1,25,table,0
0120173_neurosketch,18,furniture,table,68,202,1,300002.26,1,25,table,0
0120173_neurosketch,18,furniture,table,68,203,1,300002.26,1,25,table,0
0120173_neurosketch,18,2,chair,69,204,1,306001.76,1,4,chair,1
0120173_neurosketch,18,2,chair,69,205,1,306001.76,1,4,chair,0
0120173_neurosketch,18,2,chair,69,206,1,306001.76,1,4,chair,0
0120173_neurosketch,18,2,chair,69,207,1,306001.76,1,4,chair,0
0120173_neurosketch,18,furniture,bed,70,208,0,312002.39,1,6,bed,1
0120173_neurosketch,18,furniture,bed,70,209,0,312002.39,1,6,bed,0
0120173_neurosketch,18,furniture,bench,71,210,0,315002.38,1,15,,1
0120173_neurosketch,18,furniture,bench,71,211,0,315002.38,1,15,,0
0120173_neurosketch,18,furniture,chair,72,212,1,318001.71,1,23,chair,1
0120173_neurosketch,18,furniture,chair,72,213,1,318001.71,1,23,chair,0
0120173_neurosketch,18,furniture,bench,73,214,0,321002.13,1,23,,1
0120173_neurosketch,18,furniture,bench,73,215,0,321002.13,1,23,,0
0120173_neurosketch,18,furniture,bench,73,216,0,321002.13,1,23,,0
0120173_neurosketch,18,furniture,bed,74,217,0,325501.76,1,9,bed,1
0120173_neurosketch,18,furniture,bed,74,218,0,325501.76,1,9,bed,0
0120173_neurosketch,18,furniture,bed,74,219,0,325501.76,1,9,bed,0
0120173_neurosketch,18,furniture,table,75,220,1,330001.58,1,34,table,1
0120173_neurosketch,18,furniture,table,75,221,1,330001.58,1,34,table,0
0120173_neurosketch,18,furniture,table,75,222,1,330001.58,1,34,table,0
0120173_neurosketch,18,furniture,bed,76,223,0,334502.65,1,39,bed,1
0120173_neurosketch,18,furniture,bed,76,224,0,334502.65,1,39,bed,0
0120173_neurosketch,18,furniture,bed,76,225,0,334502.65,1,39,bed,0
0120173_neurosketch,18,furniture,bed,76,226,0,334502.65,1,39,bed,0
0120173_neurosketch,18,furniture,bench,77,227,0,340501.15,1,9,bench,1
0120173_neurosketch,18,furniture,bench,77,228,0,340501.15,1,9,bench,0
0120173_neurosketch,18,furniture,bench,77,229,0,340501.15,1,9,bench,0
0120173_neurosketch,18,furniture,table,78,230,1,345001.55,1,16,table,1
0120173_neurosketch,18,furniture,table,78,231,1,345001.55,1,16,table,0
0120173_neurosketch,18,2,chair,79,232,1,348002.14,1,9,chair,1
0120173_neurosketch,18,2,chair,79,233,1,348002.14,1,9,chair,0
0120173_neurosketch,18,2,chair,79,234,1,348002.14,1,9,chair,0
0120173_neurosketch,18,2,chair,79,235,1,348002.14,1,9,chair,0
0120173_neurosketch,18,2,chair,79,236,1,348002.14,1,9,chair,0
0120173_neurosketch,18,2,chair,79,237,1,348002.14,1,9,chair,0
0120173_neurosketch,18,2,chair,79,238,1,348002.14,1,9,chair,0
0120173_neurosketch,18,2,chair,79,239,1,348002.14,1,9,chair,0
0120173_neurosketch,18,furniture,chair,80,0,-1,0.0,2,28,chair,0
0120173_neurosketch,18,furniture,chair,80,1,-1,0.0,2,28,chair,0
0120173_neurosketch,18,furniture,chair,80,2,-1,0.0,2,28,chair,0
0120173_neurosketch,18,furniture,chair,80,3,-1,0.0,2,28,chair,0
0120173_neurosketch,18,furniture,chair,80,4,-1,0.0,2,28,chair,0
0120173_neurosketch,18,furniture,chair,80,5,-1,0.0,2,28,chair,0
0120173_neurosketch,18,furniture,chair,80,6,-1,0.0,2,28,chair,0
0120173_neurosketch,18,furniture,chair,80,7,-1,0.0,2,28,chair,0
0120173_neurosketch,18,furniture,chair,80,8,1,12002.19,2,28,chair,1
0120173_neurosketch,18,furniture,chair,80,9,1,12002.19,2,28,chair,0
0120173_neurosketch,18,furniture,bed,81,10,0,15001.54,2,16,bed,1
0120173_neurosketch,18,furniture,bed,81,11,0,15001.54,2,16,bed,0
0120173_neurosketch,18,furniture,bed,81,12,0,15001.54,2,16,bed,0
0120173_neurosketch,18,furniture,bed,81,13,0,15001.54,2,16,bed,0
0120173_neurosketch,18,furniture,table,82,14,1,21002.0,2,33,table,1
0120173_neurosketch,18,furniture,table,82,15,1,21002.0,2,33,table,0
0120173_neurosketch,18,furniture,table,82,16,1,21002.0,2,33,table,0
0120173_neurosketch,18,furniture,bench,83,17,0,25501.79,2,1,bench,1
0120173_neurosketch,18,furniture,bench,83,18,0,25501.79,2,1,bench,0
0120173_neurosketch,18,furniture,bed,84,19,0,28502.48,2,14,,1
0120173_neurosketch,18,furniture,bed,84,20,0,28502.48,2,14,,0
0120173_neurosketch,18,furniture,chair,85,21,1,31501.44,2,38,chair,1
0120173_neurosketch,18,furniture,chair,85,22,1,31501.44,2,38,chair,0
0120173_neurosketch,18,furniture,table,86,23,1,34503.86,2,0,table,1
0120173_neurosketch,18,furniture,table,86,24,1,34503.86,2,0,table,0
0120173_neurosketch,18,furniture,bench,87,25,0,37501.44,2,17,bench,1
0120173_neurosketch,18,furniture,bench,87,26,0,37501.44,2,17,bench,0
0120173_neurosketch,18,furniture,bench,87,27,0,37501.44,2,17,bench,0
0120173_neurosketch,18,furniture,bench,87,28,0,37501.44,2,17,bench,0
0120173_neurosketch,18,furniture,table,88,29,1,43504.01,2,5,table,1
0120173_neurosketch,18,furniture,table,88,30,1,43504.01,2,5,table,0
0120173_neurosketch,18,furniture,table,88,31,1,43504.01,2,5,table,0
0120173_neurosketch,18,2,bench,89,32,0,48002.47,2,35,bench,1
0120173_neurosketch,18,2,bench,89,33,0,48002.47,2,35,bench,0
0120173_neurosketch,18,furniture,bed,90,34,0,51003.16,2,18,bed,1
0120173_neurosketch,18,furniture,bed,90,35,0,51003.16,2,18,bed,0
0120173_neurosketch,18,furniture,bed,90,36,0,51003.16,2,18,bed,0
0120173_neurosketch,18,furniture,chair,91,37,1,55502.27,2,6,chair,1
0120173_neurosketch,18,furniture,chair,91,38,1,55502.27,2,6,chair,0
0120173_neurosketch,18,furniture,chair,91,39,1,55502.27,2,6,chair,0
0120173_neurosketch,18,furniture,chair,92,40,1,60001.66,2,5,chair,1
0120173_neurosketch,18,furniture,chair,92,41,1,60001.66,2,5,chair,0
0120173_neurosketch,18,furniture,chair,92,42,1,60001.66,2,5,chair,0
0120173_neurosketch,18,furniture,bed,93,43,0,64502.47,2,1,bed,1
0120173_neurosketch,18,furniture,bed,93,44,0,64502.47,2,1,bed,0
0120173_neurosketch,18,furniture,bench,94,45,0,67502.15,2,2,bench,1
0120173_neurosketch,18,furniture,bench,94,46,0,67502.15,2,2,bench,0
0120173_neurosketch,18,furniture,bench,94,47,0,67502.15,2,2,bench,0
0120173_neurosketch,18,furniture,bench,94,48,0,67502.15,2,2,bench,0
0120173_neurosketch,18,furniture,table,95,49,1,73502.42,2,23,,1
0120173_neurosketch,18,furniture,table,95,50,1,73502.42,2,23,,0
0120173_neurosketch,18,furniture,table,95,51,1,73502.42,2,23,,0
0120173_neurosketch,18,furniture,bench,96,52,0,78003.68,2,36,bench,1
0120173_neurosketch,18,furniture,bench,96,53,0,78003.68,2,36,bench,0
0120173_neurosketch,18,furniture,chair,97,54,1,81001.76,2,34,chair,1
0120173_neurosketch,18,furniture,chair,97,55,1,81001.76,2,34,chair,0
0120173_neurosketch,18,furniture,bed,98,56,0,84002.34,2,20,bench,1
0120173_neurosketch,18,furniture,bed,98,57,0,84002.34,2,20,bench,0
0120173_neurosketch,18,furniture,bed,98,58,0,84002.34,2,20,bench,0
0120173_neurosketch,18,2,table,99,59,1,88502.22,2,4,table,1
0120173_neurosketch,18,2,table,99,60,1,88502.22,2,4,table,0
0120173_neurosketch,18,2,table,99,61,1,88502.22,2,4,table,0
0120173_neurosketch,18,furniture,bench,100,62,0,93003.08,2,10,,1
0120173_neurosketch,18,furniture,bench,100,63,0,93003.08,2,10,,0
0120173_neurosketch,18,furniture,bench,100,64,0,93003.08,2,10,,0
0120173_neurosketch,18,furniture,table,101,65,1,97501.88,2,11,table,1
0120173_neurosketch,18,furniture,table,101,66,1,97501.88,2,11,table,0
0120173_neurosketch,18,furniture,table,101,67,1,97501.88,2,11,table,0
0120173_neurosketch,18,furniture,bed,102,68,0,102002.44,2,3,bed,1
0120173_neurosketch,18,furniture,bed,102,69,0,102002.44,2,3,bed,0
0120173_neurosketch,18,furniture,bed,102,70,0,102002.44,2,3,bed,0
0120173_neurosketch,18,furniture,bed,102,71,0,102002.44,2,3,bed,0
0120173_neurosketch,18,furniture,chair,103,72,1,108002.86,2,35,chair,1
0120173_neurosketch,18,furniture,chair,103,73,1,108002.86,2,35,chair,0
0120173_neurosketch,18,furniture,table,104,74,1,111002.7,2,12,,1
0120173_neurosketch,18,furniture,table,104,75,1,111002.7,2,12,,0
0120173_neurosketch,18,furniture,chair,105,76,1,114003.16,2,0,chair,1
0120173_neurosketch,18,furniture,chair,105,77,1,114003.16,2,0,chair,0
0120173_neurosketch,18,furniture,chair,105,78,1,114003.16,2,0,chair,0
0120173_neurosketch,18,furniture,bed,106,79,0,118503.23,2,38,bed,1
0120173_neurosketch,18,furniture,bed,106,80,0,118503.23,2,38,bed,0
0120173_neurosketch,18,furniture,bench,107,81,0,121501.41,2,18,bench,1
0120173_neurosketch,18,furniture,bench,107,82,0,121501.41,2,18,bench,0
0120173_neurosketch,18,furniture,bench,107,83,0,121501.41,2,18,bench,0
0120173_neurosketch,18,furniture,bench,108,84,0,126002.14,2,14,bench,1
0120173_neurosketch,18,furniture,bench,108,85,0,126002.14,2,14,bench,0
0120173_neurosketch,18,furniture,bench,108,86,0,126002.14,2,14,bench,0
0120173_neurosketch,18,furniture,bench,108,87,0,126002.14,2,14,bench,0
0120173_neurosketch,18,2,table,109,88,1,132003.79,2,10,table,1
0120173_neurosketch,18,2,table,109,89,1,132003.79,2,10,table,0
0120173_neurosketch,18,2,table,109,90,1,132003.79,2,10,table,0
0120173_neurosketch,18,2,table,109,91,1,132003.79,2,10,table,0
0120173_neurosketch,18,furniture,bed,110,92,0,138002.63,2,23,,1
0120173_neurosketch,18,furniture,bed,110,93,0,138002.63,2,23,,0
0120173_neurosketch,18,furniture,chair,111,94,1,141002.15,2,26,chair,1
0120173_neurosketch,18,furniture,chair,111,95,1,141002.15,2,26,chair,0
0120173_neurosketch,18,furniture,chair,112,96,1,144002.17,2,7,chair,1
0120173_neurosketch,18,furniture,chair,112,97,1,144002.17,2,7,chair,0
0120173_neurosketch,18,furniture,table,113,98,1,147001.92,2,1,table,1
0120173_neurosketch,18,furniture,table,113,99,1,147001.92,2,1,table,0
0120173_neurosketch,18,furniture,table,113,100,1,147001.92,2,1,table,0
0120173_neurosketch,18,furniture,bed,114,101,0,151502.78,2,22,bed,1
0120173_neurosketch,18,furniture,bed,114,102,0,151502.78,2,22,bed,0
0120173_neurosketch,18,furniture,bed,114,103,0,151502.78,2,22,bed,0
0120173_neurosketch,18,furniture,bench,115,104,0,156002.37,2,3,bench,1
0120173_neurosketch,18,furniture,bench,115,105,0,156002.37,2,3,bench,0
0120173_neurosketch,18,furniture,bench,115,106,0,156002.37,2,3,bench,0
0120173_neurosketch,18,furniture,bed,116,107,0,160502.3,2,26,bed,1
0120173_neurosketch,18,furniture,bed,116,108,0,160502.3,2,26,bed,0
0120173_neurosketch,18,furniture,bed,116,109,0,160502.3,2,26,bed,0
0120173_neurosketch,18,furniture,bed,116,110,0,160502.3,2,26,bed,0
0120173_neurosketch,18,furniture,chair,117,111,1,166502.26,2,22,chair,1
0120173_neurosketch,18,furniture,chair,117,112,1,166502.26,2,22,chair,0
0120173_neurosketch,18,furniture,chair,117,113,1,166502.26,2,22,chair,0
0120173_neurosketch,18,furniture,bench,118,114,0,171002.21,2,8,bench,1
0120173_neurosketch,18,furniture,bench,118,115,0,171002.21,2,8,bench,0
0120173_neurosketch,18,2,table,119,116,1,174003.45,2,20,table,1
0120173_neurosketch,18,2,table,119,117,1,174003.45,2,20,table,0
0120173_neurosketch,18,2,table,119,118,1,174003.45,2,20,table,0
0120173_neurosketch,18,2,table,119,119,1,174003.45,2,20,table,0
0120173_neurosketch,18,furniture,bench,120,120,0,180004.58,2,22,bench,1
0120173_neurosketch,18,furniture,bench,120,121,0,180004.58,2,22,bench,0
0120173_neurosketch,18,furniture,bed,121,122,0,183002.8,2,33,bed,1
0120173_neurosketch,18,furniture,bed,121,123,0,183002.8,2,33,bed,0
0120173_neurosketch,18,furniture,bed,121,124,0,183002.8,2,33,bed,0
0120173_neurosketch,18,furniture,bed,121,125,0,183002.8,2,33,bed,0
0120173_neurosketch,18,furniture,chair,122,126,1,189002.9,2,12,chair,1
0120173_neurosketch,18,furniture,chair,122,127,1,189002.9,2,12,chair,0
0120173_neurosketch,18,furniture,chair,122,128,1,189002.9,2,12,chair,0
0120173_neurosketch,18,furniture,table,123,129,1,193503.16,2,7,table,1
0120173_neurosketch,18,furniture,table,123,130,1,193503.16,2,7,table,0
0120173_neurosketch,18,furniture,table,124,131,1,196502.34,2,14,,1
0120173_neurosketch,18,furniture,table,124,132,1,196502.34,2,14,,0
0120173_neurosketch,18,furniture,bed,125,133,0,199501.67,2,19,bed,1
0120173_neurosketch,18,furniture,bed,125,134,0,199501.67,2,19,bed,0
0120173_neurosketch,18,furniture,bench,126,135,0,202502.4,2,7,bench,1
0120173_neurosketch,18,furniture,bench,126,136,0,202502.4,2,7,bench,0
0120173_neurosketch,18,furniture,chair,127,137,1,205503.5,2,33,chair,1
0120173_neurosketch,18,furniture,chair,127,138,1,205503.5,2,33,chair,0
0120173_neurosketch,18,furniture,chair,127,139,1,205503.5,2,33,chair,0
0120173_neurosketch,18,furniture,chair,127,140,1,205503.5,2,33,chair,0
0120173_neurosketch,18,furniture,chair,128,141,1,211503.12,2,36,chair,1
0120173_neurosketch,18,furniture,chair,128,142,1,211503.12,2,36,chair,0
0120173_neurosketch,18,furniture,chair,128,143,1,211503.12,2,36,chair,0
0120173_neurosketch,18,2,bed,129,144,0,216004.94,2,10,bench,1
0120173_neurosketch,18,2,bed,129,145,0,216004.94,2,10,bench,0
0120173_neurosketch,18,furniture,bench,130,146,0,219002.34,2,31,,1
0120173_neurosketch,18,furniture,bench,130,147,0,219002.34,2,31,,0
0120173_neurosketch,18,furniture,bench,130,148,0,219002.34,2,31,,0
0120173_neurosketch,18,furniture,table,131,149,1,223502.41,2,26,table,1
0120173_neurosketch,18,furniture,table,131,150,1,223502.41,2,26,table,0
0120173_neurosketch,18,furniture,table,131,151,1,223502.41,2,26,table,0
0120173_neurosketch,18,furniture,chair,132,152,1,228002.07,2,27,chair,1
0120173_neurosketch,18,furniture,chair,132,153,1,228002.07,2,27,chair,0
0120173_neurosketch,18,furniture,chair,132,154,1,228002.07,2,27,chair,0
0120173_neurosketch,18,furniture,bed,133,155,0,232502.12,2,17,bed,1
0120173_neurosketch,18,furniture,bed,133,156,0,232502.12,2,17,bed,0
0120173_neurosketch,18,furniture,table,134,157,1,235503.12,2,35,table,1
0120173_neurosketch,18,furniture,table,134,158,1,235503.12,2,35,table,0
0120173_neurosketch,18,furniture,table,134,159,1,235503.12,2,35,table,0
0120173_neurosketch,18,furniture,table,134,160,1,235503.12,2,35,table,0
0120173_neurosketch,18,furniture,bench,135,161,0,241501.26,2,30,bench,1
0120173_neurosketch,18,furniture,bench,135,162,0,241501.26,2,30,bench,0
0120173_neurosketch,18,furniture,bench,135,163,0,241501.26,2,30,bench,0
0120173_neurosketch,18,furniture,bed,136,164,0,246002.32,2,34,bed,1
0120173_neurosketch,18,furniture,bed,136,165,0,246002.32,2,34,bed,0
0120173_neurosketch,18,furniture,table,137,166,1,249003.34,2,2,table,1
0120173_neurosketch,18,furniture,table,137,167,1,249003.34,2,2,table,0
0120173_neurosketch,18,furniture,chair,138,168,1,252002.5,2,25,chair,1
0120173_neurosketch,18,furniture,chair,138,169,1,252002.5,2,25,chair,0
0120173_neurosketch,18,furniture,chair,138,170,1,252002.5,2,25,chair,0
0120173_neurosketch,18,2,bench,139,171,0,256502.83,2,33,bench,1
0120173_neurosketch,18,2,bench,139,172,0,256502.83,2,33,bench,0
0120173_neurosketch,18,2,bench,139,173,0,256502.83,2,33,bench,0
0120173_neurosketch,18,furniture,table,140,174,1,261002.36,2,28,,1
0120173_neurosketch,18,furniture,table,140,175,1,261002.36,2,28,,0
0120173_neurosketch,18,furniture,table,140,176,1,261002.36,2,28,,0
0120173_neurosketch,18,furniture,bed,141,177,0,265502.57,2,27,,1
0120173_neurosketch,18,furniture,bed,141,178,0,265502.57,2,27,,0
0120173_neurosketch,18,furniture,bed,141,179,0,265502.57,2,27,,0
0120173_neurosketch,18,furniture,bench,142,180,0,270002.63,2,27,bench,1
0120173_neurosketch,18,furniture,bench,142,181,0,270002.63,2,27,bench,0
0120173_neurosketch,18,furniture,bench,142,182,0,270002.63,2,27,bench,0
0120173_neurosketch,18,furniture,bench,142,183,0,270002.63,2,27,bench,0
0120173_neurosketch,18,furniture,chair,143,184,1,276003.79,2,20,chair,1
0120173_neurosketch,18,furniture,chair,143,185,1,276003.79,2,20,chair,0
0120173_neurosketch,18,furniture,table,144,186,1,279002.54,2,17,table,1
0120173_neurosketch,18,furniture,table,144,187,1,279002.54,2,17,table,0
0120173_neurosketch,18,furniture,chair,145,188,1,282005.14,2,37,chair,1
0120173_neurosketch,18,furniture,chair,145,189,1,282005.14,2,37,chair,0
0120173_neurosketch,18,furniture,chair,145,190,1,282005.14,2,37,chair,0
0120173_neurosketch,18,furniture,bench,146,191,0,286502.74,2,26,bench,1
0120173_neurosketch,18,furniture,bench,146,192,0,286502.74,2,26,bench,0
0120173_neurosketch,18,furniture,bed,147,193,0,289504.17,2,36,,1
0120173_neurosketch,18,furniture,bed,147,194,0,289504.17,2,36,,0
0120173_neurosketch,18,furniture,bed,147,195,0,289504.17,2,36,,0
0120173_neurosketch,18,furniture,bench,148,196,0,294002.34,2,25,bench,1
0120173_neurosketch,18,furniture,bench,148,197,0,294002.34,2,25,bench,0
0120173_neurosketch,18,furniture,bench,148,198,0,294002.34,2,25,bench,0
0120173_neurosketch,18,furniture,bench,148,199,0,294002.34,2,25,bench,0
0120173_neurosketch,18,2,chair,149,200,1,300003.1,2,8,,1
0120173_neurosketch,18,2,chair,149,201,1,300003.1,2,8,,0
0120173_neurosketch,18,2,chair,149,202,1,300003.1,2,8,,0
0120173_neurosketch,18,2,chair,149,203,1,300003.1,2,8,,0
0120173_neurosketch,18,furniture,bed,150,204,0,306005.08,2,2,,1
0120173_neurosketch,18,furniture,bed,150,205,0,306005.08,2,2,,0
0120173_neurosketch,18,furniture,table,151,206,1,309002.2,2,9,,1
0120173_neurosketch,18,furniture,table,151,207,1,309002.2,2,9,,0
0120173_neurosketch,18,furniture,bench,152,208,0,312002.6,2,32,bench,1
0120173_neurosketch,18,furniture,bench,152,209,0,312002.6,2,32,bench,0
0120173_neurosketch,18,furniture,table,153,210,1,315002.28,2,6,chair,1
0120173_neurosketch,18,furniture,table,153,211,1,315002.28,2,6,chair,0
0120173_neurosketch,18,furniture,table,153,212,1,315002.28,2,6,chair,0
0120173_neurosketch,18,furniture,bed,154,213,0,319502.03,2,32,,1
0120173_neurosketch,18,furniture,bed,154,214,0,319502.03,2,32,,0
0120173_neurosketch,18,furniture,bed,154,215,0,319502.03,2,32,,0
0120173_neurosketch,18,furniture,chair,155,216,1,324002.73,2,10,chair,1
0120173_neurosketch,18,furniture,chair,155,217,1,324002.73,2,10,chair,0
0120173_neurosketch,18,furniture,chair,155,218,1,324002.73,2,10,chair,0
0120173_neurosketch,18,furniture,chair,156,219,1,328502.9,2,21,chair,1
0120173_neurosketch,18,furniture,chair,156,220,1,328502.9,2,21,chair,0
0120173_neurosketch,18,furniture,chair,156,221,1,328502.9,2,21,chair,0
0120173_neurosketch,18,furniture,chair,156,222,1,328502.9,2,21,chair,0
0120173_neurosketch,18,furniture,bench,157,223,0,334502.88,2,4,,1
0120173_neurosketch,18,furniture,bench,157,224,0,334502.88,2,4,,0
0120173_neurosketch,18,furniture,bench,157,225,0,334502.88,2,4,,0
0120173_neurosketch,18,furniture,bed,158,226,0,339002.46,2,15,bench,1
0120173_neurosketch,18,furniture,bed,158,227,0,339002.46,2,15,bench,0
0120173_neurosketch,18,2,table,159,228,1,342003.05,2,32,,1
0120173_neurosketch,18,2,table,159,229,1,342003.05,2,32,,0
0120173_neurosketch,18,2,table,159,230,1,342003.05,2,32,,0
0120173_neurosketch,18,2,table,159,231,1,342003.05,2,32,,0
0120173_neurosketch,18,2,table,159,232,1,342003.05,2,32,,0
0120173_neurosketch,18,2,table,159,233,1,342003.05,2,32,,0
0120173_neurosketch,18,2,table,159,234,1,342003.05,2,32,,0
0120173_neurosketch,18,2,table,159,235,1,342003.05,2,32,,0
0120173_neurosketch,18,2,table,159,236,1,342003.05,2,32,,0
0120173_neurosketch,18,2,table,159,237,1,342003.05,2,32,,0
0120173_neurosketch,18,2,table,159,238,1,342003.05,2,32,,0
0120173_neurosketch,18,2,table,159,239,1,342003.05,2,32,,0
0120173_neurosketch,18,furniture,table,160,0,-1,0.0,3,32,table,0
0120173_neurosketch,18,furniture,table,160,1,-1,0.0,3,32,table,0
0120173_neurosketch,18,furniture,table,160,2,-1,0.0,3,32,table,0
0120173_neurosketch,18,furniture,table,160,3,-1,0.0,3,32,table,0
0120173_neurosketch,18,furniture,table,160,4,-1,0.0,3,32,table,0
0120173_neurosketch,18,furniture,table,160,5,-1,0.0,3,32,table,0
0120173_neurosketch,18,furniture,table,160,6,-1,0.0,3,32,table,0
0120173_neurosketch,18,furniture,table,160,7,-1,0.0,3,32,table,0
0120173_neurosketch,18,furniture,table,160,8,1,12002.41,3,32,table,1
0120173_neurosketch,18,furniture,table,160,9,1,12002.41,3,32,table,0
0120173_neurosketch,18,furniture,bed,161,10,0,15003.01,3,15,bed,1
0120173_neurosketch,18,furniture,bed,161,11,0,15003.01,3,15,bed,0
0120173_neurosketch,18,furniture,bed,161,12,0,15003.01,3,15,bed,0
0120173_neurosketch,18,furniture,bed,161,13,0,15003.01,3,15,bed,0
0120173_neurosketch,18,furniture,bench,162,14,0,21002.22,3,4,bench,1
0120173_neurosketch,18,furniture,bench,162,15,0,21002.22,3,4,bench,0
0120173_neurosketch,18,furniture,bench,162,16,0,21002.22,3,4,bench,0
0120173_neurosketch,18,furniture,chair,163,17,1,25502.43,3,21,chair,1
0120173_neurosketch,18,furniture,chair,163,18,1,25502.43,3,21,chair,0
0120173_neurosketch,18,furniture,chair,164,19,1,28501.54,3,10,,1
0120173_neurosketch,18,furniture,chair,164,20,1,28501.54,3,10,,0
0120173_neurosketch,18,furniture,bed,165,21,0,31502.1,3,32,bed,1
0120173_neurosketch,18,furniture,bed,165,22,0,31502.1,3,32,bed,0
0120173_neurosketch,18,furniture,table,166,23,1,34502.15,3,6,table,1
0120173_neurosketch,18,furniture,table,166,24,1,34502.15,3,6,table,0
0120173_neurosketch,18,furniture,bench,167,25,0,37503.05,3,32,bench,1
0120173_neurosketch,18,furniture,bench,167,26,0,37503.05,3,32,bench,0
0120173_neurosketch,18,furniture,bench,167,27,0,37503.05,3,32,bench,0
0120173_neurosketch,18,furniture,bench,167,28,0,37503.05,3,32,bench,0
0120173_neurosketch,18,furniture,table,168,29,1,43502.75,3,9,table,1
0120173_neurosketch,18,furniture,table,168,30,1,43502.75,3,9,table,0
0120173_neurosketch,18,furniture,table,168,31,1,43502.75,3,9,table,0
0120173_neurosketch,18,2,bed,169,32,0,48002.21,3,2,bed,1
0120173_neurosketch,18,2,bed,169,33,0,48002.21,3,2,bed,0
0120173_neurosketch,18,furniture,chair,170,34,1,51001.99,3,8,chair,1
0120173_neurosketch,18,furniture,chair,170,35,1,51001.99,3,8,chair,0
0120173_neurosketch,18,furniture,chair,170,36,1,51001.99,3,8,chair,0
0120173_neurosketch,18,furniture,bench,171,37,0,55502.17,3,25,bench,1
0120173_neurosketch,18,furniture,bench,171,38,0,55502.17,3,25,bench,0
0120173_neurosketch,18,furniture,bench,171,39,0,55502.17,3,25,bench,0
0120173_neurosketch,18,furniture,bed,172,40,0,60001.98,3,36,bed,1
0120173_neurosketch,18,furniture,bed,172,41,0,60001.98,3,36,bed,0
0120173_neurosketch,18,furniture,bed,172,42,0,60001.98,3,36,bed,0
0120173_neurosketch,18,furniture,bench,173,43,0,64502.02,3,26,,1
0120173_neurosketch,18,furniture,bench,173,44,0,64502.02,3,26,,0
0120173_neurosketch,18,furniture,chair,174,45,1,67502.21,3,37,chair,1
0120173_neurosketch,18,furniture,chair,174,46,1,67502.21,3,37,chair,0
0120173_neurosketch,18,furniture,chair,174,47,1,67502.21,3,37,chair,0
0120173_neurosketch,18,furniture,chair,174,48,1,67502.21,3,37,chair,0
0120173_neurosketch,18,furniture,table,175,49,1,73501.99,3,17,chair,1
0120173_neurosketch,18,furniture,table,175,50,1,73501.99,3,17,chair,0
0120173_neurosketch,18,furniture,table,175,51,1,73501.99,3,17,chair,0
0120173_neurosketch,18,furniture,chair,176,52,1,78001.83,3,20,chair,1
0120173_neurosketch,18,furniture,chair,176,53,1,78001.83,3,20,chair,0
0120173_neurosketch,18,furniture,bench,177,54,0,81003.16,3,27,bench,1
0120173_neurosketch,18,furniture,bench,177,55,0,81003.16,3,27,bench,0
0120173_neurosketch,18,furniture,bed,178,56,0,84002.83,3,27,bed,1
0120173_neurosketch,18,furniture,bed,178,57,0,84002.83,3,27,bed,0
0120173_neurosketch,18,furniture,bed,178,58,0,84002.83,3,27,bed,0
0120173_neurosketch,18,2,table,179,59,1,88502.09,3,28,table,1
0120173_neurosketch,18,2,table,179,60,1,88502.09,3,28,table,0
0120173_neurosketch,18,2,table,179,61,1,88502.09,3,28,table,0
0120173_neurosketch,18,furniture,bench,180,62,0,93002.5,3,33,bench,1
0120173_neurosketch,18,furniture,bench,180,63,0,93002.5,3,33,bench,0
0120173_neurosketch,18,furniture,bench,180,64,0,93002.5,3,33,bench,0
0120173_neurosketch,18,furniture,chair,181,65,1,97502.44,3,25,chair,1
0120173_neurosketch,18,furniture,chair,181,66,1,97502.44,3,25,chair,0
0120173_neurosketch,18,furniture,chair,181,67,1,97502.44,3,25,chair,0
0120173_neurosketch,18,furniture,table,182,68,1,102002.23,3,2,table,1
0120173_neurosketch,18,furniture,table,182,69,1,102002.23,3,2,table,0
0120173_neurosketch,18,furniture,table,182,70,1,102002.23,3,2,table,0
0120173_neurosketch,18,furniture,table,182,71,1,102002.23,3,2,table,0
0120173_neurosketch,18,furniture,bed,183,72,0,108003.18,3,34,bed,1
0120173_neurosketch,18,furniture,bed,183,73,0,108003.18,3,34,bed,0
0120173_neurosketch,18,furniture,bench,184,74,0,111002.85,3,30,bench,1
0120173_neurosketch,18,furniture,bench,184,75,0,111002.85,3,30,bench,0
0120173_neurosketch,18,furniture,table,185,76,1,114003.17,3,35,table,1
0120173_neurosketch,18,furniture,table,185,77,1,114003.17,3,35,table,0
0120173_neurosketch,18,furniture,table,185,78,1,114003.17,3,35,table,0
0120173_neurosketch,18,furniture,bed,186,79,0,118502.65,3,17,bed,1
0120173_neurosketch,18,furniture,bed,186,80,0,118502.65,3,17,bed,0
0120173_neurosketch,18,furniture,chair,187,81,1,121502.7,3,27,chair,1
0120173_neurosketch,18,furniture,chair,187,82,1,121502.7,3,27,chair,0
0120173_neurosketch,18,furniture,chair,187,83,1,121502.7,3,27,chair,0
0120173_neurosketch,18,furniture,table,188,84,1,126002.19,3,26,table,1
0120173_neurosketch,18,furniture,table,188,85,1,126002.19,3,26,table,0
0120173_neurosketch,18,furniture,table,188,86,1,126002.19,3,26,table,0
0120173_neurosketch,18,furniture,table,188,87,1,126002.19,3,26,table,0
0120173_neurosketch,18,2,bench,189,88,0,132003.32,3,31,bench,1
0120173_neurosketch,18,2,bench,189,89,0,132003.32,3,31,bench,0
0120173_neurosketch,18,2,bench,189,90,0,132003.32,3,31,bench,0
0120173_neurosketch,18,2,bench,189,91,0,132003.32,3,31,bench,0
0120173_neurosketch,18,furniture,bed,190,92,0,138003.01,3,10,bed,1
0120173_neurosketch,18,furniture,bed,190,93,0,138003.01,3,10,bed,0
0120173_neurosketch,18,furniture,chair,191,94,1,141002.34,3,36,,1
0120173_neurosketch,18,furniture,chair,191,95,1,141002.34,3,36,,0
0120173_neurosketch,18,furniture,chair,192,96,1,144002.48,3,33,chair,1
0120173_neurosketch,18,furniture,chair,192,97,1,144002.48,3,33,chair,0
0120173_neurosketch,18,furniture,bench,193,98,0,147002.38,3,7,bench,1
0120173_neurosketch,18,furniture,bench,193,99,0,147002.38,3,7,bench,0
0120173_neurosketch,18,furniture,bench,193,100,0,147002.38,3,7,bench,0
0120173_neurosketch,18,furniture,bed,194,101,0,151503.01,3,19,bench,1
0120173_neurosketch,18,furniture,bed,194,102,0,151503.01,3,19,bench,0
0120173_neurosketch,18,furniture,bed,194,103,0,151503.01,3,19,bench,0
0120173_neurosketch,18,furniture,table,195,104,1,156002.7,3,14,table,1
0120173_neurosketch,18,furniture,table,195,105,1,156002.7,3,14,table,0
0120173_neurosketch,18,furniture,table,195,106,1,156002.7,3,14,table,0
0120173_neurosketch,18,furniture,table,196,107,1,160504.78,3,7,table,1
0120173_neurosketch,18,furniture,table,196,108,1,160504.78,3,7,table,0
0120173_neurosketch,18,furniture,table,196,109,1,160504.78,3,7,table,0
0120173_neurosketch,18,furniture,table,196,110,1,160504.78,3,7,table,0
0120173_neurosketch,18,furniture,chair,197,111,1,166502.16,3,12,chair,1
0120173_neurosketch,18,furniture,chair,197,112,1,166502.16,3,12,chair,0
0120173_neurosketch,18,furniture,chair,197,113,1,166502.16,3,12,chair,0
0120173_neurosketch,18,furniture,bed,198,114,0,171002.67,3,33,bed,1
0120173_neurosketch,18,furniture,bed,198,115,0,171002.67,3,33,bed,0
0120173_neurosketch,18,2,bench,199,116,0,174002.08,3,22,bench,1
0120173_neurosketch,18,2,bench,199,117,0,174002.08,3,22,bench,0
0120173_neurosketch,18,2,bench,199,118,0,174002.08,3,22,bench,0
0120173_neurosketch,18,2,bench,199,119,0,174002.08,3,22,bench,0
0120173_neurosketch,18,furniture,table,200,120,1,180002.67,3,20,table,1
0120173_neurosketch,18,furniture,table,200,121,1,180002.67,3,20,table,0
0120173_neurosketch,18,furniture,bench,201,122,0,183003.32,3,8,,1
0120173_neurosketch,18,furniture,bench,201,123,0,183003.32,3,8,,0
0120173_neurosketch,18,furniture,bench,201,124,0,183003.32,3,8,,0
0120173_neurosketch,18,furniture,bench,201,125,0,183003.32,3,8,,0
0120173_neurosketch,18,furniture,chair,202,126,1,189002.41,3,22,chair,1
0120173_neurosketch,18,furniture,chair,202,127,1,189002.41,3,22,chair,0
0120173_neurosketch,18,furniture,chair,202,128,1,189002.41,3,22,chair,0
0120173_neurosketch,18,furniture,bed,203,129,0,193502.35,3,26,bed,1
0120173_neurosketch,18,furniture,bed,203,130,0,193502.35,3,26,bed,0
0120173_neurosketch,18,furniture,bench,204,131,0,196502.88,3,3,bench,1
0120173_neurosketch,18,furniture,bench,204,132,0,196502.88,3,3,bench,0
0120173_neurosketch,18,furniture,bed,205,133,0,199502.54,3,22,bed,1
0120173_neurosketch,18,furniture,bed,205,134,0,199502.54,3,22,bed,0
0120173_neurosketch,18,furniture,table,206,135,1,202502.96,3,1,table,1
0120173_neurosketch,18,furniture,table,206,136,1,202502.96,3,1,table,0
0120173_neurosketch,18,furniture,chair,207,137,1,205502.47,3,7,chair,1
0120173_neurosketch,18,furniture,chair,207,138,1,205502.47,3,7,chair,0
0120173_neurosketch,18,furniture,chair,207,139,1,205502.47,3,7,chair,0
0120173_neurosketch,18,furniture,chair,207,140,1,205502.47,3,7,chair,0
0120173_neurosketch,18,furniture,chair,208,141,1,211502.53,3,26,chair,1
0120173_neurosketch,18,furniture,chair,208,142,1,211502.53,3,26,chair,0
0120173_neurosketch,18,furniture,chair,208,143,1,211502.53,3,26,chair,0
0120173_neurosketch,18,2,bed,209,144,0,216003.47,3,23,bed,1
0120173_neurosketch,18,2,bed,209,145,0,216003.47,3,23,bed,0
0120173_neurosketch,18,furniture,table,210,146,1,219002.78,3,10,table,1
0120173_neurosketch,18,furniture,table,210,147,1,219002.78,3,10,table,0
0120173_neurosketch,18,furniture,table,210,148,1,219002.78,3,10,table,0
0120173_neurosketch,18,furniture,bench,211,149,0,223504.01,3,14,bench,1
0120173_neurosketch,18,furniture,bench,211,150,0,223504.01,3,14,bench,0
0120173_neurosketch,18,furniture,bench,211,151,0,223504.01,3,14,bench,0
0120173_neurosketch,18,furniture,bench,212,152,0,228001.93,3,18,bench,1
0120173_neurosketch,18,furniture,bench,212,153,0,228001.93,3,18,bench,0
0120173_neurosketch,18,furniture,bench,212,154,0,228001.93,3,18,bench,0
0120173_neurosketch,18,furniture,bed,213,155,0,232504.12,3,38,bed,1
0120173_neurosketch,18,furniture,bed,213,156,0,232504.12,3,38,bed,0
0120173_neurosketch,18,furniture,chair,214,157,1,235502.02,3,0,,1
0120173_neurosketch,18,furniture,chair,214,158,1,235502.02,3,0,,0
0120173_neurosketch,18,furniture,chair,214,159,1,235502.02,3,0,,0
0120173_neurosketch,18,furniture,chair,214,160,1,235502.02,3,0,,0
0120173_neurosketch,18,furniture,table,215,161,1,241503.1,3,12,table,1
0120173_neurosketch,18,furniture,table,215,162,1,241503.1,3,12,table,0
0120173_neurosketch,18,furniture,table,215,163,1,241503.1,3,12,table,0
0120173_neurosketch,18,furniture,chair,216,164,1,246002.22,3,35,,1
0120173_neurosketch,18,furniture,chair,216,165,1,246002.22,3,35,,0
0120173_neurosketch,18,furniture,bed,217,166,0,249002.75,3,3,bed,1
0120173_neurosketch,18,furniture,bed,217,167,0,249002.75,3,3,bed,0
0120173_neurosketch,18,furniture,table,218,168,1,252002.15,3,11,,1
0120173_neurosketch,18,furniture,table,218,169,1,252002.15,3,11,,0
0120173_neurosketch,18,furniture,table,218,170,1,252002.15,3,11,,0
0120173_neurosketch,18,2,bench,219,171,0,256502.75,3,10,bench,1
0120173_neurosketch,18,2,bench,219,172,0,256502.75,3,10,bench,0
0120173_neurosketch,18,2,bench,219,173,0,256502.75,3,10,bench,0
0120173_neurosketch,18,furniture,table,220,174,1,261003.41,3,4,table,1
0120173_neurosketch,18,furniture,table,220,175,1,261003.41,3,4,table,0
0120173_neurosketch,18,furniture,table,220,176,1,261003.41,3,4,table,0
0120173_neurosketch,18,furniture,bed,221,177,0,265503.12,3,20,,1
0120173_neurosketch,18,furniture,bed,221,178,0,265503.12,3,20,,0
0120173_neurosketch,18,furniture,bed,221,179,0,265503.12,3,20,,0
0120173_neurosketch,18,furniture,chair,222,180,1,270003.88,3,34,chair,1
0120173_neurosketch,18,furniture,chair,222,181,1,270003.88,3,34,chair,0
0120173_neurosketch,18,furniture,chair,222,182,1,270003.88,3,34,chair,0
0120173_neurosketch,18,furniture,chair,222,183,1,270003.88,3,34,chair,0
0120173_neurosketch,18,furniture,bench,223,184,0,276002.36,3,36,bench,1
0120173_neurosketch,18,furniture,bench,223,185,0,276002.36,3,36,bench,0
0120173_neurosketch,18,furniture,table,224,186,1,279003.18,3,23,table,1
0120173_neurosketch,18,furniture,table,224,187,1,279003.18,3,23,table,0
0120173_neurosketch,18,furniture,bench,225,188,0,282003.62,3,2,,1
0120173_neurosketch,18,furniture,bench,225,189,0,282003.62,3,2,,0
0120173_neurosketch,18,furniture,bench,225,190,0,282003.62,3,2,,0
0120173_neurosketch,18,furniture,bed,226,191,0,286502.48,3,1,bed,1
0120173_neurosketch,18,furniture,bed,226,192,0,286502.48,3,1,bed,0
0120173_neurosketch,18,furniture,chair,227,193,1,289504.0,3,5,chair,1
0120173_neurosketch,18,furniture,chair,227,194,1,289504.0,3,5,chair,0
0120173_neurosketch,18,furniture,chair,227,195,1,289504.0,3,5,chair,0
0120173_neurosketch,18,furniture,chair,228,196,1,294003.0,3,6,chair,1
0120173_neurosketch,18,furniture,chair,228,197,1,294003.0,3,6,chair,0
0120173_neurosketch,18,furniture,chair,228,198,1,294003.0,3,6,chair,0
0120173_neurosketch,18,furniture,chair,228,199,1,294003.0,3,6,chair,0
0120173_neurosketch,18,2,bed,229,200,0,300003.45,3,18,bed,1
0120173_neurosketch,18,2,bed,229,201,0,300003.45,3,18,bed,0
0120173_neurosketch,18,2,bed,229,202,0,300003.45,3,18,bed,0
0120173_neurosketch,18,2,bed,229,203,0,300003.45,3,18,bed,0
0120173_neurosketch,18,furniture,bench,230,204,0,306004.53,3,35,bench,1
0120173_neurosketch,18,furniture,bench,230,205,0,306004.53,3,35,bench,0
0120173_neurosketch,18,furniture,table,231,206,1,309003.14,3,5,,1
0120173_neurosketch,18,furniture,table,231,207,1,309003.14,3,5,,0
0120173_neurosketch,18,furniture,bench,232,208,0,312002.94,3,17,bench,1
0120173_neurosketch,18,furniture,bench,232,209,0,312002.94,3,17,bench,0
0120173_neurosketch,18,furniture,table,233,210,1,315003.22,3,0,table,1
0120173_neurosketch,18,furniture,table,233,211,1,315003.22,3,0,table,0
0120173_neurosketch,18,furniture,table,233,212,1,315003.22,3,0,table,0
0120173_neurosketch,18,furniture,chair,234,213,1,319501.82,3,38,chair,1
0120173_neurosketch,18,furniture,chair,234,214,1,319501.82,3,38,chair,0
0120173_neurosketch,18,furniture,chair,234,215,1,319501.82,3,38,chair,0
0120173_neurosketch,18,furniture,bed,235,216,0,324003.26,3,14,,1
0120173_neurosketch,18,furniture,bed,235,217,0,324003.26,3,14,,0
0120173_neurosketch,18,furniture,bed,235,218,0,324003.26,3,14,,0
0120173_neurosketch,18,furniture,bench,236,219,0,328502.57,3,1,bench,1
0120173_neurosketch,18,furniture,bench,236,220,0,328502.57,3,1,bench,0
0120173_neurosketch,18,furniture,bench,236,221,0,328502.57,3,1,bench,0
0120173_neurosketch,18,furniture,bench,236,222,0,328502.57,3,1,bench,0
0120173_neurosketch,18,furniture,table,237,223,1,334502.92,3,33,table,1
0120173_neurosketch,18,furniture,table,237,224,1,334502.92,3,33,table,0
0120173_neurosketch,18,furniture,table,237,225,1,334502.92,3,33,table,0
0120173_neurosketch,18,furniture,bed,238,226,0,339004.12,3,16,bed,1
0120173_neurosketch,18,furniture,bed,238,227,0,339004.12,3,16,bed,0
0120173_neurosketch,18,2,chair,239,228,1,342002.88,3,28,chair,1
0120173_neurosketch,18,2,chair,239,229,1,342002.88,3,28,chair,0
0120173_neurosketch,18,2,chair,239,230,1,342002.88,3,28,chair,0
0120173_neurosketch,18,2,chair,239,231,1,342002.88,3,28,chair,0
0120173_neurosketch,18,2,chair,239,232,1,342002.88,3,28,chair,0
0120173_neurosketch,18,2,chair,239,233,1,342002.88,3,28,chair,0
0120173_neurosketch,18,2,chair,239,234,1,342002.88,3,28,chair,0
0120173_neurosketch,18,2,chair,239,235,1,342002.88,3,28,chair,0
0120173_neurosketch,18,2,chair,239,236,1,342002.88,3,28,chair,0
0120173_neurosketch,18,2,chair,239,237,1,342002.88,3,28,chair,0
0120173_neurosketch,18,2,chair,239,238,1,342002.88,3,28,chair,0
0120173_neurosketch,18,2,chair,239,239,1,342002.88,3,28,chair,0
0120173_neurosketch,18,furniture,chair,240,0,-1,0.0,4,9,chair,0
0120173_neurosketch,18,furniture,chair,240,1,-1,0.0,4,9,chair,0
0120173_neurosketch,18,furniture,chair,240,2,-1,0.0,4,9,chair,0
0120173_neurosketch,18,furniture,chair,240,3,-1,0.0,4,9,chair,0
0120173_neurosketch,18,furniture,chair,240,4,-1,0.0,4,9,chair,0
0120173_neurosketch,18,furniture,chair,240,5,-1,0.0,4,9,chair,0
0120173_neurosketch,18,furniture,chair,240,6,-1,0.0,4,9,chair,0
0120173_neurosketch,18,furniture,chair,240,7,-1,0.0,4,9,chair,0
0120173_neurosketch,18,furniture,chair,240,8,1,12001.21,4,9,chair,1
0120173_neurosketch,18,furniture,chair,240,9,1,12001.21,4,9,chair,0
0120173_neurosketch,18,furniture,table,241,10,1,15001.82,4,16,table,1
0120173_neurosketch,18,furniture,table,241,11,1,15001.82,4,16,table,0
0120173_neurosketch,18,furniture,table,241,12,1,15001.82,4,16,table,0
0120173_neurosketch,18,furniture,table,241,13,1,15001.82,4,16,table,0
0120173_neurosketch,18,furniture,bench,242,14,0,21001.68,4,9,bench,1
0120173_neurosketch,18,furniture,bench,242,15,0,21001.68,4,9,bench,0
0120173_neurosketch,18,furniture,bench,242,16,0,21001.68,4,9,bench,0
0120173_neurosketch,18,furniture,bed,243,17,0,25501.56,4,39,bed,1
0120173_neurosketch,18,furniture,bed,243,18,0,25501.56,4,39,bed,0
0120173_neurosketch,18,furniture,table,244,19,1,28502.22,4,34,table,1
0120173_neurosketch,18,furniture,table,244,20,1,28502.22,4,34,table,0
0120173_neurosketch,18,furniture,bed,245,21,0,31501.79,4,9,bed,1
0120173_neurosketch,18,furniture,bed,245,22,0,31501.79,4,9,bed,0
0120173_neurosketch,18,furniture,bench,246,23,0,34501.84,4,23,bench,1
0120173_neurosketch,18,furniture,bench,246,24,0,34501.84,4,23,bench,0
0120173_neurosketch,18,furniture,chair,247,25,1,37502.17,4,23,chair,1
0120173_neurosketch,18,furniture,chair,247,26,1,37502.17,4,23,chair,0
0120173_neurosketch,18,furniture,chair,247,27,1,37502.17,4,23,chair,0
0120173_neurosketch,18,furniture,chair,247,28,1,37502.17,4,23,chair,0
0120173_neurosketch,18,furniture,bench,248,29,0,43501.94,4,15,bench,1
0120173_neurosketch,18,furniture,bench,248,30,0,43501.94,4,15,bench,0
0120173_neurosketch,18,furniture,bench,248,31,0,43501.94,4,15,bench,0
0120173_neurosketch,18,2,bed,249,32,0,48001.17,4,6,bed,1
0120173_neurosketch,18,2,bed,249,33,0,48001.17,4,6,bed,0
0120173_neurosketch,18,furniture,chair,250,34,1,51002.09,4,4,chair,1
0120173_neurosketch,18,furniture,chair,250,35,1,51002.09,4,4,chair,0
0120173_neurosketch,18,furniture,chair,250,36,1,51002.09,4,4,chair,0
0120173_neurosketch,18,furniture,table,251,37,1,55502.45,4,25,table,1
0120173_neurosketch,18,furniture,table,251,38,1,55502.45,4,25,table,0
0120173_neurosketch,18,furniture,table,251,39,1,55502.45,4,25,table,0
0120173_neurosketch,18,furniture,bench,252,40,0,60001.61,4,5,bench,1
0120173_neurosketch,18,furniture,bench,252,41,0,60001.61,4,5,bench,0
0120173_neurosketch,18,furniture,bench,252,42,0,60001.61,4,5,bench,0
0120173_neurosketch,18,furniture,bed,253,43,0,64502.24,4,7,bed,1
0120173_neurosketch,18,furniture,bed,253,44,0,64502.24,4,7,bed,0
0120173_neurosketch,18,furniture,table,254,45,1,67502.46,4,3,,1
0120173_neurosketch,18,furniture,table,254,46,1,67502.46,4,3,,0
0120173_neurosketch,18,furniture,table,254,47,1,67502.46,4,3,,0
0120173_neurosketch,18,furniture,table,254,48,1,67502.46,4,3,,0
0120173_neurosketch,18,furniture,chair,255,49,1,73501.66,4,39,chair,1
0120173_neurosketch,18,furniture,chair,255,50,1,73501.66,4,39,chair,0
0120173_neurosketch,18,furniture,chair,255,51,1,73501.66,4,39,chair,0
0120173_neurosketch,18,furniture,table,256,52,1,78002.11,4,39,table,1
0120173_neurosketch,18,furniture,table,256,53,1,78002.11,4,39,table,0
0120173_neurosketch,18,furniture,bed,257,54,0,81003.48,4,30,bed,1
0120173_neurosketch,18,furniture,bed,257,55,0,81003.48,4,30,bed,0
0120173_neurosketch,18,furniture,bench,258,56,0,84002.41,4,19,bench,1
0120173_neurosketch,18,furniture,bench,258,57,0,84002.41,4,19,bench,0
0120173_neurosketch,18,furniture,bench,258,58,0,84002.41,4,19,bench,0
0120173_neurosketch,18,2,chair,259,59,1,88503.96,4,15,chair,1
0120173_neurosketch,18,2,chair,259,60,1,88503.96,4,15,chair,0
0120173_neurosketch,18,2,chair,259,61,1,88503.96,4,15,chair,0
0120173_neurosketch,18,furniture,bench,260,62,0,93002.12,4,28,bench,1
0120173_neurosketch,18,furniture,bench,260,63,0,93002.12,4,28,bench,0
0120173_neurosketch,18,furniture,bench,260,64,0,93002.12,4,28,bench,0
0120173_neurosketch,18,furniture,table,261,65,1,97503.29,4,29,,1
0120173_neurosketch,18,furniture,table,261,66,1,97503.29,4,29,,0
0120173_neurosketch,18,furniture,table,261,67,1,97503.29,4,29,,0
0120173_neurosketch,18,furniture,chair,262,68,1,102002.87,4,29,chair,1
0120173_neurosketch,18,furniture,chair,262,69,1,102002.87,4,29,chair,0
0120173_neurosketch,18,furniture,chair,262,70,1,102002.87,4,29,chair,0
0120173_neurosketch,18,furniture,chair,262,71,1,102002.87,4,29,chair,0
0120173_neurosketch,18,furniture,bed,263,72,0,108002.84,4,0,bed,1
0120173_neurosketch,18,furniture,bed,263,73,0,108002.84,4,0,bed,0
0120173_neurosketch,18,furniture,chair,264,74,1,111002.62,4,30,chair,1
0120173_neurosketch,18,furniture,chair,264,75,1,111002.62,4,30,chair,0
0120173_neurosketch,18,furniture,bench,265,76,0,114002.42,4,29,,1
0120173_neurosketch,18,furniture,bench,265,77,0,114002.42,4,29,,0
0120173_neurosketch,18,furniture,bench,265,78,0,114002.42,4,29,,0
0120173_neurosketch,18,furniture,table,266,79,1,118502.89,4,30,table,1
0120173_neurosketch,18,furniture,table,266,80,1,118502.89,4,30,table,0
0120173_neurosketch,18,furniture,bed,267,81,0,121502.32,4,29,bed,1
0120173_neurosketch,18,furniture,bed,267,82,0,121502.32,4,29,bed,0
0120173_neurosketch,18,furniture,bed,267,83,0,121502.32,4,29,bed,0
0120173_neurosketch,18,furniture,bench,268,84,0,126002.66,4,16,bench,1
0120173_neurosketch,18,furniture,bench,268,85,0,126002.66,4,16,bench,0
0120173_neurosketch,18,furniture,bench,268,86,0,126002.66,4,16,bench,0
0120173_neurosketch,18,furniture,bench,268,87,0,126002.66,4,16,bench,0
0120173_neurosketch,18,2,bed,269,88,0,132002.5,4,25,bed,1
0120173_neurosketch,18,2,bed,269,89,0,132002.5,4,25,bed,0
0120173_neurosketch,18,2,bed,269,90,0,132002.5,4,25,bed,0
0120173_neurosketch,18,2,bed,269,91,0,132002.5,4,25,bed,0
0120173_neurosketch,18,furniture,table,270,92,1,138002.72,4,8,table,1
0120173_neurosketch,18,furniture,table,270,93,1,138002.72,4,8,table,0
0120173_neurosketch,18,furniture,chair,271,94,1,141004.36,4,3,chair,1
0120173_neurosketch,18,furniture,chair,271,95,1,141004.36,4,3,chair,0
0120173_neurosketch,18,furniture,bed,272,96,0,144004.28,4,13,bed,1
0120173_neurosketch,18,furniture,bed,272,97,0,144004.28,4,13,bed,0
0120173_neurosketch,18,furniture,chair,273,98,1,147002.19,4,19,chair,1
0120173_neurosketch,18,furniture,chair,273,99,1,147002.19,4,19,chair,0
0120173_neurosketch,18,furniture,chair,273,100,1,147002.19,4,19,chair,0
0120173_neurosketch,18,furniture,bench,274,101,0,151502.18,4,34,bench,1
0120173_neurosketch,18,furniture,bench,274,102,0,151502.18,4,34,bench,0
0120173_neurosketch,18,furniture,bench,274,103,0,151502.18,4,34,bench,0
0120173_neurosketch,18,furniture,table,275,104,1,156003.09,4,24,,1
0120173_neurosketch,18,furniture,table,275,105,1,156003.09,4,24,,0
0120173_neurosketch,18,furniture,table,275,106,1,156003.09,4,24,,0
0120173_neurosketch,18,furniture,bench,276,107,0,160502.01,4,21,bed,1
0120173_neurosketch,18,furniture,bench,276,108,0,160502.01,4,21,bed,0
0120173_neurosketch,18,furniture,bench,276,109,0,160502.01,4,21,bed,0
0120173_neurosketch,18,furniture,bench,276,110,0,160502.01,4,21,bed,0
0120173_neurosketch,18,furniture,bed,277,111,0,166503.11,4,8,bed,1
0120173_neurosketch,18,furniture,bed,277,112,0,166503.11,4,8,bed,0
0120173_neurosketch,18,furniture,bed,277,113,0,166503.11,4,8,bed,0
0120173_neurosketch,18,furniture,table,278,114,1,171002.19,4,22,,1
0120173_neurosketch,18,furniture,table,278,115,1,171002.19,4,22,,0
0120173_neurosketch,18,2,chair,279,116,1,174002.17,4,31,chair,1
0120173_neurosketch,18,2,chair,279,117,1,174002.17,4,31,chair,0
0120173_neurosketch,18,2,chair,279,118,1,174002.17,4,31,chair,0
0120173_neurosketch,18,2,chair,279,119,1,174002.17,4,31,chair,0
0120173_neurosketch,18,furniture,bed,280,120,0,180002.95,4,35,bed,1
0120173_neurosketch,18,furniture,bed,280,121,0,180002.95,4,35,bed,0
0120173_neurosketch,18,furniture,chair,281,122,1,183002.83,4,18,chair,1
0120173_neurosketch,18,furniture,chair,281,123,1,183002.83,4,18,chair,0
0120173_neurosketch,18,furniture,chair,281,124,1,183002.83,4,18,chair,0
0120173_neurosketch,18,furniture,chair,281,125,1,183002.83,4,18,chair,0
0120173_neurosketch,18,furniture,table,282,126,1,189002.83,4,19,table,1
0120173_neurosketch,18,furniture,table,282,127,1,189002.83,4,19,table,0
0120173_neurosketch,18,furniture,table,282,128,1,189002.83,4,19,table,0
0120173_neurosketch,18,furniture,bench,283,129,0,193503.07,4,37,bench,1
0120173_neurosketch,18,furniture,bench,283,130,0,193503.07,4,37,bench,0
0120173_neurosketch,18,furniture,bed,284,131,0,196502.32,4,37,,1
0120173_neurosketch,18,furniture,bed,284,132,0,196502.32,4,37,,0
0120173_neurosketch,18,furniture,table,285,133,1,199502.48,4,13,table,1
0120173_neurosketch,18,furniture,table,285,134,1,199502.48,4,13,table,0
0120173_neurosketch,18,furniture,bench,286,135,0,202502.34,4,24,bench,1
0120173_neurosketch,18,furniture,bench,286,136,0,202502.34,4,24,bench,0
0120173_neurosketch,18,furniture,chair,287,137,1,205502.33,4,16,chair,1
0120173_neurosketch,18,furniture,chair,287,138,1,205502.33,4,16,chair,0
0120173_neurosketch,18,furniture,chair,287,139,1,205502.33,4,16,chair,0
0120173_neurosketch,18,furniture,chair,287,140,1,205502.33,4,16,chair,0
0120173_neurosketch,18,furniture,bench,288,141,0,211504.49,4,39,bench,1
0120173_neurosketch,18,furniture,bench,288,142,0,211504.49,4,39,bench,0
0120173_neurosketch,18,furniture,bench,288,143,0,211504.49,4,39,bench,0
0120173_neurosketch,18,2,chair,289,144,1,216002.77,4,14,chair,1
0120173_neurosketch,18,2,chair,289,145,1,216002.77,4,14,chair,0
0120173_neurosketch,18,furniture,bed,290,146,0,219002.42,4,5,,1
0120173_neurosketch,18,furniture,bed,290,147,0,219002.42,4,5,,0
0120173_neurosketch,18,furniture,bed,290,148,0,219002.42,4,5,,0
0120173_neurosketch,18,furniture,table,291,149,1,223503.76,4,36,,1
0120173_neurosketch,18,furniture,table,291,150,1,223503.76,4,36,,0
0120173_neurosketch,18,furniture,table,291,151,1,223503.76,4,36,,0
0120173_neurosketch,18,furniture,chair,292,152,1,228002.24,4,17,chair,1
0120173_neurosketch,18,furniture,chair,292,153,1,228002.24,4,17,chair,0
0120173_neurosketch,18,furniture,chair,292,154,1,228002.24,4,17,chair,0
0120173_neurosketch,18,furniture,bed,293,155,0,232502.15,4,4,bed,1
0120173_neurosketch,18,furniture,bed,293,156,0,232502.15,4,4,bed,0
0120173_neurosketch,18,furniture,table,294,157,1,235502.02,4,15,chair,1
0120173_neurosketch,18,furniture,table,294,158,1,235502.02,4,15,chair,0
0120173_neurosketch,18,furniture,table,294,159,1,235502.02,4,15,chair,0
0120173_neurosketch,18,furniture,table,294,160,1,235502.02,4,15,chair,0
0120173_neurosketch,18,furniture,bench,295,161,0,241501.49,4,6,bench,1
0120173_neurosketch,18,furniture,bench,295,162,0,241501.49,4,6,bench,0
0120173_neurosketch,18,furniture,bench,295,163,0,241501.49,4,6,bench,0
0120173_neurosketch,18,furniture,table,296,164,1,246002.43,4,37,table,1
0120173_neurosketch,18,furniture,table,296,165,1,246002.43,4,37,table,0
0120173_neurosketch,18,furniture,chair,297,166,1,249002.66,4,32,chair,1
0120173_neurosketch,18,furniture,chair,297,167,1,249002.66,4,32,chair,0
0120173_neurosketch,18,furniture,bench,298,168,0,252002.92,4,20,bench,1
0120173_neurosketch,18,furniture,bench,298,169,0,252002.92,4,20,bench,0
0120173_neurosketch,18,furniture,bench,298,170,0,252002.92,4,20,bench,0
0120173_neurosketch,18,2,bed,299,171,0,256502.46,4,21,bed,1
0120173_neurosketch,18,2,bed,299,172,0,256502.46,4,21,bed,0
0120173_neurosketch,18,2,bed,299,173,0,256502.46,4,21,bed,0
0120173_neurosketch,18,furniture,table,300,174,1,261003.08,4,18,table,1
0120173_neurosketch,18,furniture,table,300,175,1,261003.08,4,18,table,0
0120173_neurosketch,18,furniture,table,300,176,1,261003.08,4,18,table,0
0120173_neurosketch,18,furniture,chair,301,177,1,265504.14,4,24,chair,1
0120173_neurosketch,18,furniture,chair,301,178,1,265504.14,4,24,chair,0
0120173_neurosketch,18,furniture,chair,301,179,1,265504.14,4,24,chair,0
0120173_neurosketch,18,furniture,bench,302,180,0,270002.86,4,12,,1
0120173_neurosketch,18,furniture,bench,302,181,0,270002.86,4,12,,0
0120173_neurosketch,18,furniture,bench,302,182,0,270002.86,4,12,,0
0120173_neurosketch,18,furniture,bench,302,183,0,270002.86,4,12,,0
0120173_neurosketch,18,furniture,bed,303,184,0,276002.92,4,24,bed,1
0120173_neurosketch,18,furniture,bed,303,185,0,276002.92,4,24,bed,0
0120173_neurosketch,18,furniture,bed,304,186,0,279002.38,4,28,bed,1
0120173_neurosketch,18,furniture,bed,304,187,0,279002.38,4,28,bed,0
0120173_neurosketch,18,furniture,chair,305,188,1,282002.96,4,1,chair,1
0120173_neurosketch,18,furniture,chair,305,189,1,282002.96,4,1,chair,0
0120173_neurosketch,18,furniture,chair,305,190,1,282002.96,4,1,chair,0
0120173_neurosketch,18,furniture,table,306,191,1,286502.7,4,31,table,1
0120173_neurosketch,18,furniture,table,306,192,1,286502.7,4,31,table,0
0120173_neurosketch,18,furniture,bench,307,193,0,289502.16,4,0,bench,1
0120173_neurosketch,18,furniture,bench,307,194,0,289502.16,4,0,bench,0
0120173_neurosketch,18,furniture,bench,307,195,0,289502.16,4,0,bench,0
0120173_neurosketch,18,furniture,chair,308,196,1,294002.05,4,11,chair,1
0120173_neurosketch,18,furniture,chair,308,197,1,294002.05,4,11,chair,0
0120173_neurosketch,18,furniture,chair,308,198,1,294002.05,4,11,chair,0
0120173_neurosketch,18,furniture,chair,308,199,1,294002.05,4,11,chair,0
0120173_neurosketch,18,2,bench,309,200,0,300002.99,4,11,,1
0120173_neurosketch,18,2,bench,309,201,0,300002.99,4,11,,0
0120173_neurosketch,18,2,bench,309,202,0,300002.99,4,11,,0
0120173_neurosketch,18,2,bench,309,203,0,300002.99,4,11,,0
0120173_neurosketch,18,furniture,table,310,204,1,306002.65,4,38,table,1
0120173_neurosketch,18,furniture,table,310,205,1,306002.65,4,38,table,0
0120173_neurosketch,18,furniture,bed,311,206,0,309002.3,4,31,bed,1
0120173_neurosketch,18,furniture,bed,311,207,0,309002.3,4,31,bed,0
0120173_neurosketch,18,furniture,chair,312,208,1,312002.42,4,13,chair,1
0120173_neurosketch,18,furniture,chair,312,209,1,312002.42,4,13,chair,0
0120173_neurosketch,18,furniture,bench,313,210,0,315002.26,4,13,bed,1
0120173_neurosketch,18,furniture,bench,313,211,0,315002.26,4,13,bed,0
0120173_neurosketch,18,furniture,bench,313,212,0,315002.26,4,13,bed,0
0120173_neurosketch,18,furniture,bed,314,213,0,319503.13,4,12,bed,1
0120173_neurosketch,18,furniture,bed,314,214,0,319503.13,4,12,bed,0
0120173_neurosketch,18,furniture,bed,314,215,0,319503.13,4,12,bed,0
0120173_neurosketch,18,furniture,table,315,216,1,324002.1,4,21,table,1
0120173_neurosketch,18,furniture,table,315,217,1,324002.1,4,21,table,0
0120173_neurosketch,18,furniture,table,315,218,1,324002.1,4,21,table,0
0120173_neurosketch,18,furniture,table,316,219,1,328503.0,4,27,table,1
0120173_neurosketch,18,furniture,table,316,220,1,328503.0,4,27,table,0
0120173_neurosketch,18,furniture,table,316,221,1,328503.0,4,27,table,0
0120173_neurosketch,18,furniture,table,316,222,1,328503.0,4,27,table,0
0120173_neurosketch,18,furniture,bed,317,223,0,334502.39,4,11,bed,1
0120173_neurosketch,18,furniture,bed,317,224,0,334502.39,4,11,bed,0
0120173_neurosketch,18,furniture,bed,317,225,0,334502.39,4,11,bed,0
0120173_neurosketch,18,furniture,bench,318,226,0,339000.88,4,38,bench,1
0120173_neurosketch,18,furniture,bench,318,227,0,339000.88,4,38,bench,0
0120173_neurosketch,18,2,chair,319,228,1,342002.29,4,2,chair,1
0120173_neurosketch,18,2,chair,319,229,1,342002.29,4,2,chair,0
0120173_neurosketch,18,2,chair,319,230,1,342002.29,4,2,chair,0
0120173_neurosketch,18,2,chair,319,231,1,342002.29,4,2,chair,0
0120173_neurosketch,18,2,chair,319,232,1,342002.29,4,2,chair,0
0120173_neurosketch,18,2,chair,319,233,1,342002.29,4,2,chair,0
0120173_neurosketch,18,2,chair,319,234,1,342002.29,4,2,chair,0
0120173_neurosketch,18,2,chair,319,235,1,342002.29,4,2,chair,0
0120173_neurosketch,18,2,chair,319,236,1,342002.29,4,2,chair,0
0120173_neurosketch,18,2,chair,319,237,1,342002.29,4,2,chair,0
0120173_neurosketch,18,2,chair,319,238,1,342002.29,4,2,chair,0
0120173_neurosketch,18,2,chair,319,239,1,342002.29,4,2,chair,0
0120173_neurosketch,18,furniture,chair,360,0,-1,0.0,9,2,,0
0120173_neurosketch,18,furniture,chair,360,1,-1,0.0,9,2,,0
0120173_neurosketch,18,furniture,chair,360,2,-1,0.0,9,2,,0
0120173_neurosketch,18,furniture,chair,360,3,-1,0.0,9,2,,0
0120173_neurosketch,18,furniture,chair,360,4,-1,0.0,9,2,,0
0120173_neurosketch,18,furniture,chair,360,5,-1,0.0,9,2,,0
0120173_neurosketch,18,furniture,chair,360,6,-1,0.0,9,2,,0
0120173_neurosketch,18,furniture,chair,360,7,-1,0.0,9,2,,0
0120173_neurosketch,18,furniture,chair,360,8,1,12003.46,9,2,,1
0120173_neurosketch,18,furniture,chair,360,9,1,12003.46,9,2,,0
0120173_neurosketch,18,furniture,bench,361,10,0,15001.38,9,38,bench,1
0120173_neurosketch,18,furniture,bench,361,11,0,15001.38,9,38,bench,0
0120173_neurosketch,18,furniture,bench,361,12,0,15001.38,9,38,bench,0
0120173_neurosketch,18,furniture,bench,361,13,0,15001.38,9,38,bench,0
0120173_neurosketch,18,furniture,bed,362,14,0,21002.09,9,11,bed,1
0120173_neurosketch,18,furniture,bed,362,15,0,21002.09,9,11,bed,0
0120173_neurosketch,18,furniture,bed,362,16,0,21002.09,9,11,bed,0
0120173_neurosketch,18,furniture,table,363,17,1,25502.38,9,27,table,1
0120173_neurosketch,18,furniture,table,363,18,1,25502.38,9,27,table,0
0120173_neurosketch,18,furniture,table,364,19,1,28503.32,9,21,table,1
0120173_neurosketch,18,furniture,table,364,20,1,28503.32,9,21,table,0
0120173_neurosketch,18,furniture,bed,365,21,0,31502.09,9,12,bed,1
0120173_neurosketch,18,furniture,bed,365,22,0,31502.09,9,12,bed,0
0120173_neurosketch,18,furniture,bench,366,23,0,34504.04,9,13,bed,1
0120173_neurosketch,18,furniture,bench,366,24,0,34504.04,9,13,bed,0
0120173_neurosketch,18,furniture,chair,367,25,1,37501.73,9,13,,1
0120173_neurosketch,18,furniture,chair,367,26,1,37501.73,9,13,,0
0120173_neurosketch,18,furniture,chair,367,27,1,37501.73,9,13,,0
0120173_neurosketch,18,furniture,chair,367,28,1,37501.73,9,13,,0
0120173_neurosketch,18,furniture,bed,368,29,0,43501.88,9,31,bed,1
0120173_neurosketch,18,furniture,bed,368,30,0,43501.88,9,31,bed,0
0120173_neurosketch,18,furniture,bed,368,31,0,43501.88,9,31,bed,0
0120173_neurosketch,18,2,table,369,32,1,48001.86,9,38,,1
0120173_neurosketch,18,2,table,369,33,1,48001.86,9,38,,0
0120173_neurosketch,18,furniture,bench,370,34,0,51001.96,9,11,bed,1
0120173_neurosketch,18,furniture,bench,370,35,0,51001.96,9,11,bed,0
0120173_neurosketch,18,furniture,bench,370,36,0,51001.96,9,11,bed,0
0120173_neurosketch,18,furniture,chair,371,37,1,55501.86,9,11,chair,1
0120173_neurosketch,18,furniture,chair,371,38,1,55501.86,9,11,chair,0
0120173_neurosketch,18,furniture,chair,371,39,1,55501.86,9,11,chair,0
0120173_neurosketch,18,furniture,bench,372,40,0,60002.52,9,0,bench,1
0120173_neurosketch,18,furniture,bench,372,41,0,60002.52,9,0,bench,0
0120173_neurosketch,18,furniture,bench,372,42,0,60002.52,9,0,bench,0
0120173_neurosketch,18,furniture,table,373,43,1,64502.58,9,31,table,1
0120173_neurosketch,18,furniture,table,373,44,1,64502.58,9,31,table,0
0120173_neurosketch,18,furniture,chair,374,45,1,67501.58,9,1,chair,1
0120173_neurosketch,18,furniture,chair,374,46,1,67501.58,9,1,chair,0
0120173_neurosketch,18,furniture,chair,374,47,1,67501.58,9,1,chair,0
0120173_neurosketch,18,furniture,chair,374,48,1,67501.58,9,1,chair,0
0120173_neurosketch,18,furniture,bed,375,49,0,73502.55,9,28,bed,1
0120173_neurosketch,18,furniture,bed,375,50,0,73502.55,9,28,bed,0
0120173_neurosketch,18,furniture,bed,375,51,0,73502.55,9,28,bed,0
0120173_neurosketch,18,furniture,bed,376,52,0,78002.25,9,24,bed,1
0120173_neurosketch,18,furniture,bed,376,53,0,78002.25,9,24,bed,0
0120173_neurosketch,18,furniture,bench,377,54,0,81001.96,9,12,bench,1
0120173_neurosketch,18,furniture,bench,377,55,0,81001.96,9,12,bench,0
0120173_neurosketch,18,furniture,chair,378,56,1,84002.27,9,24,chair,1
0120173_neurosketch,18,furniture,chair,378,57,1,84002.27,9,24,chair,0
0120173_neurosketch,18,furniture,chair,378,58,1,84002.27,9,24,chair,0
0120173_neurosketch,18,2,table,379,59,1,88501.52,9,18,,1
0120173_neurosketch,18,2,table,379,60,1,88501.52,9,18,,0
0120173_neurosketch,18,2,table,379,61,1,88501.52,9,18,,0
0120173_neurosketch,18,furniture,bed,380,62,0,93002.08,9,21,bed,1
0120173_neurosketch,18,furniture,bed,380,63,0,93002.08,9,21,bed,0
0120173_neurosketch,18,furniture,bed,380,64,0,93002.08,9,21,bed,0
0120173_neurosketch,18,furniture,bench,381,65,0,97502.63,9,20,bench,1
0120173_neurosketch,18,furniture,bench,381,66,0,97502.63,9,20,bench,0
0120173_neurosketch,18,furniture,bench,381,67,0,97502.63,9,20,bench,0
0120173_neurosketch,18,furniture,chair,382,68,1,102001.82,9,32,chair,1
0120173_neurosketch,18,furniture,chair,382,69,1,102001.82,9,32,chair,0
0120173_neurosketch,18,furniture,chair,382,70,1,102001.82,9,32,chair,0
0120173_neurosketch,18,furniture,chair,382,71,1,102001.82,9,32,chair,0
0120173_neurosketch,18,furniture,table,383,72,1,108002.12,9,37,table,1
0120173_neurosketch,18,furniture,table,383,73,1,108002.12,9,37,table,0
0120173_neurosketch,18,furniture,bench,384,74,0,111001.94,9,6,bench,1
0120173_neurosketch,18,furniture,bench,384,75,0,111001.94,9,6,bench,0
0120173_neurosketch,18,furniture,table,385,76,1,114002.67,9,15,table,1
0120173_neurosketch,18,furniture,table,385,77,1,114002.67,9,15,table,0
0120173_neurosketch,18,furniture,table,385,78,1,114002.67,9,15,table,0
0120173_neurosketch,18,furniture,bed,386,79,0,118502.05,9,4,bed,1
0120173_neurosketch,18,furniture,bed,386,80,0,118502.05,9,4,bed,0
0120173_neurosketch,18,furniture,chair,387,81,1,121502.42,9,17,chair,1
0120173_neurosketch,18,furniture,chair,387,82,1,121502.42,9,17,chair,0
0120173_neurosketch,18,furniture,chair,387,83,1,121502.42,9,17,chair,0
0120173_neurosketch,18,furniture,table,388,84,1,126002.25,9,36,table,1
0120173_neurosketch,18,furniture,table,388,85,1,126002.25,9,36,table,0
0120173_neurosketch,18,furniture,table,388,86,1,126002.25,9,36,table,0
0120173_neurosketch,18,furniture,table,388,87,1,126002.25,9,36,table,0
0120173_neurosketch,18,2,bed,389,88,0,132003.6,9,5,bed,1
0120173_neurosketch,18,2,bed,389,89,0,132003.6,9,5,bed,0
0120173_neurosketch,18,2,bed,389,90,0,132003.6,9,5,bed,0
0120173_neurosketch,18,2,bed,389,91,0,132003.6,9,5,bed,0
0120173_neurosketch,18,furniture,chair,390,92,1,138002.51,9,14,chair,1
0120173_neurosketch,18,furniture,chair,390,93,1,138002.51,9,14,chair,0
0120173_neurosketch,18,furniture,bench,391,94,0,141002.59,9,39,,1
0120173_neurosketch,18,furniture,bench,391,95,0,141002.59,9,39,,0
0120173_neurosketch,18,furniture,chair,392,96,1,144002.77,9,16,chair,1
0120173_neurosketch,18,furniture,chair,392,97,1,144002.77,9,16,chair,0
0120173_neurosketch,18,furniture,bench,393,98,0,147002.07,9,24,bench,1
0120173_neurosketch,18,furniture,bench,393,99,0,147002.07,9,24,bench,0
0120173_neurosketch,18,furniture,bench,393,100,0,147002.07,9,24,bench,0
0120173_neurosketch,18,furniture,table,394,101,1,151502.12,9,13,table,1
0120173_neurosketch,18,furniture,table,394,102,1,151502.12,9,13,table,0
0120173_neurosketch,18,furniture,table,394,103,1,151502.12,9,13,table,0
0120173_neurosketch,18,furniture,bed,395,104,0,156003.0,9,37,bed,1
0120173_neurosketch,18,furniture,bed,395,105,0,156003.0,9,37,bed,0
0120173_neurosketch,18,furniture,bed,395,106,0,156003.0,9,37,bed,0
0120173_neurosketch,18,furniture,bench,396,107,0,160502.74,9,37,bench,1
0120173_neurosketch,18,furniture,bench,396,108,0,160502.74,9,37,bench,0
0120173_neurosketch,18,furniture,bench,396,109,0,160502.74,9,37,bench,0
0120173_neurosketch,18,furniture,bench,396,110,0,160502.74,9,37,bench,0
0120173_neurosketch,18,furniture,table,397,111,1,166502.98,9,19,table,1
0120173_neurosketch,18,furniture,table,397,112,1,166502.98,9,19,table,0
0120173_neurosketch,18,furniture,table,397,113,1,166502.98,9,19,table,0
0120173_neurosketch,18,furniture,chair,398,114,1,171002.2,9,18,chair,1
0120173_neurosketch,18,furniture,chair,398,115,1,171002.2,9,18,chair,0
0120173_neurosketch,18,2,bed,399,116,0,174002.88,9,35,bed,1
0120173_neurosketch,18,2,bed,399,117,0,174002.88,9,35,bed,0
0120173_neurosketch,18,2,bed,399,118,0,174002.88,9,35,bed,0
0120173_neurosketch,18,2,bed,399,119,0,174002.88,9,35,bed,0
0120173_neurosketch,18,furniture,chair,400,120,1,180002.86,9,31,chair,1
0120173_neurosketch,18,furniture,chair,400,121,1,180002.86,9,31,chair,0
0120173_neurosketch,18,furniture,table,401,122,1,183002.02,9,22,table,1
0120173_neurosketch,18,furniture,table,401,123,1,183002.02,9,22,table,0
0120173_neurosketch,18,furniture,table,401,124,1,183002.02,9,22,table,0
0120173_neurosketch,18,furniture,table,401,125,1,183002.02,9,22,table,0
0120173_neurosketch,18,furniture,bed,402,126,0,189003.29,9,8,bed,1
0120173_neurosketch,18,furniture,bed,402,127,0,189003.29,9,8,bed,0
0120173_neurosketch,18,furniture,bed,402,128,0,189003.29,9,8,bed,0
0120173_neurosketch,18,furniture,bench,403,129,0,193502.2,9,21,bench,1
0120173_neurosketch,18,furniture,bench,403,130,0,193502.2,9,21,bench,0
0120173_neurosketch,18,furniture,table,404,131,1,196502.49,9,24,table,1
0120173_neurosketch,18,furniture,table,404,132,1,196502.49,9,24,table,0
0120173_neurosketch,18,furniture,bench,405,133,0,199502.12,9,34,bench,1
0120173_neurosketch,18,furniture,bench,405,134,0,199502.12,9,34,bench,0
0120173_neurosketch,18,furniture,chair,406,135,1,202502.58,9,19,chair,1
0120173_neurosketch,18,furniture,chair,406,136,1,202502.58,9,19,chair,0
0120173_neurosketch,18,furniture,bed,407,137,0,205502.88,9,13,bed,1
0120173_neurosketch,18,furniture,bed,407,138,0,205502.88,9,13,bed,0
0120173_neurosketch,18,furniture,bed,407,139,0,205502.88,9,13,bed,0
0120173_neurosketch,18,furniture,bed,407,140,0,205502.88,9,13,bed,0
0120173_neurosketch,18,furniture,chair,408,141,1,211502.68,9,3,chair,1
0120173_neurosketch,18,furniture,chair,408,142,1,211502.68,9,3,chair,0
0120173_neurosketch,18,furniture,chair,408,143,1,211502.68,9,3,chair,0
0120173_neurosketch,18,2,table,409,144,1,216002.38,9,8,table,1
0120173_neurosketch,18,2,table,409,145,1,216002.38,9,8,table,0
0120173_neurosketch,18,furniture,bed,410,146,0,219001.93,9,25,bed,1
0120173_neurosketch,18,furniture,bed,410,147,0,219001.93,9,25,bed,0
0120173_neurosketch,18,furniture,bed,410,148,0,219001.93,9,25,bed,0
0120173_neurosketch,18,furniture,bench,411,149,0,223503.05,9,16,bench,1
0120173_neurosketch,18,furniture,bench,411,150,0,223503.05,9,16,bench,0
0120173_neurosketch,18,furniture,bench,411,151,0,223503.05,9,16,bench,0
0120173_neurosketch,18,furniture,bed,412,152,0,228002.37,9,29,bed,1
0120173_neurosketch,18,furniture,bed,412,153,0,228002.37,9,29,bed,0
0120173_neurosketch,18,furniture,bed,412,154,0,228002.37,9,29,bed,0
0120173_neurosketch,18,furniture,table,413,155,1,232502.48,9,30,table,1
0120173_neurosketch,18,furniture,table,413,156,1,232502.48,9,30,table,0
0120173_neurosketch,18,furniture,bench,414,157,0,235502.81,9,29,,1
0120173_neurosketch,18,furniture,bench,414,158,0,235502.81,9,29,,0
0120173_neurosketch,18,furniture,bench,414,159,0,235502.81,9,29,,0
0120173_neurosketch,18,furniture,bench,414,160,0,235502.81,9,29,,0
0120173_neurosketch,18,furniture,chair,415,161,1,241502.73,9,30,chair,1
0120173_neurosketch,18,furniture,chair,415,162,1,241502.73,9,30,chair,0
0120173_neurosketch,18,furniture,chair,415,163,1,241502.73,9,30,chair,0
0120173_neurosketch,18,furniture,bed,416,164,0,246001.94,9,0,bed,1
0120173_neurosketch,18,furniture,bed,416,165,0,246001.94,9,0,bed,0
0120173_neurosketch,18,furniture,chair,417,166,1,249001.92,9,29,chair,1
0120173_neurosketch,18,furniture,chair,417,167,1,249001.92,9,29,chair,0
0120173_neurosketch,18,furniture,table,418,168,1,252001.97,9,29,table,1
0120173_neurosketch,18,furniture,table,418,169,1,252001.97,9,29,table,0
0120173_neurosketch,18,furniture,table,418,170,1,252001.97,9,29,table,0
0120173_neurosketch,18,2,bench,419,171,0,256502.34,9,28,bench,1
0120173_neurosketch,18,2,bench,419,172,0,256502.34,9,28,bench,0
0120173_neurosketch,18,2,bench,419,173,0,256502.34,9,28,bench,0
0120173_neurosketch,18,furniture,chair,420,174,1,261002.4,9,15,table,1
0120173_neurosketch,18,furniture,chair,420,175,1,261002.4,9,15,table,0
0120173_neurosketch,18,furniture,chair,420,176,1,261002.4,9,15,table,0
0120173_neurosketch,18,furniture,bench,421,177,0,265502.54,9,19,bench,1
0120173_neurosketch,18,furniture,bench,421,178,0,265502.54,9,19,bench,0
0120173_neurosketch,18,furniture,bench,421,179,0,265502.54,9,19,bench,0
0120173_neurosketch,18,furniture,bed,422,180,0,270002.6,9,30,bed,1
0120173_neurosketch,18,furniture,bed,422,181,0,270002.6,9,30,bed,0
0120173_neurosketch,18,furniture,bed,422,182,0,270002.6,9,30,bed,0
0120173_neurosketch,18,furniture,bed,422,183,0,270002.6,9,30,bed,0
0120173_neurosketch,18,furniture,table,423,184,1,276002.42,9,39,table,1
0120173_neurosketch,18,furniture,table,423,185,1,276002.42,9,39,table,0
0120173_neurosketch,18,furniture,chair,424,186,1,279001.93,9,39,chair,1
0120173_neurosketch,18,furniture,chair,424,187,1,279001.93,9,39,chair,0
0120173_neurosketch,18,furniture,table,425,188,1,282003.0,9,3,table,1
0120173_neurosketch,18,furniture,table,425,189,1,282003.0,9,3,table,0
0120173_neurosketch,18,furniture,table,425,190,1,282003.0,9,3,table,0
0120173_neurosketch,18,furniture,bed,426,191,0,286502.62,9,7,bed,1
0120173_neurosketch,18,furniture,bed,426,192,0,286502.62,9,7,bed,0
0120173_neurosketch,18,furniture,bench,427,193,0,289502.18,9,5,bench,1
0120173_neurosketch,18,furniture,bench,427,194,0,289502.18,9,5,bench,0
0120173_neurosketch,18,furniture,bench,427,195,0,289502.18,9,5,bench,0
0120173_neurosketch,18,furniture,table,428,196,1,294002.62,9,25,table,1
0120173_neurosketch,18,furniture,table,428,197,1,294002.62,9,25,table,0
0120173_neurosketch,18,furniture,table,428,198,1,294002.62,9,25,table,0
0120173_neurosketch,18,furniture,table,428,199,1,294002.62,9,25,table,0
0120173_neurosketch,18,2,chair,429,200,1,300002.29,9,4,chair,1
0120173_neurosketch,18,2,chair,429,201,1,300002.29,9,4,chair,0
0120173_neurosketch,18,2,chair,429,202,1,300002.29,9,4,chair,0
0120173_neurosketch,18,2,chair,429,203,1,300002.29,9,4,chair,0
0120173_neurosketch,18,furniture,bed,430,204,0,306002.21,9,6,bed,1
0120173_neurosketch,18,furniture,bed,430,205,0,306002.21,9,6,bed,0
0120173_neurosketch,18,furniture,bench,431,206,0,309001.98,9,15,bench,1
0120173_neurosketch,18,furniture,bench,431,207,0,309001.98,9,15,bench,0
0120173_neurosketch,18,furniture,chair,432,208,1,312002.47,9,23,,1
0120173_neurosketch,18,furniture,chair,432,209,1,312002.47,9,23,,0
0120173_neurosketch,18,furniture,bench,433,210,0,315002.71,9,23,bench,1
0120173_neurosketch,18,furniture,bench,433,211,0,315002.71,9,23,bench,0
0120173_neurosketch,18,furniture,bench,433,212,0,315002.71,9,23,bench,0
0120173_neurosketch,18,furniture,bed,434,213,0,319502.85,9,9,bed,1
0120173_neurosketch,18,furniture,bed,434,214,0,319502.85,9,9,bed,0
0120173_neurosketch,18,furniture,bed,434,215,0,319502.85,9,9,bed,0
0120173_neurosketch,18,furniture,table,435,216,1,324002.08,9,34,table,1
0120173_neurosketch,18,furniture,table,435,217,1,324002.08,9,34,table,0
0120173_neurosketch,18,furniture,table,435,218,1,324002.08,9,34,table,0
0120173_neurosketch,18,furniture,bed,436,219,0,328503.38,9,39,bed,1
0120173_neurosketch,18,furniture,bed,436,220,0,328503.38,9,39,bed,0
0120173_neurosketch,18,furniture,bed,436,221,0,328503.38,9,39,bed,0
0120173_neurosketch,18,furniture,bed,436,222,0,328503.38,9,39,bed,0
0120173_neurosketch,18,furniture,bench,437,223,0,334501.62,9,9,bench,1
0120173_neurosketch,18,furniture,bench,437,224,0,334501.62,9,9,bench,0
0120173_neurosketch,18,furniture,bench,437,225,0,334501.62,9,9,bench,0
0120173_neurosketch,18,furniture,table,438,226,1,339002.68,9,16,table,1
0120173_neurosketch,18,furniture,table,438,227,1,339002.68,9,16,table,0
0120173_neurosketch,18,2,chair,439,228,1,342002.69,9,9,chair,1
0120173_neurosketch,18,2,chair,439,229,1,342002.69,9,9,chair,0
0120173_neurosketch,18,2,chair,439,230,1,342002.69,9,9,chair,0
0120173_neurosketch,18,2,chair,439,231,1,342002.69,9,9,chair,0
0120173_neurosketch,18,2,chair,439,232,1,342002.69,9,9,chair,0
0120173_neurosketch,18,2,chair,439,233,1,342002.69,9,9,chair,0
0120173_neurosketch,18,2,chair,439,234,1,342002.69,9,9,chair,0
0120173_neurosketch,18,2,chair,439,235,1,342002.69,9,9,chair,0
0120173_neurosketch,18,2,chair,439,236,1,342002.69,9,9,chair,0
0120173_neurosketch,18,2,chair,439,237,1,342002.69,9,9,chair,0
0120173_neurosketch,18,2,chair,439,238,1,342002.69,9,9,chair,0
0120173_neurosketch,18,2,chair,439,239,1,342002.69,9,9,chair,0
0120173_neurosketch,18,furniture,chair,440,0,-1,0.0,10,28,chair,0
0120173_neurosketch,18,furniture,chair,440,1,-1,0.0,10,28,chair,0
0120173_neurosketch,18,furniture,chair,440,2,-1,0.0,10,28,chair,0
0120173_neurosketch,18,furniture,chair,440,3,-1,0.0,10,28,chair,0
0120173_neurosketch,18,furniture,chair,440,4,-1,0.0,10,28,chair,0
0120173_neurosketch,18,furniture,chair,440,5,-1,0.0,10,28,chair,0
0120173_neurosketch,18,furniture,chair,440,6,-1,0.0,10,28,chair,0
0120173_neurosketch,18,furniture,chair,440,7,-1,0.0,10,28,chair,0
0120173_neurosketch,18,furniture,chair,440,8,1,12002.17,10,28,chair,1
0120173_neurosketch,18,furniture,chair,440,9,1,12002.17,10,28,chair,0
0120173_neurosketch,18,furniture,bed,441,10,0,15001.64,10,16,bed,1
0120173_neurosketch,18,furniture,bed,441,11,0,15001.64,10,16,bed,0
0120173_neurosketch,18,furniture,bed,441,12,0,15001.64,10,16,bed,0
0120173_neurosketch,18,furniture,bed,441,13,0,15001.64,10,16,bed,0
0120173_neurosketch,18,furniture,table,442,14,1,21002.56,10,33,table,1
0120173_neurosketch,18,furniture,table,442,15,1,21002.56,10,33,table,0
0120173_neurosketch,18,furniture,table,442,16,1,21002.56,10,33,table,0
0120173_neurosketch,18,furniture,bench,443,17,0,25502.03,10,1,bench,1
0120173_neurosketch,18,furniture,bench,443,18,0,25502.03,10,1,bench,0
0120173_neurosketch,18,furniture,bed,444,19,0,28501.61,10,14,bench,1
0120173_neurosketch,18,furniture,bed,444,20,0,28501.61,10,14,bench,0
0120173_neurosketch,18,furniture,chair,445,21,1,31501.67,10,38,chair,1
0120173_neurosketch,18,furniture,chair,445,22,1,31501.67,10,38,chair,0
0120173_neurosketch,18,furniture,table,446,23,1,34501.82,10,0,table,1
0120173_neurosketch,18,furniture,table,446,24,1,34501.82,10,0,table,0
0120173_neurosketch,18,furniture,bench,447,25,0,37501.32,10,17,bench,1
0120173_neurosketch,18,furniture,bench,447,26,0,37501.32,10,17,bench,0
0120173_neurosketch,18,furniture,bench,447,27,0,37501.32,10,17,bench,0
0120173_neurosketch,18,furniture,bench,447,28,0,37501.32,10,17,bench,0
0120173_neurosketch,18,furniture,table,448,29,1,43502.25,10,5,table,1
0120173_neurosketch,18,furniture,table,448,30,1,43502.25,10,5,table,0
0120173_neurosketch,18,furniture,table,448,31,1,43502.25,10,5,table,0
0120173_neurosketch,18,2,bench,449,32,0,48002.09,10,35,bench,1
0120173_neurosketch,18,2,bench,449,33,0,48002.09,10,35,bench,0
0120173_neurosketch,18,furniture,bed,450,34,0,51001.96,10,18,bed,1
0120173_neurosketch,18,furniture,bed,450,35,0,51001.96,10,18,bed,0
0120173_neurosketch,18,furniture,bed,450,36,0,51001.96,10,18,bed,0
0120173_neurosketch,18,furniture,chair,451,37,1,55503.57,10,6,chair,1
0120173_neurosketch,18,furniture,chair,451,38,1,55503.57,10,6,chair,0
0120173_neurosketch,18,furniture,chair,451,39,1,55503.57,10,6,chair,0
0120173_neurosketch,18,furniture,chair,452,40,1,60001.31,10,5,chair,1
0120173_neurosketch,18,furniture,chair,452,41,1,60001.31,10,5,chair,0
0120173_neurosketch,18,furniture,chair,452,42,1,60001.31,10,5,chair,0
0120173_neurosketch,18,furniture,bed,453,43,0,64501.35,10,1,bed,1
0120173_neurosketch,18,furniture,bed,453,44,0,64501.35,10,1,bed,0
0120173_neurosketch,18,furniture,bench,454,45,0,67502.21,10,2,bench,1
0120173_neurosketch,18,furniture,bench,454,46,0,67502.21,10,2,bench,0
0120173_neurosketch,18,furniture,bench,454,47,0,67502.21,10,2,bench,0
0120173_neurosketch,18,furniture,bench,454,48,0,67502.21,10,2,bench,0
0120173_neurosketch,18,furniture,table,455,49,1,73502.22,10,23,table,1
0120173_neurosketch,18,furniture,table,455,50,1,73502.22,10,23,table,0
0120173_neurosketch,18,furniture,table,455,51,1,73502.22,10,23,table,0
0120173_neurosketch,18,furniture,bench,456,52,0,78002.84,10,36,bench,1
0120173_neurosketch,18,furniture,bench,456,53,0,78002.84,10,36,bench,0
0120173_neurosketch,18,furniture,chair,457,54,1,81001.53,10,34,chair,1
0120173_neurosketch,18,furniture,chair,457,55,1,81001.53,10,34,chair,0
0120173_neurosketch,18,furniture,bed,458,56,0,84002.04,10,20,bed,1
0120173_neurosketch,18,furniture,bed,458,57,0,84002.04,10,20,bed,0
0120173_neurosketch,18,furniture,bed,458,58,0,84002.04,10,20,bed,0
0120173_neurosketch,18,2,table,459,59,1,88502.47,10,4,table,1
0120173_neurosketch,18,2,table,459,60,1,88502.47,10,4,table,0
0120173_neurosketch,18,2,table,459,61,1,88502.47,10,4,table,0
0120173_neurosketch,18,furniture,bench,460,62,0,93002.47,10,10,bench,1
0120173_neurosketch,18,furniture,bench,460,63,0,93002.47,10,10,bench,0
0120173_neurosketch,18,furniture,bench,460,64,0,93002.47,10,10,bench,0
0120173_neurosketch,18,furniture,table,461,65,1,97503.87,10,11,,1
0120173_neurosketch,18,furniture,table,461,66,1,97503.87,10,11,,0
0120173_neurosketch,18,furniture,table,461,67,1,97503.87,10,11,,0
0120173_neurosketch,18,furniture,bed,462,68,0,102002.11,10,3,bed,1
0120173_neurosketch,18,furniture,bed,462,69,0,102002.11,10,3,bed,0
0120173_neurosketch,18,furniture,bed,462,70,0,102002.11,10,3,bed,0
0120173_neurosketch,18,furniture,bed,462,71,0,102002.11,10,3,bed,0
0120173_neurosketch,18,furniture,chair,463,72,1,108002.54,10,35,chair,1
0120173_neurosketch,18,furniture,chair,463,73,1,108002.54,10,35,chair,0
0120173_neurosketch,18,furniture,table,464,74,1,111002.06,10,12,table,1
0120173_neurosketch,18,furniture,table,464,75,1,111002.06,10,12,table,0
0120173_neurosketch,18,furniture,chair,465,76,1,114002.57,10,0,chair,1
0120173_neurosketch,18,furniture,chair,465,77,1,114002.57,10,0,chair,0
0120173_neurosketch,18,furniture,chair,465,78,1,114002.57,10,0,chair,0
0120173_neurosketch,18,furniture,bed,466,79,0,118502.94,10,38,bed,1
0120173_neurosketch,18,furniture,bed,466,80,0,118502.94,10,38,bed,0
0120173_neurosketch,18,furniture,bench,467,81,0,121502.37,10,18,,1
0120173_neurosketch,18,furniture,bench,467,82,0,121502.37,10,18,,0
0120173_neurosketch,18,furniture,bench,467,83,0,121502.37,10,18,,0
0120173_neurosketch,18,furniture,bench,468,84,0,126002.34,10,14,bench,1
0120173_neurosketch,18,furniture,bench,468,85,0,126002.34,10,14,bench,0
0120173_neurosketch,18,furniture,bench,468,86,0,126002.34,10,14,bench,0
0120173_neurosketch,18,furniture,bench,468,87,0,126002.34,10,14,bench,0
0120173_neurosketch,18,2,table,469,88,1,132003.14,10,10,table,1
0120173_neurosketch,18,2,table,469,89,1,132003.14,10,10,table,0
0120173_neurosketch,18,2,table,469,90,1,132003.14,10,10,table,0
0120173_neurosketch,18,2,table,469,91,1,132003.14,10,10,table,0
0120173_neurosketch,18,furniture,bed,470,92,0,138003.62,10,23,bed,1
0120173_neurosketch,18,furniture,bed,470,93,0,138003.62,10,23,bed,0
0120173_neurosketch,18,furniture,chair,471,94,1,141002.77,10,26,chair,1
0120173_neurosketch,18,furniture,chair,471,95,1,141002.77,10,26,chair,0
0120173_neurosketch,18,furniture,chair,472,96,1,144002.33,10,7,chair,1
0120173_neurosketch,18,furniture,chair,472,97,1,144002.33,10,7,chair,0
0120173_neurosketch,18,furniture,table,473,98,1,147003.94,10,1,table,1
0120173_neurosketch,18,furniture,table,473,99,1,147003.94,10,1,table,0
0120173_neurosketch,18,furniture,table,473,100,1,147003.94,10,1,table,0
0120173_neurosketch,18,furniture,bed,474,101,0,151502.2,10,22,,1
0120173_neurosketch,18,furniture,bed,474,102,0,151502.2,10,22,,0
0120173_neurosketch,18,furniture,bed,474,103,0,151502.2,10,22,,0
0120173_neurosketch,18,furniture,bench,475,104,0,156002.83,10,3,bench,1
0120173_neurosketch,18,furniture,bench,475,105,0,156002.83,10,3,bench,0
0120173_neurosketch,18,furniture,bench,475,106,0,156002.83,10,3,bench,0
0120173_neurosketch,18,furniture,bed,476,107,0,160502.35,10,26,bed,1
0120173_neurosketch,18,furniture,bed,476,108,0,160502.35,10,26,bed,0
0120173_neurosketch,18,furniture,bed,476,109,0,160502.35,10,26,bed,0
0120173_neurosketch,18,furniture,bed,476,110,0,160502.35,10,26,bed,0
0120173_neurosketch,18,furniture,chair,477,111,1,166503.46,10,22,chair,1
0120173_neurosketch,18,furniture,chair,477,112,1,166503.46,10,22,chair,0
0120173_neurosketch,18,furniture,chair,477,113,1,166503.46,10,22,chair,0
0120173_neurosketch,18,furniture,bench,478,114,0,171002.55,10,8,bench,1
0120173_neurosketch,18,furniture,bench,478,115,0,171002.55,10,8,bench,0
0120173_neurosketch,18,2,table,479,116,1,174002.54,10,20,table,1
0120173_neurosketch,18,2,table,479,117,1,174002.54,10,20,table,0
0120173_neurosketch,18,2,table,479,118,1,174002.54,10,20,table,0
0120173_neurosketch,18,2,table,479,119,1,174002.54,10,20,table,0
0120173_neurosketch,18,furniture,bench,480,120,0,180002.92,10,22,bench,1
0120173_neurosketch,18,furniture,bench,480,121,0,180002.92,10,22,bench,0
0120173_neurosketch,18,furniture,bed,481,122,0,183002.53,10,33,bed,1
0120173_neurosketch,18,furniture,bed,481,123,0,183002.53,10,33,bed,0
0120173_neurosketch,18,furniture,bed,481,124,0,183002.53,10,33,bed,0
0120173_neurosketch,18,furniture,bed,481,125,0,183002.53,10,33,bed,0
0120173_neurosketch,18,furniture,chair,482,126,1,189002.55,10,12,chair,1
0120173_neurosketch,18,furniture,chair,482,127,1,189002.55,10,12,chair,0
0120173_neurosketch,18,furniture,chair,482,128,1,189002.55,10,12,chair,0
0120173_neurosketch,18,furniture,table,483,129,1,193502.32,10,7,,1
0120173_neurosketch,18,furniture,table,483,130,1,193502.32,10,7,,0
0120173_neurosketch,18,furniture,table,484,131,1,196502.75,10,14,table,1
0120173_neurosketch,18,furniture,table,484,132,1,196502.75,10,14,table,0
0120173_neurosketch,18,furniture,bed,485,133,0,199502.62,10,19,bed,1
0120173_neurosketch,18,furniture,bed,485,134,0,199502.62,10,19,bed,0
0120173_neurosketch,18,furniture,bench,486,135,0,202503.08,10,7,bench,1
0120173_neurosketch,18,furniture,bench,486,136,0,202503.08,10,7,bench,0
0120173_neurosketch,18,furniture,chair,487,137,1,205502.18,10,33,chair,1
0120173_neurosketch,18,furniture,chair,487,138,1,205502.18,10,33,chair,0
0120173_neurosketch,18,furniture,chair,487,139,1,205502.18,10,33,chair,0
0120173_neurosketch,18,furniture,chair,487,140,1,205502.18,10,33,chair,0
0120173_neurosketch,18,furniture,chair,488,141,1,211502.2,10,36,chair,1
0120173_neurosketch,18,furniture,chair,488,142,1,211502.2,10,36,chair,0
0120173_neurosketch,18,furniture,chair,488,143,1,211502.2,10,36,chair,0
0120173_neurosketch,18,2,bed,489,144,0,216003.04,10,10,bed,1
0120173_neurosketch,18,2,bed,489,145,0,216003.04,10,10,bed,0
0120173_neurosketch,18,furniture,bench,490,146,0,219001.96,10,31,bench,1
0120173_neurosketch,18,furniture,bench,490,147,0,219001.96,10,31,bench,0
0120173_neurosketch,18,furniture,bench,490,148,0,219001.96,10,31,bench,0
0120173_neurosketch,18,furniture,table,491,149,1,223502.29,10,26,,1
0120173_neurosketch,18,furniture,table,491,150,1,223502.29,10,26,,0
0120173_neurosketch,18,furniture,table,491,151,1,223502.29,10,26,,0
0120173_neurosketch,18,furniture,chair,492,152,1,228002.25,10,27,chair,1
0120173_neurosketch,18,furniture,chair,492,153,1,228002.25,10,27,chair,0
0120173_neurosketch,18,furniture,chair,492,154,1,228002.25,10,27,chair,0
0120173_neurosketch,18,furniture,bed,493,155,0,232502.26,10,17,bed,1
0120173_neurosketch,18,furniture,bed,493,156,0,232502.26,10,17,bed,0
0120173_neurosketch,18,furniture,table,494,157,1,235502.2,10,35,table,1
0120173_neurosketch,18,furniture,table,494,158,1,235502.2,10,35,table,0
0120173_neurosketch,18,furniture,table,494,159,1,235502.2,10,35,table,0
0120173_neurosketch,18,furniture,table,494,160,1,235502.2,10,35,table,0
0120173_neurosketch,18,furniture,bench,495,161,0,241502.17,10,30,bench,1
0120173_neurosketch,18,furniture,bench,495,162,0,241502.17,10,30,bench,0
0120173_neurosketch,18,furniture,bench,495,163,0,241502.17,10,30,bench,0
0120173_neurosketch,18,furniture,bed,496,164,0,246002.98,10,34,bed,1
0120173_neurosketch,18,furniture,bed,496,165,0,246002.98,10,34,bed,0
0120173_neurosketch,18,furniture,table,497,166,1,249002.33,10,2,table,1
0120173_neurosketch,18,furniture,table,497,167,1,249002.33,10,2,table,0
0120173_neurosketch,18,furniture,chair,498,168,1,252002.83,10,25,chair,1
0120173_neurosketch,18,furniture,chair,498,169,1,252002.83,10,25,chair,0
0120173_neurosketch,18,furniture,chair,498,170,1,252002.83,10,25,chair,0
0120173_neurosketch,18,2,bench,499,171,0,256502.23,10,33,bench,1
0120173_neurosketch,18,2,bench,499,172,0,256502.23,10,33,bench,0
0120173_neurosketch,18,2,bench,499,173,0,256502.23,10,33,bench,0
0120173_neurosketch,18,furniture,table,500,174,1,261002.71,10,28,,1
0120173_neurosketch,18,furniture,table,500,175,1,261002.71,10,28,,0
0120173_neurosketch,18,furniture,table,500,176,1,261002.71,10,28,,0
0120173_neurosketch,18,furniture,bed,501,177,0,265502.8,10,27,bed,1
0120173_neurosketch,18,furniture,bed,501,178,0,265502.8,10,27,bed,0
0120173_neurosketch,18,furniture,bed,501,179,0,265502.8,10,27,bed,0
0120173_neurosketch,18,furniture,bench,502,180,0,270002.4,10,27,bench,1
0120173_neurosketch,18,furniture,bench,502,181,0,270002.4,10,27,bench,0
0120173_neurosketch,18,furniture,bench,502,182,0,270002.4,10,27,bench,0
0120173_neurosketch,18,furniture,bench,502,183,0,270002.4,10,27,bench,0
0120173_neurosketch,18,furniture,chair,503,184,1,276002.23,10,20,chair,1
0120173_neurosketch,18,furniture,chair,503,185,1,276002.23,10,20,chair,0
0120173_neurosketch,18,furniture,table,504,186,1,279002.56,10,17,table,1
0120173_neurosketch,18,furniture,table,504,187,1,279002.56,10,17,table,0
0120173_neurosketch,18,furniture,chair,505,188,1,282001.3,10,37,chair,1
0120173_neurosketch,18,furniture,chair,505,189,1,282001.3,10,37,chair,0
0120173_neurosketch,18,furniture,chair,505,190,1,282001.3,10,37,chair,0
0120173_neurosketch,18,furniture,bench,506,191,0,286502.71,10,26,bench,1
0120173_neurosketch,18,furniture,bench,506,192,0,286502.71,10,26,bench,0
0120173_neurosketch,18,furniture,bed,507,193,0,289502.17,10,36,,1
0120173_neurosketch,18,furniture,bed,507,194,0,289502.17,10,36,,0
0120173_neurosketch,18,furniture,bed,507,195,0,289502.17,10,36,,0
0120173_neurosketch,18,furniture,bench,508,196,0,294002.54,10,25,bench,1
0120173_neurosketch,18,furniture,bench,508,197,0,294002.54,10,25,bench,0
0120173_neurosketch,18,furniture,bench,508,198,0,294002.54,10,25,bench,0
0120173_neurosketch,18,furniture,bench,508,199,0,294002.54,10,25,bench,0
0120173_neurosketch,18,2,chair,509,200,1,300003.23,10,8,chair,1
0120173_neurosketch,18,2,chair,509,201,1,300003.23,10,8,chair,0
0120173_neurosketch,18,2,chair,509,202,1,300003.23,10,8,chair,0
0120173_neurosketch,18,2,chair,509,203,1,300003.23,10,8,chair,0
0120173_neurosketch,18,furniture,bed,510,204,0,306003.43,10,2,,1
0120173_neurosketch,18,furniture,bed,510,205,0,306003.43,10,2,,0
0120173_neurosketch,18,furniture,table,511,206,1,309002.31,10,9,table,1
0120173_neurosketch,18,furniture,table,511,207,1,309002.31,10,9,table,0
0120173_neurosketch,18,furniture,bench,512,208,0,312002.23,10,32,bench,1
0120173_neurosketch,18,furniture,bench,512,209,0,312002.23,10,32,bench,0
0120173_neurosketch,18,furniture,table,513,210,1,315002.67,10,6,,1
0120173_neurosketch,18,furniture,table,513,211,1,315002.67,10,6,,0
0120173_neurosketch,18,furniture,table,513,212,1,315002.67,10,6,,0
0120173_neurosketch,18,furniture,bed,514,213,0,319502.86,10,32,bench,1
0120173_neurosketch,18,furniture,bed,514,214,0,319502.86,10,32,bench,0
0120173_neurosketch,18,furniture,bed,514,215,0,319502.86,10,32,bench,0
0120173_neurosketch,18,furniture,chair,515,216,1,324002.31,10,10,chair,1
0120173_neurosketch,18,furniture,chair,515,217,1,324002.31,10,10,chair,0
0120173_neurosketch,18,furniture,chair,515,218,1,324002.31,10,10,chair,0
0120173_neurosketch,18,furniture,chair,516,219,1,328502.87,10,21,chair,1
0120173_neurosketch,18,furniture,chair,516,220,1,328502.87,10,21,chair,0
0120173_neurosketch,18,furniture,chair,516,221,1,328502.87,10,21,chair,0
0120173_neurosketch,18,furniture,chair,516,222,1,328502.87,10,21,chair,0
0120173_neurosketch,18,furniture,bench,517,223,0,334502.92,10,4,bench,1
0120173_neurosketch,18,furniture,bench,517,224,0,334502.92,10,4,bench,0
0120173_neurosketch,18,furniture,bench,517,225,0,334502.92,10,4,bench,0
0120173_neurosketch,18,furniture,bed,518,226,0,339002.26,10,15,bed,1
0120173_neurosketch,18,furniture,bed,518,227,0,339002.26,10,15,bed,0
0120173_neurosketch,18,2,table,519,228,1,342002.29,10,32,,1
0120173_neurosketch,18,2,table,519,229,1,342002.29,10,32,,0
0120173_neurosketch,18,2,table,519,230,1,342002.29,10,32,,0
0120173_neurosketch,18,2,table,519,231,1,342002.29,10,32,,0
0120173_neurosketch,18,2,table,519,232,1,342002.29,10,32,,0
0120173_neurosketch,18,2,table,519,233,1,342002.29,10,32,,0
0120173_neurosketch,18,2,table,519,234,1,342002.29,10,32,,0
0120173_neurosketch,18,2,table,519,235,1,342002.29,10,32,,0
0120173_neurosketch,18,2,table,519,236,1,342002.29,10,32,,0
0120173_neurosketch,18,2,table,519,237,1,342002.29,10,32,,0
0120173_neurosketch,18,2,table,519,238,1,342002.29,10,32,,0
0120173_neurosketch,18,2,table,519,239,1,342002.29,10,32,,0
