wID,versionNum,category,object,trial,TRnum,condition,onset_time,run_num,viewpoint,response,onset
0120172_neurosketch,33,furniture,chair,0,0,-1,0.0,1,17,,0
0120172_neurosketch,33,furniture,chair,0,1,-1,0.0,1,17,,0
0120172_neurosketch,33,furniture,chair,0,2,-1,0.0,1,17,,0
0120172_neurosketch,33,furniture,chair,0,3,-1,0.0,1,17,,0
0120172_neurosketch,33,furniture,chair,0,4,-1,0.0,1,17,,0
0120172_neurosketch,33,furniture,chair,0,5,-1,0.0,1,17,,0
0120172_neurosketch,33,furniture,chair,0,6,-1,0.0,1,17,,0
0120172_neurosketch,33,furniture,chair,0,7,-1,0.0,1,17,,0
0120172_neurosketch,33,furniture,chair,0,8,0,12004.68,1,17,,1
0120172_neurosketch,33,furniture,chair,0,9,0,12004.68,1,17,,0
0120172_neurosketch,33,furniture,chair,0,10,0,12004.68,1,17,,0
0120172_neurosketch,33,furniture,chair,0,11,0,12004.68,1,17,,0
0120172_neurosketch,33,furniture,chair,0,12,0,12004.68,1,17,,0
0120172_neurosketch,33,furniture,bench,1,13,1,19502.49,1,37,bench,1
0120172_neurosketch,33,furniture,bench,1,14,1,19502.49,1,37,bench,0
0120172_neurosketch,33,furniture,bench,1,15,1,19502.49,1,37,bench,0
0120172_neurosketch,33,furniture,bed,2,16,1,24003.09,1,17,bed,1
0120172_neurosketch,33,furniture,bed,2,17,1,24003.09,1,17,bed,0
0120172_neurosketch,33,furniture,table,3,18,0,27001.09,1,11,table,1
0120172_neurosketch,33,furniture,table,3,19,0,27001.09,1,11,table,0
0120172_neurosketch,33,furniture,table,3,20,0,27001.09,1,11,table,0
0120172_neurosketch,33,furniture,bench,4,21,1,31503.71,1,32,bench,1
0120172_neurosketch,33,furniture,bench,4,22,1,31503.71,1,32,bench,0
0120172_neurosketch,33,furniture,bench,4,23,1,31503.71,1,32,bench,0
0120172_neurosketch,33,furniture,bench,4,24,1,31503.71,1,32,bench,0
0120172_neurosketch,33,furniture,table,5,25,0,37502.01,1,24,chair,1
0120172_neurosketch,33,furniture,table,5,26,0,37502.01,1,24,chair,0
0120172_neurosketch,33,furniture,table,5,27,0,37502.01,1,24,chair,0
0120172_neurosketch,33,furniture,bed,6,28,1,42002.59,1,12,bed,1
0120172_neurosketch,33,furniture,bed,6,29,1,42002.59,1,12,bed,0
0120172_neurosketch,33,furniture,bed,6,30,1,42002.59,1,12,bed,0
0120172_neurosketch,33,furniture,chair,7,31,0,46502.34,1,30,chair,1
0120172_neurosketch,33,furniture,chair,7,32,0,46502.34,1,30,chair,0
0120172_neurosketch,33,furniture,chair,7,33,0,46502.34,1,30,chair,0
0120172_neurosketch,33,furniture,bed,8,34,1,51002.07,1,9,,1
0120172_neurosketch,33,furniture,bed,8,35,1,51002.07,1,9,,0
0120172_neurosketch,33,2,table,9,36,0,54001.91,1,36,table,1
0120172_neurosketch,33,2,table,9,37,0,54001.91,1,36,table,0
0120172_neurosketch,33,furniture,chair,10,38,0,57002.65,1,7,chair,1
0120172_neurosketch,33,furniture,chair,10,39,0,57002.65,1,7,chair,0
0120172_neurosketch,33,furniture,chair,10,40,0,57002.65,1,7,chair,0
0120172_neurosketch,33,furniture,chair,10,41,0,57002.65,1,7,chair,0
0120172_neurosketch,33,furniture,bench,11,42,1,63001.83,1,11,bench,1
0120172_neurosketch,33,furniture,bench,11,43,1,63001.83,1,11,bench,0
0120172_neurosketch,33,furniture,bench,11,44,1,63001.83,1,11,bench,0
0120172_neurosketch,33,furniture,bench,11,45,1,63001.83,1,11,bench,0
0120172_neurosketch,33,furniture,bench,12,46,1,69002.03,1,23,bench,1
0120172_neurosketch,33,furniture,bench,12,47,1,69002.03,1,23,bench,0
0120172_neurosketch,33,furniture,bench,12,48,1,69002.03,1,23,bench,0
0120172_neurosketch,33,furniture,bench,12,49,1,69002.03,1,23,bench,0
0120172_neurosketch,33,furniture,table,13,50,0,75002.82,1,21,table,1
0120172_neurosketch,33,furniture,table,13,51,0,75002.82,1,21,table,0
0120172_neurosketch,33,furniture,bed,14,52,1,78002.31,1,34,bed,1
0120172_neurosketch,33,furniture,bed,14,53,1,78002.31,1,34,bed,0
0120172_neurosketch,33,furniture,chair,15,54,0,81001.5,1,33,chair,1
0120172_neurosketch,33,furniture,chair,15,55,0,81001.5,1,33,chair,0
0120172_neurosketch,33,furniture,chair,16,56,0,84002.83,1,25,chair,1
0120172_neurosketch,33,furniture,chair,16,57,0,84002.83,1,25,chair,0
0120172_neurosketch,33,furniture,table,17,58,0,87001.7,1,27,table,1
0120172_neurosketch,33,furniture,table,17,59,0,87001.7,1,27,table,0
0120172_neurosketch,33,furniture,table,17,60,0,87001.7,1,27,table,0
0120172_neurosketch,33,furniture,bench,18,61,1,91502.85,1,18,bench,1
0120172_neurosketch,33,furniture,bench,18,62,1,91502.85,1,18,bench,0
0120172_neurosketch,33,furniture,bench,18,63,1,91502.85,1,18,bench,0
0120172_neurosketch,33,2,bed,19,64,1,96002.33,1,8,bed,1
0120172_neurosketch,33,2,bed,19,65,1,96002.33,1,8,bed,0
0120172_neurosketch,33,furniture,bed,20,66,1,99003.19,1,35,bed,1
0120172_neurosketch,33,furniture,bed,20,67,1,99003.19,1,35,bed,0
0120172_neurosketch,33,furniture,bench,21,68,1,102002.32,1,27,bench,1
0120172_neurosketch,33,furniture,bench,21,69,1,102002.32,1,27,bench,0
0120172_neurosketch,33,furniture,chair,22,70,0,105001.99,1,0,chair,1
0120172_neurosketch,33,furniture,chair,22,71,0,105001.99,1,0,chair,0
0120172_neurosketch,33,furniture,table,23,72,0,108003.1,1,30,chair,1
0120172_neurosketch,33,furniture,table,23,73,0,108003.1,1,30,chair,0
0120172_neurosketch,33,furniture,table,23,74,0,108003.1,1,30,chair,0
0120172_neurosketch,33,furniture,table,23,75,0,108003.1,1,30,chair,0
0120172_neurosketch,33,furniture,table,24,76,0,114004.17,1,20,table,1
0120172_neurosketch,33,furniture,table,24,77,0,114004.17,1,20,table,0
0120172_neurosketch,33,furniture,table,24,78,0,114004.17,1,20,table,0
0120172_neurosketch,33,furniture,table,24,79,0,114004.17,1,20,table,0
0120172_neurosketch,33,furniture,chair,25,80,0,120003.12,1,2,chair,1
0120172_neurosketch,33,furniture,chair,25,81,0,120003.12,1,2,chair,0
0120172_neurosketch,33,furniture,chair,25,82,0,120003.12,1,2,chair,0
0120172_neurosketch,33,furniture,chair,25,83,0,120003.12,1,2,chair,0
0120172_neurosketch,33,furniture,bed,26,84,1,126002.71,1,4,bed,1
0120172_neurosketch,33,furniture,bed,26,85,1,126002.71,1,4,bed,0
0120172_neurosketch,33,furniture,bench,27,86,1,129002.86,1,4,bench,1
0120172_neurosketch,33,furniture,bench,27,87,1,129002.86,1,4,bench,0
0120172_neurosketch,33,furniture,bench,27,88,1,129002.86,1,4,bench,0
0120172_neurosketch,33,furniture,bed,28,89,1,133502.22,1,24,bed,1
0120172_neurosketch,33,furniture,bed,28,90,1,133502.22,1,24,bed,0
0120172_neurosketch,33,furniture,bed,28,91,1,133502.22,1,24,bed,0
0120172_neurosketch,33,2,bench,29,92,1,138002.79,1,22,bench,1
0120172_neurosketch,33,2,bench,29,93,1,138002.79,1,22,bench,0
0120172_neurosketch,33,furniture,table,30,94,0,141002.24,1,33,table,1
0120172_neurosketch,33,furniture,table,30,95,0,141002.24,1,33,table,0
0120172_neurosketch,33,furniture,chair,31,96,0,144002.27,1,18,chair,1
0120172_neurosketch,33,furniture,chair,31,97,0,144002.27,1,18,chair,0
0120172_neurosketch,33,furniture,chair,31,98,0,144002.27,1,18,chair,0
0120172_neurosketch,33,furniture,table,32,99,0,148502.37,1,19,table,1
0120172_neurosketch,33,furniture,table,32,100,0,148502.37,1,19,table,0
0120172_neurosketch,33,furniture,table,32,101,0,148502.37,1,19,table,0
0120172_neurosketch,33,furniture,bench,33,102,1,153002.41,1,14,bench,1
0120172_neurosketch,33,furniture,bench,33,103,1,153002.41,1,14,bench,0
0120172_neurosketch,33,furniture,bed,34,104,1,156002.84,1,25,bed,1
0120172_neurosketch,33,furniture,bed,34,105,1,156002.84,1,25,bed,0
0120172_neurosketch,33,furniture,bed,34,106,1,156002.84,1,25,bed,0
0120172_neurosketch,33,furniture,chair,35,107,0,160504.91,1,8,chair,1
0120172_neurosketch,33,furniture,chair,35,108,0,160504.91,1,8,chair,0
0120172_neurosketch,33,furniture,chair,35,109,0,160504.91,1,8,chair,0
0120172_neurosketch,33,furniture,chair,36,110,0,165002.64,1,6,table,1
0120172_neurosketch,33,furniture,chair,36,111,0,165002.64,1,6,table,0
0120172_neurosketch,33,furniture,chair,36,112,0,165002.64,1,6,table,0
0120172_neurosketch,33,furniture,bed,37,113,1,169502.52,1,13,bed,1
0120172_neurosketch,33,furniture,bed,37,114,1,169502.52,1,13,bed,0
0120172_neurosketch,33,furniture,bed,37,115,1,169502.52,1,13,bed,0
0120172_neurosketch,33,furniture,table,38,116,0,174001.7,1,3,chair,1
0120172_neurosketch,33,furniture,table,38,117,0,174001.7,1,3,chair,0
0120172_neurosketch,33,furniture,table,38,118,0,174001.7,1,3,chair,0
0120172_neurosketch,33,furniture,table,38,119,0,174001.7,1,3,chair,0
0120172_neurosketch,33,2,bench,39,120,1,180002.34,1,5,bench,1
0120172_neurosketch,33,2,bench,39,121,1,180002.34,1,5,bench,0
0120172_neurosketch,33,furniture,table,40,122,0,183002.41,1,38,table,1
0120172_neurosketch,33,furniture,table,40,123,0,183002.41,1,38,table,0
0120172_neurosketch,33,furniture,table,40,124,0,183002.41,1,38,table,0
0120172_neurosketch,33,furniture,bed,41,125,1,187502.97,1,38,bed,1
0120172_neurosketch,33,furniture,bed,41,126,1,187502.97,1,38,bed,0
0120172_neurosketch,33,furniture,bed,41,127,1,187502.97,1,38,bed,0
0120172_neurosketch,33,furniture,chair,42,128,0,192002.99,1,11,chair,1
0120172_neurosketch,33,furniture,chair,42,129,0,192002.99,1,11,chair,0
0120172_neurosketch,33,furniture,bench,43,130,1,195002.84,1,33,bench,1
0120172_neurosketch,33,furniture,bench,43,131,1,195002.84,1,33,bench,0
0120172_neurosketch,33,furniture,bench,43,132,1,195002.84,1,33,bench,0
0120172_neurosketch,33,furniture,bed,44,133,1,199502.9,1,10,bed,1
0120172_neurosketch,33,furniture,bed,44,134,1,199502.9,1,10,bed,0
0120172_neurosketch,33,furniture,bed,44,135,1,199502.9,1,10,bed,0
0120172_neurosketch,33,furniture,bed,44,136,1,199502.9,1,10,bed,0
0120172_neurosketch,33,furniture,table,45,137,0,205504.5,1,31,table,1
0120172_neurosketch,33,furniture,table,45,138,0,205504.5,1,31,table,0
0120172_neurosketch,33,furniture,table,45,139,0,205504.5,1,31,table,0
0120172_neurosketch,33,furniture,chair,46,140,0,210002.79,1,28,chair,1
0120172_neurosketch,33,furniture,chair,46,141,0,210002.79,1,28,chair,0
0120172_neurosketch,33,furniture,chair,46,142,0,210002.79,1,28,chair,0
0120172_neurosketch,33,furniture,bench,47,143,1,214502.93,1,38,bench,1
0120172_neurosketch,33,furniture,bench,47,144,1,214502.93,1,38,bench,0
0120172_neurosketch,33,furniture,bench,47,145,1,214502.93,1,38,bench,0
0120172_neurosketch,33,furniture,chair,48,146,0,219002.94,1,34,chair,1
0120172_neurosketch,33,furniture,chair,48,147,0,219002.94,1,34,chair,0
0120172_neurosketch,33,2,table,49,148,0,222003.88,1,26,table,1
0120172_neurosketch,33,2,table,49,149,0,222003.88,1,26,table,0
0120172_neurosketch,33,furniture,bed,50,150,1,225002.41,1,5,bed,1
0120172_neurosketch,33,furniture,bed,50,151,1,225002.41,1,5,bed,0
0120172_neurosketch,33,furniture,bed,50,152,1,225002.41,1,5,bed,0
0120172_neurosketch,33,furniture,bed,50,153,1,225002.41,1,5,bed,0
0120172_neurosketch,33,furniture,bench,51,154,1,231002.48,1,36,bench,1
0120172_neurosketch,33,furniture,bench,51,155,1,231002.48,1,36,bench,0
0120172_neurosketch,33,furniture,bench,51,156,1,231002.48,1,36,bench,0
0120172_neurosketch,33,furniture,bench,51,157,1,231002.48,1,36,bench,0
0120172_neurosketch,33,furniture,bench,52,158,1,237002.91,1,3,bench,1
0120172_neurosketch,33,furniture,bench,52,159,1,237002.91,1,3,bench,0
0120172_neurosketch,33,furniture,bench,52,160,1,237002.91,1,3,bench,0
0120172_neurosketch,33,furniture,bench,52,161,1,237002.91,1,3,bench,0
0120172_neurosketch,33,furniture,chair,53,162,0,243002.88,1,4,chair,1
0120172_neurosketch,33,furniture,chair,53,163,0,243002.88,1,4,chair,0
0120172_neurosketch,33,furniture,bed,54,164,1,246002.59,1,29,,1
0120172_neurosketch,33,furniture,bed,54,165,1,246002.59,1,29,,0
0120172_neurosketch,33,furniture,table,55,166,0,249002.41,1,18,table,1
0120172_neurosketch,33,furniture,table,55,167,0,249002.41,1,18,table,0
0120172_neurosketch,33,furniture,table,56,168,0,252002.89,1,2,table,1
0120172_neurosketch,33,furniture,table,56,169,0,252002.89,1,2,table,0
0120172_neurosketch,33,furniture,chair,57,170,0,255002.99,1,3,chair,1
0120172_neurosketch,33,furniture,chair,57,171,0,255002.99,1,3,chair,0
0120172_neurosketch,33,furniture,chair,57,172,0,255002.99,1,3,chair,0
0120172_neurosketch,33,furniture,bed,58,173,1,259503.02,1,28,bed,1
0120172_neurosketch,33,furniture,bed,58,174,1,259503.02,1,28,bed,0
0120172_neurosketch,33,furniture,bed,58,175,1,259503.02,1,28,bed,0
0120172_neurosketch,33,2,bench,59,176,1,264002.25,1,7,bench,1
0120172_neurosketch,33,2,bench,59,177,1,264002.25,1,7,bench,0
0120172_neurosketch,33,furniture,chair,60,178,0,267003.43,1,27,chair,1
0120172_neurosketch,33,furniture,chair,60,179,0,267003.43,1,27,chair,0
0120172_neurosketch,33,furniture,table,61,180,0,270003.67,1,13,table,1
0120172_neurosketch,33,furniture,table,61,181,0,270003.67,1,13,table,0
0120172_neurosketch,33,furniture,bed,62,182,1,273003.16,1,31,bench,1
0120172_neurosketch,33,furniture,bed,62,183,1,273003.16,1,31,bench,0
0120172_neurosketch,33,furniture,bench,63,184,1,276004.4,1,20,bench,1
0120172_neurosketch,33,furniture,bench,63,185,1,276004.4,1,20,bench,0
0120172_neurosketch,33,furniture,bench,63,186,1,276004.4,1,20,bench,0
0120172_neurosketch,33,furniture,bench,63,187,1,276004.4,1,20,bench,0
0120172_neurosketch,33,furniture,bench,64,188,1,282003.16,1,1,bench,1
0120172_neurosketch,33,furniture,bench,64,189,1,282003.16,1,1,bench,0
0120172_neurosketch,33,furniture,bench,64,190,1,282003.16,1,1,bench,0
0120172_neurosketch,33,furniture,bench,64,191,1,282003.16,1,1,bench,0
0120172_neurosketch,33,furniture,chair,65,192,0,288003.25,1,12,chair,1
0120172_neurosketch,33,furniture,chair,65,193,0,288003.25,1,12,chair,0
0120172_neurosketch,33,furniture,chair,65,194,0,288003.25,1,12,chair,0
0120172_neurosketch,33,furniture,chair,65,195,0,288003.25,1,12,chair,0
0120172_neurosketch,33,furniture,bed,66,196,1,294002.0,1,2,bed,1
0120172_neurosketch,33,furniture,bed,66,197,1,294002.0,1,2,bed,0
0120172_neurosketch,33,furniture,table,67,198,0,297002.71,1,25,table,1
0120172_neurosketch,33,furniture,table,67,199,0,297002.71,1,25,table,0
0120172_neurosketch,33,furniture,table,67,200,0,297002.71,1,25,table,0
0120172_neurosketch,33,furniture,chair,68,201,0,301502.7,1,26,chair,1
0120172_neurosketch,33,furniture,chair,68,202,0,301502.7,1,26,chair,0
0120172_neurosketch,33,furniture,chair,68,203,0,301502.7,1,26,chair,0
0120172_neurosketch,33,2,table,69,204,0,306003.26,1,22,table,1
0120172_neurosketch,33,2,table,69,205,0,306003.26,1,22,table,0
0120172_neurosketch,33,furniture,bench,70,206,1,309003.23,1,13,bench,1
0120172_neurosketch,33,furniture,bench,70,207,1,309003.23,1,13,bench,0
0120172_neurosketch,33,furniture,bed,71,208,1,312002.8,1,22,bed,1
0120172_neurosketch,33,furniture,bed,71,209,1,312002.8,1,22,bed,0
0120172_neurosketch,33,furniture,bed,71,210,1,312002.8,1,22,bed,0
0120172_neurosketch,33,furniture,table,72,211,0,316502.1,1,1,table,1
0120172_neurosketch,33,furniture,table,72,212,0,316502.1,1,1,table,0
0120172_neurosketch,33,furniture,table,72,213,0,316502.1,1,1,table,0
0120172_neurosketch,33,furniture,bench,73,214,1,321002.26,1,8,bench,1
0120172_neurosketch,33,furniture,bench,73,215,1,321002.26,1,8,bench,0
0120172_neurosketch,33,furniture,bed,74,216,1,324002.08,1,1,bed,1
0120172_neurosketch,33,furniture,bed,74,217,1,324002.08,1,1,bed,0
0120172_neurosketch,33,furniture,bed,74,218,1,324002.08,1,1,bed,0
0120172_neurosketch,33,furniture,chair,75,219,0,328503.76,1,9,chair,1
0120172_neurosketch,33,furniture,chair,75,220,0,328503.76,1,9,chair,0
0120172_neurosketch,33,furniture,chair,75,221,0,328503.76,1,9,chair,0
0120172_neurosketch,33,furniture,bed,76,222,1,333002.12,1,0,bed,1
0120172_neurosketch,33,furniture,bed,76,223,1,333002.12,1,0,bed,0
0120172_neurosketch,33,furniture,bed,76,224,1,333002.12,1,0,bed,0
0120172_neurosketch,33,furniture,bench,77,225,1,337501.63,1,12,bench,1
0120172_neurosketch,33,furniture,bench,77,226,1,337501.63,1,12,bench,0
0120172_neurosketch,33,furniture,bench,77,227,1,337501.63,1,12,bench,0
0120172_neurosketch,33,furniture,table,78,228,0,342003.49,1,0,table,1
0120172_neurosketch,33,furniture,table,78,229,0,342003.49,1,0,table,0
0120172_neurosketch,33,furniture,table,78,230,0,342003.49,1,0,table,0
0120172_neurosketch,33,furniture,table,78,231,0,342003.49,1,0,table,0
0120172_neurosketch,33,2,chair,79,232,0,348001.69,1,10,chair,1
0120172_neurosketch,33,2,chair,79,233,0,348001.69,1,10,chair,0
0120172_neurosketch,33,2,chair,79,234,0,348001.69,1,10,chair,0
0120172_neurosketch,33,2,chair,79,235,0,348001.69,1,10,chair,0
0120172_neurosketch,33,2,chair,79,236,0,348001.69,1,10,chair,0
0120172_neurosketch,33,2,chair,79,237,0,348001.69,1,10,chair,0
0120172_neurosketch,33,2,chair,79,238,0,348001.69,1,10,chair,0
0120172_neurosketch,33,2,chair,79,239,0,348001.69,1,10,chair,0
0120172_neurosketch,33,furniture,bench,80,0,-1,0.0,2,6,bench,0
0120172_neurosketch,33,furniture,bench,80,1,-1,0.0,2,6,bench,0
0120172_neurosketch,33,furniture,bench,80,2,-1,0.0,2,6,bench,0
0120172_neurosketch,33,furniture,bench,80,3,-1,0.0,2,6,bench,0
0120172_neurosketch,33,furniture,bench,80,4,-1,0.0,2,6,bench,0
0120172_neurosketch,33,furniture,bench,80,5,-1,0.0,2,6,bench,0
0120172_neurosketch,33,furniture,bench,80,6,-1,0.0,2,6,bench,0
0120172_neurosketch,33,furniture,bench,80,7,-1,0.0,2,6,bench,0
0120172_neurosketch,33,furniture,bench,80,8,1,12001.8,2,6,bench,1
0120172_neurosketch,33,furniture,bench,80,9,1,12001.8,2,6,bench,0
0120172_neurosketch,33,furniture,bench,80,10,1,12001.8,2,6,bench,0
0120172_neurosketch,33,furniture,bed,81,11,1,16502.04,2,3,bed,1
0120172_neurosketch,33,furniture,bed,81,12,1,16502.04,2,3,bed,0
0120172_neurosketch,33,furniture,bed,81,13,1,16502.04,2,3,bed,0
0120172_neurosketch,33,furniture,chair,82,14,0,21003.73,2,1,chair,1
0120172_neurosketch,33,furniture,chair,82,15,0,21003.73,2,1,chair,0
0120172_neurosketch,33,furniture,table,83,16,0,24002.29,2,15,table,1
0120172_neurosketch,33,furniture,table,83,17,0,24002.29,2,15,table,0
0120172_neurosketch,33,furniture,table,83,18,0,24002.29,2,15,table,0
0120172_neurosketch,33,furniture,bed,84,19,1,28502.36,2,30,bed,1
0120172_neurosketch,33,furniture,bed,84,20,1,28502.36,2,30,bed,0
0120172_neurosketch,33,furniture,bed,84,21,1,28502.36,2,30,bed,0
0120172_neurosketch,33,furniture,bed,84,22,1,28502.36,2,30,bed,0
0120172_neurosketch,33,furniture,chair,85,23,0,34501.44,2,22,chair,1
0120172_neurosketch,33,furniture,chair,85,24,0,34501.44,2,22,chair,0
0120172_neurosketch,33,furniture,chair,85,25,0,34501.44,2,22,chair,0
0120172_neurosketch,33,furniture,bench,86,26,1,39003.88,2,30,bench,1
0120172_neurosketch,33,furniture,bench,86,27,1,39003.88,2,30,bench,0
0120172_neurosketch,33,furniture,bench,86,28,1,39003.88,2,30,bench,0
0120172_neurosketch,33,furniture,table,87,29,0,43502.58,2,6,table,1
0120172_neurosketch,33,furniture,table,87,30,0,43502.58,2,6,table,0
0120172_neurosketch,33,furniture,table,87,31,0,43502.58,2,6,table,0
0120172_neurosketch,33,furniture,chair,88,32,0,48004.46,2,15,chair,1
0120172_neurosketch,33,furniture,chair,88,33,0,48004.46,2,15,chair,0
0120172_neurosketch,33,2,bench,89,34,1,51001.98,2,0,bench,1
0120172_neurosketch,33,2,bench,89,35,1,51001.98,2,0,bench,0
0120172_neurosketch,33,furniture,bed,90,36,1,54002.16,2,23,bed,1
0120172_neurosketch,33,furniture,bed,90,37,1,54002.16,2,23,bed,0
0120172_neurosketch,33,furniture,bed,90,38,1,54002.16,2,23,bed,0
0120172_neurosketch,33,furniture,bed,90,39,1,54002.16,2,23,bed,0
0120172_neurosketch,33,furniture,table,91,40,0,60002.22,2,17,table,1
0120172_neurosketch,33,furniture,table,91,41,0,60002.22,2,17,table,0
0120172_neurosketch,33,furniture,table,91,42,0,60002.22,2,17,table,0
0120172_neurosketch,33,furniture,table,91,43,0,60002.22,2,17,table,0
0120172_neurosketch,33,furniture,bed,92,44,1,66002.14,2,27,bed,1
0120172_neurosketch,33,furniture,bed,92,45,1,66002.14,2,27,bed,0
0120172_neurosketch,33,furniture,bed,92,46,1,66002.14,2,27,bed,0
0120172_neurosketch,33,furniture,bed,92,47,1,66002.14,2,27,bed,0
0120172_neurosketch,33,furniture,bench,93,48,1,72002.51,2,19,bench,1
0120172_neurosketch,33,furniture,bench,93,49,1,72002.51,2,19,bench,0
0120172_neurosketch,33,furniture,chair,94,50,0,75001.73,2,39,chair,1
0120172_neurosketch,33,furniture,chair,94,51,0,75001.73,2,39,chair,0
0120172_neurosketch,33,furniture,table,95,52,0,78002.09,2,37,table,1
0120172_neurosketch,33,furniture,table,95,53,0,78002.09,2,37,table,0
0120172_neurosketch,33,furniture,table,96,54,0,81002.22,2,14,table,1
0120172_neurosketch,33,furniture,table,96,55,0,81002.22,2,14,table,0
0120172_neurosketch,33,furniture,bed,97,56,1,84001.8,2,33,bed,1
0120172_neurosketch,33,furniture,bed,97,57,1,84001.8,2,33,bed,0
0120172_neurosketch,33,furniture,bed,97,58,1,84001.8,2,33,bed,0
0120172_neurosketch,33,furniture,bench,98,59,1,88502.62,2,26,bench,1
0120172_neurosketch,33,furniture,bench,98,60,1,88502.62,2,26,bench,0
0120172_neurosketch,33,furniture,bench,98,61,1,88502.62,2,26,bench,0
0120172_neurosketch,33,2,chair,99,62,0,93001.86,2,16,chair,1
0120172_neurosketch,33,2,chair,99,63,0,93001.86,2,16,chair,0
0120172_neurosketch,33,furniture,bed,100,64,1,96002.14,2,39,bed,1
0120172_neurosketch,33,furniture,bed,100,65,1,96002.14,2,39,bed,0
0120172_neurosketch,33,furniture,table,101,66,0,99003.94,2,34,table,1
0120172_neurosketch,33,furniture,table,101,67,0,99003.94,2,34,table,0
0120172_neurosketch,33,furniture,chair,102,68,0,102002.42,2,36,chair,1
0120172_neurosketch,33,furniture,chair,102,69,0,102002.42,2,36,chair,0
0120172_neurosketch,33,furniture,bench,103,70,1,105002.29,2,29,bench,1
0120172_neurosketch,33,furniture,bench,103,71,1,105002.29,2,29,bench,0
0120172_neurosketch,33,furniture,bench,103,72,1,105002.29,2,29,bench,0
0120172_neurosketch,33,furniture,bench,103,73,1,105002.29,2,29,bench,0
0120172_neurosketch,33,furniture,table,104,74,0,111002.79,2,28,table,1
0120172_neurosketch,33,furniture,table,104,75,0,111002.79,2,28,table,0
0120172_neurosketch,33,furniture,table,104,76,0,111002.79,2,28,table,0
0120172_neurosketch,33,furniture,table,104,77,0,111002.79,2,28,table,0
0120172_neurosketch,33,furniture,bed,105,78,1,117001.59,2,21,bed,1
0120172_neurosketch,33,furniture,bed,105,79,1,117001.59,2,21,bed,0
0120172_neurosketch,33,furniture,bed,105,80,1,117001.59,2,21,bed,0
0120172_neurosketch,33,furniture,bed,105,81,1,117001.59,2,21,bed,0
0120172_neurosketch,33,furniture,chair,106,82,0,123004.17,2,14,chair,1
0120172_neurosketch,33,furniture,chair,106,83,0,123004.17,2,14,chair,0
0120172_neurosketch,33,furniture,bench,107,84,1,126002.09,2,35,bench,1
0120172_neurosketch,33,furniture,bench,107,85,1,126002.09,2,35,bench,0
0120172_neurosketch,33,furniture,bench,107,86,1,126002.09,2,35,bench,0
0120172_neurosketch,33,furniture,chair,108,87,0,130502.13,2,23,chair,1
0120172_neurosketch,33,furniture,chair,108,88,0,130502.13,2,23,chair,0
0120172_neurosketch,33,furniture,chair,108,89,0,130502.13,2,23,chair,0
0120172_neurosketch,33,2,table,109,90,0,135003.66,2,39,table,1
0120172_neurosketch,33,2,table,109,91,0,135003.66,2,39,table,0
0120172_neurosketch,33,furniture,bench,110,92,1,138002.93,2,2,bench,1
0120172_neurosketch,33,furniture,bench,110,93,1,138002.93,2,2,bench,0
0120172_neurosketch,33,furniture,bed,111,94,1,141002.5,2,11,bed,1
0120172_neurosketch,33,furniture,bed,111,95,1,141002.5,2,11,bed,0
0120172_neurosketch,33,furniture,bed,111,96,1,141002.5,2,11,bed,0
0120172_neurosketch,33,furniture,table,112,97,0,145502.44,2,35,table,1
0120172_neurosketch,33,furniture,table,112,98,0,145502.44,2,35,table,0
0120172_neurosketch,33,furniture,table,112,99,0,145502.44,2,35,table,0
0120172_neurosketch,33,furniture,bench,113,100,1,150002.28,2,39,bench,1
0120172_neurosketch,33,furniture,bench,113,101,1,150002.28,2,39,bench,0
0120172_neurosketch,33,furniture,bed,114,102,1,153003.03,2,16,bench,1
0120172_neurosketch,33,furniture,bed,114,103,1,153003.03,2,16,bench,0
0120172_neurosketch,33,furniture,bed,114,104,1,153003.03,2,16,bench,0
0120172_neurosketch,33,furniture,chair,115,105,0,157502.83,2,35,chair,1
0120172_neurosketch,33,furniture,chair,115,106,0,157502.83,2,35,chair,0
0120172_neurosketch,33,furniture,chair,115,107,0,157502.83,2,35,chair,0
0120172_neurosketch,33,furniture,bed,116,108,1,162002.46,2,15,bed,1
0120172_neurosketch,33,furniture,bed,116,109,1,162002.46,2,15,bed,0
0120172_neurosketch,33,furniture,bed,116,110,1,162002.46,2,15,bed,0
0120172_neurosketch,33,furniture,table,117,111,0,166503.07,2,4,table,1
0120172_neurosketch,33,furniture,table,117,112,0,166503.07,2,4,table,0
0120172_neurosketch,33,furniture,table,117,113,0,166503.07,2,4,table,0
0120172_neurosketch,33,furniture,bench,118,114,1,171002.99,2,17,bench,1
0120172_neurosketch,33,furniture,bench,118,115,1,171002.99,2,17,bench,0
0120172_neurosketch,33,furniture,bench,118,116,1,171002.99,2,17,bench,0
0120172_neurosketch,33,furniture,bench,118,117,1,171002.99,2,17,bench,0
0120172_neurosketch,33,2,chair,119,118,0,177002.94,2,29,chair,1
0120172_neurosketch,33,2,chair,119,119,0,177002.94,2,29,chair,0
0120172_neurosketch,33,furniture,bed,120,120,1,180002.4,2,19,bed,1
0120172_neurosketch,33,furniture,bed,120,121,1,180002.4,2,19,bed,0
0120172_neurosketch,33,furniture,bed,120,122,1,180002.4,2,19,bed,0
0120172_neurosketch,33,furniture,table,121,123,0,184501.86,2,16,table,1
0120172_neurosketch,33,furniture,table,121,124,0,184501.86,2,16,table,0
0120172_neurosketch,33,furniture,table,121,125,0,184501.86,2,16,table,0
0120172_neurosketch,33,furniture,chair,122,126,0,189001.35,2,37,chair,1
0120172_neurosketch,33,furniture,chair,122,127,0,189001.35,2,37,chair,0
0120172_neurosketch,33,furniture,bench,123,128,1,192002.46,2,31,bench,1
0120172_neurosketch,33,furniture,bench,123,129,1,192002.46,2,31,bench,0
0120172_neurosketch,33,furniture,bench,123,130,1,192002.46,2,31,bench,0
0120172_neurosketch,33,furniture,chair,124,131,0,196503.04,2,19,chair,1
0120172_neurosketch,33,furniture,chair,124,132,0,196503.04,2,19,chair,0
0120172_neurosketch,33,furniture,chair,124,133,0,196503.04,2,19,chair,0
0120172_neurosketch,33,furniture,chair,124,134,0,196503.04,2,19,chair,0
0120172_neurosketch,33,furniture,bench,125,135,1,202502.3,2,15,bench,1
0120172_neurosketch,33,furniture,bench,125,136,1,202502.3,2,15,bench,0
0120172_neurosketch,33,furniture,bench,125,137,1,202502.3,2,15,bench,0
0120172_neurosketch,33,furniture,bed,126,138,1,207002.05,2,36,bed,1
0120172_neurosketch,33,furniture,bed,126,139,1,207002.05,2,36,bed,0
0120172_neurosketch,33,furniture,bed,126,140,1,207002.05,2,36,bed,0
0120172_neurosketch,33,furniture,table,127,141,0,211502.83,2,10,,1
0120172_neurosketch,33,furniture,table,127,142,0,211502.83,2,10,,0
0120172_neurosketch,33,furniture,table,127,143,0,211502.83,2,10,,0
0120172_neurosketch,33,furniture,table,128,144,0,216002.91,2,7,table,1
0120172_neurosketch,33,furniture,table,128,145,0,216002.91,2,7,table,0
0120172_neurosketch,33,2,bench,129,146,1,219002.29,2,28,bench,1
0120172_neurosketch,33,2,bench,129,147,1,219002.29,2,28,bench,0
0120172_neurosketch,33,furniture,chair,130,148,0,222003.26,2,32,chair,1
0120172_neurosketch,33,furniture,chair,130,149,0,222003.26,2,32,chair,0
0120172_neurosketch,33,furniture,chair,130,150,0,222003.26,2,32,chair,0
0120172_neurosketch,33,furniture,chair,130,151,0,222003.26,2,32,chair,0
0120172_neurosketch,33,furniture,bed,131,152,1,228002.43,2,32,bed,1
0120172_neurosketch,33,furniture,bed,131,153,1,228002.43,2,32,bed,0
0120172_neurosketch,33,furniture,bed,131,154,1,228002.43,2,32,bed,0
0120172_neurosketch,33,furniture,bed,131,155,1,228002.43,2,32,bed,0
0120172_neurosketch,33,furniture,bed,132,156,1,234004.63,2,20,bed,1
0120172_neurosketch,33,furniture,bed,132,157,1,234004.63,2,20,bed,0
0120172_neurosketch,33,furniture,bed,132,158,1,234004.63,2,20,bed,0
0120172_neurosketch,33,furniture,bed,132,159,1,234004.63,2,20,bed,0
0120172_neurosketch,33,furniture,table,133,160,0,240001.1,2,32,table,1
0120172_neurosketch,33,furniture,table,133,161,0,240001.1,2,32,table,0
0120172_neurosketch,33,furniture,bench,134,162,1,243003.99,2,21,bench,1
0120172_neurosketch,33,furniture,bench,134,163,1,243003.99,2,21,bench,0
0120172_neurosketch,33,furniture,chair,135,164,0,246003.03,2,21,chair,1
0120172_neurosketch,33,furniture,chair,135,165,0,246003.03,2,21,chair,0
0120172_neurosketch,33,furniture,bed,136,166,1,249003.17,2,7,bed,1
0120172_neurosketch,33,furniture,bed,136,167,1,249003.17,2,7,bed,0
0120172_neurosketch,33,furniture,table,137,168,0,252002.61,2,9,table,1
0120172_neurosketch,33,furniture,table,137,169,0,252002.61,2,9,table,0
0120172_neurosketch,33,furniture,table,137,170,0,252002.61,2,9,table,0
0120172_neurosketch,33,furniture,chair,138,171,0,256502.27,2,31,chair,1
0120172_neurosketch,33,furniture,chair,138,172,0,256502.27,2,31,chair,0
0120172_neurosketch,33,furniture,chair,138,173,0,256502.27,2,31,chair,0
0120172_neurosketch,33,2,bench,139,174,1,261001.33,2,34,bench,1
0120172_neurosketch,33,2,bench,139,175,1,261001.33,2,34,bench,0
0120172_neurosketch,33,furniture,bench,140,176,1,264003.05,2,10,bench,1
0120172_neurosketch,33,furniture,bench,140,177,1,264003.05,2,10,bench,0
0120172_neurosketch,33,furniture,bed,141,178,1,267003.21,2,37,bed,1
0120172_neurosketch,33,furniture,bed,141,179,1,267003.21,2,37,bed,0
0120172_neurosketch,33,furniture,table,142,180,0,270001.46,2,8,table,1
0120172_neurosketch,33,furniture,table,142,181,0,270001.46,2,8,table,0
0120172_neurosketch,33,furniture,chair,143,182,0,273003.9,2,20,chair,1
0120172_neurosketch,33,furniture,chair,143,183,0,273003.9,2,20,chair,0
0120172_neurosketch,33,furniture,chair,143,184,0,273003.9,2,20,chair,0
0120172_neurosketch,33,furniture,chair,143,185,0,273003.9,2,20,chair,0
0120172_neurosketch,33,furniture,bench,144,186,1,279002.39,2,25,bench,1
0120172_neurosketch,33,furniture,bench,144,187,1,279002.39,2,25,bench,0
0120172_neurosketch,33,furniture,bench,144,188,1,279002.39,2,25,bench,0
0120172_neurosketch,33,furniture,bench,144,189,1,279002.39,2,25,bench,0
0120172_neurosketch,33,furniture,table,145,190,0,285003.12,2,12,table,1
0120172_neurosketch,33,furniture,table,145,191,0,285003.12,2,12,table,0
0120172_neurosketch,33,furniture,table,145,192,0,285003.12,2,12,table,0
0120172_neurosketch,33,furniture,table,145,193,0,285003.12,2,12,table,0
0120172_neurosketch,33,furniture,chair,146,194,0,291004.59,2,38,chair,1
0120172_neurosketch,33,furniture,chair,146,195,0,291004.59,2,38,chair,0
0120172_neurosketch,33,furniture,bed,147,196,1,294001.26,2,14,bed,1
0120172_neurosketch,33,furniture,bed,147,197,1,294001.26,2,14,bed,0
0120172_neurosketch,33,furniture,bed,147,198,1,294001.26,2,14,bed,0
0120172_neurosketch,33,furniture,bed,148,199,1,298505.39,2,26,bed,1
0120172_neurosketch,33,furniture,bed,148,200,1,298505.39,2,26,bed,0
0120172_neurosketch,33,furniture,bed,148,201,1,298505.39,2,26,bed,0
0120172_neurosketch,33,2,table,149,202,0,303002.45,2,29,table,1
0120172_neurosketch,33,2,table,149,203,0,303002.45,2,29,table,0
0120172_neurosketch,33,furniture,bench,150,204,1,306001.91,2,9,bench,1
0120172_neurosketch,33,furniture,bench,150,205,1,306001.91,2,9,bench,0
0120172_neurosketch,33,furniture,chair,151,206,0,309001.91,2,24,chair,1
0120172_neurosketch,33,furniture,chair,151,207,0,309001.91,2,24,chair,0
0120172_neurosketch,33,furniture,chair,151,208,0,309001.91,2,24,chair,0
0120172_neurosketch,33,furniture,table,152,209,0,313503.0,2,23,table,1
0120172_neurosketch,33,furniture,table,152,210,0,313503.0,2,23,table,0
0120172_neurosketch,33,furniture,table,152,211,0,313503.0,2,23,table,0
0120172_neurosketch,33,furniture,bed,153,212,1,318004.77,2,6,bed,1
0120172_neurosketch,33,furniture,bed,153,213,1,318004.77,2,6,bed,0
0120172_neurosketch,33,furniture,chair,154,214,0,321002.57,2,13,chair,1
0120172_neurosketch,33,furniture,chair,154,215,0,321002.57,2,13,chair,0
0120172_neurosketch,33,furniture,chair,154,216,0,321002.57,2,13,chair,0
0120172_neurosketch,33,furniture,bench,155,217,1,325501.97,2,24,bench,1
0120172_neurosketch,33,furniture,bench,155,218,1,325501.97,2,24,bench,0
0120172_neurosketch,33,furniture,bench,155,219,1,325501.97,2,24,bench,0
0120172_neurosketch,33,furniture,chair,156,220,0,330002.36,2,5,chair,1
0120172_neurosketch,33,furniture,chair,156,221,0,330002.36,2,5,chair,0
0120172_neurosketch,33,furniture,chair,156,222,0,330002.36,2,5,chair,0
0120172_neurosketch,33,furniture,bed,157,223,1,334502.3,2,18,bed,1
0120172_neurosketch,33,furniture,bed,157,224,1,334502.3,2,18,bed,0
0120172_neurosketch,33,furniture,bed,157,225,1,334502.3,2,18,bed,0
0120172_neurosketch,33,furniture,table,158,226,0,339002.6,2,5,table,1
0120172_neurosketch,33,furniture,table,158,227,0,339002.6,2,5,table,0
0120172_neurosketch,33,furniture,table,158,228,0,339002.6,2,5,table,0
0120172_neurosketch,33,furniture,table,158,229,0,339002.6,2,5,table,0
0120172_neurosketch,33,2,bench,159,230,1,345002.92,2,16,bench,1
0120172_neurosketch,33,2,bench,159,231,1,345002.92,2,16,bench,0
0120172_neurosketch,33,2,bench,159,232,1,345002.92,2,16,bench,0
0120172_neurosketch,33,2,bench,159,233,1,345002.92,2,16,bench,0
0120172_neurosketch,33,2,bench,159,234,1,345002.92,2,16,bench,0
0120172_neurosketch,33,2,bench,159,235,1,345002.92,2,16,bench,0
0120172_neurosketch,33,2,bench,159,236,1,345002.92,2,16,bench,0
0120172_neurosketch,33,2,bench,159,237,1,345002.92,2,16,bench,0
0120172_neurosketch,33,2,bench,159,238,1,345002.92,2,16,bench,0
0120172_neurosketch,33,2,bench,159,239,1,345002.92,2,16,bench,0
0120172_neurosketch,33,furniture,bench,160,0,-1,0.0,3,16,bench,0
0120172_neurosketch,33,furniture,bench,160,1,-1,0.0,3,16,bench,0
0120172_neurosketch,33,furniture,bench,160,2,-1,0.0,3,16,bench,0
0120172_neurosketch,33,furniture,bench,160,3,-1,0.0,3,16,bench,0
0120172_neurosketch,33,furniture,bench,160,4,-1,0.0,3,16,bench,0
0120172_neurosketch,33,furniture,bench,160,5,-1,0.0,3,16,bench,0
0120172_neurosketch,33,furniture,bench,160,6,-1,0.0,3,16,bench,0
0120172_neurosketch,33,furniture,bench,160,7,-1,0.0,3,16,bench,0
0120172_neurosketch,33,furniture,bench,160,8,1,12001.92,3,16,bench,1
0120172_neurosketch,33,furniture,bench,160,9,1,12001.92,3,16,bench,0
0120172_neurosketch,33,furniture,bench,160,10,1,12001.92,3,16,bench,0
0120172_neurosketch,33,furniture,table,161,11,0,16501.65,3,5,chair,1
0120172_neurosketch,33,furniture,table,161,12,0,16501.65,3,5,chair,0
0120172_neurosketch,33,furniture,table,161,13,0,16501.65,3,5,chair,0
0120172_neurosketch,33,furniture,bed,162,14,1,21002.08,3,18,bed,1
0120172_neurosketch,33,furniture,bed,162,15,1,21002.08,3,18,bed,0
0120172_neurosketch,33,furniture,chair,163,16,0,24001.64,3,5,chair,1
0120172_neurosketch,33,furniture,chair,163,17,0,24001.64,3,5,chair,0
0120172_neurosketch,33,furniture,chair,163,18,0,24001.64,3,5,chair,0
0120172_neurosketch,33,furniture,bench,164,19,1,28501.92,3,24,bed,1
0120172_neurosketch,33,furniture,bench,164,20,1,28501.92,3,24,bed,0
0120172_neurosketch,33,furniture,bench,164,21,1,28501.92,3,24,bed,0
0120172_neurosketch,33,furniture,bench,164,22,1,28501.92,3,24,bed,0
0120172_neurosketch,33,furniture,chair,165,23,0,34502.24,3,13,chair,1
0120172_neurosketch,33,furniture,chair,165,24,0,34502.24,3,13,chair,0
0120172_neurosketch,33,furniture,chair,165,25,0,34502.24,3,13,chair,0
0120172_neurosketch,33,furniture,bed,166,26,1,39002.18,3,6,bed,1
0120172_neurosketch,33,furniture,bed,166,27,1,39002.18,3,6,bed,0
0120172_neurosketch,33,furniture,bed,166,28,1,39002.18,3,6,bed,0
0120172_neurosketch,33,furniture,table,167,29,0,43501.71,3,23,table,1
0120172_neurosketch,33,furniture,table,167,30,0,43501.71,3,23,table,0
0120172_neurosketch,33,furniture,table,167,31,0,43501.71,3,23,table,0
0120172_neurosketch,33,furniture,chair,168,32,0,48001.57,3,24,chair,1
0120172_neurosketch,33,furniture,chair,168,33,0,48001.57,3,24,chair,0
0120172_neurosketch,33,2,bench,169,34,1,51002.45,3,9,bench,1
0120172_neurosketch,33,2,bench,169,35,1,51002.45,3,9,bench,0
0120172_neurosketch,33,furniture,table,170,36,0,54004.4,3,29,table,1
0120172_neurosketch,33,furniture,table,170,37,0,54004.4,3,29,table,0
0120172_neurosketch,33,furniture,table,170,38,0,54004.4,3,29,table,0
0120172_neurosketch,33,furniture,table,170,39,0,54004.4,3,29,table,0
0120172_neurosketch,33,furniture,bed,171,40,1,60001.52,3,26,bed,1
0120172_neurosketch,33,furniture,bed,171,41,1,60001.52,3,26,bed,0
0120172_neurosketch,33,furniture,bed,171,42,1,60001.52,3,26,bed,0
0120172_neurosketch,33,furniture,bed,171,43,1,60001.52,3,26,bed,0
0120172_neurosketch,33,furniture,bed,172,44,1,66005.41,3,14,bed,1
0120172_neurosketch,33,furniture,bed,172,45,1,66005.41,3,14,bed,0
0120172_neurosketch,33,furniture,bed,172,46,1,66005.41,3,14,bed,0
0120172_neurosketch,33,furniture,bed,172,47,1,66005.41,3,14,bed,0
0120172_neurosketch,33,furniture,chair,173,48,0,72001.95,3,38,chair,1
0120172_neurosketch,33,furniture,chair,173,49,0,72001.95,3,38,chair,0
0120172_neurosketch,33,furniture,table,174,50,0,75002.08,3,12,table,1
0120172_neurosketch,33,furniture,table,174,51,0,75002.08,3,12,table,0
0120172_neurosketch,33,furniture,bench,175,52,1,78001.62,3,25,bench,1
0120172_neurosketch,33,furniture,bench,175,53,1,78001.62,3,25,bench,0
0120172_neurosketch,33,furniture,chair,176,54,0,81001.79,3,20,chair,1
0120172_neurosketch,33,furniture,chair,176,55,0,81001.79,3,20,chair,0
0120172_neurosketch,33,furniture,table,177,56,0,84002.45,3,8,table,1
0120172_neurosketch,33,furniture,table,177,57,0,84002.45,3,8,table,0
0120172_neurosketch,33,furniture,table,177,58,0,84002.45,3,8,table,0
0120172_neurosketch,33,furniture,bed,178,59,1,88503.66,3,37,bed,1
0120172_neurosketch,33,furniture,bed,178,60,1,88503.66,3,37,bed,0
0120172_neurosketch,33,furniture,bed,178,61,1,88503.66,3,37,bed,0
0120172_neurosketch,33,2,bench,179,62,1,93004.96,3,10,bench,1
0120172_neurosketch,33,2,bench,179,63,1,93004.96,3,10,bench,0
0120172_neurosketch,33,furniture,bench,180,64,1,96001.77,3,34,bench,1
0120172_neurosketch,33,furniture,bench,180,65,1,96001.77,3,34,bench,0
0120172_neurosketch,33,furniture,chair,181,66,0,99002.45,3,31,chair,1
0120172_neurosketch,33,furniture,chair,181,67,0,99002.45,3,31,chair,0
0120172_neurosketch,33,furniture,table,182,68,0,102002.21,3,9,table,1
0120172_neurosketch,33,furniture,table,182,69,0,102002.21,3,9,table,0
0120172_neurosketch,33,furniture,bed,183,70,1,105003.95,3,7,bed,1
0120172_neurosketch,33,furniture,bed,183,71,1,105003.95,3,7,bed,0
0120172_neurosketch,33,furniture,bed,183,72,1,105003.95,3,7,bed,0
0120172_neurosketch,33,furniture,bed,183,73,1,105003.95,3,7,bed,0
0120172_neurosketch,33,furniture,chair,184,74,0,111003.45,3,21,chair,1
0120172_neurosketch,33,furniture,chair,184,75,0,111003.45,3,21,chair,0
0120172_neurosketch,33,furniture,chair,184,76,0,111003.45,3,21,chair,0
0120172_neurosketch,33,furniture,chair,184,77,0,111003.45,3,21,chair,0
0120172_neurosketch,33,furniture,bench,185,78,1,117003.72,3,21,bench,1
0120172_neurosketch,33,furniture,bench,185,79,1,117003.72,3,21,bench,0
0120172_neurosketch,33,furniture,bench,185,80,1,117003.72,3,21,bench,0
0120172_neurosketch,33,furniture,bench,185,81,1,117003.72,3,21,bench,0
0120172_neurosketch,33,furniture,table,186,82,0,123002.41,3,32,table,1
0120172_neurosketch,33,furniture,table,186,83,0,123002.41,3,32,table,0
0120172_neurosketch,33,furniture,bed,187,84,1,126002.16,3,20,bed,1
0120172_neurosketch,33,furniture,bed,187,85,1,126002.16,3,20,bed,0
0120172_neurosketch,33,furniture,bed,187,86,1,126002.16,3,20,bed,0
0120172_neurosketch,33,furniture,bed,188,87,1,130502.99,3,32,bed,1
0120172_neurosketch,33,furniture,bed,188,88,1,130502.99,3,32,bed,0
0120172_neurosketch,33,furniture,bed,188,89,1,130502.99,3,32,bed,0
0120172_neurosketch,33,2,chair,189,90,0,135002.5,3,32,chair,1
0120172_neurosketch,33,2,chair,189,91,0,135002.5,3,32,chair,0
0120172_neurosketch,33,furniture,bench,190,92,1,138002.19,3,28,bench,1
0120172_neurosketch,33,furniture,bench,190,93,1,138002.19,3,28,bench,0
0120172_neurosketch,33,furniture,table,191,94,0,141002.22,3,7,table,1
0120172_neurosketch,33,furniture,table,191,95,0,141002.22,3,7,table,0
0120172_neurosketch,33,furniture,table,191,96,0,141002.22,3,7,table,0
0120172_neurosketch,33,furniture,table,192,97,0,145502.51,3,10,table,1
0120172_neurosketch,33,furniture,table,192,98,0,145502.51,3,10,table,0
0120172_neurosketch,33,furniture,table,192,99,0,145502.51,3,10,table,0
0120172_neurosketch,33,furniture,bed,193,100,1,150002.21,3,36,bed,1
0120172_neurosketch,33,furniture,bed,193,101,1,150002.21,3,36,bed,0
0120172_neurosketch,33,furniture,bench,194,102,1,153001.54,3,15,bench,1
0120172_neurosketch,33,furniture,bench,194,103,1,153001.54,3,15,bench,0
0120172_neurosketch,33,furniture,bench,194,104,1,153001.54,3,15,bench,0
0120172_neurosketch,33,furniture,chair,195,105,0,157502.31,3,19,chair,1
0120172_neurosketch,33,furniture,chair,195,106,0,157502.31,3,19,chair,0
0120172_neurosketch,33,furniture,chair,195,107,0,157502.31,3,19,chair,0
0120172_neurosketch,33,furniture,bench,196,108,1,162002.92,3,31,bench,1
0120172_neurosketch,33,furniture,bench,196,109,1,162002.92,3,31,bench,0
0120172_neurosketch,33,furniture,bench,196,110,1,162002.92,3,31,bench,0
0120172_neurosketch,33,furniture,chair,197,111,0,166501.62,3,37,chair,1
0120172_neurosketch,33,furniture,chair,197,112,0,166501.62,3,37,chair,0
0120172_neurosketch,33,furniture,chair,197,113,0,166501.62,3,37,chair,0
0120172_neurosketch,33,furniture,table,198,114,0,171002.46,3,16,table,1
0120172_neurosketch,33,furniture,table,198,115,0,171002.46,3,16,table,0
0120172_neurosketch,33,furniture,table,198,116,0,171002.46,3,16,table,0
0120172_neurosketch,33,furniture,table,198,117,0,171002.46,3,16,table,0
0120172_neurosketch,33,2,bed,199,118,1,177002.12,3,19,bench,1
0120172_neurosketch,33,2,bed,199,119,1,177002.12,3,19,bench,0
0120172_neurosketch,33,furniture,chair,200,120,0,180002.62,3,29,chair,1
0120172_neurosketch,33,furniture,chair,200,121,0,180002.62,3,29,chair,0
0120172_neurosketch,33,furniture,chair,200,122,0,180002.62,3,29,chair,0
0120172_neurosketch,33,furniture,bench,201,123,1,184502.11,3,17,bench,1
0120172_neurosketch,33,furniture,bench,201,124,1,184502.11,3,17,bench,0
0120172_neurosketch,33,furniture,bench,201,125,1,184502.11,3,17,bench,0
0120172_neurosketch,33,furniture,table,202,126,0,189002.92,3,4,table,1
0120172_neurosketch,33,furniture,table,202,127,0,189002.92,3,4,table,0
0120172_neurosketch,33,furniture,bed,203,128,1,192002.81,3,15,bed,1
0120172_neurosketch,33,furniture,bed,203,129,1,192002.81,3,15,bed,0
0120172_neurosketch,33,furniture,bed,203,130,1,192002.81,3,15,bed,0
0120172_neurosketch,33,furniture,chair,204,131,0,196502.23,3,35,chair,1
0120172_neurosketch,33,furniture,chair,204,132,0,196502.23,3,35,chair,0
0120172_neurosketch,33,furniture,chair,204,133,0,196502.23,3,35,chair,0
0120172_neurosketch,33,furniture,chair,204,134,0,196502.23,3,35,chair,0
0120172_neurosketch,33,furniture,bed,205,135,1,202502.88,3,16,bed,1
0120172_neurosketch,33,furniture,bed,205,136,1,202502.88,3,16,bed,0
0120172_neurosketch,33,furniture,bed,205,137,1,202502.88,3,16,bed,0
0120172_neurosketch,33,furniture,bench,206,138,1,207002.38,3,39,bench,1
0120172_neurosketch,33,furniture,bench,206,139,1,207002.38,3,39,bench,0
0120172_neurosketch,33,furniture,bench,206,140,1,207002.38,3,39,bench,0
0120172_neurosketch,33,furniture,table,207,141,0,211502.54,3,35,table,1
0120172_neurosketch,33,furniture,table,207,142,0,211502.54,3,35,table,0
0120172_neurosketch,33,furniture,table,207,143,0,211502.54,3,35,table,0
0120172_neurosketch,33,furniture,bed,208,144,1,216002.47,3,11,bed,1
0120172_neurosketch,33,furniture,bed,208,145,1,216002.47,3,11,bed,0
0120172_neurosketch,33,2,bench,209,146,1,219002.32,3,2,bench,1
0120172_neurosketch,33,2,bench,209,147,1,219002.32,3,2,bench,0
0120172_neurosketch,33,furniture,table,210,148,0,222002.92,3,39,table,1
0120172_neurosketch,33,furniture,table,210,149,0,222002.92,3,39,table,0
0120172_neurosketch,33,furniture,table,210,150,0,222002.92,3,39,table,0
0120172_neurosketch,33,furniture,table,210,151,0,222002.92,3,39,table,0
0120172_neurosketch,33,furniture,chair,211,152,0,228002.03,3,23,chair,1
0120172_neurosketch,33,furniture,chair,211,153,0,228002.03,3,23,chair,0
0120172_neurosketch,33,furniture,chair,211,154,0,228002.03,3,23,chair,0
0120172_neurosketch,33,furniture,chair,211,155,0,228002.03,3,23,chair,0
0120172_neurosketch,33,furniture,bench,212,156,1,234003.17,3,35,bench,1
0120172_neurosketch,33,furniture,bench,212,157,1,234003.17,3,35,bench,0
0120172_neurosketch,33,furniture,bench,212,158,1,234003.17,3,35,bench,0
0120172_neurosketch,33,furniture,bench,212,159,1,234003.17,3,35,bench,0
0120172_neurosketch,33,furniture,chair,213,160,0,240002.22,3,14,chair,1
0120172_neurosketch,33,furniture,chair,213,161,0,240002.22,3,14,chair,0
0120172_neurosketch,33,furniture,bed,214,162,1,243002.49,3,21,bed,1
0120172_neurosketch,33,furniture,bed,214,163,1,243002.49,3,21,bed,0
0120172_neurosketch,33,furniture,table,215,164,0,246002.43,3,28,table,1
0120172_neurosketch,33,furniture,table,215,165,0,246002.43,3,28,table,0
0120172_neurosketch,33,furniture,bench,216,166,1,249002.08,3,29,bench,1
0120172_neurosketch,33,furniture,bench,216,167,1,249002.08,3,29,bench,0
0120172_neurosketch,33,furniture,chair,217,168,0,252001.99,3,36,chair,1
0120172_neurosketch,33,furniture,chair,217,169,0,252001.99,3,36,chair,0
0120172_neurosketch,33,furniture,chair,217,170,0,252001.99,3,36,chair,0
0120172_neurosketch,33,furniture,table,218,171,0,256502.42,3,34,table,1
0120172_neurosketch,33,furniture,table,218,172,0,256502.42,3,34,table,0
0120172_neurosketch,33,furniture,table,218,173,0,256502.42,3,34,table,0
0120172_neurosketch,33,2,bed,219,174,1,261002.25,3,39,bed,1
0120172_neurosketch,33,2,bed,219,175,1,261002.25,3,39,bed,0
0120172_neurosketch,33,furniture,chair,220,176,0,264002.98,3,16,chair,1
0120172_neurosketch,33,furniture,chair,220,177,0,264002.98,3,16,chair,0
0120172_neurosketch,33,furniture,bench,221,178,1,267002.98,3,26,bench,1
0120172_neurosketch,33,furniture,bench,221,179,1,267002.98,3,26,bench,0
0120172_neurosketch,33,furniture,bed,222,180,1,270003.12,3,33,bed,1
0120172_neurosketch,33,furniture,bed,222,181,1,270003.12,3,33,bed,0
0120172_neurosketch,33,furniture,table,223,182,0,273003.88,3,14,table,1
0120172_neurosketch,33,furniture,table,223,183,0,273003.88,3,14,table,0
0120172_neurosketch,33,furniture,table,223,184,0,273003.88,3,14,table,0
0120172_neurosketch,33,furniture,table,223,185,0,273003.88,3,14,table,0
0120172_neurosketch,33,furniture,table,224,186,0,279002.8,3,37,table,1
0120172_neurosketch,33,furniture,table,224,187,0,279002.8,3,37,table,0
0120172_neurosketch,33,furniture,table,224,188,0,279002.8,3,37,table,0
0120172_neurosketch,33,furniture,table,224,189,0,279002.8,3,37,table,0
0120172_neurosketch,33,furniture,chair,225,190,0,285003.69,3,39,chair,1
0120172_neurosketch,33,furniture,chair,225,191,0,285003.69,3,39,chair,0
0120172_neurosketch,33,furniture,chair,225,192,0,285003.69,3,39,chair,0
0120172_neurosketch,33,furniture,chair,225,193,0,285003.69,3,39,chair,0
0120172_neurosketch,33,furniture,bench,226,194,1,291002.04,3,19,bench,1
0120172_neurosketch,33,furniture,bench,226,195,1,291002.04,3,19,bench,0
0120172_neurosketch,33,furniture,bed,227,196,1,294002.14,3,27,bed,1
0120172_neurosketch,33,furniture,bed,227,197,1,294002.14,3,27,bed,0
0120172_neurosketch,33,furniture,bed,227,198,1,294002.14,3,27,bed,0
0120172_neurosketch,33,furniture,table,228,199,0,298503.12,3,17,table,1
0120172_neurosketch,33,furniture,table,228,200,0,298503.12,3,17,table,0
0120172_neurosketch,33,furniture,table,228,201,0,298503.12,3,17,table,0
0120172_neurosketch,33,2,bed,229,202,1,303002.49,3,23,bed,1
0120172_neurosketch,33,2,bed,229,203,1,303002.49,3,23,bed,0
0120172_neurosketch,33,furniture,bench,230,204,1,306002.83,3,0,bench,1
0120172_neurosketch,33,furniture,bench,230,205,1,306002.83,3,0,bench,0
0120172_neurosketch,33,furniture,chair,231,206,0,309004.22,3,15,chair,1
0120172_neurosketch,33,furniture,chair,231,207,0,309004.22,3,15,chair,0
0120172_neurosketch,33,furniture,chair,231,208,0,309004.22,3,15,chair,0
0120172_neurosketch,33,furniture,table,232,209,0,313503.06,3,6,table,1
0120172_neurosketch,33,furniture,table,232,210,0,313503.06,3,6,table,0
0120172_neurosketch,33,furniture,table,232,211,0,313503.06,3,6,table,0
0120172_neurosketch,33,furniture,bench,233,212,1,318002.77,3,30,bench,1
0120172_neurosketch,33,furniture,bench,233,213,1,318002.77,3,30,bench,0
0120172_neurosketch,33,furniture,chair,234,214,0,321002.18,3,22,chair,1
0120172_neurosketch,33,furniture,chair,234,215,0,321002.18,3,22,chair,0
0120172_neurosketch,33,furniture,chair,234,216,0,321002.18,3,22,chair,0
0120172_neurosketch,33,furniture,bed,235,217,1,325502.66,3,30,bed,1
0120172_neurosketch,33,furniture,bed,235,218,1,325502.66,3,30,bed,0
0120172_neurosketch,33,furniture,bed,235,219,1,325502.66,3,30,bed,0
0120172_neurosketch,33,furniture,table,236,220,0,330001.04,3,15,chair,1
0120172_neurosketch,33,furniture,table,236,221,0,330001.04,3,15,chair,0
0120172_neurosketch,33,furniture,table,236,222,0,330001.04,3,15,chair,0
0120172_neurosketch,33,furniture,chair,237,223,0,334502.88,3,1,chair,1
0120172_neurosketch,33,furniture,chair,237,224,0,334502.88,3,1,chair,0
0120172_neurosketch,33,furniture,chair,237,225,0,334502.88,3,1,chair,0
0120172_neurosketch,33,furniture,bed,238,226,1,339002.11,3,3,bed,1
0120172_neurosketch,33,furniture,bed,238,227,1,339002.11,3,3,bed,0
0120172_neurosketch,33,furniture,bed,238,228,1,339002.11,3,3,bed,0
0120172_neurosketch,33,furniture,bed,238,229,1,339002.11,3,3,bed,0
0120172_neurosketch,33,2,bench,239,230,1,345002.83,3,6,bench,1
0120172_neurosketch,33,2,bench,239,231,1,345002.83,3,6,bench,0
0120172_neurosketch,33,2,bench,239,232,1,345002.83,3,6,bench,0
0120172_neurosketch,33,2,bench,239,233,1,345002.83,3,6,bench,0
0120172_neurosketch,33,2,bench,239,234,1,345002.83,3,6,bench,0
0120172_neurosketch,33,2,bench,239,235,1,345002.83,3,6,bench,0
0120172_neurosketch,33,2,bench,239,236,1,345002.83,3,6,bench,0
0120172_neurosketch,33,2,bench,239,237,1,345002.83,3,6,bench,0
0120172_neurosketch,33,2,bench,239,238,1,345002.83,3,6,bench,0
0120172_neurosketch,33,2,bench,239,239,1,345002.83,3,6,bench,0
0120172_neurosketch,33,furniture,chair,240,0,-1,0.0,4,10,chair,0
0120172_neurosketch,33,furniture,chair,240,1,-1,0.0,4,10,chair,0
0120172_neurosketch,33,furniture,chair,240,2,-1,0.0,4,10,chair,0
0120172_neurosketch,33,furniture,chair,240,3,-1,0.0,4,10,chair,0
0120172_neurosketch,33,furniture,chair,240,4,-1,0.0,4,10,chair,0
0120172_neurosketch,33,furniture,chair,240,5,-1,0.0,4,10,chair,0
0120172_neurosketch,33,furniture,chair,240,6,-1,0.0,4,10,chair,0
0120172_neurosketch,33,furniture,chair,240,7,-1,0.0,4,10,chair,0
0120172_neurosketch,33,furniture,chair,240,8,0,12001.7,4,10,chair,1
0120172_neurosketch,33,furniture,chair,240,9,0,12001.7,4,10,chair,0
0120172_neurosketch,33,furniture,chair,240,10,0,12001.7,4,10,chair,0
0120172_neurosketch,33,furniture,table,241,11,0,16503.57,4,0,table,1
0120172_neurosketch,33,furniture,table,241,12,0,16503.57,4,0,table,0
0120172_neurosketch,33,furniture,table,241,13,0,16503.57,4,0,table,0
0120172_neurosketch,33,furniture,bench,242,14,1,21002.96,4,12,bench,1
0120172_neurosketch,33,furniture,bench,242,15,1,21002.96,4,12,bench,0
0120172_neurosketch,33,furniture,bed,243,16,1,24002.03,4,0,bed,1
0120172_neurosketch,33,furniture,bed,243,17,1,24002.03,4,0,bed,0
0120172_neurosketch,33,furniture,bed,243,18,1,24002.03,4,0,bed,0
0120172_neurosketch,33,furniture,chair,244,19,0,28501.95,4,9,chair,1
0120172_neurosketch,33,furniture,chair,244,20,0,28501.95,4,9,chair,0
0120172_neurosketch,33,furniture,chair,244,21,0,28501.95,4,9,chair,0
0120172_neurosketch,33,furniture,chair,244,22,0,28501.95,4,9,chair,0
0120172_neurosketch,33,furniture,bed,245,23,1,34501.88,4,1,bed,1
0120172_neurosketch,33,furniture,bed,245,24,1,34501.88,4,1,bed,0
0120172_neurosketch,33,furniture,bed,245,25,1,34501.88,4,1,bed,0
0120172_neurosketch,33,furniture,bench,246,26,1,39002.17,4,8,bench,1
0120172_neurosketch,33,furniture,bench,246,27,1,39002.17,4,8,bench,0
0120172_neurosketch,33,furniture,bench,246,28,1,39002.17,4,8,bench,0
0120172_neurosketch,33,furniture,table,247,29,0,43502.11,4,1,table,1
0120172_neurosketch,33,furniture,table,247,30,0,43502.11,4,1,table,0
0120172_neurosketch,33,furniture,table,247,31,0,43502.11,4,1,table,0
0120172_neurosketch,33,furniture,bed,248,32,1,48001.97,4,22,bed,1
0120172_neurosketch,33,furniture,bed,248,33,1,48001.97,4,22,bed,0
0120172_neurosketch,33,2,bench,249,34,1,51001.39,4,13,bench,1
0120172_neurosketch,33,2,bench,249,35,1,51001.39,4,13,bench,0
0120172_neurosketch,33,furniture,table,250,36,0,54002.2,4,22,table,1
0120172_neurosketch,33,furniture,table,250,37,0,54002.2,4,22,table,0
0120172_neurosketch,33,furniture,table,250,38,0,54002.2,4,22,table,0
0120172_neurosketch,33,furniture,table,250,39,0,54002.2,4,22,table,0
0120172_neurosketch,33,furniture,chair,251,40,0,60001.38,4,26,chair,1
0120172_neurosketch,33,furniture,chair,251,41,0,60001.38,4,26,chair,0
0120172_neurosketch,33,furniture,chair,251,42,0,60001.38,4,26,chair,0
0120172_neurosketch,33,furniture,chair,251,43,0,60001.38,4,26,chair,0
0120172_neurosketch,33,furniture,table,252,44,0,66001.76,4,25,table,1
0120172_neurosketch,33,furniture,table,252,45,0,66001.76,4,25,table,0
0120172_neurosketch,33,furniture,table,252,46,0,66001.76,4,25,table,0
0120172_neurosketch,33,furniture,table,252,47,0,66001.76,4,25,table,0
0120172_neurosketch,33,furniture,bed,253,48,1,72001.42,4,2,bed,1
0120172_neurosketch,33,furniture,bed,253,49,1,72001.42,4,2,bed,0
0120172_neurosketch,33,furniture,chair,254,50,0,75002.22,4,12,chair,1
0120172_neurosketch,33,furniture,chair,254,51,0,75002.22,4,12,chair,0
0120172_neurosketch,33,furniture,bench,255,52,1,78002.13,4,1,bench,1
0120172_neurosketch,33,furniture,bench,255,53,1,78002.13,4,1,bench,0
0120172_neurosketch,33,furniture,bench,256,54,1,81002.0,4,20,bench,1
0120172_neurosketch,33,furniture,bench,256,55,1,81002.0,4,20,bench,0
0120172_neurosketch,33,furniture,bed,257,56,1,84002.28,4,31,bed,1
0120172_neurosketch,33,furniture,bed,257,57,1,84002.28,4,31,bed,0
0120172_neurosketch,33,furniture,bed,257,58,1,84002.28,4,31,bed,0
0120172_neurosketch,33,furniture,table,258,59,0,88501.54,4,13,table,1
0120172_neurosketch,33,furniture,table,258,60,0,88501.54,4,13,table,0
0120172_neurosketch,33,furniture,table,258,61,0,88501.54,4,13,table,0
0120172_neurosketch,33,2,chair,259,62,0,93003.26,4,27,chair,1
0120172_neurosketch,33,2,chair,259,63,0,93003.26,4,27,chair,0
0120172_neurosketch,33,furniture,bench,260,64,1,96002.65,4,7,bench,1
0120172_neurosketch,33,furniture,bench,260,65,1,96002.65,4,7,bench,0
0120172_neurosketch,33,furniture,bed,261,66,1,99002.18,4,28,bed,1
0120172_neurosketch,33,furniture,bed,261,67,1,99002.18,4,28,bed,0
0120172_neurosketch,33,furniture,chair,262,68,0,102002.6,4,3,chair,1
0120172_neurosketch,33,furniture,chair,262,69,0,102002.6,4,3,chair,0
0120172_neurosketch,33,furniture,table,263,70,0,105002.48,4,2,table,1
0120172_neurosketch,33,furniture,table,263,71,0,105002.48,4,2,table,0
0120172_neurosketch,33,furniture,table,263,72,0,105002.48,4,2,table,0
0120172_neurosketch,33,furniture,table,263,73,0,105002.48,4,2,table,0
0120172_neurosketch,33,furniture,table,264,74,0,111002.45,4,18,table,1
0120172_neurosketch,33,furniture,table,264,75,0,111002.45,4,18,table,0
0120172_neurosketch,33,furniture,table,264,76,0,111002.45,4,18,table,0
0120172_neurosketch,33,furniture,table,264,77,0,111002.45,4,18,table,0
0120172_neurosketch,33,furniture,bed,265,78,1,117002.67,4,29,bed,1
0120172_neurosketch,33,furniture,bed,265,79,1,117002.67,4,29,bed,0
0120172_neurosketch,33,furniture,bed,265,80,1,117002.67,4,29,bed,0
0120172_neurosketch,33,furniture,bed,265,81,1,117002.67,4,29,bed,0
0120172_neurosketch,33,furniture,chair,266,82,0,123001.91,4,4,chair,1
0120172_neurosketch,33,furniture,chair,266,83,0,123001.91,4,4,chair,0
0120172_neurosketch,33,furniture,bench,267,84,1,126002.28,4,3,bench,1
0120172_neurosketch,33,furniture,bench,267,85,1,126002.28,4,3,bench,0
0120172_neurosketch,33,furniture,bench,267,86,1,126002.28,4,3,bench,0
0120172_neurosketch,33,furniture,bench,268,87,1,130502.61,4,36,bench,1
0120172_neurosketch,33,furniture,bench,268,88,1,130502.61,4,36,bench,0
0120172_neurosketch,33,furniture,bench,268,89,1,130502.61,4,36,bench,0
0120172_neurosketch,33,2,bed,269,90,1,135002.35,4,5,bed,1
0120172_neurosketch,33,2,bed,269,91,1,135002.35,4,5,bed,0
0120172_neurosketch,33,furniture,table,270,92,0,138002.15,4,26,chair,1
0120172_neurosketch,33,furniture,table,270,93,0,138002.15,4,26,chair,0
0120172_neurosketch,33,furniture,chair,271,94,0,141002.38,4,34,chair,1
0120172_neurosketch,33,furniture,chair,271,95,0,141002.38,4,34,chair,0
0120172_neurosketch,33,furniture,chair,271,96,0,141002.38,4,34,chair,0
0120172_neurosketch,33,furniture,bench,272,97,1,145502.75,4,38,bench,1
0120172_neurosketch,33,furniture,bench,272,98,1,145502.75,4,38,bench,0
0120172_neurosketch,33,furniture,bench,272,99,1,145502.75,4,38,bench,0
0120172_neurosketch,33,furniture,chair,273,100,0,150002.85,4,28,chair,1
0120172_neurosketch,33,furniture,chair,273,101,0,150002.85,4,28,chair,0
0120172_neurosketch,33,furniture,table,274,102,0,153002.11,4,31,table,1
0120172_neurosketch,33,furniture,table,274,103,0,153002.11,4,31,table,0
0120172_neurosketch,33,furniture,table,274,104,0,153002.11,4,31,table,0
0120172_neurosketch,33,furniture,bed,275,105,1,157502.91,4,10,bed,1
0120172_neurosketch,33,furniture,bed,275,106,1,157502.91,4,10,bed,0
0120172_neurosketch,33,furniture,bed,275,107,1,157502.91,4,10,bed,0
0120172_neurosketch,33,furniture,bench,276,108,1,162002.62,4,33,bench,1
0120172_neurosketch,33,furniture,bench,276,109,1,162002.62,4,33,bench,0
0120172_neurosketch,33,furniture,bench,276,110,1,162002.62,4,33,bench,0
0120172_neurosketch,33,furniture,chair,277,111,0,166502.16,4,11,chair,1
0120172_neurosketch,33,furniture,chair,277,112,0,166502.16,4,11,chair,0
0120172_neurosketch,33,furniture,chair,277,113,0,166502.16,4,11,chair,0
0120172_neurosketch,33,furniture,bed,278,114,1,171001.95,4,38,bed,1
0120172_neurosketch,33,furniture,bed,278,115,1,171001.95,4,38,bed,0
0120172_neurosketch,33,furniture,bed,278,116,1,171001.95,4,38,bed,0
0120172_neurosketch,33,furniture,bed,278,117,1,171001.95,4,38,bed,0
0120172_neurosketch,33,2,table,279,118,0,177002.71,4,38,chair,1
0120172_neurosketch,33,2,table,279,119,0,177002.71,4,38,chair,0
0120172_neurosketch,33,furniture,bench,280,120,1,180002.71,4,5,bench,1
0120172_neurosketch,33,furniture,bench,280,121,1,180002.71,4,5,bench,0
0120172_neurosketch,33,furniture,bench,280,122,1,180002.71,4,5,bench,0
0120172_neurosketch,33,furniture,table,281,123,0,184502.33,4,3,table,1
0120172_neurosketch,33,furniture,table,281,124,0,184502.33,4,3,table,0
0120172_neurosketch,33,furniture,table,281,125,0,184502.33,4,3,table,0
0120172_neurosketch,33,furniture,bed,282,126,1,189002.39,4,13,bed,1
0120172_neurosketch,33,furniture,bed,282,127,1,189002.39,4,13,bed,0
0120172_neurosketch,33,furniture,chair,283,128,0,192002.88,4,6,chair,1
0120172_neurosketch,33,furniture,chair,283,129,0,192002.88,4,6,chair,0
0120172_neurosketch,33,furniture,chair,283,130,0,192002.88,4,6,chair,0
0120172_neurosketch,33,furniture,chair,284,131,0,196502.62,4,8,chair,1
0120172_neurosketch,33,furniture,chair,284,132,0,196502.62,4,8,chair,0
0120172_neurosketch,33,furniture,chair,284,133,0,196502.62,4,8,chair,0
0120172_neurosketch,33,furniture,chair,284,134,0,196502.62,4,8,chair,0
0120172_neurosketch,33,furniture,bed,285,135,1,202502.17,4,25,bed,1
0120172_neurosketch,33,furniture,bed,285,136,1,202502.17,4,25,bed,0
0120172_neurosketch,33,furniture,bed,285,137,1,202502.17,4,25,bed,0
0120172_neurosketch,33,furniture,bench,286,138,1,207003.93,4,14,bench,1
0120172_neurosketch,33,furniture,bench,286,139,1,207003.93,4,14,bench,0
0120172_neurosketch,33,furniture,bench,286,140,1,207003.93,4,14,bench,0
0120172_neurosketch,33,furniture,table,287,141,0,211502.11,4,19,table,1
0120172_neurosketch,33,furniture,table,287,142,0,211502.11,4,19,table,0
0120172_neurosketch,33,furniture,table,287,143,0,211502.11,4,19,table,0
0120172_neurosketch,33,furniture,chair,288,144,0,216003.09,4,18,chair,1
0120172_neurosketch,33,furniture,chair,288,145,0,216003.09,4,18,chair,0
0120172_neurosketch,33,2,table,289,146,0,219001.45,4,33,table,1
0120172_neurosketch,33,2,table,289,147,0,219001.45,4,33,table,0
0120172_neurosketch,33,furniture,bench,290,148,1,222002.68,4,22,bench,1
0120172_neurosketch,33,furniture,bench,290,149,1,222002.68,4,22,bench,0
0120172_neurosketch,33,furniture,bench,290,150,1,222002.68,4,22,bench,0
0120172_neurosketch,33,furniture,bench,290,151,1,222002.68,4,22,bench,0
0120172_neurosketch,33,furniture,bed,291,152,1,228002.48,4,24,bed,1
0120172_neurosketch,33,furniture,bed,291,153,1,228002.48,4,24,bed,0
0120172_neurosketch,33,furniture,bed,291,154,1,228002.48,4,24,bed,0
0120172_neurosketch,33,furniture,bed,291,155,1,228002.48,4,24,bed,0
0120172_neurosketch,33,furniture,bench,292,156,1,234002.83,4,4,bench,1
0120172_neurosketch,33,furniture,bench,292,157,1,234002.83,4,4,bench,0
0120172_neurosketch,33,furniture,bench,292,158,1,234002.83,4,4,bench,0
0120172_neurosketch,33,furniture,bench,292,159,1,234002.83,4,4,bench,0
0120172_neurosketch,33,furniture,bed,293,160,1,240002.25,4,4,bed,1
0120172_neurosketch,33,furniture,bed,293,161,1,240002.25,4,4,bed,0
0120172_neurosketch,33,furniture,chair,294,162,0,243002.74,4,2,chair,1
0120172_neurosketch,33,furniture,chair,294,163,0,243002.74,4,2,chair,0
0120172_neurosketch,33,furniture,table,295,164,0,246002.93,4,20,table,1
0120172_neurosketch,33,furniture,table,295,165,0,246002.93,4,20,table,0
0120172_neurosketch,33,furniture,table,296,166,0,249002.11,4,30,table,1
0120172_neurosketch,33,furniture,table,296,167,0,249002.11,4,30,table,0
0120172_neurosketch,33,furniture,chair,297,168,0,252002.31,4,0,chair,1
0120172_neurosketch,33,furniture,chair,297,169,0,252002.31,4,0,chair,0
0120172_neurosketch,33,furniture,chair,297,170,0,252002.31,4,0,chair,0
0120172_neurosketch,33,furniture,bench,298,171,1,256502.58,4,27,bench,1
0120172_neurosketch,33,furniture,bench,298,172,1,256502.58,4,27,bench,0
0120172_neurosketch,33,furniture,bench,298,173,1,256502.58,4,27,bench,0
0120172_neurosketch,33,2,bed,299,174,1,261003.0,4,35,bed,1
0120172_neurosketch,33,2,bed,299,175,1,261003.0,4,35,bed,0
0120172_neurosketch,33,furniture,bed,300,176,1,264003.05,4,8,bed,1
0120172_neurosketch,33,furniture,bed,300,177,1,264003.05,4,8,bed,0
0120172_neurosketch,33,furniture,bench,301,178,1,267002.29,4,18,bench,1
0120172_neurosketch,33,furniture,bench,301,179,1,267002.29,4,18,bench,0
0120172_neurosketch,33,furniture,table,302,180,0,270002.81,4,27,table,1
0120172_neurosketch,33,furniture,table,302,181,0,270002.81,4,27,table,0
0120172_neurosketch,33,furniture,chair,303,182,0,273003.12,4,25,chair,1
0120172_neurosketch,33,furniture,chair,303,183,0,273003.12,4,25,chair,0
0120172_neurosketch,33,furniture,chair,303,184,0,273003.12,4,25,chair,0
0120172_neurosketch,33,furniture,chair,303,185,0,273003.12,4,25,chair,0
0120172_neurosketch,33,furniture,chair,304,186,0,279004.01,4,33,chair,1
0120172_neurosketch,33,furniture,chair,304,187,0,279004.01,4,33,chair,0
0120172_neurosketch,33,furniture,chair,304,188,0,279004.01,4,33,chair,0
0120172_neurosketch,33,furniture,chair,304,189,0,279004.01,4,33,chair,0
0120172_neurosketch,33,furniture,bed,305,190,1,285002.02,4,34,bed,1
0120172_neurosketch,33,furniture,bed,305,191,1,285002.02,4,34,bed,0
0120172_neurosketch,33,furniture,bed,305,192,1,285002.02,4,34,bed,0
0120172_neurosketch,33,furniture,bed,305,193,1,285002.02,4,34,bed,0
0120172_neurosketch,33,furniture,table,306,194,0,291002.64,4,21,table,1
0120172_neurosketch,33,furniture,table,306,195,0,291002.64,4,21,table,0
0120172_neurosketch,33,furniture,bench,307,196,1,294001.77,4,23,bench,1
0120172_neurosketch,33,furniture,bench,307,197,1,294001.77,4,23,bench,0
0120172_neurosketch,33,furniture,bench,307,198,1,294001.77,4,23,bench,0
0120172_neurosketch,33,furniture,bench,308,199,1,298503.25,4,11,bench,1
0120172_neurosketch,33,furniture,bench,308,200,1,298503.25,4,11,bench,0
0120172_neurosketch,33,furniture,bench,308,201,1,298503.25,4,11,bench,0
0120172_neurosketch,33,2,chair,309,202,0,303001.47,4,7,chair,1
0120172_neurosketch,33,2,chair,309,203,0,303001.47,4,7,chair,0
0120172_neurosketch,33,furniture,table,310,204,0,306003.02,4,36,table,1
0120172_neurosketch,33,furniture,table,310,205,0,306003.02,4,36,table,0
0120172_neurosketch,33,furniture,bed,311,206,1,309002.58,4,9,bench,1
0120172_neurosketch,33,furniture,bed,311,207,1,309002.58,4,9,bench,0
0120172_neurosketch,33,furniture,bed,311,208,1,309002.58,4,9,bench,0
0120172_neurosketch,33,furniture,chair,312,209,0,313502.96,4,30,chair,1
0120172_neurosketch,33,furniture,chair,312,210,0,313502.96,4,30,chair,0
0120172_neurosketch,33,furniture,chair,312,211,0,313502.96,4,30,chair,0
0120172_neurosketch,33,furniture,bed,313,212,1,318002.68,4,12,bed,1
0120172_neurosketch,33,furniture,bed,313,213,1,318002.68,4,12,bed,0
0120172_neurosketch,33,furniture,table,314,214,0,321001.76,4,24,table,1
0120172_neurosketch,33,furniture,table,314,215,0,321001.76,4,24,table,0
0120172_neurosketch,33,furniture,table,314,216,0,321001.76,4,24,table,0
0120172_neurosketch,33,furniture,bench,315,217,1,325502.64,4,32,bench,1
0120172_neurosketch,33,furniture,bench,315,218,1,325502.64,4,32,bench,0
0120172_neurosketch,33,furniture,bench,315,219,1,325502.64,4,32,bench,0
0120172_neurosketch,33,furniture,table,316,220,0,330001.81,4,11,table,1
0120172_neurosketch,33,furniture,table,316,221,0,330001.81,4,11,table,0
0120172_neurosketch,33,furniture,table,316,222,0,330001.81,4,11,table,0
0120172_neurosketch,33,furniture,bed,317,223,1,334502.29,4,17,bed,1
0120172_neurosketch,33,furniture,bed,317,224,1,334502.29,4,17,bed,0
0120172_neurosketch,33,furniture,bed,317,225,1,334502.29,4,17,bed,0
0120172_neurosketch,33,furniture,bench,318,226,1,339001.58,4,37,bench,1
0120172_neurosketch,33,furniture,bench,318,227,1,339001.58,4,37,bench,0
0120172_neurosketch,33,furniture,bench,318,228,1,339001.58,4,37,bench,0
0120172_neurosketch,33,furniture,bench,318,229,1,339001.58,4,37,bench,0
0120172_neurosketch,33,2,chair,319,230,0,345002.68,4,17,chair,1
0120172_neurosketch,33,2,chair,319,231,0,345002.68,4,17,chair,0
0120172_neurosketch,33,2,chair,319,232,0,345002.68,4,17,chair,0
0120172_neurosketch,33,2,chair,319,233,0,345002.68,4,17,chair,0
0120172_neurosketch,33,2,chair,319,234,0,345002.68,4,17,chair,0
0120172_neurosketch,33,2,chair,319,235,0,345002.68,4,17,chair,0
0120172_neurosketch,33,2,chair,319,236,0,345002.68,4,17,chair,0
0120172_neurosketch,33,2,chair,319,237,0,345002.68,4,17,chair,0
0120172_neurosketch,33,2,chair,319,238,0,345002.68,4,17,chair,0
0120172_neurosketch,33,2,chair,319,239,0,345002.68,4,17,chair,0
0120172_neurosketch,33,furniture,chair,360,0,-1,0.0,9,17,,0
0120172_neurosketch,33,furniture,chair,360,1,-1,0.0,9,17,,0
0120172_neurosketch,33,furniture,chair,360,2,-1,0.0,9,17,,0
0120172_neurosketch,33,furniture,chair,360,3,-1,0.0,9,17,,0
0120172_neurosketch,33,furniture,chair,360,4,-1,0.0,9,17,,0
0120172_neurosketch,33,furniture,chair,360,5,-1,0.0,9,17,,0
0120172_neurosketch,33,furniture,chair,360,6,-1,0.0,9,17,,0
0120172_neurosketch,33,furniture,chair,360,7,-1,0.0,9,17,,0
0120172_neurosketch,33,furniture,chair,360,8,0,12002.92,9,17,,1
0120172_neurosketch,33,furniture,chair,360,9,0,12002.92,9,17,,0
0120172_neurosketch,33,furniture,chair,360,10,0,12002.92,9,17,,0
0120172_neurosketch,33,furniture,bench,361,11,1,16502.03,9,37,bench,1
0120172_neurosketch,33,furniture,bench,361,12,1,16502.03,9,37,bench,0
0120172_neurosketch,33,furniture,bench,361,13,1,16502.03,9,37,bench,0
0120172_neurosketch,33,furniture,bed,362,14,1,21002.33,9,17,bed,1
0120172_neurosketch,33,furniture,bed,362,15,1,21002.33,9,17,bed,0
0120172_neurosketch,33,furniture,table,363,16,0,24001.18,9,11,table,1
0120172_neurosketch,33,furniture,table,363,17,0,24001.18,9,11,table,0
0120172_neurosketch,33,furniture,table,363,18,0,24001.18,9,11,table,0
0120172_neurosketch,33,furniture,bench,364,19,1,28504.25,9,32,bench,1
0120172_neurosketch,33,furniture,bench,364,20,1,28504.25,9,32,bench,0
0120172_neurosketch,33,furniture,bench,364,21,1,28504.25,9,32,bench,0
0120172_neurosketch,33,furniture,bench,364,22,1,28504.25,9,32,bench,0
0120172_neurosketch,33,furniture,table,365,23,0,34502.12,9,24,table,1
0120172_neurosketch,33,furniture,table,365,24,0,34502.12,9,24,table,0
0120172_neurosketch,33,furniture,table,365,25,0,34502.12,9,24,table,0
0120172_neurosketch,33,furniture,bed,366,26,1,39001.96,9,12,bed,1
0120172_neurosketch,33,furniture,bed,366,27,1,39001.96,9,12,bed,0
0120172_neurosketch,33,furniture,bed,366,28,1,39001.96,9,12,bed,0
0120172_neurosketch,33,furniture,chair,367,29,0,43502.47,9,30,chair,1
0120172_neurosketch,33,furniture,chair,367,30,0,43502.47,9,30,chair,0
0120172_neurosketch,33,furniture,chair,367,31,0,43502.47,9,30,chair,0
0120172_neurosketch,33,furniture,bed,368,32,1,48001.71,9,9,bench,1
0120172_neurosketch,33,furniture,bed,368,33,1,48001.71,9,9,bench,0
0120172_neurosketch,33,2,table,369,34,0,51001.92,9,36,table,1
0120172_neurosketch,33,2,table,369,35,0,51001.92,9,36,table,0
0120172_neurosketch,33,furniture,chair,370,36,0,54001.93,9,7,chair,1
0120172_neurosketch,33,furniture,chair,370,37,0,54001.93,9,7,chair,0
0120172_neurosketch,33,furniture,chair,370,38,0,54001.93,9,7,chair,0
0120172_neurosketch,33,furniture,chair,370,39,0,54001.93,9,7,chair,0
0120172_neurosketch,33,furniture,bench,371,40,1,60002.17,9,11,bench,1
0120172_neurosketch,33,furniture,bench,371,41,1,60002.17,9,11,bench,0
0120172_neurosketch,33,furniture,bench,371,42,1,60002.17,9,11,bench,0
0120172_neurosketch,33,furniture,bench,371,43,1,60002.17,9,11,bench,0
0120172_neurosketch,33,furniture,bench,372,44,1,66002.5,9,23,bench,1
0120172_neurosketch,33,furniture,bench,372,45,1,66002.5,9,23,bench,0
0120172_neurosketch,33,furniture,bench,372,46,1,66002.5,9,23,bench,0
0120172_neurosketch,33,furniture,bench,372,47,1,66002.5,9,23,bench,0
0120172_neurosketch,33,furniture,table,373,48,0,72002.69,9,21,table,1
0120172_neurosketch,33,furniture,table,373,49,0,72002.69,9,21,table,0
0120172_neurosketch,33,furniture,bed,374,50,1,75002.19,9,34,bed,1
0120172_neurosketch,33,furniture,bed,374,51,1,75002.19,9,34,bed,0
0120172_neurosketch,33,furniture,chair,375,52,0,78002.04,9,33,chair,1
0120172_neurosketch,33,furniture,chair,375,53,0,78002.04,9,33,chair,0
0120172_neurosketch,33,furniture,chair,376,54,0,81002.02,9,25,chair,1
0120172_neurosketch,33,furniture,chair,376,55,0,81002.02,9,25,chair,0
0120172_neurosketch,33,furniture,table,377,56,0,84002.7,9,27,table,1
0120172_neurosketch,33,furniture,table,377,57,0,84002.7,9,27,table,0
0120172_neurosketch,33,furniture,table,377,58,0,84002.7,9,27,table,0
0120172_neurosketch,33,furniture,bench,378,59,1,88502.51,9,18,bench,1
0120172_neurosketch,33,furniture,bench,378,60,1,88502.51,9,18,bench,0
0120172_neurosketch,33,furniture,bench,378,61,1,88502.51,9,18,bench,0
0120172_neurosketch,33,2,bed,379,62,1,93003.01,9,8,bed,1
0120172_neurosketch,33,2,bed,379,63,1,93003.01,9,8,bed,0
0120172_neurosketch,33,furniture,bed,380,64,1,96002.4,9,35,bed,1
0120172_neurosketch,33,furniture,bed,380,65,1,96002.4,9,35,bed,0
0120172_neurosketch,33,furniture,bench,381,66,1,99002.66,9,27,bench,1
0120172_neurosketch,33,furniture,bench,381,67,1,99002.66,9,27,bench,0
0120172_neurosketch,33,furniture,chair,382,68,0,102004.46,9,0,chair,1
0120172_neurosketch,33,furniture,chair,382,69,0,102004.46,9,0,chair,0
0120172_neurosketch,33,furniture,table,383,70,0,105002.11,9,30,table,1
0120172_neurosketch,33,furniture,table,383,71,0,105002.11,9,30,table,0
0120172_neurosketch,33,furniture,table,383,72,0,105002.11,9,30,table,0
0120172_neurosketch,33,furniture,table,383,73,0,105002.11,9,30,table,0
0120172_neurosketch,33,furniture,table,384,74,0,111002.45,9,20,table,1
0120172_neurosketch,33,furniture,table,384,75,0,111002.45,9,20,table,0
0120172_neurosketch,33,furniture,table,384,76,0,111002.45,9,20,table,0
0120172_neurosketch,33,furniture,table,384,77,0,111002.45,9,20,table,0
0120172_neurosketch,33,furniture,chair,385,78,0,117003.94,9,2,chair,1
0120172_neurosketch,33,furniture,chair,385,79,0,117003.94,9,2,chair,0
0120172_neurosketch,33,furniture,chair,385,80,0,117003.94,9,2,chair,0
0120172_neurosketch,33,furniture,chair,385,81,0,117003.94,9,2,chair,0
0120172_neurosketch,33,furniture,bed,386,82,1,123003.01,9,4,bed,1
0120172_neurosketch,33,furniture,bed,386,83,1,123003.01,9,4,bed,0
0120172_neurosketch,33,furniture,bench,387,84,1,126002.48,9,4,bench,1
0120172_neurosketch,33,furniture,bench,387,85,1,126002.48,9,4,bench,0
0120172_neurosketch,33,furniture,bench,387,86,1,126002.48,9,4,bench,0
0120172_neurosketch,33,furniture,bed,388,87,1,130502.55,9,24,bed,1
0120172_neurosketch,33,furniture,bed,388,88,1,130502.55,9,24,bed,0
0120172_neurosketch,33,furniture,bed,388,89,1,130502.55,9,24,bed,0
0120172_neurosketch,33,2,bench,389,90,1,135002.98,9,22,bench,1
0120172_neurosketch,33,2,bench,389,91,1,135002.98,9,22,bench,0
0120172_neurosketch,33,furniture,table,390,92,0,138002.87,9,33,table,1
0120172_neurosketch,33,furniture,table,390,93,0,138002.87,9,33,table,0
0120172_neurosketch,33,furniture,chair,391,94,0,141002.37,9,18,chair,1
0120172_neurosketch,33,furniture,chair,391,95,0,141002.37,9,18,chair,0
0120172_neurosketch,33,furniture,chair,391,96,0,141002.37,9,18,chair,0
0120172_neurosketch,33,furniture,table,392,97,0,145501.8,9,19,table,1
0120172_neurosketch,33,furniture,table,392,98,0,145501.8,9,19,table,0
0120172_neurosketch,33,furniture,table,392,99,0,145501.8,9,19,table,0
0120172_neurosketch,33,furniture,bench,393,100,1,150001.72,9,14,bench,1
0120172_neurosketch,33,furniture,bench,393,101,1,150001.72,9,14,bench,0
0120172_neurosketch,33,furniture,bed,394,102,1,153003.04,9,25,bed,1
0120172_neurosketch,33,furniture,bed,394,103,1,153003.04,9,25,bed,0
0120172_neurosketch,33,furniture,bed,394,104,1,153003.04,9,25,bed,0
0120172_neurosketch,33,furniture,chair,395,105,0,157502.63,9,8,chair,1
0120172_neurosketch,33,furniture,chair,395,106,0,157502.63,9,8,chair,0
0120172_neurosketch,33,furniture,chair,395,107,0,157502.63,9,8,chair,0
0120172_neurosketch,33,furniture,chair,396,108,0,162002.9,9,6,chair,1
0120172_neurosketch,33,furniture,chair,396,109,0,162002.9,9,6,chair,0
0120172_neurosketch,33,furniture,chair,396,110,0,162002.9,9,6,chair,0
0120172_neurosketch,33,furniture,bed,397,111,1,166503.3,9,13,bed,1
0120172_neurosketch,33,furniture,bed,397,112,1,166503.3,9,13,bed,0
0120172_neurosketch,33,furniture,bed,397,113,1,166503.3,9,13,bed,0
0120172_neurosketch,33,furniture,table,398,114,0,171002.83,9,3,table,1
0120172_neurosketch,33,furniture,table,398,115,0,171002.83,9,3,table,0
0120172_neurosketch,33,furniture,table,398,116,0,171002.83,9,3,table,0
0120172_neurosketch,33,furniture,table,398,117,0,171002.83,9,3,table,0
0120172_neurosketch,33,2,bench,399,118,1,177002.58,9,5,bench,1
0120172_neurosketch,33,2,bench,399,119,1,177002.58,9,5,bench,0
0120172_neurosketch,33,furniture,table,400,120,0,180002.76,9,38,table,1
0120172_neurosketch,33,furniture,table,400,121,0,180002.76,9,38,table,0
0120172_neurosketch,33,furniture,table,400,122,0,180002.76,9,38,table,0
0120172_neurosketch,33,furniture,bed,401,123,1,184503.08,9,38,bed,1
0120172_neurosketch,33,furniture,bed,401,124,1,184503.08,9,38,bed,0
0120172_neurosketch,33,furniture,bed,401,125,1,184503.08,9,38,bed,0
0120172_neurosketch,33,furniture,chair,402,126,0,189005.94,9,11,chair,1
0120172_neurosketch,33,furniture,chair,402,127,0,189005.94,9,11,chair,0
0120172_neurosketch,33,furniture,bench,403,128,1,192003.32,9,33,bench,1
0120172_neurosketch,33,furniture,bench,403,129,1,192003.32,9,33,bench,0
0120172_neurosketch,33,furniture,bench,403,130,1,192003.32,9,33,bench,0
0120172_neurosketch,33,furniture,bed,404,131,1,196502.11,9,10,bench,1
0120172_neurosketch,33,furniture,bed,404,132,1,196502.11,9,10,bench,0
0120172_neurosketch,33,furniture,bed,404,133,1,196502.11,9,10,bench,0
0120172_neurosketch,33,furniture,bed,404,134,1,196502.11,9,10,bench,0
0120172_neurosketch,33,furniture,table,405,135,0,202503.11,9,31,table,1
0120172_neurosketch,33,furniture,table,405,136,0,202503.11,9,31,table,0
0120172_neurosketch,33,furniture,table,405,137,0,202503.11,9,31,table,0
0120172_neurosketch,33,furniture,chair,406,138,0,207003.22,9,28,chair,1
0120172_neurosketch,33,furniture,chair,406,139,0,207003.22,9,28,chair,0
0120172_neurosketch,33,furniture,chair,406,140,0,207003.22,9,28,chair,0
0120172_neurosketch,33,furniture,bench,407,141,1,211501.8,9,38,bench,1
0120172_neurosketch,33,furniture,bench,407,142,1,211501.8,9,38,bench,0
0120172_neurosketch,33,furniture,bench,407,143,1,211501.8,9,38,bench,0
0120172_neurosketch,33,furniture,chair,408,144,0,216002.33,9,34,chair,1
0120172_neurosketch,33,furniture,chair,408,145,0,216002.33,9,34,chair,0
0120172_neurosketch,33,2,table,409,146,0,219002.97,9,26,table,1
0120172_neurosketch,33,2,table,409,147,0,219002.97,9,26,table,0
0120172_neurosketch,33,furniture,bed,410,148,1,222002.96,9,5,bed,1
0120172_neurosketch,33,furniture,bed,410,149,1,222002.96,9,5,bed,0
0120172_neurosketch,33,furniture,bed,410,150,1,222002.96,9,5,bed,0
0120172_neurosketch,33,furniture,bed,410,151,1,222002.96,9,5,bed,0
0120172_neurosketch,33,furniture,bench,411,152,1,228002.52,9,36,bench,1
0120172_neurosketch,33,furniture,bench,411,153,1,228002.52,9,36,bench,0
0120172_neurosketch,33,furniture,bench,411,154,1,228002.52,9,36,bench,0
0120172_neurosketch,33,furniture,bench,411,155,1,228002.52,9,36,bench,0
0120172_neurosketch,33,furniture,bench,412,156,1,234001.29,9,3,bench,1
0120172_neurosketch,33,furniture,bench,412,157,1,234001.29,9,3,bench,0
0120172_neurosketch,33,furniture,bench,412,158,1,234001.29,9,3,bench,0
0120172_neurosketch,33,furniture,bench,412,159,1,234001.29,9,3,bench,0
0120172_neurosketch,33,furniture,chair,413,160,0,240002.88,9,4,chair,1
0120172_neurosketch,33,furniture,chair,413,161,0,240002.88,9,4,chair,0
0120172_neurosketch,33,furniture,bed,414,162,1,243001.85,9,29,bed,1
0120172_neurosketch,33,furniture,bed,414,163,1,243001.85,9,29,bed,0
0120172_neurosketch,33,furniture,table,415,164,0,246002.81,9,18,table,1
0120172_neurosketch,33,furniture,table,415,165,0,246002.81,9,18,table,0
0120172_neurosketch,33,furniture,table,416,166,0,249002.24,9,2,table,1
0120172_neurosketch,33,furniture,table,416,167,0,249002.24,9,2,table,0
0120172_neurosketch,33,furniture,chair,417,168,0,252002.22,9,3,chair,1
0120172_neurosketch,33,furniture,chair,417,169,0,252002.22,9,3,chair,0
0120172_neurosketch,33,furniture,chair,417,170,0,252002.22,9,3,chair,0
0120172_neurosketch,33,furniture,bed,418,171,1,256502.2,9,28,bed,1
0120172_neurosketch,33,furniture,bed,418,172,1,256502.2,9,28,bed,0
0120172_neurosketch,33,furniture,bed,418,173,1,256502.2,9,28,bed,0
0120172_neurosketch,33,2,bench,419,174,1,261002.14,9,7,bench,1
0120172_neurosketch,33,2,bench,419,175,1,261002.14,9,7,bench,0
0120172_neurosketch,33,furniture,chair,420,176,0,264002.76,9,27,chair,1
0120172_neurosketch,33,furniture,chair,420,177,0,264002.76,9,27,chair,0
0120172_neurosketch,33,furniture,table,421,178,0,267002.67,9,13,table,1
0120172_neurosketch,33,furniture,table,421,179,0,267002.67,9,13,table,0
0120172_neurosketch,33,furniture,bed,422,180,1,270001.88,9,31,bed,1
0120172_neurosketch,33,furniture,bed,422,181,1,270001.88,9,31,bed,0
0120172_neurosketch,33,furniture,bench,423,182,1,273003.13,9,20,bench,1
0120172_neurosketch,33,furniture,bench,423,183,1,273003.13,9,20,bench,0
0120172_neurosketch,33,furniture,bench,423,184,1,273003.13,9,20,bench,0
0120172_neurosketch,33,furniture,bench,423,185,1,273003.13,9,20,bench,0
0120172_neurosketch,33,furniture,bench,424,186,1,279001.62,9,1,bench,1
0120172_neurosketch,33,furniture,bench,424,187,1,279001.62,9,1,bench,0
0120172_neurosketch,33,furniture,bench,424,188,1,279001.62,9,1,bench,0
0120172_neurosketch,33,furniture,bench,424,189,1,279001.62,9,1,bench,0
0120172_neurosketch,33,furniture,chair,425,190,0,285002.46,9,12,chair,1
0120172_neurosketch,33,furniture,chair,425,191,0,285002.46,9,12,chair,0
0120172_neurosketch,33,furniture,chair,425,192,0,285002.46,9,12,chair,0
0120172_neurosketch,33,furniture,chair,425,193,0,285002.46,9,12,chair,0
0120172_neurosketch,33,furniture,bed,426,194,1,291003.92,9,2,bed,1
0120172_neurosketch,33,furniture,bed,426,195,1,291003.92,9,2,bed,0
0120172_neurosketch,33,furniture,table,427,196,0,294002.29,9,25,table,1
0120172_neurosketch,33,furniture,table,427,197,0,294002.29,9,25,table,0
0120172_neurosketch,33,furniture,table,427,198,0,294002.29,9,25,table,0
0120172_neurosketch,33,furniture,chair,428,199,0,298502.59,9,26,chair,1
0120172_neurosketch,33,furniture,chair,428,200,0,298502.59,9,26,chair,0
0120172_neurosketch,33,furniture,chair,428,201,0,298502.59,9,26,chair,0
0120172_neurosketch,33,2,table,429,202,0,303004.5,9,22,table,1
0120172_neurosketch,33,2,table,429,203,0,303004.5,9,22,table,0
0120172_neurosketch,33,furniture,bench,430,204,1,306002.63,9,13,bench,1
0120172_neurosketch,33,furniture,bench,430,205,1,306002.63,9,13,bench,0
0120172_neurosketch,33,furniture,bed,431,206,1,309002.56,9,22,bench,1
0120172_neurosketch,33,furniture,bed,431,207,1,309002.56,9,22,bench,0
0120172_neurosketch,33,furniture,bed,431,208,1,309002.56,9,22,bench,0
0120172_neurosketch,33,furniture,table,432,209,0,313503.78,9,1,table,1
0120172_neurosketch,33,furniture,table,432,210,0,313503.78,9,1,table,0
0120172_neurosketch,33,furniture,table,432,211,0,313503.78,9,1,table,0
0120172_neurosketch,33,furniture,bench,433,212,1,318002.73,9,8,bench,1
0120172_neurosketch,33,furniture,bench,433,213,1,318002.73,9,8,bench,0
0120172_neurosketch,33,furniture,bed,434,214,1,321002.95,9,1,bed,1
0120172_neurosketch,33,furniture,bed,434,215,1,321002.95,9,1,bed,0
0120172_neurosketch,33,furniture,bed,434,216,1,321002.95,9,1,bed,0
0120172_neurosketch,33,furniture,chair,435,217,0,325501.83,9,9,chair,1
0120172_neurosketch,33,furniture,chair,435,218,0,325501.83,9,9,chair,0
0120172_neurosketch,33,furniture,chair,435,219,0,325501.83,9,9,chair,0
0120172_neurosketch,33,furniture,bed,436,220,1,330002.22,9,0,bed,1
0120172_neurosketch,33,furniture,bed,436,221,1,330002.22,9,0,bed,0
0120172_neurosketch,33,furniture,bed,436,222,1,330002.22,9,0,bed,0
0120172_neurosketch,33,furniture,bench,437,223,1,334502.93,9,12,bench,1
0120172_neurosketch,33,furniture,bench,437,224,1,334502.93,9,12,bench,0
0120172_neurosketch,33,furniture,bench,437,225,1,334502.93,9,12,bench,0
0120172_neurosketch,33,furniture,table,438,226,0,339002.08,9,0,table,1
0120172_neurosketch,33,furniture,table,438,227,0,339002.08,9,0,table,0
0120172_neurosketch,33,furniture,table,438,228,0,339002.08,9,0,table,0
0120172_neurosketch,33,furniture,table,438,229,0,339002.08,9,0,table,0
0120172_neurosketch,33,2,chair,439,230,0,345002.08,9,10,chair,1
0120172_neurosketch,33,2,chair,439,231,0,345002.08,9,10,chair,0
0120172_neurosketch,33,2,chair,439,232,0,345002.08,9,10,chair,0
0120172_neurosketch,33,2,chair,439,233,0,345002.08,9,10,chair,0
0120172_neurosketch,33,2,chair,439,234,0,345002.08,9,10,chair,0
0120172_neurosketch,33,2,chair,439,235,0,345002.08,9,10,chair,0
0120172_neurosketch,33,2,chair,439,236,0,345002.08,9,10,chair,0
0120172_neurosketch,33,2,chair,439,237,0,345002.08,9,10,chair,0
0120172_neurosketch,33,2,chair,439,238,0,345002.08,9,10,chair,0
0120172_neurosketch,33,2,chair,439,239,0,345002.08,9,10,chair,0
0120172_neurosketch,33,furniture,bench,440,0,-1,0.0,10,6,bench,0
0120172_neurosketch,33,furniture,bench,440,1,-1,0.0,10,6,bench,0
0120172_neurosketch,33,furniture,bench,440,2,-1,0.0,10,6,bench,0
0120172_neurosketch,33,furniture,bench,440,3,-1,0.0,10,6,bench,0
0120172_neurosketch,33,furniture,bench,440,4,-1,0.0,10,6,bench,0
0120172_neurosketch,33,furniture,bench,440,5,-1,0.0,10,6,bench,0
0120172_neurosketch,33,furniture,bench,440,6,-1,0.0,10,6,bench,0
0120172_neurosketch,33,furniture,bench,440,7,-1,0.0,10,6,bench,0
0120172_neurosketch,33,furniture,bench,440,8,1,12002.07,10,6,bench,1
0120172_neurosketch,33,furniture,bench,440,9,1,12002.07,10,6,bench,0
0120172_neurosketch,33,furniture,bench,440,10,1,12002.07,10,6,bench,0
0120172_neurosketch,33,furniture,bed,441,11,1,16502.36,10,3,bed,1
0120172_neurosketch,33,furniture,bed,441,12,1,16502.36,10,3,bed,0
0120172_neurosketch,33,furniture,bed,441,13,1,16502.36,10,3,bed,0
0120172_neurosketch,33,furniture,chair,442,14,0,21001.41,10,1,chair,1
0120172_neurosketch,33,furniture,chair,442,15,0,21001.41,10,1,chair,0
0120172_neurosketch,33,furniture,table,443,16,0,24001.48,10,15,table,1
0120172_neurosketch,33,furniture,table,443,17,0,24001.48,10,15,table,0
0120172_neurosketch,33,furniture,table,443,18,0,24001.48,10,15,table,0
0120172_neurosketch,33,furniture,bed,444,19,1,28502.33,10,30,bed,1
0120172_neurosketch,33,furniture,bed,444,20,1,28502.33,10,30,bed,0
0120172_neurosketch,33,furniture,bed,444,21,1,28502.33,10,30,bed,0
0120172_neurosketch,33,furniture,bed,444,22,1,28502.33,10,30,bed,0
0120172_neurosketch,33,furniture,chair,445,23,0,34502.21,10,22,chair,1
0120172_neurosketch,33,furniture,chair,445,24,0,34502.21,10,22,chair,0
0120172_neurosketch,33,furniture,chair,445,25,0,34502.21,10,22,chair,0
0120172_neurosketch,33,furniture,bench,446,26,1,39001.66,10,30,bench,1
0120172_neurosketch,33,furniture,bench,446,27,1,39001.66,10,30,bench,0
0120172_neurosketch,33,furniture,bench,446,28,1,39001.66,10,30,bench,0
0120172_neurosketch,33,furniture,table,447,29,0,43502.43,10,6,table,1
0120172_neurosketch,33,furniture,table,447,30,0,43502.43,10,6,table,0
0120172_neurosketch,33,furniture,table,447,31,0,43502.43,10,6,table,0
0120172_neurosketch,33,furniture,chair,448,32,0,48001.89,10,15,chair,1
0120172_neurosketch,33,furniture,chair,448,33,0,48001.89,10,15,chair,0
0120172_neurosketch,33,2,bench,449,34,1,51002.27,10,0,bench,1
0120172_neurosketch,33,2,bench,449,35,1,51002.27,10,0,bench,0
0120172_neurosketch,33,furniture,bed,450,36,1,54001.94,10,23,bed,1
0120172_neurosketch,33,furniture,bed,450,37,1,54001.94,10,23,bed,0
0120172_neurosketch,33,furniture,bed,450,38,1,54001.94,10,23,bed,0
0120172_neurosketch,33,furniture,bed,450,39,1,54001.94,10,23,bed,0
0120172_neurosketch,33,furniture,table,451,40,0,60002.21,10,17,table,1
0120172_neurosketch,33,furniture,table,451,41,0,60002.21,10,17,table,0
0120172_neurosketch,33,furniture,table,451,42,0,60002.21,10,17,table,0
0120172_neurosketch,33,furniture,table,451,43,0,60002.21,10,17,table,0
0120172_neurosketch,33,furniture,bed,452,44,1,66001.93,10,27,bed,1
0120172_neurosketch,33,furniture,bed,452,45,1,66001.93,10,27,bed,0
0120172_neurosketch,33,furniture,bed,452,46,1,66001.93,10,27,bed,0
0120172_neurosketch,33,furniture,bed,452,47,1,66001.93,10,27,bed,0
0120172_neurosketch,33,furniture,bench,453,48,1,72001.51,10,19,bench,1
0120172_neurosketch,33,furniture,bench,453,49,1,72001.51,10,19,bench,0
0120172_neurosketch,33,furniture,chair,454,50,0,75002.65,10,39,chair,1
0120172_neurosketch,33,furniture,chair,454,51,0,75002.65,10,39,chair,0
0120172_neurosketch,33,furniture,table,455,52,0,78001.8,10,37,table,1
0120172_neurosketch,33,furniture,table,455,53,0,78001.8,10,37,table,0
0120172_neurosketch,33,furniture,table,456,54,0,81002.25,10,14,table,1
0120172_neurosketch,33,furniture,table,456,55,0,81002.25,10,14,table,0
0120172_neurosketch,33,furniture,bed,457,56,1,84002.73,10,33,bed,1
0120172_neurosketch,33,furniture,bed,457,57,1,84002.73,10,33,bed,0
0120172_neurosketch,33,furniture,bed,457,58,1,84002.73,10,33,bed,0
0120172_neurosketch,33,furniture,bench,458,59,1,88502.55,10,26,bench,1
0120172_neurosketch,33,furniture,bench,458,60,1,88502.55,10,26,bench,0
0120172_neurosketch,33,furniture,bench,458,61,1,88502.55,10,26,bench,0
0120172_neurosketch,33,2,chair,459,62,0,93002.98,10,16,chair,1
0120172_neurosketch,33,2,chair,459,63,0,93002.98,10,16,chair,0
0120172_neurosketch,33,furniture,bed,460,64,1,96002.53,10,39,bed,1
0120172_neurosketch,33,furniture,bed,460,65,1,96002.53,10,39,bed,0
0120172_neurosketch,33,furniture,table,461,66,0,99002.16,10,34,chair,1
0120172_neurosketch,33,furniture,table,461,67,0,99002.16,10,34,chair,0
0120172_neurosketch,33,furniture,chair,462,68,0,102001.94,10,36,chair,1
0120172_neurosketch,33,furniture,chair,462,69,0,102001.94,10,36,chair,0
0120172_neurosketch,33,furniture,bench,463,70,1,105002.95,10,29,bed,1
0120172_neurosketch,33,furniture,bench,463,71,1,105002.95,10,29,bed,0
0120172_neurosketch,33,furniture,bench,463,72,1,105002.95,10,29,bed,0
0120172_neurosketch,33,furniture,bench,463,73,1,105002.95,10,29,bed,0
0120172_neurosketch,33,furniture,table,464,74,0,111002.86,10,28,table,1
0120172_neurosketch,33,furniture,table,464,75,0,111002.86,10,28,table,0
0120172_neurosketch,33,furniture,table,464,76,0,111002.86,10,28,table,0
0120172_neurosketch,33,furniture,table,464,77,0,111002.86,10,28,table,0
0120172_neurosketch,33,furniture,bed,465,78,1,117002.71,10,21,bed,1
0120172_neurosketch,33,furniture,bed,465,79,1,117002.71,10,21,bed,0
0120172_neurosketch,33,furniture,bed,465,80,1,117002.71,10,21,bed,0
0120172_neurosketch,33,furniture,bed,465,81,1,117002.71,10,21,bed,0
0120172_neurosketch,33,furniture,chair,466,82,0,123002.02,10,14,chair,1
0120172_neurosketch,33,furniture,chair,466,83,0,123002.02,10,14,chair,0
0120172_neurosketch,33,furniture,bench,467,84,1,126002.79,10,35,bench,1
0120172_neurosketch,33,furniture,bench,467,85,1,126002.79,10,35,bench,0
0120172_neurosketch,33,furniture,bench,467,86,1,126002.79,10,35,bench,0
0120172_neurosketch,33,furniture,chair,468,87,0,130501.97,10,23,chair,1
0120172_neurosketch,33,furniture,chair,468,88,0,130501.97,10,23,chair,0
0120172_neurosketch,33,furniture,chair,468,89,0,130501.97,10,23,chair,0
0120172_neurosketch,33,2,table,469,90,0,135002.54,10,39,table,1
0120172_neurosketch,33,2,table,469,91,0,135002.54,10,39,table,0
0120172_neurosketch,33,furniture,bench,470,92,1,138002.72,10,2,bench,1
0120172_neurosketch,33,furniture,bench,470,93,1,138002.72,10,2,bench,0
0120172_neurosketch,33,furniture,bed,471,94,1,141003.91,10,11,bed,1
0120172_neurosketch,33,furniture,bed,471,95,1,141003.91,10,11,bed,0
0120172_neurosketch,33,furniture,bed,471,96,1,141003.91,10,11,bed,0
0120172_neurosketch,33,furniture,table,472,97,0,145503.39,10,35,table,1
0120172_neurosketch,33,furniture,table,472,98,0,145503.39,10,35,table,0
0120172_neurosketch,33,furniture,table,472,99,0,145503.39,10,35,table,0
0120172_neurosketch,33,furniture,bench,473,100,1,150002.19,10,39,bench,1
0120172_neurosketch,33,furniture,bench,473,101,1,150002.19,10,39,bench,0
0120172_neurosketch,33,furniture,bed,474,102,1,153002.55,10,16,bed,1
0120172_neurosketch,33,furniture,bed,474,103,1,153002.55,10,16,bed,0
0120172_neurosketch,33,furniture,bed,474,104,1,153002.55,10,16,bed,0
0120172_neurosketch,33,furniture,chair,475,105,0,157503.38,10,35,chair,1
0120172_neurosketch,33,furniture,chair,475,106,0,157503.38,10,35,chair,0
0120172_neurosketch,33,furniture,chair,475,107,0,157503.38,10,35,chair,0
0120172_neurosketch,33,furniture,bed,476,108,1,162002.54,10,15,bed,1
0120172_neurosketch,33,furniture,bed,476,109,1,162002.54,10,15,bed,0
0120172_neurosketch,33,furniture,bed,476,110,1,162002.54,10,15,bed,0
0120172_neurosketch,33,furniture,table,477,111,0,166502.39,10,4,table,1
0120172_neurosketch,33,furniture,table,477,112,0,166502.39,10,4,table,0
0120172_neurosketch,33,furniture,table,477,113,0,166502.39,10,4,table,0
0120172_neurosketch,33,furniture,bench,478,114,1,171002.84,10,17,bench,1
0120172_neurosketch,33,furniture,bench,478,115,1,171002.84,10,17,bench,0
0120172_neurosketch,33,furniture,bench,478,116,1,171002.84,10,17,bench,0
0120172_neurosketch,33,furniture,bench,478,117,1,171002.84,10,17,bench,0
0120172_neurosketch,33,2,chair,479,118,0,177003.79,10,29,chair,1
0120172_neurosketch,33,2,chair,479,119,0,177003.79,10,29,chair,0
0120172_neurosketch,33,furniture,bed,480,120,1,180003.08,10,19,bed,1
0120172_neurosketch,33,furniture,bed,480,121,1,180003.08,10,19,bed,0
0120172_neurosketch,33,furniture,bed,480,122,1,180003.08,10,19,bed,0
0120172_neurosketch,33,furniture,table,481,123,0,184502.82,10,16,table,1
0120172_neurosketch,33,furniture,table,481,124,0,184502.82,10,16,table,0
0120172_neurosketch,33,furniture,table,481,125,0,184502.82,10,16,table,0
0120172_neurosketch,33,furniture,chair,482,126,0,189002.73,10,37,chair,1
0120172_neurosketch,33,furniture,chair,482,127,0,189002.73,10,37,chair,0
0120172_neurosketch,33,furniture,bench,483,128,1,192002.4,10,31,bench,1
0120172_neurosketch,33,furniture,bench,483,129,1,192002.4,10,31,bench,0
0120172_neurosketch,33,furniture,bench,483,130,1,192002.4,10,31,bench,0
0120172_neurosketch,33,furniture,chair,484,131,0,196502.07,10,19,chair,1
0120172_neurosketch,33,furniture,chair,484,132,0,196502.07,10,19,chair,0
0120172_neurosketch,33,furniture,chair,484,133,0,196502.07,10,19,chair,0
0120172_neurosketch,33,furniture,chair,484,134,0,196502.07,10,19,chair,0
0120172_neurosketch,33,furniture,bench,485,135,1,202502.93,10,15,bench,1
0120172_neurosketch,33,furniture,bench,485,136,1,202502.93,10,15,bench,0
0120172_neurosketch,33,furniture,bench,485,137,1,202502.93,10,15,bench,0
0120172_neurosketch,33,furniture,bed,486,138,1,207002.15,10,36,bed,1
0120172_neurosketch,33,furniture,bed,486,139,1,207002.15,10,36,bed,0
0120172_neurosketch,33,furniture,bed,486,140,1,207002.15,10,36,bed,0
0120172_neurosketch,33,furniture,table,487,141,0,211502.31,10,10,table,1
0120172_neurosketch,33,furniture,table,487,142,0,211502.31,10,10,table,0
0120172_neurosketch,33,furniture,table,487,143,0,211502.31,10,10,table,0
0120172_neurosketch,33,furniture,table,488,144,0,216002.14,10,7,table,1
0120172_neurosketch,33,furniture,table,488,145,0,216002.14,10,7,table,0
0120172_neurosketch,33,2,bench,489,146,1,219003.22,10,28,bench,1
0120172_neurosketch,33,2,bench,489,147,1,219003.22,10,28,bench,0
0120172_neurosketch,33,furniture,chair,490,148,0,222003.03,10,32,chair,1
0120172_neurosketch,33,furniture,chair,490,149,0,222003.03,10,32,chair,0
0120172_neurosketch,33,furniture,chair,490,150,0,222003.03,10,32,chair,0
0120172_neurosketch,33,furniture,chair,490,151,0,222003.03,10,32,chair,0
0120172_neurosketch,33,furniture,bed,491,152,1,228003.08,10,32,bed,1
0120172_neurosketch,33,furniture,bed,491,153,1,228003.08,10,32,bed,0
0120172_neurosketch,33,furniture,bed,491,154,1,228003.08,10,32,bed,0
0120172_neurosketch,33,furniture,bed,491,155,1,228003.08,10,32,bed,0
0120172_neurosketch,33,furniture,bed,492,156,1,234002.29,10,20,bed,1
0120172_neurosketch,33,furniture,bed,492,157,1,234002.29,10,20,bed,0
0120172_neurosketch,33,furniture,bed,492,158,1,234002.29,10,20,bed,0
0120172_neurosketch,33,furniture,bed,492,159,1,234002.29,10,20,bed,0
0120172_neurosketch,33,furniture,table,493,160,0,240001.53,10,32,table,1
0120172_neurosketch,33,furniture,table,493,161,0,240001.53,10,32,table,0
0120172_neurosketch,33,furniture,bench,494,162,1,243002.58,10,21,bench,1
0120172_neurosketch,33,furniture,bench,494,163,1,243002.58,10,21,bench,0
0120172_neurosketch,33,furniture,chair,495,164,0,246002.51,10,21,chair,1
0120172_neurosketch,33,furniture,chair,495,165,0,246002.51,10,21,chair,0
0120172_neurosketch,33,furniture,bed,496,166,1,249002.32,10,7,bed,1
0120172_neurosketch,33,furniture,bed,496,167,1,249002.32,10,7,bed,0
0120172_neurosketch,33,furniture,table,497,168,0,252002.72,10,9,chair,1
0120172_neurosketch,33,furniture,table,497,169,0,252002.72,10,9,chair,0
0120172_neurosketch,33,furniture,table,497,170,0,252002.72,10,9,chair,0
0120172_neurosketch,33,furniture,chair,498,171,0,256502.61,10,31,chair,1
0120172_neurosketch,33,furniture,chair,498,172,0,256502.61,10,31,chair,0
0120172_neurosketch,33,furniture,chair,498,173,0,256502.61,10,31,chair,0
0120172_neurosketch,33,2,bench,499,174,1,261002.07,10,34,bench,1
0120172_neurosketch,33,2,bench,499,175,1,261002.07,10,34,bench,0
0120172_neurosketch,33,furniture,bench,500,176,1,264002.38,10,10,bench,1
0120172_neurosketch,33,furniture,bench,500,177,1,264002.38,10,10,bench,0
0120172_neurosketch,33,furniture,bed,501,178,1,267002.59,10,37,bed,1
0120172_neurosketch,33,furniture,bed,501,179,1,267002.59,10,37,bed,0
0120172_neurosketch,33,furniture,table,502,180,0,270002.34,10,8,table,1
0120172_neurosketch,33,furniture,table,502,181,0,270002.34,10,8,table,0
0120172_neurosketch,33,furniture,chair,503,182,0,273001.13,10,20,chair,1
0120172_neurosketch,33,furniture,chair,503,183,0,273001.13,10,20,chair,0
0120172_neurosketch,33,furniture,chair,503,184,0,273001.13,10,20,chair,0
0120172_neurosketch,33,furniture,chair,503,185,0,273001.13,10,20,chair,0
0120172_neurosketch,33,furniture,bench,504,186,1,279002.25,10,25,bench,1
0120172_neurosketch,33,furniture,bench,504,187,1,279002.25,10,25,bench,0
0120172_neurosketch,33,furniture,bench,504,188,1,279002.25,10,25,bench,0
0120172_neurosketch,33,furniture,bench,504,189,1,279002.25,10,25,bench,0
0120172_neurosketch,33,furniture,table,505,190,0,285002.17,10,12,table,1
0120172_neurosketch,33,furniture,table,505,191,0,285002.17,10,12,table,0
0120172_neurosketch,33,furniture,table,505,192,0,285002.17,10,12,table,0
0120172_neurosketch,33,furniture,table,505,193,0,285002.17,10,12,table,0
0120172_neurosketch,33,furniture,chair,506,194,0,291002.48,10,38,chair,1
0120172_neurosketch,33,furniture,chair,506,195,0,291002.48,10,38,chair,0
0120172_neurosketch,33,furniture,bed,507,196,1,294002.75,10,14,bed,1
0120172_neurosketch,33,furniture,bed,507,197,1,294002.75,10,14,bed,0
0120172_neurosketch,33,furniture,bed,507,198,1,294002.75,10,14,bed,0
0120172_neurosketch,33,furniture,bed,508,199,1,298502.69,10,26,bed,1
0120172_neurosketch,33,furniture,bed,508,200,1,298502.69,10,26,bed,0
0120172_neurosketch,33,furniture,bed,508,201,1,298502.69,10,26,bed,0
0120172_neurosketch,33,2,table,509,202,0,303002.54,10,29,table,1
0120172_neurosketch,33,2,table,509,203,0,303002.54,10,29,table,0
0120172_neurosketch,33,furniture,bench,510,204,1,306002.5,10,9,bench,1
0120172_neurosketch,33,furniture,bench,510,205,1,306002.5,10,9,bench,0
0120172_neurosketch,33,furniture,chair,511,206,0,309002.82,10,24,chair,1
0120172_neurosketch,33,furniture,chair,511,207,0,309002.82,10,24,chair,0
0120172_neurosketch,33,furniture,chair,511,208,0,309002.82,10,24,chair,0
0120172_neurosketch,33,furniture,table,512,209,0,313503.88,10,23,table,1
0120172_neurosketch,33,furniture,table,512,210,0,313503.88,10,23,table,0
0120172_neurosketch,33,furniture,table,512,211,0,313503.88,10,23,table,0
0120172_neurosketch,33,furniture,bed,513,212,1,318001.83,10,6,bench,1
0120172_neurosketch,33,furniture,bed,513,213,1,318001.83,10,6,bench,0
0120172_neurosketch,33,furniture,chair,514,214,0,321002.01,10,13,chair,1
0120172_neurosketch,33,furniture,chair,514,215,0,321002.01,10,13,chair,0
0120172_neurosketch,33,furniture,chair,514,216,0,321002.01,10,13,chair,0
0120172_neurosketch,33,furniture,bench,515,217,1,325503.13,10,24,bench,1
0120172_neurosketch,33,furniture,bench,515,218,1,325503.13,10,24,bench,0
0120172_neurosketch,33,furniture,bench,515,219,1,325503.13,10,24,bench,0
0120172_neurosketch,33,furniture,chair,516,220,0,330002.68,10,5,chair,1
0120172_neurosketch,33,furniture,chair,516,221,0,330002.68,10,5,chair,0
0120172_neurosketch,33,furniture,chair,516,222,0,330002.68,10,5,chair,0
0120172_neurosketch,33,furniture,bed,517,223,1,334502.08,10,18,bed,1
0120172_neurosketch,33,furniture,bed,517,224,1,334502.08,10,18,bed,0
0120172_neurosketch,33,furniture,bed,517,225,1,334502.08,10,18,bed,0
0120172_neurosketch,33,furniture,table,518,226,0,339002.5,10,5,table,1
0120172_neurosketch,33,furniture,table,518,227,0,339002.5,10,5,table,0
0120172_neurosketch,33,furniture,table,518,228,0,339002.5,10,5,table,0
0120172_neurosketch,33,furniture,table,518,229,0,339002.5,10,5,table,0
0120172_neurosketch,33,2,bench,519,230,1,345003.19,10,16,bench,1
0120172_neurosketch,33,2,bench,519,231,1,345003.19,10,16,bench,0
0120172_neurosketch,33,2,bench,519,232,1,345003.19,10,16,bench,0
0120172_neurosketch,33,2,bench,519,233,1,345003.19,10,16,bench,0
0120172_neurosketch,33,2,bench,519,234,1,345003.19,10,16,bench,0
0120172_neurosketch,33,2,bench,519,235,1,345003.19,10,16,bench,0
0120172_neurosketch,33,2,bench,519,236,1,345003.19,10,16,bench,0
0120172_neurosketch,33,2,bench,519,237,1,345003.19,10,16,bench,0
0120172_neurosketch,33,2,bench,519,238,1,345003.19,10,16,bench,0
0120172_neurosketch,33,2,bench,519,239,1,345003.19,10,16,bench,0
