wID,versionNum,category,object,trial,TRnum,condition,onset_time,run_num,viewpoint,response,onset
0123173_neurosketch,30,furniture,table,0,0,-1,0.0,1,25,,0
0123173_neurosketch,30,furniture,table,0,1,-1,0.0,1,25,,0
0123173_neurosketch,30,furniture,table,0,2,-1,0.0,1,25,,0
0123173_neurosketch,30,furniture,table,0,3,-1,0.0,1,25,,0
0123173_neurosketch,30,furniture,table,0,4,-1,0.0,1,25,,0
0123173_neurosketch,30,furniture,table,0,5,-1,0.0,1,25,,0
0123173_neurosketch,30,furniture,table,0,6,-1,0.0,1,25,,0
0123173_neurosketch,30,furniture,table,0,7,-1,0.0,1,25,,0
0123173_neurosketch,30,furniture,table,0,8,0,12004.99,1,25,,1
0123173_neurosketch,30,furniture,table,0,9,0,12004.99,1,25,,0
0123173_neurosketch,30,furniture,table,0,10,0,12004.99,1,25,,0
0123173_neurosketch,30,furniture,table,0,11,0,12004.99,1,25,,0
0123173_neurosketch,30,furniture,table,0,12,0,12004.99,1,25,,0
0123173_neurosketch,30,furniture,table,0,13,0,12004.99,1,25,,0
0123173_neurosketch,30,furniture,bench,1,14,0,21003.21,1,35,,1
0123173_neurosketch,30,furniture,bench,1,15,0,21003.21,1,35,,0
0123173_neurosketch,30,furniture,bench,1,16,0,21003.21,1,35,,0
0123173_neurosketch,30,furniture,bed,2,17,1,25501.68,1,18,bed,1
0123173_neurosketch,30,furniture,bed,2,18,1,25501.68,1,18,bed,0
0123173_neurosketch,30,furniture,chair,3,19,1,28502.16,1,19,chair,1
0123173_neurosketch,30,furniture,chair,3,20,1,28502.16,1,19,chair,0
0123173_neurosketch,30,furniture,chair,3,21,1,28502.16,1,19,chair,0
0123173_neurosketch,30,furniture,chair,4,22,1,33003.33,1,13,chair,1
0123173_neurosketch,30,furniture,chair,4,23,1,33003.33,1,13,chair,0
0123173_neurosketch,30,furniture,table,5,24,0,36002.13,1,24,table,1
0123173_neurosketch,30,furniture,table,5,25,0,36002.13,1,24,table,0
0123173_neurosketch,30,furniture,bench,6,26,0,39004.14,1,17,bench,1
0123173_neurosketch,30,furniture,bench,6,27,0,39004.14,1,17,bench,0
0123173_neurosketch,30,furniture,bed,7,28,1,42002.21,1,6,bed,1
0123173_neurosketch,30,furniture,bed,7,29,1,42002.21,1,6,bed,0
0123173_neurosketch,30,furniture,bench,8,30,0,45001.68,1,26,bench,1
0123173_neurosketch,30,furniture,bench,8,31,0,45001.68,1,26,bench,0
0123173_neurosketch,30,furniture,bench,8,32,0,45001.68,1,26,bench,0
0123173_neurosketch,30,2,table,9,33,0,49501.84,1,30,table,1
0123173_neurosketch,30,2,table,9,34,0,49501.84,1,30,table,0
0123173_neurosketch,30,furniture,bed,10,35,1,52502.05,1,33,bed,1
0123173_neurosketch,30,furniture,bed,10,36,1,52502.05,1,33,bed,0
0123173_neurosketch,30,furniture,chair,11,37,1,55502.27,1,29,chair,1
0123173_neurosketch,30,furniture,chair,11,38,1,55502.27,1,29,chair,0
0123173_neurosketch,30,furniture,chair,11,39,1,55502.27,1,29,chair,0
0123173_neurosketch,30,furniture,chair,11,40,1,55502.27,1,29,chair,0
0123173_neurosketch,30,furniture,table,12,41,0,61502.14,1,38,table,1
0123173_neurosketch,30,furniture,table,12,42,0,61502.14,1,38,table,0
0123173_neurosketch,30,furniture,table,12,43,0,61502.14,1,38,table,0
0123173_neurosketch,30,furniture,table,12,44,0,61502.14,1,38,table,0
0123173_neurosketch,30,furniture,bed,13,45,1,67502.19,1,9,bed,1
0123173_neurosketch,30,furniture,bed,13,46,1,67502.19,1,9,bed,0
0123173_neurosketch,30,furniture,bench,14,47,0,70502.62,1,12,bench,1
0123173_neurosketch,30,furniture,bench,14,48,0,70502.62,1,12,bench,0
0123173_neurosketch,30,furniture,chair,15,49,1,73502.7,1,23,chair,1
0123173_neurosketch,30,furniture,chair,15,50,1,73502.7,1,23,chair,0
0123173_neurosketch,30,furniture,table,16,51,0,76502.61,1,10,table,1
0123173_neurosketch,30,furniture,table,16,52,0,76502.61,1,10,table,0
0123173_neurosketch,30,furniture,bed,17,53,1,79502.2,1,19,bed,1
0123173_neurosketch,30,furniture,bed,17,54,1,79502.2,1,19,bed,0
0123173_neurosketch,30,furniture,bed,17,55,1,79502.2,1,19,bed,0
0123173_neurosketch,30,furniture,bench,18,56,0,84002.66,1,32,bench,1
0123173_neurosketch,30,furniture,bench,18,57,0,84002.66,1,32,bench,0
0123173_neurosketch,30,furniture,bench,18,58,0,84002.66,1,32,bench,0
0123173_neurosketch,30,furniture,bench,18,59,0,84002.66,1,32,bench,0
0123173_neurosketch,30,2,chair,19,60,1,90003.12,1,34,chair,1
0123173_neurosketch,30,2,chair,19,61,1,90003.12,1,34,chair,0
0123173_neurosketch,30,2,chair,19,62,1,90003.12,1,34,chair,0
0123173_neurosketch,30,2,chair,19,63,1,90003.12,1,34,chair,0
0123173_neurosketch,30,furniture,bed,20,64,1,96003.03,1,31,bed,1
0123173_neurosketch,30,furniture,bed,20,65,1,96003.03,1,31,bed,0
0123173_neurosketch,30,furniture,bed,20,66,1,96003.03,1,31,bed,0
0123173_neurosketch,30,furniture,chair,21,67,1,100502.9,1,18,chair,1
0123173_neurosketch,30,furniture,chair,21,68,1,100502.9,1,18,chair,0
0123173_neurosketch,30,furniture,chair,21,69,1,100502.9,1,18,chair,0
0123173_neurosketch,30,furniture,chair,21,70,1,100502.9,1,18,chair,0
0123173_neurosketch,30,furniture,table,22,71,0,106501.98,1,4,table,1
0123173_neurosketch,30,furniture,table,22,72,0,106501.98,1,4,table,0
0123173_neurosketch,30,furniture,table,22,73,0,106501.98,1,4,table,0
0123173_neurosketch,30,furniture,bench,23,74,0,111003.94,1,33,bench,1
0123173_neurosketch,30,furniture,bench,23,75,0,111003.94,1,33,bench,0
0123173_neurosketch,30,furniture,table,24,76,0,114002.84,1,31,table,1
0123173_neurosketch,30,furniture,table,24,77,0,114002.84,1,31,table,0
0123173_neurosketch,30,furniture,table,24,78,0,114002.84,1,31,table,0
0123173_neurosketch,30,furniture,table,24,79,0,114002.84,1,31,table,0
0123173_neurosketch,30,furniture,chair,25,80,1,120002.17,1,31,chair,1
0123173_neurosketch,30,furniture,chair,25,81,1,120002.17,1,31,chair,0
0123173_neurosketch,30,furniture,chair,25,82,1,120002.17,1,31,chair,0
0123173_neurosketch,30,furniture,bed,26,83,1,124502.88,1,13,bed,1
0123173_neurosketch,30,furniture,bed,26,84,1,124502.88,1,13,bed,0
0123173_neurosketch,30,furniture,bed,26,85,1,124502.88,1,13,bed,0
0123173_neurosketch,30,furniture,bed,26,86,1,124502.88,1,13,bed,0
0123173_neurosketch,30,furniture,bench,27,87,0,130502.48,1,2,,1
0123173_neurosketch,30,furniture,bench,27,88,0,130502.48,1,2,,0
0123173_neurosketch,30,furniture,bench,27,89,0,130502.48,1,2,,0
0123173_neurosketch,30,furniture,chair,28,90,1,135003.71,1,11,chair,1
0123173_neurosketch,30,furniture,chair,28,91,1,135003.71,1,11,chair,0
0123173_neurosketch,30,2,bench,29,92,0,138002.82,1,39,bench,1
0123173_neurosketch,30,2,bench,29,93,0,138002.82,1,39,bench,0
0123173_neurosketch,30,furniture,bed,30,94,1,141002.04,1,24,bed,1
0123173_neurosketch,30,furniture,bed,30,95,1,141002.04,1,24,bed,0
0123173_neurosketch,30,furniture,bed,30,96,1,141002.04,1,24,bed,0
0123173_neurosketch,30,furniture,table,31,97,0,145502.75,1,18,table,1
0123173_neurosketch,30,furniture,table,31,98,0,145502.75,1,18,table,0
0123173_neurosketch,30,furniture,table,31,99,0,145502.75,1,18,table,0
0123173_neurosketch,30,furniture,bed,32,100,1,150002.32,1,22,bed,1
0123173_neurosketch,30,furniture,bed,32,101,1,150002.32,1,22,bed,0
0123173_neurosketch,30,furniture,chair,33,102,1,153002.58,1,24,chair,1
0123173_neurosketch,30,furniture,chair,33,103,1,153002.58,1,24,chair,0
0123173_neurosketch,30,furniture,chair,33,104,1,153002.58,1,24,chair,0
0123173_neurosketch,30,furniture,table,34,105,0,157502.25,1,13,table,1
0123173_neurosketch,30,furniture,table,34,106,0,157502.25,1,13,table,0
0123173_neurosketch,30,furniture,table,34,107,0,157502.25,1,13,table,0
0123173_neurosketch,30,furniture,bench,35,108,0,162004.35,1,16,bench,1
0123173_neurosketch,30,furniture,bench,35,109,0,162004.35,1,16,bench,0
0123173_neurosketch,30,furniture,bench,35,110,0,162004.35,1,16,bench,0
0123173_neurosketch,30,furniture,chair,36,111,1,166502.51,1,35,chair,1
0123173_neurosketch,30,furniture,chair,36,112,1,166502.51,1,35,chair,0
0123173_neurosketch,30,furniture,table,37,113,0,169502.12,1,8,table,1
0123173_neurosketch,30,furniture,table,37,114,0,169502.12,1,8,table,0
0123173_neurosketch,30,furniture,table,37,115,0,169502.12,1,8,table,0
0123173_neurosketch,30,furniture,table,37,116,0,169502.12,1,8,table,0
0123173_neurosketch,30,furniture,bench,38,117,0,175502.12,1,11,bench,1
0123173_neurosketch,30,furniture,bench,38,118,0,175502.12,1,11,bench,0
0123173_neurosketch,30,furniture,bench,38,119,0,175502.12,1,11,bench,0
0123173_neurosketch,30,2,bed,39,120,1,180003.12,1,1,bed,1
0123173_neurosketch,30,2,bed,39,121,1,180003.12,1,1,bed,0
0123173_neurosketch,30,2,bed,39,122,1,180003.12,1,1,bed,0
0123173_neurosketch,30,furniture,bench,40,123,0,184503.09,1,15,bench,1
0123173_neurosketch,30,furniture,bench,40,124,0,184503.09,1,15,bench,0
0123173_neurosketch,30,furniture,bench,40,125,0,184503.09,1,15,bench,0
0123173_neurosketch,30,furniture,table,41,126,0,189002.75,1,2,table,1
0123173_neurosketch,30,furniture,table,41,127,0,189002.75,1,2,table,0
0123173_neurosketch,30,furniture,table,41,128,0,189002.75,1,2,table,0
0123173_neurosketch,30,furniture,bed,42,129,1,193502.48,1,10,bed,1
0123173_neurosketch,30,furniture,bed,42,130,1,193502.48,1,10,bed,0
0123173_neurosketch,30,furniture,chair,43,131,1,196502.71,1,15,chair,1
0123173_neurosketch,30,furniture,chair,43,132,1,196502.71,1,15,chair,0
0123173_neurosketch,30,furniture,chair,43,133,1,196502.71,1,15,chair,0
0123173_neurosketch,30,furniture,table,44,134,0,201002.84,1,39,table,1
0123173_neurosketch,30,furniture,table,44,135,0,201002.84,1,39,table,0
0123173_neurosketch,30,furniture,bed,45,136,1,204002.52,1,5,bed,1
0123173_neurosketch,30,furniture,bed,45,137,1,204002.52,1,5,bed,0
0123173_neurosketch,30,furniture,chair,46,138,1,207002.49,1,26,chair,1
0123173_neurosketch,30,furniture,chair,46,139,1,207002.49,1,26,chair,0
0123173_neurosketch,30,furniture,bench,47,140,0,210002.87,1,21,bench,1
0123173_neurosketch,30,furniture,bench,47,141,0,210002.87,1,21,bench,0
0123173_neurosketch,30,furniture,bench,48,142,0,213002.77,1,13,bench,1
0123173_neurosketch,30,furniture,bench,48,143,0,213002.77,1,13,bench,0
0123173_neurosketch,30,furniture,bench,48,144,0,213002.77,1,13,bench,0
0123173_neurosketch,30,2,bed,49,145,1,217504.01,1,35,bed,1
0123173_neurosketch,30,2,bed,49,146,1,217504.01,1,35,bed,0
0123173_neurosketch,30,furniture,table,50,147,0,220502.84,1,11,bench,1
0123173_neurosketch,30,furniture,table,50,148,0,220502.84,1,11,bench,0
0123173_neurosketch,30,furniture,chair,51,149,1,223502.7,1,5,chair,1
0123173_neurosketch,30,furniture,chair,51,150,1,223502.7,1,5,chair,0
0123173_neurosketch,30,furniture,chair,51,151,1,223502.7,1,5,chair,0
0123173_neurosketch,30,furniture,chair,51,152,1,223502.7,1,5,chair,0
0123173_neurosketch,30,furniture,bed,52,153,1,229502.47,1,3,bed,1
0123173_neurosketch,30,furniture,bed,52,154,1,229502.47,1,3,bed,0
0123173_neurosketch,30,furniture,bed,52,155,1,229502.47,1,3,bed,0
0123173_neurosketch,30,furniture,bed,52,156,1,229502.47,1,3,bed,0
0123173_neurosketch,30,furniture,table,53,157,0,235502.28,1,3,table,1
0123173_neurosketch,30,furniture,table,53,158,0,235502.28,1,3,table,0
0123173_neurosketch,30,furniture,chair,54,159,1,238503.18,1,36,chair,1
0123173_neurosketch,30,furniture,chair,54,160,1,238503.18,1,36,chair,0
0123173_neurosketch,30,furniture,bench,55,161,0,241503.59,1,0,bench,1
0123173_neurosketch,30,furniture,bench,55,162,0,241503.59,1,0,bench,0
0123173_neurosketch,30,furniture,bench,56,163,0,244502.37,1,23,bench,1
0123173_neurosketch,30,furniture,bench,56,164,0,244502.37,1,23,bench,0
0123173_neurosketch,30,furniture,table,57,165,0,247502.95,1,1,table,1
0123173_neurosketch,30,furniture,table,57,166,0,247502.95,1,1,table,0
0123173_neurosketch,30,furniture,table,57,167,0,247502.95,1,1,table,0
0123173_neurosketch,30,furniture,chair,58,168,1,252004.21,1,30,chair,1
0123173_neurosketch,30,furniture,chair,58,169,1,252004.21,1,30,chair,0
0123173_neurosketch,30,furniture,chair,58,170,1,252004.21,1,30,chair,0
0123173_neurosketch,30,furniture,chair,58,171,1,252004.21,1,30,chair,0
0123173_neurosketch,30,2,bed,59,172,1,258002.68,1,26,bed,1
0123173_neurosketch,30,2,bed,59,173,1,258002.68,1,26,bed,0
0123173_neurosketch,30,2,bed,59,174,1,258002.68,1,26,bed,0
0123173_neurosketch,30,2,bed,59,175,1,258002.68,1,26,bed,0
0123173_neurosketch,30,furniture,chair,60,176,1,264002.48,1,7,chair,1
0123173_neurosketch,30,furniture,chair,60,177,1,264002.48,1,7,chair,0
0123173_neurosketch,30,furniture,chair,60,178,1,264002.48,1,7,chair,0
0123173_neurosketch,30,furniture,bench,61,179,0,268504.01,1,5,bench,1
0123173_neurosketch,30,furniture,bench,61,180,0,268504.01,1,5,bench,0
0123173_neurosketch,30,furniture,bench,61,181,0,268504.01,1,5,bench,0
0123173_neurosketch,30,furniture,bench,61,182,0,268504.01,1,5,bench,0
0123173_neurosketch,30,furniture,bed,62,183,1,274504.67,1,8,bed,1
0123173_neurosketch,30,furniture,bed,62,184,1,274504.67,1,8,bed,0
0123173_neurosketch,30,furniture,bed,62,185,1,274504.67,1,8,bed,0
0123173_neurosketch,30,furniture,table,63,186,0,279003.76,1,26,table,1
0123173_neurosketch,30,furniture,table,63,187,0,279003.76,1,26,table,0
0123173_neurosketch,30,furniture,bench,64,188,0,282003.97,1,3,bench,1
0123173_neurosketch,30,furniture,bench,64,189,0,282003.97,1,3,bench,0
0123173_neurosketch,30,furniture,bench,64,190,0,282003.97,1,3,bench,0
0123173_neurosketch,30,furniture,bench,64,191,0,282003.97,1,3,bench,0
0123173_neurosketch,30,furniture,chair,65,192,1,288002.72,1,2,chair,1
0123173_neurosketch,30,furniture,chair,65,193,1,288002.72,1,2,chair,0
0123173_neurosketch,30,furniture,chair,65,194,1,288002.72,1,2,chair,0
0123173_neurosketch,30,furniture,bed,66,195,1,292503.12,1,2,bed,1
0123173_neurosketch,30,furniture,bed,66,196,1,292503.12,1,2,bed,0
0123173_neurosketch,30,furniture,bed,66,197,1,292503.12,1,2,bed,0
0123173_neurosketch,30,furniture,bed,66,198,1,292503.12,1,2,bed,0
0123173_neurosketch,30,furniture,table,67,199,0,298505.5,1,7,table,1
0123173_neurosketch,30,furniture,table,67,200,0,298505.5,1,7,table,0
0123173_neurosketch,30,furniture,table,67,201,0,298505.5,1,7,table,0
0123173_neurosketch,30,furniture,chair,68,202,1,303002.67,1,0,chair,1
0123173_neurosketch,30,furniture,chair,68,203,1,303002.67,1,0,chair,0
0123173_neurosketch,30,2,bench,69,204,0,306002.8,1,28,,1
0123173_neurosketch,30,2,bench,69,205,0,306002.8,1,28,,0
0123173_neurosketch,30,furniture,bed,70,206,1,309002.57,1,0,bed,1
0123173_neurosketch,30,furniture,bed,70,207,1,309002.57,1,0,bed,0
0123173_neurosketch,30,furniture,bed,70,208,1,309002.57,1,0,bed,0
0123173_neurosketch,30,furniture,table,71,209,0,313501.86,1,17,table,1
0123173_neurosketch,30,furniture,table,71,210,0,313501.86,1,17,table,0
0123173_neurosketch,30,furniture,table,71,211,0,313501.86,1,17,table,0
0123173_neurosketch,30,furniture,chair,72,212,1,318002.73,1,27,chair,1
0123173_neurosketch,30,furniture,chair,72,213,1,318002.73,1,27,chair,0
0123173_neurosketch,30,furniture,bench,73,214,0,321002.11,1,38,bench,1
0123173_neurosketch,30,furniture,bench,73,215,0,321002.11,1,38,bench,0
0123173_neurosketch,30,furniture,bench,73,216,0,321002.11,1,38,bench,0
0123173_neurosketch,30,furniture,table,74,217,0,325503.61,1,21,table,1
0123173_neurosketch,30,furniture,table,74,218,0,325503.61,1,21,table,0
0123173_neurosketch,30,furniture,table,74,219,0,325503.61,1,21,table,0
0123173_neurosketch,30,furniture,bed,75,220,1,330002.5,1,17,bed,1
0123173_neurosketch,30,furniture,bed,75,221,1,330002.5,1,17,bed,0
0123173_neurosketch,30,furniture,bed,75,222,1,330002.5,1,17,bed,0
0123173_neurosketch,30,furniture,chair,76,223,1,334503.52,1,39,chair,1
0123173_neurosketch,30,furniture,chair,76,224,1,334503.52,1,39,chair,0
0123173_neurosketch,30,furniture,bench,77,225,0,337502.66,1,18,,1
0123173_neurosketch,30,furniture,bench,77,226,0,337502.66,1,18,,0
0123173_neurosketch,30,furniture,bench,77,227,0,337502.66,1,18,,0
0123173_neurosketch,30,furniture,bench,77,228,0,337502.66,1,18,,0
0123173_neurosketch,30,furniture,bed,78,229,1,343502.2,1,38,bed,1
0123173_neurosketch,30,furniture,bed,78,230,1,343502.2,1,38,bed,0
0123173_neurosketch,30,furniture,bed,78,231,1,343502.2,1,38,bed,0
0123173_neurosketch,30,2,table,79,232,0,348002.55,1,32,table,1
0123173_neurosketch,30,2,table,79,233,0,348002.55,1,32,table,0
0123173_neurosketch,30,2,table,79,234,0,348002.55,1,32,table,0
0123173_neurosketch,30,2,table,79,235,0,348002.55,1,32,table,0
0123173_neurosketch,30,2,table,79,236,0,348002.55,1,32,table,0
0123173_neurosketch,30,2,table,79,237,0,348002.55,1,32,table,0
0123173_neurosketch,30,2,table,79,238,0,348002.55,1,32,table,0
0123173_neurosketch,30,2,table,79,239,0,348002.55,1,32,table,0
0123173_neurosketch,30,furniture,bench,80,0,-1,0.0,2,7,bench,0
0123173_neurosketch,30,furniture,bench,80,1,-1,0.0,2,7,bench,0
0123173_neurosketch,30,furniture,bench,80,2,-1,0.0,2,7,bench,0
0123173_neurosketch,30,furniture,bench,80,3,-1,0.0,2,7,bench,0
0123173_neurosketch,30,furniture,bench,80,4,-1,0.0,2,7,bench,0
0123173_neurosketch,30,furniture,bench,80,5,-1,0.0,2,7,bench,0
0123173_neurosketch,30,furniture,bench,80,6,-1,0.0,2,7,bench,0
0123173_neurosketch,30,furniture,bench,80,7,-1,0.0,2,7,bench,0
0123173_neurosketch,30,furniture,bench,80,8,0,12001.99,2,7,bench,1
0123173_neurosketch,30,furniture,bench,80,9,0,12001.99,2,7,bench,0
0123173_neurosketch,30,furniture,bench,80,10,0,12001.99,2,7,bench,0
0123173_neurosketch,30,furniture,bed,81,11,1,16502.17,2,39,bed,1
0123173_neurosketch,30,furniture,bed,81,12,1,16502.17,2,39,bed,0
0123173_neurosketch,30,furniture,bed,81,13,1,16502.17,2,39,bed,0
0123173_neurosketch,30,furniture,table,82,14,0,21002.19,2,14,table,1
0123173_neurosketch,30,furniture,table,82,15,0,21002.19,2,14,table,0
0123173_neurosketch,30,furniture,chair,83,16,1,24001.44,2,28,chair,1
0123173_neurosketch,30,furniture,chair,83,17,1,24001.44,2,28,chair,0
0123173_neurosketch,30,furniture,chair,83,18,1,24001.44,2,28,chair,0
0123173_neurosketch,30,furniture,bench,84,19,0,28501.84,2,37,bench,1
0123173_neurosketch,30,furniture,bench,84,20,0,28501.84,2,37,bench,0
0123173_neurosketch,30,furniture,table,85,21,0,31501.48,2,12,table,1
0123173_neurosketch,30,furniture,table,85,22,0,31501.48,2,12,table,0
0123173_neurosketch,30,furniture,chair,86,23,1,34501.41,2,37,chair,1
0123173_neurosketch,30,furniture,chair,86,24,1,34501.41,2,37,chair,0
0123173_neurosketch,30,furniture,bed,87,25,1,37501.78,2,25,bed,1
0123173_neurosketch,30,furniture,bed,87,26,1,37501.78,2,25,bed,0
0123173_neurosketch,30,furniture,table,88,27,0,40502.39,2,27,table,1
0123173_neurosketch,30,furniture,table,88,28,0,40502.39,2,27,table,0
0123173_neurosketch,30,furniture,table,88,29,0,40502.39,2,27,table,0
0123173_neurosketch,30,2,bench,89,30,0,45002.15,2,25,bench,1
0123173_neurosketch,30,2,bench,89,31,0,45002.15,2,25,bench,0
0123173_neurosketch,30,furniture,chair,90,32,1,48001.59,2,20,chair,1
0123173_neurosketch,30,furniture,chair,90,33,1,48001.59,2,20,chair,0
0123173_neurosketch,30,furniture,bed,91,34,1,51002.1,2,15,bed,1
0123173_neurosketch,30,furniture,bed,91,35,1,51002.1,2,15,bed,0
0123173_neurosketch,30,furniture,bed,91,36,1,51002.1,2,15,bed,0
0123173_neurosketch,30,furniture,bed,91,37,1,51002.1,2,15,bed,0
0123173_neurosketch,30,furniture,table,92,38,0,57000.95,2,20,table,1
0123173_neurosketch,30,furniture,table,92,39,0,57000.95,2,20,table,0
0123173_neurosketch,30,furniture,table,92,40,0,57000.95,2,20,table,0
0123173_neurosketch,30,furniture,table,92,41,0,57000.95,2,20,table,0
0123173_neurosketch,30,furniture,chair,93,42,1,63002.57,2,3,chair,1
0123173_neurosketch,30,furniture,chair,93,43,1,63002.57,2,3,chair,0
0123173_neurosketch,30,furniture,bed,94,44,1,66002.37,2,29,bed,1
0123173_neurosketch,30,furniture,bed,94,45,1,66002.37,2,29,bed,0
0123173_neurosketch,30,furniture,bench,95,46,0,69001.96,2,29,bench,1
0123173_neurosketch,30,furniture,bench,95,47,0,69001.96,2,29,bench,0
0123173_neurosketch,30,furniture,bed,96,48,1,72002.34,2,28,bed,1
0123173_neurosketch,30,furniture,bed,96,49,1,72002.34,2,28,bed,0
0123173_neurosketch,30,furniture,bench,97,50,0,75001.48,2,22,table,1
0123173_neurosketch,30,furniture,bench,97,51,0,75001.48,2,22,table,0
0123173_neurosketch,30,furniture,bench,97,52,0,75001.48,2,22,table,0
0123173_neurosketch,30,furniture,chair,98,53,1,79502.36,2,8,chair,1
0123173_neurosketch,30,furniture,chair,98,54,1,79502.36,2,8,chair,0
0123173_neurosketch,30,furniture,chair,98,55,1,79502.36,2,8,chair,0
0123173_neurosketch,30,furniture,chair,98,56,1,79502.36,2,8,chair,0
0123173_neurosketch,30,2,table,99,57,0,85501.83,2,6,table,1
0123173_neurosketch,30,2,table,99,58,0,85501.83,2,6,table,0
0123173_neurosketch,30,2,table,99,59,0,85501.83,2,6,table,0
0123173_neurosketch,30,2,table,99,60,0,85501.83,2,6,table,0
0123173_neurosketch,30,furniture,bed,100,61,1,91502.77,2,11,bed,1
0123173_neurosketch,30,furniture,bed,100,62,1,91502.77,2,11,bed,0
0123173_neurosketch,30,furniture,bed,100,63,1,91502.77,2,11,bed,0
0123173_neurosketch,30,furniture,bench,101,64,0,96003.82,2,9,bench,1
0123173_neurosketch,30,furniture,bench,101,65,0,96003.82,2,9,bench,0
0123173_neurosketch,30,furniture,bench,101,66,0,96003.82,2,9,bench,0
0123173_neurosketch,30,furniture,bench,101,67,0,96003.82,2,9,bench,0
0123173_neurosketch,30,furniture,table,102,68,0,102002.59,2,19,table,1
0123173_neurosketch,30,furniture,table,102,69,0,102002.59,2,19,table,0
0123173_neurosketch,30,furniture,table,102,70,0,102002.59,2,19,table,0
0123173_neurosketch,30,furniture,chair,103,71,1,106502.29,2,25,chair,1
0123173_neurosketch,30,furniture,chair,103,72,1,106502.29,2,25,chair,0
0123173_neurosketch,30,furniture,table,104,73,0,109502.4,2,28,table,1
0123173_neurosketch,30,furniture,table,104,74,0,109502.4,2,28,table,0
0123173_neurosketch,30,furniture,table,104,75,0,109502.4,2,28,table,0
0123173_neurosketch,30,furniture,table,104,76,0,109502.4,2,28,table,0
0123173_neurosketch,30,furniture,bench,105,77,0,115502.61,2,4,bench,1
0123173_neurosketch,30,furniture,bench,105,78,0,115502.61,2,4,bench,0
0123173_neurosketch,30,furniture,bench,105,79,0,115502.61,2,4,bench,0
0123173_neurosketch,30,furniture,bed,106,80,1,120003.88,2,20,bed,1
0123173_neurosketch,30,furniture,bed,106,81,1,120003.88,2,20,bed,0
0123173_neurosketch,30,furniture,bed,106,82,1,120003.88,2,20,bed,0
0123173_neurosketch,30,furniture,bed,106,83,1,120003.88,2,20,bed,0
0123173_neurosketch,30,furniture,chair,107,84,1,126002.66,2,1,chair,1
0123173_neurosketch,30,furniture,chair,107,85,1,126002.66,2,1,chair,0
0123173_neurosketch,30,furniture,chair,107,86,1,126002.66,2,1,chair,0
0123173_neurosketch,30,furniture,table,108,87,0,130504.93,2,0,table,1
0123173_neurosketch,30,furniture,table,108,88,0,130504.93,2,0,table,0
0123173_neurosketch,30,2,bench,109,89,0,133502.3,2,20,bench,1
0123173_neurosketch,30,2,bench,109,90,0,133502.3,2,20,bench,0
0123173_neurosketch,30,furniture,bed,110,91,1,136503.33,2,36,bed,1
0123173_neurosketch,30,furniture,bed,110,92,1,136503.33,2,36,bed,0
0123173_neurosketch,30,furniture,bed,110,93,1,136503.33,2,36,bed,0
0123173_neurosketch,30,furniture,chair,111,94,1,141002.51,2,10,chair,1
0123173_neurosketch,30,furniture,chair,111,95,1,141002.51,2,10,chair,0
0123173_neurosketch,30,furniture,chair,111,96,1,141002.51,2,10,chair,0
0123173_neurosketch,30,furniture,bed,112,97,1,145502.05,2,30,bed,1
0123173_neurosketch,30,furniture,bed,112,98,1,145502.05,2,30,bed,0
0123173_neurosketch,30,furniture,chair,113,99,1,148502.37,2,12,chair,1
0123173_neurosketch,30,furniture,chair,113,100,1,148502.37,2,12,chair,0
0123173_neurosketch,30,furniture,chair,113,101,1,148502.37,2,12,chair,0
0123173_neurosketch,30,furniture,table,114,102,0,153002.01,2,36,table,1
0123173_neurosketch,30,furniture,table,114,103,0,153002.01,2,36,table,0
0123173_neurosketch,30,furniture,table,114,104,0,153002.01,2,36,table,0
0123173_neurosketch,30,furniture,bench,115,105,0,157502.73,2,6,bench,1
0123173_neurosketch,30,furniture,bench,115,106,0,157502.73,2,6,bench,0
0123173_neurosketch,30,furniture,bench,115,107,0,157502.73,2,6,bench,0
0123173_neurosketch,30,furniture,table,116,108,0,162002.42,2,5,,1
0123173_neurosketch,30,furniture,table,116,109,0,162002.42,2,5,,0
0123173_neurosketch,30,furniture,chair,117,110,1,165002.63,2,32,chair,1
0123173_neurosketch,30,furniture,chair,117,111,1,165002.63,2,32,chair,0
0123173_neurosketch,30,furniture,chair,117,112,1,165002.63,2,32,chair,0
0123173_neurosketch,30,furniture,chair,117,113,1,165002.63,2,32,chair,0
0123173_neurosketch,30,furniture,bench,118,114,0,171002.88,2,27,bench,1
0123173_neurosketch,30,furniture,bench,118,115,0,171002.88,2,27,bench,0
0123173_neurosketch,30,furniture,bench,118,116,0,171002.88,2,27,bench,0
0123173_neurosketch,30,2,bed,119,117,1,175502.29,2,34,bed,1
0123173_neurosketch,30,2,bed,119,118,1,175502.29,2,34,bed,0
0123173_neurosketch,30,2,bed,119,119,1,175502.29,2,34,bed,0
0123173_neurosketch,30,furniture,bed,120,120,1,180002.48,2,27,bed,1
0123173_neurosketch,30,furniture,bed,120,121,1,180002.48,2,27,bed,0
0123173_neurosketch,30,furniture,bed,120,122,1,180002.48,2,27,bed,0
0123173_neurosketch,30,furniture,table,121,123,0,184503.96,2,33,table,1
0123173_neurosketch,30,furniture,table,121,124,0,184503.96,2,33,table,0
0123173_neurosketch,30,furniture,table,121,125,0,184503.96,2,33,table,0
0123173_neurosketch,30,furniture,chair,122,126,1,189002.42,2,33,chair,1
0123173_neurosketch,30,furniture,chair,122,127,1,189002.42,2,33,chair,0
0123173_neurosketch,30,furniture,bench,123,128,0,192004.22,2,24,bench,1
0123173_neurosketch,30,furniture,bench,123,129,0,192004.22,2,24,bench,0
0123173_neurosketch,30,furniture,bench,123,130,0,192004.22,2,24,bench,0
0123173_neurosketch,30,furniture,bench,124,131,0,196502.32,2,10,bench,1
0123173_neurosketch,30,furniture,bench,124,132,0,196502.32,2,10,bench,0
0123173_neurosketch,30,furniture,bed,125,133,1,199502.22,2,23,bed,1
0123173_neurosketch,30,furniture,bed,125,134,1,199502.22,2,23,bed,0
0123173_neurosketch,30,furniture,chair,126,135,1,202502.04,2,17,chair,1
0123173_neurosketch,30,furniture,chair,126,136,1,202502.04,2,17,chair,0
0123173_neurosketch,30,furniture,table,127,137,0,205502.34,2,37,table,1
0123173_neurosketch,30,furniture,table,127,138,0,205502.34,2,37,table,0
0123173_neurosketch,30,furniture,bench,128,139,0,208502.88,2,1,,1
0123173_neurosketch,30,furniture,bench,128,140,0,208502.88,2,1,,0
0123173_neurosketch,30,furniture,bench,128,141,0,208502.88,2,1,,0
0123173_neurosketch,30,2,table,129,142,0,213003.37,2,34,table,1
0123173_neurosketch,30,2,table,129,143,0,213003.37,2,34,table,0
0123173_neurosketch,30,furniture,bed,130,144,1,216002.53,2,37,bed,1
0123173_neurosketch,30,furniture,bed,130,145,1,216002.53,2,37,bed,0
0123173_neurosketch,30,furniture,chair,131,146,1,219002.76,2,16,bed,1
0123173_neurosketch,30,furniture,chair,131,147,1,219002.76,2,16,bed,0
0123173_neurosketch,30,furniture,chair,131,148,1,219002.76,2,16,bed,0
0123173_neurosketch,30,furniture,chair,131,149,1,219002.76,2,16,bed,0
0123173_neurosketch,30,furniture,bench,132,150,0,225002.91,2,34,bench,1
0123173_neurosketch,30,furniture,bench,132,151,0,225002.91,2,34,bench,0
0123173_neurosketch,30,furniture,bench,132,152,0,225002.91,2,34,bench,0
0123173_neurosketch,30,furniture,bench,132,153,0,225002.91,2,34,bench,0
0123173_neurosketch,30,furniture,table,133,154,0,231002.09,2,22,table,1
0123173_neurosketch,30,furniture,table,133,155,0,231002.09,2,22,table,0
0123173_neurosketch,30,furniture,chair,134,156,1,234002.26,2,9,chair,1
0123173_neurosketch,30,furniture,chair,134,157,1,234002.26,2,9,chair,0
0123173_neurosketch,30,furniture,bed,135,158,1,237002.51,2,12,chair,1
0123173_neurosketch,30,furniture,bed,135,159,1,237002.51,2,12,chair,0
0123173_neurosketch,30,furniture,table,136,160,0,240002.33,2,15,table,1
0123173_neurosketch,30,furniture,table,136,161,0,240002.33,2,15,table,0
0123173_neurosketch,30,furniture,chair,137,162,1,243002.63,2,6,chair,1
0123173_neurosketch,30,furniture,chair,137,163,1,243002.63,2,6,chair,0
0123173_neurosketch,30,furniture,chair,137,164,1,243002.63,2,6,chair,0
0123173_neurosketch,30,furniture,bed,138,165,1,247503.02,2,7,bed,1
0123173_neurosketch,30,furniture,bed,138,166,1,247503.02,2,7,bed,0
0123173_neurosketch,30,furniture,bed,138,167,1,247503.02,2,7,bed,0
0123173_neurosketch,30,furniture,bed,138,168,1,247503.02,2,7,bed,0
0123173_neurosketch,30,2,bench,139,169,0,253502.15,2,36,bench,1
0123173_neurosketch,30,2,bench,139,170,0,253502.15,2,36,bench,0
0123173_neurosketch,30,2,bench,139,171,0,253502.15,2,36,bench,0
0123173_neurosketch,30,2,bench,139,172,0,253502.15,2,36,bench,0
0123173_neurosketch,30,furniture,bed,140,173,1,259503.03,2,16,bed,1
0123173_neurosketch,30,furniture,bed,140,174,1,259503.03,2,16,bed,0
0123173_neurosketch,30,furniture,bed,140,175,1,259503.03,2,16,bed,0
0123173_neurosketch,30,furniture,chair,141,176,1,264003.22,2,14,chair,1
0123173_neurosketch,30,furniture,chair,141,177,1,264003.22,2,14,chair,0
0123173_neurosketch,30,furniture,chair,141,178,1,264003.22,2,14,chair,0
0123173_neurosketch,30,furniture,chair,141,179,1,264003.22,2,14,chair,0
0123173_neurosketch,30,furniture,table,142,180,0,270004.62,2,29,table,1
0123173_neurosketch,30,furniture,table,142,181,0,270004.62,2,29,table,0
0123173_neurosketch,30,furniture,table,142,182,0,270004.62,2,29,table,0
0123173_neurosketch,30,furniture,bench,143,183,0,274502.79,2,19,bench,1
0123173_neurosketch,30,furniture,bench,143,184,0,274502.79,2,19,bench,0
0123173_neurosketch,30,furniture,bed,144,185,1,277502.14,2,21,bed,1
0123173_neurosketch,30,furniture,bed,144,186,1,277502.14,2,21,bed,0
0123173_neurosketch,30,furniture,bed,144,187,1,277502.14,2,21,bed,0
0123173_neurosketch,30,furniture,bed,144,188,1,277502.14,2,21,bed,0
0123173_neurosketch,30,furniture,chair,145,189,1,283502.59,2,22,chair,1
0123173_neurosketch,30,furniture,chair,145,190,1,283502.59,2,22,chair,0
0123173_neurosketch,30,furniture,chair,145,191,1,283502.59,2,22,chair,0
0123173_neurosketch,30,furniture,table,146,192,0,288002.46,2,23,table,1
0123173_neurosketch,30,furniture,table,146,193,0,288002.46,2,23,table,0
0123173_neurosketch,30,furniture,table,146,194,0,288002.46,2,23,table,0
0123173_neurosketch,30,furniture,table,146,195,0,288002.46,2,23,table,0
0123173_neurosketch,30,furniture,bench,147,196,0,294003.44,2,14,bench,1
0123173_neurosketch,30,furniture,bench,147,197,0,294003.44,2,14,bench,0
0123173_neurosketch,30,furniture,bench,147,198,0,294003.44,2,14,bench,0
0123173_neurosketch,30,furniture,chair,148,199,1,298503.0,2,38,chair,1
0123173_neurosketch,30,furniture,chair,148,200,1,298503.0,2,38,chair,0
0123173_neurosketch,30,2,bench,149,201,0,301502.83,2,8,bench,1
0123173_neurosketch,30,2,bench,149,202,0,301502.83,2,8,bench,0
0123173_neurosketch,30,furniture,bed,150,203,1,304503.3,2,32,bed,1
0123173_neurosketch,30,furniture,bed,150,204,1,304503.3,2,32,bed,0
0123173_neurosketch,30,furniture,bed,150,205,1,304503.3,2,32,bed,0
0123173_neurosketch,30,furniture,table,151,206,0,309002.5,2,9,table,1
0123173_neurosketch,30,furniture,table,151,207,0,309002.5,2,9,table,0
0123173_neurosketch,30,furniture,table,151,208,0,309002.5,2,9,table,0
0123173_neurosketch,30,furniture,table,152,209,0,313502.4,2,16,table,1
0123173_neurosketch,30,furniture,table,152,210,0,313502.4,2,16,table,0
0123173_neurosketch,30,furniture,chair,153,211,1,316503.94,2,4,chair,1
0123173_neurosketch,30,furniture,chair,153,212,1,316503.94,2,4,chair,0
0123173_neurosketch,30,furniture,chair,153,213,1,316503.94,2,4,chair,0
0123173_neurosketch,30,furniture,bed,154,214,1,321002.16,2,14,bed,1
0123173_neurosketch,30,furniture,bed,154,215,1,321002.16,2,14,bed,0
0123173_neurosketch,30,furniture,bed,154,216,1,321002.16,2,14,bed,0
0123173_neurosketch,30,furniture,bench,155,217,0,325504.11,2,30,bench,1
0123173_neurosketch,30,furniture,bench,155,218,0,325504.11,2,30,bench,0
0123173_neurosketch,30,furniture,bench,155,219,0,325504.11,2,30,bench,0
0123173_neurosketch,30,furniture,bench,156,220,0,330002.25,2,31,bench,1
0123173_neurosketch,30,furniture,bench,156,221,0,330002.25,2,31,bench,0
0123173_neurosketch,30,furniture,bed,157,222,1,333002.91,2,4,bed,1
0123173_neurosketch,30,furniture,bed,157,223,1,333002.91,2,4,bed,0
0123173_neurosketch,30,furniture,bed,157,224,1,333002.91,2,4,bed,0
0123173_neurosketch,30,furniture,bed,157,225,1,333002.91,2,4,bed,0
0123173_neurosketch,30,furniture,table,158,226,0,339002.48,2,35,table,1
0123173_neurosketch,30,furniture,table,158,227,0,339002.48,2,35,table,0
0123173_neurosketch,30,furniture,table,158,228,0,339002.48,2,35,table,0
0123173_neurosketch,30,2,chair,159,229,1,343502.47,2,21,chair,1
0123173_neurosketch,30,2,chair,159,230,1,343502.47,2,21,chair,0
0123173_neurosketch,30,2,chair,159,231,1,343502.47,2,21,chair,0
0123173_neurosketch,30,2,chair,159,232,1,343502.47,2,21,chair,0
0123173_neurosketch,30,2,chair,159,233,1,343502.47,2,21,chair,0
0123173_neurosketch,30,2,chair,159,234,1,343502.47,2,21,chair,0
0123173_neurosketch,30,2,chair,159,235,1,343502.47,2,21,chair,0
0123173_neurosketch,30,2,chair,159,236,1,343502.47,2,21,chair,0
0123173_neurosketch,30,2,chair,159,237,1,343502.47,2,21,chair,0
0123173_neurosketch,30,2,chair,159,238,1,343502.47,2,21,chair,0
0123173_neurosketch,30,2,chair,159,239,1,343502.47,2,21,chair,0
0123173_neurosketch,30,furniture,chair,160,0,-1,0.0,3,21,chair,0
0123173_neurosketch,30,furniture,chair,160,1,-1,0.0,3,21,chair,0
0123173_neurosketch,30,furniture,chair,160,2,-1,0.0,3,21,chair,0
0123173_neurosketch,30,furniture,chair,160,3,-1,0.0,3,21,chair,0
0123173_neurosketch,30,furniture,chair,160,4,-1,0.0,3,21,chair,0
0123173_neurosketch,30,furniture,chair,160,5,-1,0.0,3,21,chair,0
0123173_neurosketch,30,furniture,chair,160,6,-1,0.0,3,21,chair,0
0123173_neurosketch,30,furniture,chair,160,7,-1,0.0,3,21,chair,0
0123173_neurosketch,30,furniture,chair,160,8,1,12002.52,3,21,chair,1
0123173_neurosketch,30,furniture,chair,160,9,1,12002.52,3,21,chair,0
0123173_neurosketch,30,furniture,chair,160,10,1,12002.52,3,21,chair,0
0123173_neurosketch,30,furniture,table,161,11,0,16501.48,3,35,table,1
0123173_neurosketch,30,furniture,table,161,12,0,16501.48,3,35,table,0
0123173_neurosketch,30,furniture,table,161,13,0,16501.48,3,35,table,0
0123173_neurosketch,30,furniture,bed,162,14,1,21001.23,3,4,bed,1
0123173_neurosketch,30,furniture,bed,162,15,1,21001.23,3,4,bed,0
0123173_neurosketch,30,furniture,bench,163,16,0,24002.17,3,31,bench,1
0123173_neurosketch,30,furniture,bench,163,17,0,24002.17,3,31,bench,0
0123173_neurosketch,30,furniture,bench,163,18,0,24002.17,3,31,bench,0
0123173_neurosketch,30,furniture,bench,164,19,0,28504.24,3,30,bench,1
0123173_neurosketch,30,furniture,bench,164,20,0,28504.24,3,30,bench,0
0123173_neurosketch,30,furniture,bed,165,21,1,31501.71,3,14,bed,1
0123173_neurosketch,30,furniture,bed,165,22,1,31501.71,3,14,bed,0
0123173_neurosketch,30,furniture,chair,166,23,1,34503.1,3,4,chair,1
0123173_neurosketch,30,furniture,chair,166,24,1,34503.1,3,4,chair,0
0123173_neurosketch,30,furniture,table,167,25,0,37502.21,3,16,table,1
0123173_neurosketch,30,furniture,table,167,26,0,37502.21,3,16,table,0
0123173_neurosketch,30,furniture,table,168,27,0,40501.74,3,9,table,1
0123173_neurosketch,30,furniture,table,168,28,0,40501.74,3,9,table,0
0123173_neurosketch,30,furniture,table,168,29,0,40501.74,3,9,table,0
0123173_neurosketch,30,2,bed,169,30,1,45001.68,3,32,bed,1
0123173_neurosketch,30,2,bed,169,31,1,45001.68,3,32,bed,0
0123173_neurosketch,30,furniture,bench,170,32,0,48001.57,3,8,bench,1
0123173_neurosketch,30,furniture,bench,170,33,0,48001.57,3,8,bench,0
0123173_neurosketch,30,furniture,chair,171,34,1,51002.54,3,38,chair,1
0123173_neurosketch,30,furniture,chair,171,35,1,51002.54,3,38,chair,0
0123173_neurosketch,30,furniture,chair,171,36,1,51002.54,3,38,chair,0
0123173_neurosketch,30,furniture,chair,171,37,1,51002.54,3,38,chair,0
0123173_neurosketch,30,furniture,bench,172,38,0,57002.27,3,14,bench,1
0123173_neurosketch,30,furniture,bench,172,39,0,57002.27,3,14,bench,0
0123173_neurosketch,30,furniture,bench,172,40,0,57002.27,3,14,bench,0
0123173_neurosketch,30,furniture,bench,172,41,0,57002.27,3,14,bench,0
0123173_neurosketch,30,furniture,table,173,42,0,63002.09,3,23,table,1
0123173_neurosketch,30,furniture,table,173,43,0,63002.09,3,23,table,0
0123173_neurosketch,30,furniture,chair,174,44,1,66001.62,3,22,chair,1
0123173_neurosketch,30,furniture,chair,174,45,1,66001.62,3,22,chair,0
0123173_neurosketch,30,furniture,bed,175,46,1,69001.92,3,21,bed,1
0123173_neurosketch,30,furniture,bed,175,47,1,69001.92,3,21,bed,0
0123173_neurosketch,30,furniture,bench,176,48,0,72002.05,3,19,bench,1
0123173_neurosketch,30,furniture,bench,176,49,0,72002.05,3,19,bench,0
0123173_neurosketch,30,furniture,table,177,50,0,75001.44,3,29,table,1
0123173_neurosketch,30,furniture,table,177,51,0,75001.44,3,29,table,0
0123173_neurosketch,30,furniture,table,177,52,0,75001.44,3,29,table,0
0123173_neurosketch,30,furniture,chair,178,53,1,79502.21,3,14,chair,1
0123173_neurosketch,30,furniture,chair,178,54,1,79502.21,3,14,chair,0
0123173_neurosketch,30,furniture,chair,178,55,1,79502.21,3,14,chair,0
0123173_neurosketch,30,furniture,chair,178,56,1,79502.21,3,14,chair,0
0123173_neurosketch,30,2,bed,179,57,1,85501.77,3,16,bed,1
0123173_neurosketch,30,2,bed,179,58,1,85501.77,3,16,bed,0
0123173_neurosketch,30,2,bed,179,59,1,85501.77,3,16,bed,0
0123173_neurosketch,30,2,bed,179,60,1,85501.77,3,16,bed,0
0123173_neurosketch,30,furniture,bench,180,61,0,91502.27,3,36,bench,1
0123173_neurosketch,30,furniture,bench,180,62,0,91502.27,3,36,bench,0
0123173_neurosketch,30,furniture,bench,180,63,0,91502.27,3,36,bench,0
0123173_neurosketch,30,furniture,bed,181,64,1,96003.44,3,7,bed,1
0123173_neurosketch,30,furniture,bed,181,65,1,96003.44,3,7,bed,0
0123173_neurosketch,30,furniture,bed,181,66,1,96003.44,3,7,bed,0
0123173_neurosketch,30,furniture,bed,181,67,1,96003.44,3,7,bed,0
0123173_neurosketch,30,furniture,chair,182,68,1,102003.2,3,6,chair,1
0123173_neurosketch,30,furniture,chair,182,69,1,102003.2,3,6,chair,0
0123173_neurosketch,30,furniture,chair,182,70,1,102003.2,3,6,chair,0
0123173_neurosketch,30,furniture,table,183,71,0,106503.84,3,15,table,1
0123173_neurosketch,30,furniture,table,183,72,0,106503.84,3,15,table,0
0123173_neurosketch,30,furniture,bed,184,73,1,109501.77,3,12,bed,1
0123173_neurosketch,30,furniture,bed,184,74,1,109501.77,3,12,bed,0
0123173_neurosketch,30,furniture,bed,184,75,1,109501.77,3,12,bed,0
0123173_neurosketch,30,furniture,bed,184,76,1,109501.77,3,12,bed,0
0123173_neurosketch,30,furniture,chair,185,77,1,115502.73,3,9,chair,1
0123173_neurosketch,30,furniture,chair,185,78,1,115502.73,3,9,chair,0
0123173_neurosketch,30,furniture,chair,185,79,1,115502.73,3,9,chair,0
0123173_neurosketch,30,furniture,table,186,80,0,120002.28,3,22,table,1
0123173_neurosketch,30,furniture,table,186,81,0,120002.28,3,22,table,0
0123173_neurosketch,30,furniture,table,186,82,0,120002.28,3,22,table,0
0123173_neurosketch,30,furniture,table,186,83,0,120002.28,3,22,table,0
0123173_neurosketch,30,furniture,bench,187,84,0,126004.36,3,34,bench,1
0123173_neurosketch,30,furniture,bench,187,85,0,126004.36,3,34,bench,0
0123173_neurosketch,30,furniture,bench,187,86,0,126004.36,3,34,bench,0
0123173_neurosketch,30,furniture,chair,188,87,1,130502.72,3,16,chair,1
0123173_neurosketch,30,furniture,chair,188,88,1,130502.72,3,16,chair,0
0123173_neurosketch,30,2,bed,189,89,1,133503.25,3,37,bed,1
0123173_neurosketch,30,2,bed,189,90,1,133503.25,3,37,bed,0
0123173_neurosketch,30,furniture,table,190,91,0,136502.08,3,34,table,1
0123173_neurosketch,30,furniture,table,190,92,0,136502.08,3,34,table,0
0123173_neurosketch,30,furniture,table,190,93,0,136502.08,3,34,table,0
0123173_neurosketch,30,furniture,bench,191,94,0,141002.84,3,1,bench,1
0123173_neurosketch,30,furniture,bench,191,95,0,141002.84,3,1,bench,0
0123173_neurosketch,30,furniture,bench,191,96,0,141002.84,3,1,bench,0
0123173_neurosketch,30,furniture,table,192,97,0,145502.08,3,37,table,1
0123173_neurosketch,30,furniture,table,192,98,0,145502.08,3,37,table,0
0123173_neurosketch,30,furniture,chair,193,99,1,148502.39,3,17,bed,1
0123173_neurosketch,30,furniture,chair,193,100,1,148502.39,3,17,bed,0
0123173_neurosketch,30,furniture,chair,193,101,1,148502.39,3,17,bed,0
0123173_neurosketch,30,furniture,bed,194,102,1,153002.59,3,23,bed,1
0123173_neurosketch,30,furniture,bed,194,103,1,153002.59,3,23,bed,0
0123173_neurosketch,30,furniture,bed,194,104,1,153002.59,3,23,bed,0
0123173_neurosketch,30,furniture,bench,195,105,0,157503.03,3,10,bench,1
0123173_neurosketch,30,furniture,bench,195,106,0,157503.03,3,10,bench,0
0123173_neurosketch,30,furniture,bench,195,107,0,157503.03,3,10,bench,0
0123173_neurosketch,30,furniture,bench,196,108,0,162003.04,3,24,bench,1
0123173_neurosketch,30,furniture,bench,196,109,0,162003.04,3,24,bench,0
0123173_neurosketch,30,furniture,chair,197,110,1,165002.56,3,33,chair,1
0123173_neurosketch,30,furniture,chair,197,111,1,165002.56,3,33,chair,0
0123173_neurosketch,30,furniture,chair,197,112,1,165002.56,3,33,chair,0
0123173_neurosketch,30,furniture,chair,197,113,1,165002.56,3,33,chair,0
0123173_neurosketch,30,furniture,table,198,114,0,171002.97,3,33,table,1
0123173_neurosketch,30,furniture,table,198,115,0,171002.97,3,33,table,0
0123173_neurosketch,30,furniture,table,198,116,0,171002.97,3,33,table,0
0123173_neurosketch,30,2,bed,199,117,1,175502.32,3,27,bed,1
0123173_neurosketch,30,2,bed,199,118,1,175502.32,3,27,bed,0
0123173_neurosketch,30,2,bed,199,119,1,175502.32,3,27,bed,0
0123173_neurosketch,30,furniture,bed,200,120,1,180002.71,3,34,bed,1
0123173_neurosketch,30,furniture,bed,200,121,1,180002.71,3,34,bed,0
0123173_neurosketch,30,furniture,bed,200,122,1,180002.71,3,34,bed,0
0123173_neurosketch,30,furniture,bench,201,123,0,184502.38,3,27,bench,1
0123173_neurosketch,30,furniture,bench,201,124,0,184502.38,3,27,bench,0
0123173_neurosketch,30,furniture,bench,201,125,0,184502.38,3,27,bench,0
0123173_neurosketch,30,furniture,chair,202,126,1,189002.12,3,32,chair,1
0123173_neurosketch,30,furniture,chair,202,127,1,189002.12,3,32,chair,0
0123173_neurosketch,30,furniture,table,203,128,0,192003.45,3,5,table,1
0123173_neurosketch,30,furniture,table,203,129,0,192003.45,3,5,table,0
0123173_neurosketch,30,furniture,table,203,130,0,192003.45,3,5,table,0
0123173_neurosketch,30,furniture,bench,204,131,0,196502.58,3,6,bench,1
0123173_neurosketch,30,furniture,bench,204,132,0,196502.58,3,6,bench,0
0123173_neurosketch,30,furniture,table,205,133,0,199503.1,3,36,table,1
0123173_neurosketch,30,furniture,table,205,134,0,199503.1,3,36,table,0
0123173_neurosketch,30,furniture,chair,206,135,1,202503.04,3,12,chair,1
0123173_neurosketch,30,furniture,chair,206,136,1,202503.04,3,12,chair,0
0123173_neurosketch,30,furniture,bed,207,137,1,205502.69,3,30,bed,1
0123173_neurosketch,30,furniture,bed,207,138,1,205502.69,3,30,bed,0
0123173_neurosketch,30,furniture,chair,208,139,1,208502.74,3,10,chair,1
0123173_neurosketch,30,furniture,chair,208,140,1,208502.74,3,10,chair,0
0123173_neurosketch,30,furniture,chair,208,141,1,208502.74,3,10,chair,0
0123173_neurosketch,30,2,bed,209,142,1,213004.86,3,36,bed,1
0123173_neurosketch,30,2,bed,209,143,1,213004.86,3,36,bed,0
0123173_neurosketch,30,furniture,bench,210,144,0,216002.59,3,20,bench,1
0123173_neurosketch,30,furniture,bench,210,145,0,216002.59,3,20,bench,0
0123173_neurosketch,30,furniture,table,211,146,0,219002.52,3,0,table,1
0123173_neurosketch,30,furniture,table,211,147,0,219002.52,3,0,table,0
0123173_neurosketch,30,furniture,table,211,148,0,219002.52,3,0,table,0
0123173_neurosketch,30,furniture,table,211,149,0,219002.52,3,0,table,0
0123173_neurosketch,30,furniture,chair,212,150,1,225002.45,3,1,chair,1
0123173_neurosketch,30,furniture,chair,212,151,1,225002.45,3,1,chair,0
0123173_neurosketch,30,furniture,chair,212,152,1,225002.45,3,1,chair,0
0123173_neurosketch,30,furniture,chair,212,153,1,225002.45,3,1,chair,0
0123173_neurosketch,30,furniture,bed,213,154,1,231002.62,3,20,bed,1
0123173_neurosketch,30,furniture,bed,213,155,1,231002.62,3,20,bed,0
0123173_neurosketch,30,furniture,bench,214,156,0,234002.68,3,4,bench,1
0123173_neurosketch,30,furniture,bench,214,157,0,234002.68,3,4,bench,0
0123173_neurosketch,30,furniture,table,215,158,0,237003.38,3,28,table,1
0123173_neurosketch,30,furniture,table,215,159,0,237003.38,3,28,table,0
0123173_neurosketch,30,furniture,chair,216,160,1,240002.86,3,25,chair,1
0123173_neurosketch,30,furniture,chair,216,161,1,240002.86,3,25,chair,0
0123173_neurosketch,30,furniture,table,217,162,0,243002.99,3,19,table,1
0123173_neurosketch,30,furniture,table,217,163,0,243002.99,3,19,table,0
0123173_neurosketch,30,furniture,table,217,164,0,243002.99,3,19,table,0
0123173_neurosketch,30,furniture,bench,218,165,0,247503.14,3,9,bench,1
0123173_neurosketch,30,furniture,bench,218,166,0,247503.14,3,9,bench,0
0123173_neurosketch,30,furniture,bench,218,167,0,247503.14,3,9,bench,0
0123173_neurosketch,30,furniture,bench,218,168,0,247503.14,3,9,bench,0
0123173_neurosketch,30,2,bed,219,169,1,253502.62,3,11,bed,1
0123173_neurosketch,30,2,bed,219,170,1,253502.62,3,11,bed,0
0123173_neurosketch,30,2,bed,219,171,1,253502.62,3,11,bed,0
0123173_neurosketch,30,2,bed,219,172,1,253502.62,3,11,bed,0
0123173_neurosketch,30,furniture,table,220,173,0,259503.27,3,6,table,1
0123173_neurosketch,30,furniture,table,220,174,0,259503.27,3,6,table,0
0123173_neurosketch,30,furniture,table,220,175,0,259503.27,3,6,table,0
0123173_neurosketch,30,furniture,chair,221,176,1,264003.07,3,8,chair,1
0123173_neurosketch,30,furniture,chair,221,177,1,264003.07,3,8,chair,0
0123173_neurosketch,30,furniture,chair,221,178,1,264003.07,3,8,chair,0
0123173_neurosketch,30,furniture,chair,221,179,1,264003.07,3,8,chair,0
0123173_neurosketch,30,furniture,bench,222,180,0,270003.63,3,22,bench,1
0123173_neurosketch,30,furniture,bench,222,181,0,270003.63,3,22,bench,0
0123173_neurosketch,30,furniture,bench,222,182,0,270003.63,3,22,bench,0
0123173_neurosketch,30,furniture,bed,223,183,1,274503.2,3,28,bed,1
0123173_neurosketch,30,furniture,bed,223,184,1,274503.2,3,28,bed,0
0123173_neurosketch,30,furniture,bench,224,185,0,277502.71,3,29,bench,1
0123173_neurosketch,30,furniture,bench,224,186,0,277502.71,3,29,bench,0
0123173_neurosketch,30,furniture,bench,224,187,0,277502.71,3,29,bench,0
0123173_neurosketch,30,furniture,bench,224,188,0,277502.71,3,29,bench,0
0123173_neurosketch,30,furniture,bed,225,189,1,283503.09,3,29,bed,1
0123173_neurosketch,30,furniture,bed,225,190,1,283503.09,3,29,bed,0
0123173_neurosketch,30,furniture,bed,225,191,1,283503.09,3,29,bed,0
0123173_neurosketch,30,furniture,chair,226,192,1,288002.87,3,3,chair,1
0123173_neurosketch,30,furniture,chair,226,193,1,288002.87,3,3,chair,0
0123173_neurosketch,30,furniture,chair,226,194,1,288002.87,3,3,chair,0
0123173_neurosketch,30,furniture,chair,226,195,1,288002.87,3,3,chair,0
0123173_neurosketch,30,furniture,table,227,196,0,294002.1,3,20,table,1
0123173_neurosketch,30,furniture,table,227,197,0,294002.1,3,20,table,0
0123173_neurosketch,30,furniture,table,227,198,0,294002.1,3,20,table,0
0123173_neurosketch,30,furniture,bed,228,199,1,298502.89,3,15,bed,1
0123173_neurosketch,30,furniture,bed,228,200,1,298502.89,3,15,bed,0
0123173_neurosketch,30,2,chair,229,201,1,301502.01,3,20,chair,1
0123173_neurosketch,30,2,chair,229,202,1,301502.01,3,20,chair,0
0123173_neurosketch,30,furniture,bench,230,203,0,304503.0,3,25,bench,1
0123173_neurosketch,30,furniture,bench,230,204,0,304503.0,3,25,bench,0
0123173_neurosketch,30,furniture,bench,230,205,0,304503.0,3,25,bench,0
0123173_neurosketch,30,furniture,table,231,206,0,309002.19,3,27,table,1
0123173_neurosketch,30,furniture,table,231,207,0,309002.19,3,27,table,0
0123173_neurosketch,30,furniture,table,231,208,0,309002.19,3,27,table,0
0123173_neurosketch,30,furniture,bed,232,209,1,313502.94,3,25,bed,1
0123173_neurosketch,30,furniture,bed,232,210,1,313502.94,3,25,bed,0
0123173_neurosketch,30,furniture,chair,233,211,1,316502.29,3,37,chair,1
0123173_neurosketch,30,furniture,chair,233,212,1,316502.29,3,37,chair,0
0123173_neurosketch,30,furniture,chair,233,213,1,316502.29,3,37,chair,0
0123173_neurosketch,30,furniture,table,234,214,0,321002.58,3,12,table,1
0123173_neurosketch,30,furniture,table,234,215,0,321002.58,3,12,table,0
0123173_neurosketch,30,furniture,table,234,216,0,321002.58,3,12,table,0
0123173_neurosketch,30,furniture,bench,235,217,0,325502.48,3,37,bench,1
0123173_neurosketch,30,furniture,bench,235,218,0,325502.48,3,37,bench,0
0123173_neurosketch,30,furniture,bench,235,219,0,325502.48,3,37,bench,0
0123173_neurosketch,30,furniture,chair,236,220,1,330003.46,3,28,chair,1
0123173_neurosketch,30,furniture,chair,236,221,1,330003.46,3,28,chair,0
0123173_neurosketch,30,furniture,table,237,222,0,333002.84,3,14,table,1
0123173_neurosketch,30,furniture,table,237,223,0,333002.84,3,14,table,0
0123173_neurosketch,30,furniture,table,237,224,0,333002.84,3,14,table,0
0123173_neurosketch,30,furniture,table,237,225,0,333002.84,3,14,table,0
0123173_neurosketch,30,furniture,bed,238,226,1,339002.7,3,39,bed,1
0123173_neurosketch,30,furniture,bed,238,227,1,339002.7,3,39,bed,0
0123173_neurosketch,30,furniture,bed,238,228,1,339002.7,3,39,bed,0
0123173_neurosketch,30,2,bench,239,229,0,343502.26,3,7,bench,1
0123173_neurosketch,30,2,bench,239,230,0,343502.26,3,7,bench,0
0123173_neurosketch,30,2,bench,239,231,0,343502.26,3,7,bench,0
0123173_neurosketch,30,2,bench,239,232,0,343502.26,3,7,bench,0
0123173_neurosketch,30,2,bench,239,233,0,343502.26,3,7,bench,0
0123173_neurosketch,30,2,bench,239,234,0,343502.26,3,7,bench,0
0123173_neurosketch,30,2,bench,239,235,0,343502.26,3,7,bench,0
0123173_neurosketch,30,2,bench,239,236,0,343502.26,3,7,bench,0
0123173_neurosketch,30,2,bench,239,237,0,343502.26,3,7,bench,0
0123173_neurosketch,30,2,bench,239,238,0,343502.26,3,7,bench,0
0123173_neurosketch,30,2,bench,239,239,0,343502.26,3,7,bench,0
0123173_neurosketch,30,furniture,table,240,0,-1,0.0,4,32,table,0
0123173_neurosketch,30,furniture,table,240,1,-1,0.0,4,32,table,0
0123173_neurosketch,30,furniture,table,240,2,-1,0.0,4,32,table,0
0123173_neurosketch,30,furniture,table,240,3,-1,0.0,4,32,table,0
0123173_neurosketch,30,furniture,table,240,4,-1,0.0,4,32,table,0
0123173_neurosketch,30,furniture,table,240,5,-1,0.0,4,32,table,0
0123173_neurosketch,30,furniture,table,240,6,-1,0.0,4,32,table,0
0123173_neurosketch,30,furniture,table,240,7,-1,0.0,4,32,table,0
0123173_neurosketch,30,furniture,table,240,8,0,12002.41,4,32,table,1
0123173_neurosketch,30,furniture,table,240,9,0,12002.41,4,32,table,0
0123173_neurosketch,30,furniture,table,240,10,0,12002.41,4,32,table,0
0123173_neurosketch,30,furniture,bed,241,11,1,16501.44,4,38,bed,1
0123173_neurosketch,30,furniture,bed,241,12,1,16501.44,4,38,bed,0
0123173_neurosketch,30,furniture,bed,241,13,1,16501.44,4,38,bed,0
0123173_neurosketch,30,furniture,bench,242,14,0,21003.11,4,18,bench,1
0123173_neurosketch,30,furniture,bench,242,15,0,21003.11,4,18,bench,0
0123173_neurosketch,30,furniture,chair,243,16,1,24001.99,4,39,chair,1
0123173_neurosketch,30,furniture,chair,243,17,1,24001.99,4,39,chair,0
0123173_neurosketch,30,furniture,chair,243,18,1,24001.99,4,39,chair,0
0123173_neurosketch,30,furniture,bed,244,19,1,28502.58,4,17,bed,1
0123173_neurosketch,30,furniture,bed,244,20,1,28502.58,4,17,bed,0
0123173_neurosketch,30,furniture,table,245,21,0,31501.3,4,21,,1
0123173_neurosketch,30,furniture,table,245,22,0,31501.3,4,21,,0
0123173_neurosketch,30,furniture,bench,246,23,0,34501.33,4,38,bench,1
0123173_neurosketch,30,furniture,bench,246,24,0,34501.33,4,38,bench,0
0123173_neurosketch,30,furniture,chair,247,25,1,37502.0,4,27,chair,1
0123173_neurosketch,30,furniture,chair,247,26,1,37502.0,4,27,chair,0
0123173_neurosketch,30,furniture,table,248,27,0,40501.87,4,17,table,1
0123173_neurosketch,30,furniture,table,248,28,0,40501.87,4,17,table,0
0123173_neurosketch,30,furniture,table,248,29,0,40501.87,4,17,table,0
0123173_neurosketch,30,2,bed,249,30,1,45001.75,4,0,bed,1
0123173_neurosketch,30,2,bed,249,31,1,45001.75,4,0,bed,0
0123173_neurosketch,30,furniture,bench,250,32,0,48001.4,4,28,bench,1
0123173_neurosketch,30,furniture,bench,250,33,0,48001.4,4,28,bench,0
0123173_neurosketch,30,furniture,chair,251,34,1,51001.41,4,0,chair,1
0123173_neurosketch,30,furniture,chair,251,35,1,51001.41,4,0,chair,0
0123173_neurosketch,30,furniture,chair,251,36,1,51001.41,4,0,chair,0
0123173_neurosketch,30,furniture,chair,251,37,1,51001.41,4,0,chair,0
0123173_neurosketch,30,furniture,table,252,38,0,57002.04,4,7,table,1
0123173_neurosketch,30,furniture,table,252,39,0,57002.04,4,7,table,0
0123173_neurosketch,30,furniture,table,252,40,0,57002.04,4,7,table,0
0123173_neurosketch,30,furniture,table,252,41,0,57002.04,4,7,table,0
0123173_neurosketch,30,furniture,bed,253,42,1,63002.1,4,2,bed,1
0123173_neurosketch,30,furniture,bed,253,43,1,63002.1,4,2,bed,0
0123173_neurosketch,30,furniture,chair,254,44,1,66002.18,4,2,chair,1
0123173_neurosketch,30,furniture,chair,254,45,1,66002.18,4,2,chair,0
0123173_neurosketch,30,furniture,bench,255,46,0,69001.66,4,3,bench,1
0123173_neurosketch,30,furniture,bench,255,47,0,69001.66,4,3,bench,0
0123173_neurosketch,30,furniture,table,256,48,0,72002.41,4,26,table,1
0123173_neurosketch,30,furniture,table,256,49,0,72002.41,4,26,table,0
0123173_neurosketch,30,furniture,bed,257,50,1,75002.51,4,8,bed,1
0123173_neurosketch,30,furniture,bed,257,51,1,75002.51,4,8,bed,0
0123173_neurosketch,30,furniture,bed,257,52,1,75002.51,4,8,bed,0
0123173_neurosketch,30,furniture,bench,258,53,0,79501.95,4,5,bench,1
0123173_neurosketch,30,furniture,bench,258,54,0,79501.95,4,5,bench,0
0123173_neurosketch,30,furniture,bench,258,55,0,79501.95,4,5,bench,0
0123173_neurosketch,30,furniture,bench,258,56,0,79501.95,4,5,bench,0
0123173_neurosketch,30,2,chair,259,57,1,85501.67,4,7,chair,1
0123173_neurosketch,30,2,chair,259,58,1,85501.67,4,7,chair,0
0123173_neurosketch,30,2,chair,259,59,1,85501.67,4,7,chair,0
0123173_neurosketch,30,2,chair,259,60,1,85501.67,4,7,chair,0
0123173_neurosketch,30,furniture,bed,260,61,1,91502.68,4,26,bed,1
0123173_neurosketch,30,furniture,bed,260,62,1,91502.68,4,26,bed,0
0123173_neurosketch,30,furniture,bed,260,63,1,91502.68,4,26,bed,0
0123173_neurosketch,30,furniture,chair,261,64,1,96003.75,4,30,chair,1
0123173_neurosketch,30,furniture,chair,261,65,1,96003.75,4,30,chair,0
0123173_neurosketch,30,furniture,chair,261,66,1,96003.75,4,30,chair,0
0123173_neurosketch,30,furniture,chair,261,67,1,96003.75,4,30,chair,0
0123173_neurosketch,30,furniture,table,262,68,0,102002.95,4,1,table,1
0123173_neurosketch,30,furniture,table,262,69,0,102002.95,4,1,table,0
0123173_neurosketch,30,furniture,table,262,70,0,102002.95,4,1,table,0
0123173_neurosketch,30,furniture,bench,263,71,0,106503.23,4,23,bench,1
0123173_neurosketch,30,furniture,bench,263,72,0,106503.23,4,23,bench,0
0123173_neurosketch,30,furniture,bench,264,73,0,109502.24,4,0,bench,1
0123173_neurosketch,30,furniture,bench,264,74,0,109502.24,4,0,bench,0
0123173_neurosketch,30,furniture,bench,264,75,0,109502.24,4,0,bench,0
0123173_neurosketch,30,furniture,bench,264,76,0,109502.24,4,0,bench,0
0123173_neurosketch,30,furniture,chair,265,77,1,115504.03,4,36,chair,1
0123173_neurosketch,30,furniture,chair,265,78,1,115504.03,4,36,chair,0
0123173_neurosketch,30,furniture,chair,265,79,1,115504.03,4,36,chair,0
0123173_neurosketch,30,furniture,table,266,80,0,120004.18,4,3,table,1
0123173_neurosketch,30,furniture,table,266,81,0,120004.18,4,3,table,0
0123173_neurosketch,30,furniture,table,266,82,0,120004.18,4,3,table,0
0123173_neurosketch,30,furniture,table,266,83,0,120004.18,4,3,table,0
0123173_neurosketch,30,furniture,bed,267,84,1,126002.2,4,3,bed,1
0123173_neurosketch,30,furniture,bed,267,85,1,126002.2,4,3,bed,0
0123173_neurosketch,30,furniture,bed,267,86,1,126002.2,4,3,bed,0
0123173_neurosketch,30,furniture,chair,268,87,1,130501.96,4,5,chair,1
0123173_neurosketch,30,furniture,chair,268,88,1,130501.96,4,5,chair,0
0123173_neurosketch,30,2,table,269,89,0,133502.06,4,11,table,1
0123173_neurosketch,30,2,table,269,90,0,133502.06,4,11,table,0
0123173_neurosketch,30,furniture,bed,270,91,1,136502.98,4,35,bed,1
0123173_neurosketch,30,furniture,bed,270,92,1,136502.98,4,35,bed,0
0123173_neurosketch,30,furniture,bed,270,93,1,136502.98,4,35,bed,0
0123173_neurosketch,30,furniture,bench,271,94,0,141002.97,4,13,bench,1
0123173_neurosketch,30,furniture,bench,271,95,0,141002.97,4,13,bench,0
0123173_neurosketch,30,furniture,bench,271,96,0,141002.97,4,13,bench,0
0123173_neurosketch,30,furniture,bench,272,97,0,145502.21,4,21,bench,1
0123173_neurosketch,30,furniture,bench,272,98,0,145502.21,4,21,bench,0
0123173_neurosketch,30,furniture,chair,273,99,1,148502.89,4,26,chair,1
0123173_neurosketch,30,furniture,chair,273,100,1,148502.89,4,26,chair,0
0123173_neurosketch,30,furniture,chair,273,101,1,148502.89,4,26,chair,0
0123173_neurosketch,30,furniture,bed,274,102,1,153002.91,4,5,bed,1
0123173_neurosketch,30,furniture,bed,274,103,1,153002.91,4,5,bed,0
0123173_neurosketch,30,furniture,bed,274,104,1,153002.91,4,5,bed,0
0123173_neurosketch,30,furniture,table,275,105,0,157502.21,4,39,table,1
0123173_neurosketch,30,furniture,table,275,106,0,157502.21,4,39,table,0
0123173_neurosketch,30,furniture,table,275,107,0,157502.21,4,39,table,0
0123173_neurosketch,30,furniture,chair,276,108,1,162002.27,4,15,chair,1
0123173_neurosketch,30,furniture,chair,276,109,1,162002.27,4,15,chair,0
0123173_neurosketch,30,furniture,bed,277,110,1,165002.72,4,10,bed,1
0123173_neurosketch,30,furniture,bed,277,111,1,165002.72,4,10,bed,0
0123173_neurosketch,30,furniture,bed,277,112,1,165002.72,4,10,bed,0
0123173_neurosketch,30,furniture,bed,277,113,1,165002.72,4,10,bed,0
0123173_neurosketch,30,furniture,table,278,114,0,171002.6,4,2,table,1
0123173_neurosketch,30,furniture,table,278,115,0,171002.6,4,2,table,0
0123173_neurosketch,30,furniture,table,278,116,0,171002.6,4,2,table,0
0123173_neurosketch,30,2,bench,279,117,0,175502.82,4,15,bench,1
0123173_neurosketch,30,2,bench,279,118,0,175502.82,4,15,bench,0
0123173_neurosketch,30,2,bench,279,119,0,175502.82,4,15,bench,0
0123173_neurosketch,30,furniture,bed,280,120,1,180004.69,4,1,bed,1
0123173_neurosketch,30,furniture,bed,280,121,1,180004.69,4,1,bed,0
0123173_neurosketch,30,furniture,bed,280,122,1,180004.69,4,1,bed,0
0123173_neurosketch,30,furniture,bench,281,123,0,184502.9,4,11,bench,1
0123173_neurosketch,30,furniture,bench,281,124,0,184502.9,4,11,bench,0
0123173_neurosketch,30,furniture,bench,281,125,0,184502.9,4,11,bench,0
0123173_neurosketch,30,furniture,table,282,126,0,189004.5,4,8,table,1
0123173_neurosketch,30,furniture,table,282,127,0,189004.5,4,8,table,0
0123173_neurosketch,30,furniture,chair,283,128,1,192002.66,4,35,chair,1
0123173_neurosketch,30,furniture,chair,283,129,1,192002.66,4,35,chair,0
0123173_neurosketch,30,furniture,chair,283,130,1,192002.66,4,35,chair,0
0123173_neurosketch,30,furniture,bench,284,131,0,196502.97,4,16,bench,1
0123173_neurosketch,30,furniture,bench,284,132,0,196502.97,4,16,bench,0
0123173_neurosketch,30,furniture,table,285,133,0,199502.13,4,13,table,1
0123173_neurosketch,30,furniture,table,285,134,0,199502.13,4,13,table,0
0123173_neurosketch,30,furniture,chair,286,135,1,202503.43,4,24,chair,1
0123173_neurosketch,30,furniture,chair,286,136,1,202503.43,4,24,chair,0
0123173_neurosketch,30,furniture,bed,287,137,1,205502.77,4,22,bed,1
0123173_neurosketch,30,furniture,bed,287,138,1,205502.77,4,22,bed,0
0123173_neurosketch,30,furniture,table,288,139,0,208502.93,4,18,table,1
0123173_neurosketch,30,furniture,table,288,140,0,208502.93,4,18,table,0
0123173_neurosketch,30,furniture,table,288,141,0,208502.93,4,18,table,0
0123173_neurosketch,30,2,bed,289,142,1,213002.2,4,24,bed,1
0123173_neurosketch,30,2,bed,289,143,1,213002.2,4,24,bed,0
0123173_neurosketch,30,furniture,bench,290,144,0,216004.58,4,39,bench,1
0123173_neurosketch,30,furniture,bench,290,145,0,216004.58,4,39,bench,0
0123173_neurosketch,30,furniture,chair,291,146,1,219002.47,4,11,chair,1
0123173_neurosketch,30,furniture,chair,291,147,1,219002.47,4,11,chair,0
0123173_neurosketch,30,furniture,chair,291,148,1,219002.47,4,11,chair,0
0123173_neurosketch,30,furniture,chair,291,149,1,219002.47,4,11,chair,0
0123173_neurosketch,30,furniture,bench,292,150,0,225003.6,4,2,bench,1
0123173_neurosketch,30,furniture,bench,292,151,0,225003.6,4,2,bench,0
0123173_neurosketch,30,furniture,bench,292,152,0,225003.6,4,2,bench,0
0123173_neurosketch,30,furniture,bench,292,153,0,225003.6,4,2,bench,0
0123173_neurosketch,30,furniture,bed,293,154,1,231002.76,4,13,bed,1
0123173_neurosketch,30,furniture,bed,293,155,1,231002.76,4,13,bed,0
0123173_neurosketch,30,furniture,chair,294,156,1,234004.14,4,31,chair,1
0123173_neurosketch,30,furniture,chair,294,157,1,234004.14,4,31,chair,0
0123173_neurosketch,30,furniture,table,295,158,0,237002.53,4,31,table,1
0123173_neurosketch,30,furniture,table,295,159,0,237002.53,4,31,table,0
0123173_neurosketch,30,furniture,bench,296,160,0,240002.68,4,33,bench,1
0123173_neurosketch,30,furniture,bench,296,161,0,240002.68,4,33,bench,0
0123173_neurosketch,30,furniture,table,297,162,0,243003.01,4,4,table,1
0123173_neurosketch,30,furniture,table,297,163,0,243003.01,4,4,table,0
0123173_neurosketch,30,furniture,table,297,164,0,243003.01,4,4,table,0
0123173_neurosketch,30,furniture,chair,298,165,1,247502.04,4,18,chair,1
0123173_neurosketch,30,furniture,chair,298,166,1,247502.04,4,18,chair,0
0123173_neurosketch,30,furniture,chair,298,167,1,247502.04,4,18,chair,0
0123173_neurosketch,30,furniture,chair,298,168,1,247502.04,4,18,chair,0
0123173_neurosketch,30,2,bed,299,169,1,253502.18,4,31,bed,1
0123173_neurosketch,30,2,bed,299,170,1,253502.18,4,31,bed,0
0123173_neurosketch,30,2,bed,299,171,1,253502.18,4,31,bed,0
0123173_neurosketch,30,2,bed,299,172,1,253502.18,4,31,bed,0
0123173_neurosketch,30,furniture,chair,300,173,1,259502.48,4,34,chair,1
0123173_neurosketch,30,furniture,chair,300,174,1,259502.48,4,34,chair,0
0123173_neurosketch,30,furniture,chair,300,175,1,259502.48,4,34,chair,0
0123173_neurosketch,30,furniture,bench,301,176,0,264003.94,4,32,bench,1
0123173_neurosketch,30,furniture,bench,301,177,0,264003.94,4,32,bench,0
0123173_neurosketch,30,furniture,bench,301,178,0,264003.94,4,32,bench,0
0123173_neurosketch,30,furniture,bench,301,179,0,264003.94,4,32,bench,0
0123173_neurosketch,30,furniture,bed,302,180,1,270002.51,4,19,bed,1
0123173_neurosketch,30,furniture,bed,302,181,1,270002.51,4,19,bed,0
0123173_neurosketch,30,furniture,bed,302,182,1,270002.51,4,19,bed,0
0123173_neurosketch,30,furniture,table,303,183,0,274503.45,4,10,table,1
0123173_neurosketch,30,furniture,table,303,184,0,274503.45,4,10,table,0
0123173_neurosketch,30,furniture,chair,304,185,1,277502.34,4,23,chair,1
0123173_neurosketch,30,furniture,chair,304,186,1,277502.34,4,23,chair,0
0123173_neurosketch,30,furniture,chair,304,187,1,277502.34,4,23,chair,0
0123173_neurosketch,30,furniture,chair,304,188,1,277502.34,4,23,chair,0
0123173_neurosketch,30,furniture,bench,305,189,0,283504.56,4,12,bench,1
0123173_neurosketch,30,furniture,bench,305,190,0,283504.56,4,12,bench,0
0123173_neurosketch,30,furniture,bench,305,191,0,283504.56,4,12,bench,0
0123173_neurosketch,30,furniture,bed,306,192,1,288004.38,4,9,bed,1
0123173_neurosketch,30,furniture,bed,306,193,1,288004.38,4,9,bed,0
0123173_neurosketch,30,furniture,bed,306,194,1,288004.38,4,9,bed,0
0123173_neurosketch,30,furniture,bed,306,195,1,288004.38,4,9,bed,0
0123173_neurosketch,30,furniture,table,307,196,0,294002.86,4,38,table,1
0123173_neurosketch,30,furniture,table,307,197,0,294002.86,4,38,table,0
0123173_neurosketch,30,furniture,table,307,198,0,294002.86,4,38,table,0
0123173_neurosketch,30,furniture,chair,308,199,1,298502.66,4,29,chair,1
0123173_neurosketch,30,furniture,chair,308,200,1,298502.66,4,29,chair,0
0123173_neurosketch,30,2,bed,309,201,1,301502.73,4,33,bed,1
0123173_neurosketch,30,2,bed,309,202,1,301502.73,4,33,bed,0
0123173_neurosketch,30,furniture,table,310,203,0,304502.75,4,30,table,1
0123173_neurosketch,30,furniture,table,310,204,0,304502.75,4,30,table,0
0123173_neurosketch,30,furniture,table,310,205,0,304502.75,4,30,table,0
0123173_neurosketch,30,furniture,bench,311,206,0,309002.77,4,26,bench,1
0123173_neurosketch,30,furniture,bench,311,207,0,309002.77,4,26,bench,0
0123173_neurosketch,30,furniture,bench,311,208,0,309002.77,4,26,bench,0
0123173_neurosketch,30,furniture,bed,312,209,1,313502.19,4,6,bed,1
0123173_neurosketch,30,furniture,bed,312,210,1,313502.19,4,6,bed,0
0123173_neurosketch,30,furniture,bench,313,211,0,316502.6,4,17,bench,1
0123173_neurosketch,30,furniture,bench,313,212,0,316502.6,4,17,bench,0
0123173_neurosketch,30,furniture,bench,313,213,0,316502.6,4,17,bench,0
0123173_neurosketch,30,furniture,table,314,214,0,321002.98,4,24,table,1
0123173_neurosketch,30,furniture,table,314,215,0,321002.98,4,24,table,0
0123173_neurosketch,30,furniture,table,314,216,0,321002.98,4,24,table,0
0123173_neurosketch,30,furniture,chair,315,217,1,325502.12,4,13,chair,1
0123173_neurosketch,30,furniture,chair,315,218,1,325502.12,4,13,chair,0
0123173_neurosketch,30,furniture,chair,315,219,1,325502.12,4,13,chair,0
0123173_neurosketch,30,furniture,chair,316,220,1,330002.81,4,19,chair,1
0123173_neurosketch,30,furniture,chair,316,221,1,330002.81,4,19,chair,0
0123173_neurosketch,30,furniture,bed,317,222,1,333002.32,4,18,bed,1
0123173_neurosketch,30,furniture,bed,317,223,1,333002.32,4,18,bed,0
0123173_neurosketch,30,furniture,bed,317,224,1,333002.32,4,18,bed,0
0123173_neurosketch,30,furniture,bed,317,225,1,333002.32,4,18,bed,0
0123173_neurosketch,30,furniture,bench,318,226,0,339002.92,4,35,bench,1
0123173_neurosketch,30,furniture,bench,318,227,0,339002.92,4,35,bench,0
0123173_neurosketch,30,furniture,bench,318,228,0,339002.92,4,35,bench,0
0123173_neurosketch,30,2,table,319,229,0,343502.2,4,25,table,1
0123173_neurosketch,30,2,table,319,230,0,343502.2,4,25,table,0
0123173_neurosketch,30,2,table,319,231,0,343502.2,4,25,table,0
0123173_neurosketch,30,2,table,319,232,0,343502.2,4,25,table,0
0123173_neurosketch,30,2,table,319,233,0,343502.2,4,25,table,0
0123173_neurosketch,30,2,table,319,234,0,343502.2,4,25,table,0
0123173_neurosketch,30,2,table,319,235,0,343502.2,4,25,table,0
0123173_neurosketch,30,2,table,319,236,0,343502.2,4,25,table,0
0123173_neurosketch,30,2,table,319,237,0,343502.2,4,25,table,0
0123173_neurosketch,30,2,table,319,238,0,343502.2,4,25,table,0
0123173_neurosketch,30,2,table,319,239,0,343502.2,4,25,table,0
0123173_neurosketch,30,furniture,table,360,0,-1,0.0,9,25,,0
0123173_neurosketch,30,furniture,table,360,1,-1,0.0,9,25,,0
0123173_neurosketch,30,furniture,table,360,2,-1,0.0,9,25,,0
0123173_neurosketch,30,furniture,table,360,3,-1,0.0,9,25,,0
0123173_neurosketch,30,furniture,table,360,4,-1,0.0,9,25,,0
0123173_neurosketch,30,furniture,table,360,5,-1,0.0,9,25,,0
0123173_neurosketch,30,furniture,table,360,6,-1,0.0,9,25,,0
0123173_neurosketch,30,furniture,table,360,7,-1,0.0,9,25,,0
0123173_neurosketch,30,furniture,table,360,8,0,12003.61,9,25,,1
0123173_neurosketch,30,furniture,table,360,9,0,12003.61,9,25,,0
0123173_neurosketch,30,furniture,table,360,10,0,12003.61,9,25,,0
0123173_neurosketch,30,furniture,bench,361,11,0,16503.06,9,35,bench,1
0123173_neurosketch,30,furniture,bench,361,12,0,16503.06,9,35,bench,0
0123173_neurosketch,30,furniture,bench,361,13,0,16503.06,9,35,bench,0
0123173_neurosketch,30,furniture,bed,362,14,1,21003.8,9,18,bed,1
0123173_neurosketch,30,furniture,bed,362,15,1,21003.8,9,18,bed,0
0123173_neurosketch,30,furniture,chair,363,16,1,24002.36,9,19,chair,1
0123173_neurosketch,30,furniture,chair,363,17,1,24002.36,9,19,chair,0
0123173_neurosketch,30,furniture,chair,363,18,1,24002.36,9,19,chair,0
0123173_neurosketch,30,furniture,chair,364,19,1,28503.75,9,13,chair,1
0123173_neurosketch,30,furniture,chair,364,20,1,28503.75,9,13,chair,0
0123173_neurosketch,30,furniture,table,365,21,0,31502.2,9,24,table,1
0123173_neurosketch,30,furniture,table,365,22,0,31502.2,9,24,table,0
0123173_neurosketch,30,furniture,bench,366,23,0,34501.91,9,17,bench,1
0123173_neurosketch,30,furniture,bench,366,24,0,34501.91,9,17,bench,0
0123173_neurosketch,30,furniture,bed,367,25,1,37502.32,9,6,,1
0123173_neurosketch,30,furniture,bed,367,26,1,37502.32,9,6,,0
0123173_neurosketch,30,furniture,bench,368,27,0,40501.57,9,26,bench,1
0123173_neurosketch,30,furniture,bench,368,28,0,40501.57,9,26,bench,0
0123173_neurosketch,30,furniture,bench,368,29,0,40501.57,9,26,bench,0
0123173_neurosketch,30,2,table,369,30,0,45002.46,9,30,table,1
0123173_neurosketch,30,2,table,369,31,0,45002.46,9,30,table,0
0123173_neurosketch,30,furniture,bed,370,32,1,48001.83,9,33,bed,1
0123173_neurosketch,30,furniture,bed,370,33,1,48001.83,9,33,bed,0
0123173_neurosketch,30,furniture,chair,371,34,1,51002.2,9,29,bed,1
0123173_neurosketch,30,furniture,chair,371,35,1,51002.2,9,29,bed,0
0123173_neurosketch,30,furniture,chair,371,36,1,51002.2,9,29,bed,0
0123173_neurosketch,30,furniture,chair,371,37,1,51002.2,9,29,bed,0
0123173_neurosketch,30,furniture,table,372,38,0,57002.35,9,38,table,1
0123173_neurosketch,30,furniture,table,372,39,0,57002.35,9,38,table,0
0123173_neurosketch,30,furniture,table,372,40,0,57002.35,9,38,table,0
0123173_neurosketch,30,furniture,table,372,41,0,57002.35,9,38,table,0
0123173_neurosketch,30,furniture,bed,373,42,1,63001.91,9,9,bed,1
0123173_neurosketch,30,furniture,bed,373,43,1,63001.91,9,9,bed,0
0123173_neurosketch,30,furniture,bench,374,44,0,66002.57,9,12,bench,1
0123173_neurosketch,30,furniture,bench,374,45,0,66002.57,9,12,bench,0
0123173_neurosketch,30,furniture,chair,375,46,1,69003.71,9,23,chair,1
0123173_neurosketch,30,furniture,chair,375,47,1,69003.71,9,23,chair,0
0123173_neurosketch,30,furniture,table,376,48,0,72002.25,9,10,table,1
0123173_neurosketch,30,furniture,table,376,49,0,72002.25,9,10,table,0
0123173_neurosketch,30,furniture,bed,377,50,1,75002.18,9,19,bed,1
0123173_neurosketch,30,furniture,bed,377,51,1,75002.18,9,19,bed,0
0123173_neurosketch,30,furniture,bed,377,52,1,75002.18,9,19,bed,0
0123173_neurosketch,30,furniture,bench,378,53,0,79501.8,9,32,bench,1
0123173_neurosketch,30,furniture,bench,378,54,0,79501.8,9,32,bench,0
0123173_neurosketch,30,furniture,bench,378,55,0,79501.8,9,32,bench,0
0123173_neurosketch,30,furniture,bench,378,56,0,79501.8,9,32,bench,0
0123173_neurosketch,30,2,chair,379,57,1,85502.62,9,34,chair,1
0123173_neurosketch,30,2,chair,379,58,1,85502.62,9,34,chair,0
0123173_neurosketch,30,2,chair,379,59,1,85502.62,9,34,chair,0
0123173_neurosketch,30,2,chair,379,60,1,85502.62,9,34,chair,0
0123173_neurosketch,30,furniture,bed,380,61,1,91502.55,9,31,bed,1
0123173_neurosketch,30,furniture,bed,380,62,1,91502.55,9,31,bed,0
0123173_neurosketch,30,furniture,bed,380,63,1,91502.55,9,31,bed,0
0123173_neurosketch,30,furniture,chair,381,64,1,96002.79,9,18,chair,1
0123173_neurosketch,30,furniture,chair,381,65,1,96002.79,9,18,chair,0
0123173_neurosketch,30,furniture,chair,381,66,1,96002.79,9,18,chair,0
0123173_neurosketch,30,furniture,chair,381,67,1,96002.79,9,18,chair,0
0123173_neurosketch,30,furniture,table,382,68,0,102001.94,9,4,table,1
0123173_neurosketch,30,furniture,table,382,69,0,102001.94,9,4,table,0
0123173_neurosketch,30,furniture,table,382,70,0,102001.94,9,4,table,0
0123173_neurosketch,30,furniture,bench,383,71,0,106502.2,9,33,bench,1
0123173_neurosketch,30,furniture,bench,383,72,0,106502.2,9,33,bench,0
0123173_neurosketch,30,furniture,table,384,73,0,109505.21,9,31,table,1
0123173_neurosketch,30,furniture,table,384,74,0,109505.21,9,31,table,0
0123173_neurosketch,30,furniture,table,384,75,0,109505.21,9,31,table,0
0123173_neurosketch,30,furniture,table,384,76,0,109505.21,9,31,table,0
0123173_neurosketch,30,furniture,chair,385,77,1,115502.36,9,31,chair,1
0123173_neurosketch,30,furniture,chair,385,78,1,115502.36,9,31,chair,0
0123173_neurosketch,30,furniture,chair,385,79,1,115502.36,9,31,chair,0
0123173_neurosketch,30,furniture,bed,386,80,1,120002.28,9,13,bed,1
0123173_neurosketch,30,furniture,bed,386,81,1,120002.28,9,13,bed,0
0123173_neurosketch,30,furniture,bed,386,82,1,120002.28,9,13,bed,0
0123173_neurosketch,30,furniture,bed,386,83,1,120002.28,9,13,bed,0
0123173_neurosketch,30,furniture,bench,387,84,0,126002.7,9,2,bench,1
0123173_neurosketch,30,furniture,bench,387,85,0,126002.7,9,2,bench,0
0123173_neurosketch,30,furniture,bench,387,86,0,126002.7,9,2,bench,0
0123173_neurosketch,30,furniture,chair,388,87,1,130503.11,9,11,chair,1
0123173_neurosketch,30,furniture,chair,388,88,1,130503.11,9,11,chair,0
0123173_neurosketch,30,2,bench,389,89,0,133502.37,9,39,bench,1
0123173_neurosketch,30,2,bench,389,90,0,133502.37,9,39,bench,0
0123173_neurosketch,30,furniture,bed,390,91,1,136502.93,9,24,bed,1
0123173_neurosketch,30,furniture,bed,390,92,1,136502.93,9,24,bed,0
0123173_neurosketch,30,furniture,bed,390,93,1,136502.93,9,24,bed,0
0123173_neurosketch,30,furniture,table,391,94,0,141002.57,9,18,table,1
0123173_neurosketch,30,furniture,table,391,95,0,141002.57,9,18,table,0
0123173_neurosketch,30,furniture,table,391,96,0,141002.57,9,18,table,0
0123173_neurosketch,30,furniture,bed,392,97,1,145502.97,9,22,bed,1
0123173_neurosketch,30,furniture,bed,392,98,1,145502.97,9,22,bed,0
0123173_neurosketch,30,furniture,chair,393,99,1,148504.71,9,24,chair,1
0123173_neurosketch,30,furniture,chair,393,100,1,148504.71,9,24,chair,0
0123173_neurosketch,30,furniture,chair,393,101,1,148504.71,9,24,chair,0
0123173_neurosketch,30,furniture,table,394,102,0,153003.35,9,13,table,1
0123173_neurosketch,30,furniture,table,394,103,0,153003.35,9,13,table,0
0123173_neurosketch,30,furniture,table,394,104,0,153003.35,9,13,table,0
0123173_neurosketch,30,furniture,bench,395,105,0,157502.86,9,16,bench,1
0123173_neurosketch,30,furniture,bench,395,106,0,157502.86,9,16,bench,0
0123173_neurosketch,30,furniture,bench,395,107,0,157502.86,9,16,bench,0
0123173_neurosketch,30,furniture,chair,396,108,1,162002.5,9,35,chair,1
0123173_neurosketch,30,furniture,chair,396,109,1,162002.5,9,35,chair,0
0123173_neurosketch,30,furniture,table,397,110,0,165004.33,9,8,,1
0123173_neurosketch,30,furniture,table,397,111,0,165004.33,9,8,,0
0123173_neurosketch,30,furniture,table,397,112,0,165004.33,9,8,,0
0123173_neurosketch,30,furniture,table,397,113,0,165004.33,9,8,,0
0123173_neurosketch,30,furniture,bench,398,114,0,171002.23,9,11,bench,1
0123173_neurosketch,30,furniture,bench,398,115,0,171002.23,9,11,bench,0
0123173_neurosketch,30,furniture,bench,398,116,0,171002.23,9,11,bench,0
0123173_neurosketch,30,2,bed,399,117,1,175502.88,9,1,bed,1
0123173_neurosketch,30,2,bed,399,118,1,175502.88,9,1,bed,0
0123173_neurosketch,30,2,bed,399,119,1,175502.88,9,1,bed,0
0123173_neurosketch,30,furniture,bench,400,120,0,180002.46,9,15,bench,1
0123173_neurosketch,30,furniture,bench,400,121,0,180002.46,9,15,bench,0
0123173_neurosketch,30,furniture,bench,400,122,0,180002.46,9,15,bench,0
0123173_neurosketch,30,furniture,table,401,123,0,184502.84,9,2,table,1
0123173_neurosketch,30,furniture,table,401,124,0,184502.84,9,2,table,0
0123173_neurosketch,30,furniture,table,401,125,0,184502.84,9,2,table,0
0123173_neurosketch,30,furniture,bed,402,126,1,189002.66,9,10,bed,1
0123173_neurosketch,30,furniture,bed,402,127,1,189002.66,9,10,bed,0
0123173_neurosketch,30,furniture,chair,403,128,1,192001.94,9,15,chair,1
0123173_neurosketch,30,furniture,chair,403,129,1,192001.94,9,15,chair,0
0123173_neurosketch,30,furniture,chair,403,130,1,192001.94,9,15,chair,0
0123173_neurosketch,30,furniture,table,404,131,0,196502.56,9,39,table,1
0123173_neurosketch,30,furniture,table,404,132,0,196502.56,9,39,table,0
0123173_neurosketch,30,furniture,bed,405,133,1,199502.26,9,5,bed,1
0123173_neurosketch,30,furniture,bed,405,134,1,199502.26,9,5,bed,0
0123173_neurosketch,30,furniture,chair,406,135,1,202502.85,9,26,chair,1
0123173_neurosketch,30,furniture,chair,406,136,1,202502.85,9,26,chair,0
0123173_neurosketch,30,furniture,bench,407,137,0,205502.33,9,21,bench,1
0123173_neurosketch,30,furniture,bench,407,138,0,205502.33,9,21,bench,0
0123173_neurosketch,30,furniture,bench,408,139,0,208502.91,9,13,bench,1
0123173_neurosketch,30,furniture,bench,408,140,0,208502.91,9,13,bench,0
0123173_neurosketch,30,furniture,bench,408,141,0,208502.91,9,13,bench,0
0123173_neurosketch,30,2,bed,409,142,1,213002.6,9,35,bed,1
0123173_neurosketch,30,2,bed,409,143,1,213002.6,9,35,bed,0
0123173_neurosketch,30,furniture,table,410,144,0,216003.04,9,11,table,1
0123173_neurosketch,30,furniture,table,410,145,0,216003.04,9,11,table,0
0123173_neurosketch,30,furniture,chair,411,146,1,219002.97,9,5,chair,1
0123173_neurosketch,30,furniture,chair,411,147,1,219002.97,9,5,chair,0
0123173_neurosketch,30,furniture,chair,411,148,1,219002.97,9,5,chair,0
0123173_neurosketch,30,furniture,chair,411,149,1,219002.97,9,5,chair,0
0123173_neurosketch,30,furniture,bed,412,150,1,225002.7,9,3,bed,1
0123173_neurosketch,30,furniture,bed,412,151,1,225002.7,9,3,bed,0
0123173_neurosketch,30,furniture,bed,412,152,1,225002.7,9,3,bed,0
0123173_neurosketch,30,furniture,bed,412,153,1,225002.7,9,3,bed,0
0123173_neurosketch,30,furniture,table,413,154,0,231003.33,9,3,table,1
0123173_neurosketch,30,furniture,table,413,155,0,231003.33,9,3,table,0
0123173_neurosketch,30,furniture,chair,414,156,1,234003.06,9,36,chair,1
0123173_neurosketch,30,furniture,chair,414,157,1,234003.06,9,36,chair,0
0123173_neurosketch,30,furniture,bench,415,158,0,237002.43,9,0,bench,1
0123173_neurosketch,30,furniture,bench,415,159,0,237002.43,9,0,bench,0
0123173_neurosketch,30,furniture,bench,416,160,0,240002.88,9,23,bench,1
0123173_neurosketch,30,furniture,bench,416,161,0,240002.88,9,23,bench,0
0123173_neurosketch,30,furniture,table,417,162,0,243004.3,9,1,table,1
0123173_neurosketch,30,furniture,table,417,163,0,243004.3,9,1,table,0
0123173_neurosketch,30,furniture,table,417,164,0,243004.3,9,1,table,0
0123173_neurosketch,30,furniture,chair,418,165,1,247502.97,9,30,chair,1
0123173_neurosketch,30,furniture,chair,418,166,1,247502.97,9,30,chair,0
0123173_neurosketch,30,furniture,chair,418,167,1,247502.97,9,30,chair,0
0123173_neurosketch,30,furniture,chair,418,168,1,247502.97,9,30,chair,0
0123173_neurosketch,30,2,bed,419,169,1,253502.57,9,26,bed,1
0123173_neurosketch,30,2,bed,419,170,1,253502.57,9,26,bed,0
0123173_neurosketch,30,2,bed,419,171,1,253502.57,9,26,bed,0
0123173_neurosketch,30,2,bed,419,172,1,253502.57,9,26,bed,0
0123173_neurosketch,30,furniture,chair,420,173,1,259502.13,9,7,chair,1
0123173_neurosketch,30,furniture,chair,420,174,1,259502.13,9,7,chair,0
0123173_neurosketch,30,furniture,chair,420,175,1,259502.13,9,7,chair,0
0123173_neurosketch,30,furniture,bench,421,176,0,264002.73,9,5,bench,1
0123173_neurosketch,30,furniture,bench,421,177,0,264002.73,9,5,bench,0
0123173_neurosketch,30,furniture,bench,421,178,0,264002.73,9,5,bench,0
0123173_neurosketch,30,furniture,bench,421,179,0,264002.73,9,5,bench,0
0123173_neurosketch,30,furniture,bed,422,180,1,270002.72,9,8,bed,1
0123173_neurosketch,30,furniture,bed,422,181,1,270002.72,9,8,bed,0
0123173_neurosketch,30,furniture,bed,422,182,1,270002.72,9,8,bed,0
0123173_neurosketch,30,furniture,table,423,183,0,274503.05,9,26,table,1
0123173_neurosketch,30,furniture,table,423,184,0,274503.05,9,26,table,0
0123173_neurosketch,30,furniture,bench,424,185,0,277502.66,9,3,bench,1
0123173_neurosketch,30,furniture,bench,424,186,0,277502.66,9,3,bench,0
0123173_neurosketch,30,furniture,bench,424,187,0,277502.66,9,3,bench,0
0123173_neurosketch,30,furniture,bench,424,188,0,277502.66,9,3,bench,0
0123173_neurosketch,30,furniture,chair,425,189,1,283503.05,9,2,chair,1
0123173_neurosketch,30,furniture,chair,425,190,1,283503.05,9,2,chair,0
0123173_neurosketch,30,furniture,chair,425,191,1,283503.05,9,2,chair,0
0123173_neurosketch,30,furniture,bed,426,192,1,288002.18,9,2,bed,1
0123173_neurosketch,30,furniture,bed,426,193,1,288002.18,9,2,bed,0
0123173_neurosketch,30,furniture,bed,426,194,1,288002.18,9,2,bed,0
0123173_neurosketch,30,furniture,bed,426,195,1,288002.18,9,2,bed,0
0123173_neurosketch,30,furniture,table,427,196,0,294002.67,9,7,table,1
0123173_neurosketch,30,furniture,table,427,197,0,294002.67,9,7,table,0
0123173_neurosketch,30,furniture,table,427,198,0,294002.67,9,7,table,0
0123173_neurosketch,30,furniture,chair,428,199,1,298502.32,9,0,chair,1
0123173_neurosketch,30,furniture,chair,428,200,1,298502.32,9,0,chair,0
0123173_neurosketch,30,2,bench,429,201,0,301502.62,9,28,bench,1
0123173_neurosketch,30,2,bench,429,202,0,301502.62,9,28,bench,0
0123173_neurosketch,30,furniture,bed,430,203,1,304502.76,9,0,bed,1
0123173_neurosketch,30,furniture,bed,430,204,1,304502.76,9,0,bed,0
0123173_neurosketch,30,furniture,bed,430,205,1,304502.76,9,0,bed,0
0123173_neurosketch,30,furniture,table,431,206,0,309002.97,9,17,table,1
0123173_neurosketch,30,furniture,table,431,207,0,309002.97,9,17,table,0
0123173_neurosketch,30,furniture,table,431,208,0,309002.97,9,17,table,0
0123173_neurosketch,30,furniture,chair,432,209,1,313502.96,9,27,chair,1
0123173_neurosketch,30,furniture,chair,432,210,1,313502.96,9,27,chair,0
0123173_neurosketch,30,furniture,bench,433,211,0,316502.4,9,38,bench,1
0123173_neurosketch,30,furniture,bench,433,212,0,316502.4,9,38,bench,0
0123173_neurosketch,30,furniture,bench,433,213,0,316502.4,9,38,bench,0
0123173_neurosketch,30,furniture,table,434,214,0,321002.75,9,21,table,1
0123173_neurosketch,30,furniture,table,434,215,0,321002.75,9,21,table,0
0123173_neurosketch,30,furniture,table,434,216,0,321002.75,9,21,table,0
0123173_neurosketch,30,furniture,bed,435,217,1,325502.58,9,17,bed,1
0123173_neurosketch,30,furniture,bed,435,218,1,325502.58,9,17,bed,0
0123173_neurosketch,30,furniture,bed,435,219,1,325502.58,9,17,bed,0
0123173_neurosketch,30,furniture,chair,436,220,1,330002.79,9,39,chair,1
0123173_neurosketch,30,furniture,chair,436,221,1,330002.79,9,39,chair,0
0123173_neurosketch,30,furniture,bench,437,222,0,333002.76,9,18,bench,1
0123173_neurosketch,30,furniture,bench,437,223,0,333002.76,9,18,bench,0
0123173_neurosketch,30,furniture,bench,437,224,0,333002.76,9,18,bench,0
0123173_neurosketch,30,furniture,bench,437,225,0,333002.76,9,18,bench,0
0123173_neurosketch,30,furniture,bed,438,226,1,339002.85,9,38,bed,1
0123173_neurosketch,30,furniture,bed,438,227,1,339002.85,9,38,bed,0
0123173_neurosketch,30,furniture,bed,438,228,1,339002.85,9,38,bed,0
0123173_neurosketch,30,2,table,439,229,0,343502.76,9,32,table,1
0123173_neurosketch,30,2,table,439,230,0,343502.76,9,32,table,0
0123173_neurosketch,30,2,table,439,231,0,343502.76,9,32,table,0
0123173_neurosketch,30,2,table,439,232,0,343502.76,9,32,table,0
0123173_neurosketch,30,2,table,439,233,0,343502.76,9,32,table,0
0123173_neurosketch,30,2,table,439,234,0,343502.76,9,32,table,0
0123173_neurosketch,30,2,table,439,235,0,343502.76,9,32,table,0
0123173_neurosketch,30,2,table,439,236,0,343502.76,9,32,table,0
0123173_neurosketch,30,2,table,439,237,0,343502.76,9,32,table,0
0123173_neurosketch,30,2,table,439,238,0,343502.76,9,32,table,0
0123173_neurosketch,30,2,table,439,239,0,343502.76,9,32,table,0
0123173_neurosketch,30,furniture,bench,440,0,-1,0.0,10,7,bench,0
0123173_neurosketch,30,furniture,bench,440,1,-1,0.0,10,7,bench,0
0123173_neurosketch,30,furniture,bench,440,2,-1,0.0,10,7,bench,0
0123173_neurosketch,30,furniture,bench,440,3,-1,0.0,10,7,bench,0
0123173_neurosketch,30,furniture,bench,440,4,-1,0.0,10,7,bench,0
0123173_neurosketch,30,furniture,bench,440,5,-1,0.0,10,7,bench,0
0123173_neurosketch,30,furniture,bench,440,6,-1,0.0,10,7,bench,0
0123173_neurosketch,30,furniture,bench,440,7,-1,0.0,10,7,bench,0
0123173_neurosketch,30,furniture,bench,440,8,0,12001.8,10,7,bench,1
0123173_neurosketch,30,furniture,bench,440,9,0,12001.8,10,7,bench,0
0123173_neurosketch,30,furniture,bench,440,10,0,12001.8,10,7,bench,0
0123173_neurosketch,30,furniture,bed,441,11,1,16501.38,10,39,bed,1
0123173_neurosketch,30,furniture,bed,441,12,1,16501.38,10,39,bed,0
0123173_neurosketch,30,furniture,bed,441,13,1,16501.38,10,39,bed,0
0123173_neurosketch,30,furniture,table,442,14,0,21001.45,10,14,table,1
0123173_neurosketch,30,furniture,table,442,15,0,21001.45,10,14,table,0
0123173_neurosketch,30,furniture,chair,443,16,1,24001.37,10,28,chair,1
0123173_neurosketch,30,furniture,chair,443,17,1,24001.37,10,28,chair,0
0123173_neurosketch,30,furniture,chair,443,18,1,24001.37,10,28,chair,0
0123173_neurosketch,30,furniture,bench,444,19,0,28501.91,10,37,bench,1
0123173_neurosketch,30,furniture,bench,444,20,0,28501.91,10,37,bench,0
0123173_neurosketch,30,furniture,table,445,21,0,31502.0,10,12,table,1
0123173_neurosketch,30,furniture,table,445,22,0,31502.0,10,12,table,0
0123173_neurosketch,30,furniture,chair,446,23,1,34501.39,10,37,chair,1
0123173_neurosketch,30,furniture,chair,446,24,1,34501.39,10,37,chair,0
0123173_neurosketch,30,furniture,bed,447,25,1,37501.78,10,25,bed,1
0123173_neurosketch,30,furniture,bed,447,26,1,37501.78,10,25,bed,0
0123173_neurosketch,30,furniture,table,448,27,0,40501.52,10,27,table,1
0123173_neurosketch,30,furniture,table,448,28,0,40501.52,10,27,table,0
0123173_neurosketch,30,furniture,table,448,29,0,40501.52,10,27,table,0
0123173_neurosketch,30,2,bench,449,30,0,45001.62,10,25,bench,1
0123173_neurosketch,30,2,bench,449,31,0,45001.62,10,25,bench,0
0123173_neurosketch,30,furniture,chair,450,32,1,48002.44,10,20,chair,1
0123173_neurosketch,30,furniture,chair,450,33,1,48002.44,10,20,chair,0
0123173_neurosketch,30,furniture,bed,451,34,1,51002.92,10,15,bed,1
0123173_neurosketch,30,furniture,bed,451,35,1,51002.92,10,15,bed,0
0123173_neurosketch,30,furniture,bed,451,36,1,51002.92,10,15,bed,0
0123173_neurosketch,30,furniture,bed,451,37,1,51002.92,10,15,bed,0
0123173_neurosketch,30,furniture,table,452,38,0,57001.92,10,20,table,1
0123173_neurosketch,30,furniture,table,452,39,0,57001.92,10,20,table,0
0123173_neurosketch,30,furniture,table,452,40,0,57001.92,10,20,table,0
0123173_neurosketch,30,furniture,table,452,41,0,57001.92,10,20,table,0
0123173_neurosketch,30,furniture,chair,453,42,1,63003.8,10,3,chair,1
0123173_neurosketch,30,furniture,chair,453,43,1,63003.8,10,3,chair,0
0123173_neurosketch,30,furniture,bed,454,44,1,66003.16,10,29,bed,1
0123173_neurosketch,30,furniture,bed,454,45,1,66003.16,10,29,bed,0
0123173_neurosketch,30,furniture,bench,455,46,0,69001.71,10,29,bench,1
0123173_neurosketch,30,furniture,bench,455,47,0,69001.71,10,29,bench,0
0123173_neurosketch,30,furniture,bed,456,48,1,72002.0,10,28,bed,1
0123173_neurosketch,30,furniture,bed,456,49,1,72002.0,10,28,bed,0
0123173_neurosketch,30,furniture,bench,457,50,0,75003.7,10,22,bench,1
0123173_neurosketch,30,furniture,bench,457,51,0,75003.7,10,22,bench,0
0123173_neurosketch,30,furniture,bench,457,52,0,75003.7,10,22,bench,0
0123173_neurosketch,30,furniture,chair,458,53,1,79502.17,10,8,chair,1
0123173_neurosketch,30,furniture,chair,458,54,1,79502.17,10,8,chair,0
0123173_neurosketch,30,furniture,chair,458,55,1,79502.17,10,8,chair,0
0123173_neurosketch,30,furniture,chair,458,56,1,79502.17,10,8,chair,0
0123173_neurosketch,30,2,table,459,57,0,85501.56,10,6,table,1
0123173_neurosketch,30,2,table,459,58,0,85501.56,10,6,table,0
0123173_neurosketch,30,2,table,459,59,0,85501.56,10,6,table,0
0123173_neurosketch,30,2,table,459,60,0,85501.56,10,6,table,0
0123173_neurosketch,30,furniture,bed,460,61,1,91501.5,10,11,bed,1
0123173_neurosketch,30,furniture,bed,460,62,1,91501.5,10,11,bed,0
0123173_neurosketch,30,furniture,bed,460,63,1,91501.5,10,11,bed,0
0123173_neurosketch,30,furniture,bench,461,64,0,96002.38,10,9,bench,1
0123173_neurosketch,30,furniture,bench,461,65,0,96002.38,10,9,bench,0
0123173_neurosketch,30,furniture,bench,461,66,0,96002.38,10,9,bench,0
0123173_neurosketch,30,furniture,bench,461,67,0,96002.38,10,9,bench,0
0123173_neurosketch,30,furniture,table,462,68,0,102002.4,10,19,table,1
0123173_neurosketch,30,furniture,table,462,69,0,102002.4,10,19,table,0
0123173_neurosketch,30,furniture,table,462,70,0,102002.4,10,19,table,0
0123173_neurosketch,30,furniture,chair,463,71,1,106502.32,10,25,chair,1
0123173_neurosketch,30,furniture,chair,463,72,1,106502.32,10,25,chair,0
0123173_neurosketch,30,furniture,table,464,73,0,109501.79,10,28,bench,1
0123173_neurosketch,30,furniture,table,464,74,0,109501.79,10,28,bench,0
0123173_neurosketch,30,furniture,table,464,75,0,109501.79,10,28,bench,0
0123173_neurosketch,30,furniture,table,464,76,0,109501.79,10,28,bench,0
0123173_neurosketch,30,furniture,bench,465,77,0,115501.74,10,4,bench,1
0123173_neurosketch,30,furniture,bench,465,78,0,115501.74,10,4,bench,0
0123173_neurosketch,30,furniture,bench,465,79,0,115501.74,10,4,bench,0
0123173_neurosketch,30,furniture,bed,466,80,1,120002.02,10,20,bed,1
0123173_neurosketch,30,furniture,bed,466,81,1,120002.02,10,20,bed,0
0123173_neurosketch,30,furniture,bed,466,82,1,120002.02,10,20,bed,0
0123173_neurosketch,30,furniture,bed,466,83,1,120002.02,10,20,bed,0
0123173_neurosketch,30,furniture,chair,467,84,1,126002.82,10,1,chair,1
0123173_neurosketch,30,furniture,chair,467,85,1,126002.82,10,1,chair,0
0123173_neurosketch,30,furniture,chair,467,86,1,126002.82,10,1,chair,0
0123173_neurosketch,30,furniture,table,468,87,0,130502.56,10,0,table,1
0123173_neurosketch,30,furniture,table,468,88,0,130502.56,10,0,table,0
0123173_neurosketch,30,2,bench,469,89,0,133502.55,10,20,bench,1
0123173_neurosketch,30,2,bench,469,90,0,133502.55,10,20,bench,0
0123173_neurosketch,30,furniture,bed,470,91,1,136502.08,10,36,bed,1
0123173_neurosketch,30,furniture,bed,470,92,1,136502.08,10,36,bed,0
0123173_neurosketch,30,furniture,bed,470,93,1,136502.08,10,36,bed,0
0123173_neurosketch,30,furniture,chair,471,94,1,141002.96,10,10,chair,1
0123173_neurosketch,30,furniture,chair,471,95,1,141002.96,10,10,chair,0
0123173_neurosketch,30,furniture,chair,471,96,1,141002.96,10,10,chair,0
0123173_neurosketch,30,furniture,bed,472,97,1,145502.26,10,30,bed,1
0123173_neurosketch,30,furniture,bed,472,98,1,145502.26,10,30,bed,0
0123173_neurosketch,30,furniture,chair,473,99,1,148502.04,10,12,chair,1
0123173_neurosketch,30,furniture,chair,473,100,1,148502.04,10,12,chair,0
0123173_neurosketch,30,furniture,chair,473,101,1,148502.04,10,12,chair,0
0123173_neurosketch,30,furniture,table,474,102,0,153002.22,10,36,table,1
0123173_neurosketch,30,furniture,table,474,103,0,153002.22,10,36,table,0
0123173_neurosketch,30,furniture,table,474,104,0,153002.22,10,36,table,0
0123173_neurosketch,30,furniture,bench,475,105,0,157502.57,10,6,bench,1
0123173_neurosketch,30,furniture,bench,475,106,0,157502.57,10,6,bench,0
0123173_neurosketch,30,furniture,bench,475,107,0,157502.57,10,6,bench,0
0123173_neurosketch,30,furniture,table,476,108,0,162002.96,10,5,table,1
0123173_neurosketch,30,furniture,table,476,109,0,162002.96,10,5,table,0
0123173_neurosketch,30,furniture,chair,477,110,1,165002.94,10,32,chair,1
0123173_neurosketch,30,furniture,chair,477,111,1,165002.94,10,32,chair,0
0123173_neurosketch,30,furniture,chair,477,112,1,165002.94,10,32,chair,0
0123173_neurosketch,30,furniture,chair,477,113,1,165002.94,10,32,chair,0
0123173_neurosketch,30,furniture,bench,478,114,0,171002.86,10,27,bench,1
0123173_neurosketch,30,furniture,bench,478,115,0,171002.86,10,27,bench,0
0123173_neurosketch,30,furniture,bench,478,116,0,171002.86,10,27,bench,0
0123173_neurosketch,30,2,bed,479,117,1,175503.06,10,34,bed,1
0123173_neurosketch,30,2,bed,479,118,1,175503.06,10,34,bed,0
0123173_neurosketch,30,2,bed,479,119,1,175503.06,10,34,bed,0
0123173_neurosketch,30,furniture,bed,480,120,1,180002.87,10,27,bed,1
0123173_neurosketch,30,furniture,bed,480,121,1,180002.87,10,27,bed,0
0123173_neurosketch,30,furniture,bed,480,122,1,180002.87,10,27,bed,0
0123173_neurosketch,30,furniture,table,481,123,0,184502.2,10,33,table,1
0123173_neurosketch,30,furniture,table,481,124,0,184502.2,10,33,table,0
0123173_neurosketch,30,furniture,table,481,125,0,184502.2,10,33,table,0
0123173_neurosketch,30,furniture,chair,482,126,1,189002.34,10,33,chair,1
0123173_neurosketch,30,furniture,chair,482,127,1,189002.34,10,33,chair,0
0123173_neurosketch,30,furniture,bench,483,128,0,192002.09,10,24,bench,1
0123173_neurosketch,30,furniture,bench,483,129,0,192002.09,10,24,bench,0
0123173_neurosketch,30,furniture,bench,483,130,0,192002.09,10,24,bench,0
0123173_neurosketch,30,furniture,bench,484,131,0,196502.73,10,10,bench,1
0123173_neurosketch,30,furniture,bench,484,132,0,196502.73,10,10,bench,0
0123173_neurosketch,30,furniture,bed,485,133,1,199502.34,10,23,bed,1
0123173_neurosketch,30,furniture,bed,485,134,1,199502.34,10,23,bed,0
0123173_neurosketch,30,furniture,chair,486,135,1,202502.73,10,17,chair,1
0123173_neurosketch,30,furniture,chair,486,136,1,202502.73,10,17,chair,0
0123173_neurosketch,30,furniture,table,487,137,0,205502.84,10,37,table,1
0123173_neurosketch,30,furniture,table,487,138,0,205502.84,10,37,table,0
0123173_neurosketch,30,furniture,bench,488,139,0,208502.75,10,1,bench,1
0123173_neurosketch,30,furniture,bench,488,140,0,208502.75,10,1,bench,0
0123173_neurosketch,30,furniture,bench,488,141,0,208502.75,10,1,bench,0
0123173_neurosketch,30,2,table,489,142,0,213002.13,10,34,table,1
0123173_neurosketch,30,2,table,489,143,0,213002.13,10,34,table,0
0123173_neurosketch,30,furniture,bed,490,144,1,216003.17,10,37,,1
0123173_neurosketch,30,furniture,bed,490,145,1,216003.17,10,37,,0
0123173_neurosketch,30,furniture,chair,491,146,1,219002.63,10,16,chair,1
0123173_neurosketch,30,furniture,chair,491,147,1,219002.63,10,16,chair,0
0123173_neurosketch,30,furniture,chair,491,148,1,219002.63,10,16,chair,0
0123173_neurosketch,30,furniture,chair,491,149,1,219002.63,10,16,chair,0
0123173_neurosketch,30,furniture,bench,492,150,0,225003.92,10,34,bench,1
0123173_neurosketch,30,furniture,bench,492,151,0,225003.92,10,34,bench,0
0123173_neurosketch,30,furniture,bench,492,152,0,225003.92,10,34,bench,0
0123173_neurosketch,30,furniture,bench,492,153,0,225003.92,10,34,bench,0
0123173_neurosketch,30,furniture,table,493,154,0,231002.62,10,22,table,1
0123173_neurosketch,30,furniture,table,493,155,0,231002.62,10,22,table,0
0123173_neurosketch,30,furniture,chair,494,156,1,234002.26,10,9,chair,1
0123173_neurosketch,30,furniture,chair,494,157,1,234002.26,10,9,chair,0
0123173_neurosketch,30,furniture,bed,495,158,1,237002.54,10,12,bed,1
0123173_neurosketch,30,furniture,bed,495,159,1,237002.54,10,12,bed,0
0123173_neurosketch,30,furniture,table,496,160,0,240002.76,10,15,,1
0123173_neurosketch,30,furniture,table,496,161,0,240002.76,10,15,,0
0123173_neurosketch,30,furniture,chair,497,162,1,243002.23,10,6,chair,1
0123173_neurosketch,30,furniture,chair,497,163,1,243002.23,10,6,chair,0
0123173_neurosketch,30,furniture,chair,497,164,1,243002.23,10,6,chair,0
0123173_neurosketch,30,furniture,bed,498,165,1,247503.0,10,7,bed,1
0123173_neurosketch,30,furniture,bed,498,166,1,247503.0,10,7,bed,0
0123173_neurosketch,30,furniture,bed,498,167,1,247503.0,10,7,bed,0
0123173_neurosketch,30,furniture,bed,498,168,1,247503.0,10,7,bed,0
0123173_neurosketch,30,2,bench,499,169,0,253502.5,10,36,bench,1
0123173_neurosketch,30,2,bench,499,170,0,253502.5,10,36,bench,0
0123173_neurosketch,30,2,bench,499,171,0,253502.5,10,36,bench,0
0123173_neurosketch,30,2,bench,499,172,0,253502.5,10,36,bench,0
0123173_neurosketch,30,furniture,bed,500,173,1,259504.66,10,16,bed,1
0123173_neurosketch,30,furniture,bed,500,174,1,259504.66,10,16,bed,0
0123173_neurosketch,30,furniture,bed,500,175,1,259504.66,10,16,bed,0
0123173_neurosketch,30,furniture,chair,501,176,1,264002.63,10,14,chair,1
0123173_neurosketch,30,furniture,chair,501,177,1,264002.63,10,14,chair,0
0123173_neurosketch,30,furniture,chair,501,178,1,264002.63,10,14,chair,0
0123173_neurosketch,30,furniture,chair,501,179,1,264002.63,10,14,chair,0
0123173_neurosketch,30,furniture,table,502,180,0,270002.41,10,29,table,1
0123173_neurosketch,30,furniture,table,502,181,0,270002.41,10,29,table,0
0123173_neurosketch,30,furniture,table,502,182,0,270002.41,10,29,table,0
0123173_neurosketch,30,furniture,bench,503,183,0,274502.99,10,19,bench,1
0123173_neurosketch,30,furniture,bench,503,184,0,274502.99,10,19,bench,0
0123173_neurosketch,30,furniture,bed,504,185,1,277502.13,10,21,bed,1
0123173_neurosketch,30,furniture,bed,504,186,1,277502.13,10,21,bed,0
0123173_neurosketch,30,furniture,bed,504,187,1,277502.13,10,21,bed,0
0123173_neurosketch,30,furniture,bed,504,188,1,277502.13,10,21,bed,0
0123173_neurosketch,30,furniture,chair,505,189,1,283503.68,10,22,chair,1
0123173_neurosketch,30,furniture,chair,505,190,1,283503.68,10,22,chair,0
0123173_neurosketch,30,furniture,chair,505,191,1,283503.68,10,22,chair,0
0123173_neurosketch,30,furniture,table,506,192,0,288002.77,10,23,table,1
0123173_neurosketch,30,furniture,table,506,193,0,288002.77,10,23,table,0
0123173_neurosketch,30,furniture,table,506,194,0,288002.77,10,23,table,0
0123173_neurosketch,30,furniture,table,506,195,0,288002.77,10,23,table,0
0123173_neurosketch,30,furniture,bench,507,196,0,294002.44,10,14,bench,1
0123173_neurosketch,30,furniture,bench,507,197,0,294002.44,10,14,bench,0
0123173_neurosketch,30,furniture,bench,507,198,0,294002.44,10,14,bench,0
0123173_neurosketch,30,furniture,chair,508,199,1,298502.27,10,38,chair,1
0123173_neurosketch,30,furniture,chair,508,200,1,298502.27,10,38,chair,0
0123173_neurosketch,30,2,bench,509,201,0,301502.75,10,8,bench,1
0123173_neurosketch,30,2,bench,509,202,0,301502.75,10,8,bench,0
0123173_neurosketch,30,furniture,bed,510,203,1,304502.22,10,32,bed,1
0123173_neurosketch,30,furniture,bed,510,204,1,304502.22,10,32,bed,0
0123173_neurosketch,30,furniture,bed,510,205,1,304502.22,10,32,bed,0
0123173_neurosketch,30,furniture,table,511,206,0,309002.8,10,9,bench,1
0123173_neurosketch,30,furniture,table,511,207,0,309002.8,10,9,bench,0
0123173_neurosketch,30,furniture,table,511,208,0,309002.8,10,9,bench,0
0123173_neurosketch,30,furniture,table,512,209,0,313502.96,10,16,table,1
0123173_neurosketch,30,furniture,table,512,210,0,313502.96,10,16,table,0
0123173_neurosketch,30,furniture,chair,513,211,1,316502.37,10,4,chair,1
0123173_neurosketch,30,furniture,chair,513,212,1,316502.37,10,4,chair,0
0123173_neurosketch,30,furniture,chair,513,213,1,316502.37,10,4,chair,0
0123173_neurosketch,30,furniture,bed,514,214,1,321002.43,10,14,bed,1
0123173_neurosketch,30,furniture,bed,514,215,1,321002.43,10,14,bed,0
0123173_neurosketch,30,furniture,bed,514,216,1,321002.43,10,14,bed,0
0123173_neurosketch,30,furniture,bench,515,217,0,325502.16,10,30,bench,1
0123173_neurosketch,30,furniture,bench,515,218,0,325502.16,10,30,bench,0
0123173_neurosketch,30,furniture,bench,515,219,0,325502.16,10,30,bench,0
0123173_neurosketch,30,furniture,bench,516,220,0,330002.26,10,31,bench,1
0123173_neurosketch,30,furniture,bench,516,221,0,330002.26,10,31,bench,0
0123173_neurosketch,30,furniture,bed,517,222,1,333002.71,10,4,bed,1
0123173_neurosketch,30,furniture,bed,517,223,1,333002.71,10,4,bed,0
0123173_neurosketch,30,furniture,bed,517,224,1,333002.71,10,4,bed,0
0123173_neurosketch,30,furniture,bed,517,225,1,333002.71,10,4,bed,0
0123173_neurosketch,30,furniture,table,518,226,0,339002.85,10,35,table,1
0123173_neurosketch,30,furniture,table,518,227,0,339002.85,10,35,table,0
0123173_neurosketch,30,furniture,table,518,228,0,339002.85,10,35,table,0
0123173_neurosketch,30,2,chair,519,229,1,343502.16,10,21,chair,1
0123173_neurosketch,30,2,chair,519,230,1,343502.16,10,21,chair,0
0123173_neurosketch,30,2,chair,519,231,1,343502.16,10,21,chair,0
0123173_neurosketch,30,2,chair,519,232,1,343502.16,10,21,chair,0
0123173_neurosketch,30,2,chair,519,233,1,343502.16,10,21,chair,0
0123173_neurosketch,30,2,chair,519,234,1,343502.16,10,21,chair,0
0123173_neurosketch,30,2,chair,519,235,1,343502.16,10,21,chair,0
0123173_neurosketch,30,2,chair,519,236,1,343502.16,10,21,chair,0
0123173_neurosketch,30,2,chair,519,237,1,343502.16,10,21,chair,0
0123173_neurosketch,30,2,chair,519,238,1,343502.16,10,21,chair,0
0123173_neurosketch,30,2,chair,519,239,1,343502.16,10,21,chair,0
