wID,versionNum,category,object,trial,TRnum,condition,onset_time,run_num,viewpoint,response,onset
0123171_neurosketch,24,furniture,bed,0,0,-1,0.0,1,7,,0
0123171_neurosketch,24,furniture,bed,0,1,-1,0.0,1,7,,0
0123171_neurosketch,24,furniture,bed,0,2,-1,0.0,1,7,,0
0123171_neurosketch,24,furniture,bed,0,3,-1,0.0,1,7,,0
0123171_neurosketch,24,furniture,bed,0,4,-1,0.0,1,7,,0
0123171_neurosketch,24,furniture,bed,0,5,-1,0.0,1,7,,0
0123171_neurosketch,24,furniture,bed,0,6,-1,0.0,1,7,,0
0123171_neurosketch,24,furniture,bed,0,7,-1,0.0,1,7,,0
0123171_neurosketch,24,furniture,bed,0,8,0,12003.91,1,7,,1
0123171_neurosketch,24,furniture,bed,0,9,0,12003.91,1,7,,0
0123171_neurosketch,24,furniture,bed,0,10,0,12003.91,1,7,,0
0123171_neurosketch,24,furniture,bed,0,11,0,12003.91,1,7,,0
0123171_neurosketch,24,furniture,bed,0,12,0,12003.91,1,7,,0
0123171_neurosketch,24,furniture,bed,0,13,0,12003.91,1,7,,0
0123171_neurosketch,24,furniture,chair,1,14,1,21005.62,1,34,,1
0123171_neurosketch,24,furniture,chair,1,15,1,21005.62,1,34,,0
0123171_neurosketch,24,furniture,chair,1,16,1,21005.62,1,34,,0
0123171_neurosketch,24,furniture,chair,1,17,1,21005.62,1,34,,0
0123171_neurosketch,24,furniture,table,2,18,0,27001.95,1,34,table,1
0123171_neurosketch,24,furniture,table,2,19,0,27001.95,1,34,table,0
0123171_neurosketch,24,furniture,table,2,20,0,27001.95,1,34,table,0
0123171_neurosketch,24,furniture,bench,3,21,1,31502.11,1,21,bench,1
0123171_neurosketch,24,furniture,bench,3,22,1,31502.11,1,21,bench,0
0123171_neurosketch,24,furniture,bench,4,23,1,34503.06,1,12,bench,1
0123171_neurosketch,24,furniture,bench,4,24,1,34503.06,1,12,bench,0
0123171_neurosketch,24,furniture,bench,4,25,1,34503.06,1,12,bench,0
0123171_neurosketch,24,furniture,bench,4,26,1,34503.06,1,12,bench,0
0123171_neurosketch,24,furniture,table,5,27,0,40501.89,1,33,table,1
0123171_neurosketch,24,furniture,table,5,28,0,40501.89,1,33,table,0
0123171_neurosketch,24,furniture,chair,6,29,1,43502.28,1,24,chair,1
0123171_neurosketch,24,furniture,chair,6,30,1,43502.28,1,24,chair,0
0123171_neurosketch,24,furniture,bed,7,31,0,46502.15,1,21,bed,1
0123171_neurosketch,24,furniture,bed,7,32,0,46502.15,1,21,bed,0
0123171_neurosketch,24,furniture,bench,8,33,1,49502.4,1,7,bench,1
0123171_neurosketch,24,furniture,bench,8,34,1,49502.4,1,7,bench,0
0123171_neurosketch,24,furniture,bench,8,35,1,49502.4,1,7,bench,0
0123171_neurosketch,24,2,table,9,36,0,54001.47,1,2,table,1
0123171_neurosketch,24,2,table,9,37,0,54001.47,1,2,table,0
0123171_neurosketch,24,2,table,9,38,0,54001.47,1,2,table,0
0123171_neurosketch,24,2,table,9,39,0,54001.47,1,2,table,0
0123171_neurosketch,24,furniture,bed,10,40,0,60002.35,1,35,bed,1
0123171_neurosketch,24,furniture,bed,10,41,0,60002.35,1,35,bed,0
0123171_neurosketch,24,furniture,chair,11,42,1,63002.15,1,4,bench,1
0123171_neurosketch,24,furniture,chair,11,43,1,63002.15,1,4,bench,0
0123171_neurosketch,24,furniture,chair,11,44,1,63002.15,1,4,bench,0
0123171_neurosketch,24,furniture,bench,12,45,1,67503.08,1,4,bench,1
0123171_neurosketch,24,furniture,bench,12,46,1,67503.08,1,4,bench,0
0123171_neurosketch,24,furniture,bench,12,47,1,67503.08,1,4,bench,0
0123171_neurosketch,24,furniture,table,13,48,0,72001.93,1,22,table,1
0123171_neurosketch,24,furniture,table,13,49,0,72001.93,1,22,table,0
0123171_neurosketch,24,furniture,chair,14,50,1,75002.64,1,8,chair,1
0123171_neurosketch,24,furniture,chair,14,51,1,75002.64,1,8,chair,0
0123171_neurosketch,24,furniture,bed,15,52,0,78003.07,1,16,bed,1
0123171_neurosketch,24,furniture,bed,15,53,0,78003.07,1,16,bed,0
0123171_neurosketch,24,furniture,chair,16,54,1,81002.61,1,13,chair,1
0123171_neurosketch,24,furniture,chair,16,55,1,81002.61,1,13,chair,0
0123171_neurosketch,24,furniture,chair,16,56,1,81002.61,1,13,chair,0
0123171_neurosketch,24,furniture,bench,17,57,1,85504.0,1,20,bench,1
0123171_neurosketch,24,furniture,bench,17,58,1,85504.0,1,20,bench,0
0123171_neurosketch,24,furniture,bench,17,59,1,85504.0,1,20,bench,0
0123171_neurosketch,24,furniture,bed,18,60,0,90002.33,1,13,bed,1
0123171_neurosketch,24,furniture,bed,18,61,0,90002.33,1,13,bed,0
0123171_neurosketch,24,furniture,bed,18,62,0,90002.33,1,13,bed,0
0123171_neurosketch,24,2,table,19,63,0,94503.58,1,13,table,1
0123171_neurosketch,24,2,table,19,64,0,94503.58,1,13,table,0
0123171_neurosketch,24,furniture,bench,20,65,1,97502.69,1,19,bench,1
0123171_neurosketch,24,furniture,bench,20,66,1,97502.69,1,19,bench,0
0123171_neurosketch,24,furniture,bed,21,67,0,100502.57,1,12,bed,1
0123171_neurosketch,24,furniture,bed,21,68,0,100502.57,1,12,bed,0
0123171_neurosketch,24,furniture,chair,22,69,1,103502.31,1,2,chair,1
0123171_neurosketch,24,furniture,chair,22,70,1,103502.31,1,2,chair,0
0123171_neurosketch,24,furniture,chair,22,71,1,103502.31,1,2,chair,0
0123171_neurosketch,24,furniture,table,23,72,0,108002.4,1,15,table,1
0123171_neurosketch,24,furniture,table,23,73,0,108002.4,1,15,table,0
0123171_neurosketch,24,furniture,table,23,74,0,108002.4,1,15,table,0
0123171_neurosketch,24,furniture,table,23,75,0,108002.4,1,15,table,0
0123171_neurosketch,24,furniture,chair,24,76,1,114002.91,1,5,chair,1
0123171_neurosketch,24,furniture,chair,24,77,1,114002.91,1,5,chair,0
0123171_neurosketch,24,furniture,chair,24,78,1,114002.91,1,5,chair,0
0123171_neurosketch,24,furniture,bed,25,79,0,118502.35,1,15,bed,1
0123171_neurosketch,24,furniture,bed,25,80,0,118502.35,1,15,bed,0
0123171_neurosketch,24,furniture,table,26,81,0,121501.35,1,32,table,1
0123171_neurosketch,24,furniture,table,26,82,0,121501.35,1,32,table,0
0123171_neurosketch,24,furniture,table,26,83,0,121501.35,1,32,table,0
0123171_neurosketch,24,furniture,table,26,84,0,121501.35,1,32,table,0
0123171_neurosketch,24,furniture,bench,27,85,1,127502.07,1,6,bench,1
0123171_neurosketch,24,furniture,bench,27,86,1,127502.07,1,6,bench,0
0123171_neurosketch,24,furniture,bench,27,87,1,127502.07,1,6,bench,0
0123171_neurosketch,24,furniture,bench,27,88,1,127502.07,1,6,bench,0
0123171_neurosketch,24,furniture,chair,28,89,1,133502.94,1,18,chair,1
0123171_neurosketch,24,furniture,chair,28,90,1,133502.94,1,18,chair,0
0123171_neurosketch,24,2,bed,29,91,0,136501.95,1,24,,1
0123171_neurosketch,24,2,bed,29,92,0,136501.95,1,24,,0
0123171_neurosketch,24,2,bed,29,93,0,136501.95,1,24,,0
0123171_neurosketch,24,2,bed,29,94,0,136501.95,1,24,,0
0123171_neurosketch,24,furniture,table,30,95,0,142502.92,1,35,table,1
0123171_neurosketch,24,furniture,table,30,96,0,142502.92,1,35,table,0
0123171_neurosketch,24,furniture,table,30,97,0,142502.92,1,35,table,0
0123171_neurosketch,24,furniture,bench,31,98,1,147002.56,1,32,bench,1
0123171_neurosketch,24,furniture,bench,31,99,1,147002.56,1,32,bench,0
0123171_neurosketch,24,furniture,bench,31,100,1,147002.56,1,32,bench,0
0123171_neurosketch,24,furniture,bench,32,101,1,151502.62,1,26,bench,1
0123171_neurosketch,24,furniture,bench,32,102,1,151502.62,1,26,bench,0
0123171_neurosketch,24,furniture,bench,32,103,1,151502.62,1,26,bench,0
0123171_neurosketch,24,furniture,bench,32,104,1,151502.62,1,26,bench,0
0123171_neurosketch,24,furniture,table,33,105,0,157502.58,1,7,table,1
0123171_neurosketch,24,furniture,table,33,106,0,157502.58,1,7,table,0
0123171_neurosketch,24,furniture,bed,34,107,0,160503.06,1,1,bed,1
0123171_neurosketch,24,furniture,bed,34,108,0,160503.06,1,1,bed,0
0123171_neurosketch,24,furniture,bed,34,109,0,160503.06,1,1,bed,0
0123171_neurosketch,24,furniture,chair,35,110,1,165002.54,1,3,chair,1
0123171_neurosketch,24,furniture,chair,35,111,1,165002.54,1,3,chair,0
0123171_neurosketch,24,furniture,chair,35,112,1,165002.54,1,3,chair,0
0123171_neurosketch,24,furniture,chair,36,113,1,169502.57,1,36,chair,1
0123171_neurosketch,24,furniture,chair,36,114,1,169502.57,1,36,chair,0
0123171_neurosketch,24,furniture,bench,37,115,1,172502.78,1,13,bench,1
0123171_neurosketch,24,furniture,bench,37,116,1,172502.78,1,13,bench,0
0123171_neurosketch,24,furniture,bench,37,117,1,172502.78,1,13,bench,0
0123171_neurosketch,24,furniture,table,38,118,0,177002.48,1,17,table,1
0123171_neurosketch,24,furniture,table,38,119,0,177002.48,1,17,table,0
0123171_neurosketch,24,2,bed,39,120,0,180003.79,1,33,table,1
0123171_neurosketch,24,2,bed,39,121,0,180003.79,1,33,table,0
0123171_neurosketch,24,2,bed,39,122,0,180003.79,1,33,table,0
0123171_neurosketch,24,furniture,bed,40,123,0,184503.09,1,29,bed,1
0123171_neurosketch,24,furniture,bed,40,124,0,184503.09,1,29,bed,0
0123171_neurosketch,24,furniture,bed,40,125,0,184503.09,1,29,bed,0
0123171_neurosketch,24,furniture,table,41,126,0,189002.51,1,3,table,1
0123171_neurosketch,24,furniture,table,41,127,0,189002.51,1,3,table,0
0123171_neurosketch,24,furniture,table,41,128,0,189002.51,1,3,table,0
0123171_neurosketch,24,furniture,table,41,129,0,189002.51,1,3,table,0
0123171_neurosketch,24,furniture,chair,42,130,1,195004.86,1,12,chair,1
0123171_neurosketch,24,furniture,chair,42,131,1,195004.86,1,12,chair,0
0123171_neurosketch,24,furniture,chair,42,132,1,195004.86,1,12,chair,0
0123171_neurosketch,24,furniture,bench,43,133,1,199503.02,1,14,bench,1
0123171_neurosketch,24,furniture,bench,43,134,1,199503.02,1,14,bench,0
0123171_neurosketch,24,furniture,chair,44,135,1,202502.25,1,27,,1
0123171_neurosketch,24,furniture,chair,44,136,1,202502.25,1,27,,0
0123171_neurosketch,24,furniture,chair,44,137,1,202502.25,1,27,,0
0123171_neurosketch,24,furniture,chair,44,138,1,202502.25,1,27,,0
0123171_neurosketch,24,furniture,bed,45,139,0,208502.76,1,2,bed,1
0123171_neurosketch,24,furniture,bed,45,140,0,208502.76,1,2,bed,0
0123171_neurosketch,24,furniture,table,46,141,0,211502.52,1,4,table,1
0123171_neurosketch,24,furniture,table,46,142,0,211502.52,1,4,table,0
0123171_neurosketch,24,furniture,bench,47,143,1,214503.01,1,37,bench,1
0123171_neurosketch,24,furniture,bench,47,144,1,214503.01,1,37,bench,0
0123171_neurosketch,24,furniture,table,48,145,0,217502.57,1,24,table,1
0123171_neurosketch,24,furniture,table,48,146,0,217502.57,1,24,table,0
0123171_neurosketch,24,furniture,table,48,147,0,217502.57,1,24,table,0
0123171_neurosketch,24,2,bench,49,148,1,222003.01,1,35,bench,1
0123171_neurosketch,24,2,bench,49,149,1,222003.01,1,35,bench,0
0123171_neurosketch,24,2,bench,49,150,1,222003.01,1,35,bench,0
0123171_neurosketch,24,2,bench,49,151,1,222003.01,1,35,bench,0
0123171_neurosketch,24,furniture,chair,50,152,1,228002.82,1,25,chair,1
0123171_neurosketch,24,furniture,chair,50,153,1,228002.82,1,25,chair,0
0123171_neurosketch,24,furniture,bed,51,154,0,231002.41,1,27,bed,1
0123171_neurosketch,24,furniture,bed,51,155,0,231002.41,1,27,bed,0
0123171_neurosketch,24,furniture,bed,51,156,0,231002.41,1,27,bed,0
0123171_neurosketch,24,furniture,bench,52,157,1,235503.3,1,28,bench,1
0123171_neurosketch,24,furniture,bench,52,158,1,235503.3,1,28,bench,0
0123171_neurosketch,24,furniture,bench,52,159,1,235503.3,1,28,bench,0
0123171_neurosketch,24,furniture,table,53,160,0,240002.99,1,29,table,1
0123171_neurosketch,24,furniture,table,53,161,0,240002.99,1,29,table,0
0123171_neurosketch,24,furniture,chair,54,162,1,243002.98,1,35,,1
0123171_neurosketch,24,furniture,chair,54,163,1,243002.98,1,35,,0
0123171_neurosketch,24,furniture,bed,55,164,0,246003.13,1,20,bed,1
0123171_neurosketch,24,furniture,bed,55,165,0,246003.13,1,20,bed,0
0123171_neurosketch,24,furniture,bench,56,166,1,249002.59,1,1,bench,1
0123171_neurosketch,24,furniture,bench,56,167,1,249002.59,1,1,bench,0
0123171_neurosketch,24,furniture,bench,56,168,1,249002.59,1,1,bench,0
0123171_neurosketch,24,furniture,chair,57,169,1,253502.86,1,20,chair,1
0123171_neurosketch,24,furniture,chair,57,170,1,253502.86,1,20,chair,0
0123171_neurosketch,24,furniture,chair,57,171,1,253502.86,1,20,chair,0
0123171_neurosketch,24,furniture,bed,58,172,0,258002.08,1,39,bed,1
0123171_neurosketch,24,furniture,bed,58,173,0,258002.08,1,39,bed,0
0123171_neurosketch,24,furniture,bed,58,174,0,258002.08,1,39,bed,0
0123171_neurosketch,24,2,table,59,175,0,262502.81,1,31,table,1
0123171_neurosketch,24,2,table,59,176,0,262502.81,1,31,table,0
0123171_neurosketch,24,furniture,bench,60,177,1,265502.45,1,0,bench,1
0123171_neurosketch,24,furniture,bench,60,178,1,265502.45,1,0,bench,0
0123171_neurosketch,24,furniture,bed,61,179,0,268504.06,1,31,bed,1
0123171_neurosketch,24,furniture,bed,61,180,0,268504.06,1,31,bed,0
0123171_neurosketch,24,furniture,chair,62,181,1,271503.92,1,19,chair,1
0123171_neurosketch,24,furniture,chair,62,182,1,271503.92,1,19,chair,0
0123171_neurosketch,24,furniture,chair,62,183,1,271503.92,1,19,chair,0
0123171_neurosketch,24,furniture,table,63,184,0,276002.27,1,26,table,1
0123171_neurosketch,24,furniture,table,63,185,0,276002.27,1,26,table,0
0123171_neurosketch,24,furniture,table,63,186,0,276002.27,1,26,table,0
0123171_neurosketch,24,furniture,table,63,187,0,276002.27,1,26,table,0
0123171_neurosketch,24,furniture,bench,64,188,1,282003.1,1,24,bench,1
0123171_neurosketch,24,furniture,bench,64,189,1,282003.1,1,24,bench,0
0123171_neurosketch,24,furniture,bench,64,190,1,282003.1,1,24,bench,0
0123171_neurosketch,24,furniture,chair,65,191,1,286503.17,1,38,chair,1
0123171_neurosketch,24,furniture,chair,65,192,1,286503.17,1,38,chair,0
0123171_neurosketch,24,furniture,bed,66,193,0,289503.61,1,3,bed,1
0123171_neurosketch,24,furniture,bed,66,194,0,289503.61,1,3,bed,0
0123171_neurosketch,24,furniture,bed,66,195,0,289503.61,1,3,bed,0
0123171_neurosketch,24,furniture,bed,66,196,0,289503.61,1,3,bed,0
0123171_neurosketch,24,furniture,table,67,197,0,295502.98,1,5,table,1
0123171_neurosketch,24,furniture,table,67,198,0,295502.98,1,5,table,0
0123171_neurosketch,24,furniture,table,67,199,0,295502.98,1,5,table,0
0123171_neurosketch,24,furniture,table,67,200,0,295502.98,1,5,table,0
0123171_neurosketch,24,furniture,bench,68,201,1,301502.77,1,25,bench,1
0123171_neurosketch,24,furniture,bench,68,202,1,301502.77,1,25,bench,0
0123171_neurosketch,24,2,chair,69,203,1,304502.61,1,30,chair,1
0123171_neurosketch,24,2,chair,69,204,1,304502.61,1,30,chair,0
0123171_neurosketch,24,2,chair,69,205,1,304502.61,1,30,chair,0
0123171_neurosketch,24,2,chair,69,206,1,304502.61,1,30,chair,0
0123171_neurosketch,24,furniture,table,70,207,0,310504.95,1,39,table,1
0123171_neurosketch,24,furniture,table,70,208,0,310504.95,1,39,table,0
0123171_neurosketch,24,furniture,table,70,209,0,310504.95,1,39,table,0
0123171_neurosketch,24,furniture,bed,71,210,0,315003.07,1,38,bed,1
0123171_neurosketch,24,furniture,bed,71,211,0,315003.07,1,38,bed,0
0123171_neurosketch,24,furniture,bed,71,212,0,315003.07,1,38,bed,0
0123171_neurosketch,24,furniture,bench,72,213,1,319501.94,1,31,bench,1
0123171_neurosketch,24,furniture,bench,72,214,1,319501.94,1,31,bench,0
0123171_neurosketch,24,furniture,bench,72,215,1,319501.94,1,31,bench,0
0123171_neurosketch,24,furniture,bench,72,216,1,319501.94,1,31,bench,0
0123171_neurosketch,24,furniture,chair,73,217,1,325502.13,1,22,chair,1
0123171_neurosketch,24,furniture,chair,73,218,1,325502.13,1,22,chair,0
0123171_neurosketch,24,furniture,table,74,219,0,328502.09,1,1,table,1
0123171_neurosketch,24,furniture,table,74,220,0,328502.09,1,1,table,0
0123171_neurosketch,24,furniture,table,74,221,0,328502.09,1,1,table,0
0123171_neurosketch,24,furniture,bed,75,222,0,333002.15,1,37,bed,1
0123171_neurosketch,24,furniture,bed,75,223,0,333002.15,1,37,bed,0
0123171_neurosketch,24,furniture,bed,75,224,0,333002.15,1,37,bed,0
0123171_neurosketch,24,furniture,chair,76,225,1,337501.34,1,31,chair,1
0123171_neurosketch,24,furniture,chair,76,226,1,337501.34,1,31,chair,0
0123171_neurosketch,24,furniture,bench,77,227,1,340501.51,1,33,bench,1
0123171_neurosketch,24,furniture,bench,77,228,1,340501.51,1,33,bench,0
0123171_neurosketch,24,furniture,bench,77,229,1,340501.51,1,33,bench,0
0123171_neurosketch,24,furniture,table,78,230,0,345002.1,1,30,table,1
0123171_neurosketch,24,furniture,table,78,231,0,345002.1,1,30,table,0
0123171_neurosketch,24,2,bed,79,232,0,348001.99,1,11,bed,1
0123171_neurosketch,24,2,bed,79,233,0,348001.99,1,11,bed,0
0123171_neurosketch,24,2,bed,79,234,0,348001.99,1,11,bed,0
0123171_neurosketch,24,2,bed,79,235,0,348001.99,1,11,bed,0
0123171_neurosketch,24,2,bed,79,236,0,348001.99,1,11,bed,0
0123171_neurosketch,24,2,bed,79,237,0,348001.99,1,11,bed,0
0123171_neurosketch,24,2,bed,79,238,0,348001.99,1,11,bed,0
0123171_neurosketch,24,2,bed,79,239,0,348001.99,1,11,bed,0
0123171_neurosketch,24,furniture,chair,80,0,-1,0.0,2,33,chair,0
0123171_neurosketch,24,furniture,chair,80,1,-1,0.0,2,33,chair,0
0123171_neurosketch,24,furniture,chair,80,2,-1,0.0,2,33,chair,0
0123171_neurosketch,24,furniture,chair,80,3,-1,0.0,2,33,chair,0
0123171_neurosketch,24,furniture,chair,80,4,-1,0.0,2,33,chair,0
0123171_neurosketch,24,furniture,chair,80,5,-1,0.0,2,33,chair,0
0123171_neurosketch,24,furniture,chair,80,6,-1,0.0,2,33,chair,0
0123171_neurosketch,24,furniture,chair,80,7,-1,0.0,2,33,chair,0
0123171_neurosketch,24,furniture,chair,80,8,1,12003.47,2,33,chair,1
0123171_neurosketch,24,furniture,chair,80,9,1,12003.47,2,33,chair,0
0123171_neurosketch,24,furniture,chair,80,10,1,12003.47,2,33,chair,0
0123171_neurosketch,24,furniture,table,81,11,0,16502.18,2,38,table,1
0123171_neurosketch,24,furniture,table,81,12,0,16502.18,2,38,table,0
0123171_neurosketch,24,furniture,table,81,13,0,16502.18,2,38,table,0
0123171_neurosketch,24,furniture,table,81,14,0,16502.18,2,38,table,0
0123171_neurosketch,24,furniture,bench,82,15,1,22502.2,2,18,bench,1
0123171_neurosketch,24,furniture,bench,82,16,1,22502.2,2,18,bench,0
0123171_neurosketch,24,furniture,bench,82,17,1,22502.2,2,18,bench,0
0123171_neurosketch,24,furniture,bed,83,18,0,27001.42,2,0,bed,1
0123171_neurosketch,24,furniture,bed,83,19,0,27001.42,2,0,bed,0
0123171_neurosketch,24,furniture,bed,84,20,0,30001.73,2,32,bed,1
0123171_neurosketch,24,furniture,bed,84,21,0,30001.73,2,32,bed,0
0123171_neurosketch,24,furniture,bed,84,22,0,30001.73,2,32,bed,0
0123171_neurosketch,24,furniture,bed,84,23,0,30001.73,2,32,bed,0
0123171_neurosketch,24,furniture,table,85,24,0,36001.68,2,37,table,1
0123171_neurosketch,24,furniture,table,85,25,0,36001.68,2,37,table,0
0123171_neurosketch,24,furniture,bench,86,26,1,39002.24,2,10,bench,1
0123171_neurosketch,24,furniture,bench,86,27,1,39002.24,2,10,bench,0
0123171_neurosketch,24,furniture,chair,87,28,1,42002.19,2,32,chair,1
0123171_neurosketch,24,furniture,chair,87,29,1,42002.19,2,32,chair,0
0123171_neurosketch,24,furniture,bench,88,30,1,45002.89,2,11,bench,1
0123171_neurosketch,24,furniture,bench,88,31,1,45002.89,2,11,bench,0
0123171_neurosketch,24,furniture,bench,88,32,1,45002.89,2,11,bench,0
0123171_neurosketch,24,2,table,89,33,0,49502.17,2,23,table,1
0123171_neurosketch,24,2,table,89,34,0,49502.17,2,23,table,0
0123171_neurosketch,24,2,table,89,35,0,49502.17,2,23,table,0
0123171_neurosketch,24,2,table,89,36,0,49502.17,2,23,table,0
0123171_neurosketch,24,furniture,chair,90,37,1,55502.22,2,1,chair,1
0123171_neurosketch,24,furniture,chair,90,38,1,55502.22,2,1,chair,0
0123171_neurosketch,24,furniture,bed,91,39,0,58502.17,2,34,bed,1
0123171_neurosketch,24,furniture,bed,91,40,0,58502.17,2,34,bed,0
0123171_neurosketch,24,furniture,bed,91,41,0,58502.17,2,34,bed,0
0123171_neurosketch,24,furniture,chair,92,42,1,63002.6,2,17,chair,1
0123171_neurosketch,24,furniture,chair,92,43,1,63002.6,2,17,chair,0
0123171_neurosketch,24,furniture,chair,92,44,1,63002.6,2,17,chair,0
0123171_neurosketch,24,furniture,bench,93,45,1,67501.68,2,8,bench,1
0123171_neurosketch,24,furniture,bench,93,46,1,67501.68,2,8,bench,0
0123171_neurosketch,24,furniture,bed,94,47,0,70502.46,2,5,bed,1
0123171_neurosketch,24,furniture,bed,94,48,0,70502.46,2,5,bed,0
0123171_neurosketch,24,furniture,table,95,49,0,73501.62,2,16,table,1
0123171_neurosketch,24,furniture,table,95,50,0,73501.62,2,16,table,0
0123171_neurosketch,24,furniture,chair,96,51,1,76501.82,2,29,chair,1
0123171_neurosketch,24,furniture,chair,96,52,1,76501.82,2,29,chair,0
0123171_neurosketch,24,furniture,chair,96,53,1,76501.82,2,29,chair,0
0123171_neurosketch,24,furniture,bench,97,54,1,81002.62,2,22,bench,1
0123171_neurosketch,24,furniture,bench,97,55,1,81002.62,2,22,bench,0
0123171_neurosketch,24,furniture,bench,97,56,1,81002.62,2,22,bench,0
0123171_neurosketch,24,furniture,bed,98,57,0,85502.69,2,17,bed,1
0123171_neurosketch,24,furniture,bed,98,58,0,85502.69,2,17,bed,0
0123171_neurosketch,24,furniture,bed,98,59,0,85502.69,2,17,bed,0
0123171_neurosketch,24,2,table,99,60,0,90003.1,2,0,table,1
0123171_neurosketch,24,2,table,99,61,0,90003.1,2,0,table,0
0123171_neurosketch,24,furniture,bed,100,62,0,93002.49,2,6,bed,1
0123171_neurosketch,24,furniture,bed,100,63,0,93002.49,2,6,bed,0
0123171_neurosketch,24,furniture,table,101,64,0,96001.79,2,21,table,1
0123171_neurosketch,24,furniture,table,101,65,0,96001.79,2,21,table,0
0123171_neurosketch,24,furniture,bench,102,66,1,99002.7,2,17,bench,1
0123171_neurosketch,24,furniture,bench,102,67,1,99002.7,2,17,bench,0
0123171_neurosketch,24,furniture,bench,102,68,1,99002.7,2,17,bench,0
0123171_neurosketch,24,furniture,chair,103,69,1,103502.32,2,6,chair,1
0123171_neurosketch,24,furniture,chair,103,70,1,103502.32,2,6,chair,0
0123171_neurosketch,24,furniture,chair,103,71,1,103502.32,2,6,chair,0
0123171_neurosketch,24,furniture,chair,103,72,1,103502.32,2,6,chair,0
0123171_neurosketch,24,furniture,bench,104,73,1,109502.04,2,30,bench,1
0123171_neurosketch,24,furniture,bench,104,74,1,109502.04,2,30,bench,0
0123171_neurosketch,24,furniture,bench,104,75,1,109502.04,2,30,bench,0
0123171_neurosketch,24,furniture,chair,105,76,1,114002.7,2,26,chair,1
0123171_neurosketch,24,furniture,chair,105,77,1,114002.7,2,26,chair,0
0123171_neurosketch,24,furniture,bed,106,78,0,117002.62,2,25,bed,1
0123171_neurosketch,24,furniture,bed,106,79,0,117002.62,2,25,bed,0
0123171_neurosketch,24,furniture,bed,106,80,0,117002.62,2,25,bed,0
0123171_neurosketch,24,furniture,bed,106,81,0,117002.62,2,25,bed,0
0123171_neurosketch,24,furniture,table,107,82,0,123002.58,2,18,table,1
0123171_neurosketch,24,furniture,table,107,83,0,123002.58,2,18,table,0
0123171_neurosketch,24,furniture,table,107,84,0,123002.58,2,18,table,0
0123171_neurosketch,24,furniture,table,107,85,0,123002.58,2,18,table,0
0123171_neurosketch,24,furniture,chair,108,86,1,129002.28,2,9,chair,1
0123171_neurosketch,24,furniture,chair,108,87,1,129002.28,2,9,chair,0
0123171_neurosketch,24,2,bench,109,88,1,132001.74,2,2,bench,1
0123171_neurosketch,24,2,bench,109,89,1,132001.74,2,2,bench,0
0123171_neurosketch,24,2,bench,109,90,1,132001.74,2,2,bench,0
0123171_neurosketch,24,2,bench,109,91,1,132001.74,2,2,bench,0
0123171_neurosketch,24,furniture,table,110,92,0,138003.14,2,10,table,1
0123171_neurosketch,24,furniture,table,110,93,0,138003.14,2,10,table,0
0123171_neurosketch,24,furniture,table,110,94,0,138003.14,2,10,table,0
0123171_neurosketch,24,furniture,bed,111,95,0,142502.28,2,26,bed,1
0123171_neurosketch,24,furniture,bed,111,96,0,142502.28,2,26,bed,0
0123171_neurosketch,24,furniture,bed,111,97,0,142502.28,2,26,bed,0
0123171_neurosketch,24,furniture,bench,112,98,1,147002.9,2,9,bench,1
0123171_neurosketch,24,furniture,bench,112,99,1,147002.9,2,9,bench,0
0123171_neurosketch,24,furniture,bench,112,100,1,147002.9,2,9,bench,0
0123171_neurosketch,24,furniture,bench,112,101,1,147002.9,2,9,bench,0
0123171_neurosketch,24,furniture,table,113,102,0,153002.2,2,36,table,1
0123171_neurosketch,24,furniture,table,113,103,0,153002.2,2,36,table,0
0123171_neurosketch,24,furniture,chair,114,104,1,156002.29,2,28,,1
0123171_neurosketch,24,furniture,chair,114,105,1,156002.29,2,28,,0
0123171_neurosketch,24,furniture,chair,114,106,1,156002.29,2,28,,0
0123171_neurosketch,24,furniture,bed,115,107,0,160502.97,2,9,bed,1
0123171_neurosketch,24,furniture,bed,115,108,0,160502.97,2,9,bed,0
0123171_neurosketch,24,furniture,bed,115,109,0,160502.97,2,9,bed,0
0123171_neurosketch,24,furniture,bed,116,110,0,165002.7,2,28,bed,1
0123171_neurosketch,24,furniture,bed,116,111,0,165002.7,2,28,bed,0
0123171_neurosketch,24,furniture,chair,117,112,1,168002.86,2,37,chair,1
0123171_neurosketch,24,furniture,chair,117,113,1,168002.86,2,37,chair,0
0123171_neurosketch,24,furniture,chair,117,114,1,168002.86,2,37,chair,0
0123171_neurosketch,24,furniture,table,118,115,0,172502.86,2,14,table,1
0123171_neurosketch,24,furniture,table,118,116,0,172502.86,2,14,table,0
0123171_neurosketch,24,2,bench,119,117,1,175502.85,2,23,,1
0123171_neurosketch,24,2,bench,119,118,1,175502.85,2,23,,0
0123171_neurosketch,24,2,bench,119,119,1,175502.85,2,23,,0
0123171_neurosketch,24,furniture,bench,120,120,1,180002.69,2,27,chair,1
0123171_neurosketch,24,furniture,bench,120,121,1,180002.69,2,27,chair,0
0123171_neurosketch,24,furniture,bench,120,122,1,180002.69,2,27,chair,0
0123171_neurosketch,24,furniture,bed,121,123,0,184502.93,2,14,bed,1
0123171_neurosketch,24,furniture,bed,121,124,0,184502.93,2,14,bed,0
0123171_neurosketch,24,furniture,bed,121,125,0,184502.93,2,14,bed,0
0123171_neurosketch,24,furniture,bed,121,126,0,184502.93,2,14,bed,0
0123171_neurosketch,24,furniture,table,122,127,0,190502.13,2,9,table,1
0123171_neurosketch,24,furniture,table,122,128,0,190502.13,2,9,table,0
0123171_neurosketch,24,furniture,table,122,129,0,190502.13,2,9,table,0
0123171_neurosketch,24,furniture,chair,123,130,1,195001.39,2,0,chair,1
0123171_neurosketch,24,furniture,chair,123,131,1,195001.39,2,0,chair,0
0123171_neurosketch,24,furniture,chair,124,132,1,198002.18,2,15,chair,1
0123171_neurosketch,24,furniture,chair,124,133,1,198002.18,2,15,chair,0
0123171_neurosketch,24,furniture,chair,124,134,1,198002.18,2,15,chair,0
0123171_neurosketch,24,furniture,chair,124,135,1,198002.18,2,15,chair,0
0123171_neurosketch,24,furniture,table,125,136,0,204003.05,2,20,table,1
0123171_neurosketch,24,furniture,table,125,137,0,204003.05,2,20,table,0
0123171_neurosketch,24,furniture,bed,126,138,0,207002.73,2,10,bed,1
0123171_neurosketch,24,furniture,bed,126,139,0,207002.73,2,10,bed,0
0123171_neurosketch,24,furniture,bench,127,140,1,210002.09,2,38,bench,1
0123171_neurosketch,24,furniture,bench,127,141,1,210002.09,2,38,bench,0
0123171_neurosketch,24,furniture,bench,128,142,1,213002.24,2,36,bench,1
0123171_neurosketch,24,furniture,bench,128,143,1,213002.24,2,36,bench,0
0123171_neurosketch,24,furniture,bench,128,144,1,213002.24,2,36,bench,0
0123171_neurosketch,24,2,bed,129,145,0,217502.53,2,19,bed,1
0123171_neurosketch,24,2,bed,129,146,0,217502.53,2,19,bed,0
0123171_neurosketch,24,2,bed,129,147,0,217502.53,2,19,bed,0
0123171_neurosketch,24,2,bed,129,148,0,217502.53,2,19,bed,0
0123171_neurosketch,24,furniture,table,130,149,0,223503.61,2,28,table,1
0123171_neurosketch,24,furniture,table,130,150,0,223503.61,2,28,table,0
0123171_neurosketch,24,furniture,chair,131,151,1,226502.51,2,21,chair,1
0123171_neurosketch,24,furniture,chair,131,152,1,226502.51,2,21,chair,0
0123171_neurosketch,24,furniture,chair,131,153,1,226502.51,2,21,chair,0
0123171_neurosketch,24,furniture,bench,132,154,1,231002.98,2,34,bench,1
0123171_neurosketch,24,furniture,bench,132,155,1,231002.98,2,34,bench,0
0123171_neurosketch,24,furniture,bench,132,156,1,231002.98,2,34,bench,0
0123171_neurosketch,24,furniture,table,133,157,0,235502.76,2,27,table,1
0123171_neurosketch,24,furniture,table,133,158,0,235502.76,2,27,table,0
0123171_neurosketch,24,furniture,bed,134,159,0,238504.34,2,4,bed,1
0123171_neurosketch,24,furniture,bed,134,160,0,238504.34,2,4,bed,0
0123171_neurosketch,24,furniture,chair,135,161,1,241502.97,2,16,chair,1
0123171_neurosketch,24,furniture,chair,135,162,1,241502.97,2,16,chair,0
0123171_neurosketch,24,furniture,chair,136,163,1,244502.99,2,23,chair,1
0123171_neurosketch,24,furniture,chair,136,164,1,244502.99,2,23,chair,0
0123171_neurosketch,24,furniture,chair,136,165,1,244502.99,2,23,chair,0
0123171_neurosketch,24,furniture,table,137,166,0,249002.88,2,11,table,1
0123171_neurosketch,24,furniture,table,137,167,0,249002.88,2,11,table,0
0123171_neurosketch,24,furniture,table,137,168,0,249002.88,2,11,table,0
0123171_neurosketch,24,furniture,bed,138,169,0,253502.66,2,22,bed,1
0123171_neurosketch,24,furniture,bed,138,170,0,253502.66,2,22,bed,0
0123171_neurosketch,24,furniture,bed,138,171,0,253502.66,2,22,bed,0
0123171_neurosketch,24,2,bench,139,172,1,258003.22,2,16,bench,1
0123171_neurosketch,24,2,bench,139,173,1,258003.22,2,16,bench,0
0123171_neurosketch,24,furniture,bench,140,174,1,261003.1,2,5,bench,1
0123171_neurosketch,24,furniture,bench,140,175,1,261003.1,2,5,bench,0
0123171_neurosketch,24,furniture,bed,141,176,0,264003.11,2,8,bed,1
0123171_neurosketch,24,furniture,bed,141,177,0,264003.11,2,8,bed,0
0123171_neurosketch,24,furniture,table,142,178,0,267002.8,2,25,table,1
0123171_neurosketch,24,furniture,table,142,179,0,267002.8,2,25,table,0
0123171_neurosketch,24,furniture,table,142,180,0,267002.8,2,25,table,0
0123171_neurosketch,24,furniture,chair,143,181,1,271503.02,2,14,chair,1
0123171_neurosketch,24,furniture,chair,143,182,1,271503.02,2,14,chair,0
0123171_neurosketch,24,furniture,chair,143,183,1,271503.02,2,14,chair,0
0123171_neurosketch,24,furniture,chair,143,184,1,271503.02,2,14,chair,0
0123171_neurosketch,24,furniture,bench,144,185,1,277502.22,2,39,bench,1
0123171_neurosketch,24,furniture,bench,144,186,1,277502.22,2,39,bench,0
0123171_neurosketch,24,furniture,bench,144,187,1,277502.22,2,39,bench,0
0123171_neurosketch,24,furniture,table,145,188,0,282002.48,2,12,table,1
0123171_neurosketch,24,furniture,table,145,189,0,282002.48,2,12,table,0
0123171_neurosketch,24,furniture,chair,146,190,1,285003.03,2,39,chair,1
0123171_neurosketch,24,furniture,chair,146,191,1,285003.03,2,39,chair,0
0123171_neurosketch,24,furniture,chair,146,192,1,285003.03,2,39,chair,0
0123171_neurosketch,24,furniture,chair,146,193,1,285003.03,2,39,chair,0
0123171_neurosketch,24,furniture,bed,147,194,0,291002.68,2,30,bed,1
0123171_neurosketch,24,furniture,bed,147,195,0,291002.68,2,30,bed,0
0123171_neurosketch,24,furniture,bed,147,196,0,291002.68,2,30,bed,0
0123171_neurosketch,24,furniture,bed,147,197,0,291002.68,2,30,bed,0
0123171_neurosketch,24,furniture,bed,148,198,0,297003.1,2,18,bed,1
0123171_neurosketch,24,furniture,bed,148,199,0,297003.1,2,18,bed,0
0123171_neurosketch,24,2,table,149,200,0,300002.88,2,6,,1
0123171_neurosketch,24,2,table,149,201,0,300002.88,2,6,,0
0123171_neurosketch,24,2,table,149,202,0,300002.88,2,6,,0
0123171_neurosketch,24,2,table,149,203,0,300002.88,2,6,,0
0123171_neurosketch,24,furniture,bench,150,204,1,306003.01,2,3,bench,1
0123171_neurosketch,24,furniture,bench,150,205,1,306003.01,2,3,bench,0
0123171_neurosketch,24,furniture,bench,150,206,1,306003.01,2,3,bench,0
0123171_neurosketch,24,furniture,chair,151,207,1,310502.47,2,7,chair,1
0123171_neurosketch,24,furniture,chair,151,208,1,310502.47,2,7,chair,0
0123171_neurosketch,24,furniture,chair,151,209,1,310502.47,2,7,chair,0
0123171_neurosketch,24,furniture,bench,152,210,1,315001.99,2,15,bench,1
0123171_neurosketch,24,furniture,bench,152,211,1,315001.99,2,15,bench,0
0123171_neurosketch,24,furniture,bench,152,212,1,315001.99,2,15,bench,0
0123171_neurosketch,24,furniture,bench,152,213,1,315001.99,2,15,bench,0
0123171_neurosketch,24,furniture,bed,153,214,0,321003.07,2,23,bed,1
0123171_neurosketch,24,furniture,bed,153,215,0,321003.07,2,23,bed,0
0123171_neurosketch,24,furniture,chair,154,216,1,324002.55,2,11,chair,1
0123171_neurosketch,24,furniture,chair,154,217,1,324002.55,2,11,chair,0
0123171_neurosketch,24,furniture,chair,154,218,1,324002.55,2,11,chair,0
0123171_neurosketch,24,furniture,table,155,219,0,328502.28,2,8,table,1
0123171_neurosketch,24,furniture,table,155,220,0,328502.28,2,8,table,0
0123171_neurosketch,24,furniture,table,155,221,0,328502.28,2,8,table,0
0123171_neurosketch,24,furniture,chair,156,222,1,333001.99,2,10,chair,1
0123171_neurosketch,24,furniture,chair,156,223,1,333001.99,2,10,chair,0
0123171_neurosketch,24,furniture,bed,157,224,0,336002.41,2,36,bed,1
0123171_neurosketch,24,furniture,bed,157,225,0,336002.41,2,36,bed,0
0123171_neurosketch,24,furniture,bed,157,226,0,336002.41,2,36,bed,0
0123171_neurosketch,24,furniture,bench,158,227,1,340502.94,2,29,bench,1
0123171_neurosketch,24,furniture,bench,158,228,1,340502.94,2,29,bench,0
0123171_neurosketch,24,2,table,159,229,0,343502.76,2,19,table,1
0123171_neurosketch,24,2,table,159,230,0,343502.76,2,19,table,0
0123171_neurosketch,24,2,table,159,231,0,343502.76,2,19,table,0
0123171_neurosketch,24,2,table,159,232,0,343502.76,2,19,table,0
0123171_neurosketch,24,2,table,159,233,0,343502.76,2,19,table,0
0123171_neurosketch,24,2,table,159,234,0,343502.76,2,19,table,0
0123171_neurosketch,24,2,table,159,235,0,343502.76,2,19,table,0
0123171_neurosketch,24,2,table,159,236,0,343502.76,2,19,table,0
0123171_neurosketch,24,2,table,159,237,0,343502.76,2,19,table,0
0123171_neurosketch,24,2,table,159,238,0,343502.76,2,19,table,0
0123171_neurosketch,24,2,table,159,239,0,343502.76,2,19,table,0
0123171_neurosketch,24,furniture,table,160,0,-1,0.0,3,19,table,0
0123171_neurosketch,24,furniture,table,160,1,-1,0.0,3,19,table,0
0123171_neurosketch,24,furniture,table,160,2,-1,0.0,3,19,table,0
0123171_neurosketch,24,furniture,table,160,3,-1,0.0,3,19,table,0
0123171_neurosketch,24,furniture,table,160,4,-1,0.0,3,19,table,0
0123171_neurosketch,24,furniture,table,160,5,-1,0.0,3,19,table,0
0123171_neurosketch,24,furniture,table,160,6,-1,0.0,3,19,table,0
0123171_neurosketch,24,furniture,table,160,7,-1,0.0,3,19,table,0
0123171_neurosketch,24,furniture,table,160,8,0,12002.16,3,19,table,1
0123171_neurosketch,24,furniture,table,160,9,0,12002.16,3,19,table,0
0123171_neurosketch,24,furniture,table,160,10,0,12002.16,3,19,table,0
0123171_neurosketch,24,furniture,bench,161,11,1,16501.55,3,29,bench,1
0123171_neurosketch,24,furniture,bench,161,12,1,16501.55,3,29,bench,0
0123171_neurosketch,24,furniture,bench,161,13,1,16501.55,3,29,bench,0
0123171_neurosketch,24,furniture,bench,161,14,1,16501.55,3,29,bench,0
0123171_neurosketch,24,furniture,bed,162,15,0,22502.01,3,36,bed,1
0123171_neurosketch,24,furniture,bed,162,16,0,22502.01,3,36,bed,0
0123171_neurosketch,24,furniture,bed,162,17,0,22502.01,3,36,bed,0
0123171_neurosketch,24,furniture,chair,163,18,1,27001.71,3,10,chair,1
0123171_neurosketch,24,furniture,chair,163,19,1,27001.71,3,10,chair,0
0123171_neurosketch,24,furniture,table,164,20,0,30002.06,3,8,table,1
0123171_neurosketch,24,furniture,table,164,21,0,30002.06,3,8,table,0
0123171_neurosketch,24,furniture,table,164,22,0,30002.06,3,8,table,0
0123171_neurosketch,24,furniture,table,164,23,0,30002.06,3,8,table,0
0123171_neurosketch,24,furniture,chair,165,24,1,36001.86,3,11,chair,1
0123171_neurosketch,24,furniture,chair,165,25,1,36001.86,3,11,chair,0
0123171_neurosketch,24,furniture,bed,166,26,0,39002.23,3,23,bed,1
0123171_neurosketch,24,furniture,bed,166,27,0,39002.23,3,23,bed,0
0123171_neurosketch,24,furniture,bench,167,28,1,42001.27,3,15,bench,1
0123171_neurosketch,24,furniture,bench,167,29,1,42001.27,3,15,bench,0
0123171_neurosketch,24,furniture,chair,168,30,1,45002.47,3,7,chair,1
0123171_neurosketch,24,furniture,chair,168,31,1,45002.47,3,7,chair,0
0123171_neurosketch,24,furniture,chair,168,32,1,45002.47,3,7,chair,0
0123171_neurosketch,24,2,bench,169,33,1,49502.07,3,3,bench,1
0123171_neurosketch,24,2,bench,169,34,1,49502.07,3,3,bench,0
0123171_neurosketch,24,2,bench,169,35,1,49502.07,3,3,bench,0
0123171_neurosketch,24,2,bench,169,36,1,49502.07,3,3,bench,0
0123171_neurosketch,24,furniture,table,170,37,0,55502.91,3,6,table,1
0123171_neurosketch,24,furniture,table,170,38,0,55502.91,3,6,table,0
0123171_neurosketch,24,furniture,bed,171,39,0,58502.16,3,18,bed,1
0123171_neurosketch,24,furniture,bed,171,40,0,58502.16,3,18,bed,0
0123171_neurosketch,24,furniture,bed,171,41,0,58502.16,3,18,bed,0
0123171_neurosketch,24,furniture,bed,172,42,0,63004.76,3,30,bed,1
0123171_neurosketch,24,furniture,bed,172,43,0,63004.76,3,30,bed,0
0123171_neurosketch,24,furniture,bed,172,44,0,63004.76,3,30,bed,0
0123171_neurosketch,24,furniture,chair,173,45,1,67502.8,3,39,chair,1
0123171_neurosketch,24,furniture,chair,173,46,1,67502.8,3,39,chair,0
0123171_neurosketch,24,furniture,table,174,47,0,70501.85,3,12,table,1
0123171_neurosketch,24,furniture,table,174,48,0,70501.85,3,12,table,0
0123171_neurosketch,24,furniture,bench,175,49,1,73503.1,3,39,bench,1
0123171_neurosketch,24,furniture,bench,175,50,1,73503.1,3,39,bench,0
0123171_neurosketch,24,furniture,chair,176,51,1,76502.37,3,14,chair,1
0123171_neurosketch,24,furniture,chair,176,52,1,76502.37,3,14,chair,0
0123171_neurosketch,24,furniture,chair,176,53,1,76502.37,3,14,chair,0
0123171_neurosketch,24,furniture,table,177,54,0,81002.87,3,25,table,1
0123171_neurosketch,24,furniture,table,177,55,0,81002.87,3,25,table,0
0123171_neurosketch,24,furniture,table,177,56,0,81002.87,3,25,table,0
0123171_neurosketch,24,furniture,bed,178,57,0,85502.0,3,8,bed,1
0123171_neurosketch,24,furniture,bed,178,58,0,85502.0,3,8,bed,0
0123171_neurosketch,24,furniture,bed,178,59,0,85502.0,3,8,bed,0
0123171_neurosketch,24,2,bench,179,60,1,90002.28,3,5,bench,1
0123171_neurosketch,24,2,bench,179,61,1,90002.28,3,5,bench,0
0123171_neurosketch,24,furniture,bench,180,62,1,93003.06,3,16,bench,1
0123171_neurosketch,24,furniture,bench,180,63,1,93003.06,3,16,bench,0
0123171_neurosketch,24,furniture,bed,181,64,0,96002.02,3,22,bed,1
0123171_neurosketch,24,furniture,bed,181,65,0,96002.02,3,22,bed,0
0123171_neurosketch,24,furniture,table,182,66,0,99002.76,3,11,table,1
0123171_neurosketch,24,furniture,table,182,67,0,99002.76,3,11,table,0
0123171_neurosketch,24,furniture,table,182,68,0,99002.76,3,11,table,0
0123171_neurosketch,24,furniture,chair,183,69,1,103502.82,3,23,chair,1
0123171_neurosketch,24,furniture,chair,183,70,1,103502.82,3,23,chair,0
0123171_neurosketch,24,furniture,chair,183,71,1,103502.82,3,23,chair,0
0123171_neurosketch,24,furniture,chair,183,72,1,103502.82,3,23,chair,0
0123171_neurosketch,24,furniture,chair,184,73,1,109501.93,3,16,chair,1
0123171_neurosketch,24,furniture,chair,184,74,1,109501.93,3,16,chair,0
0123171_neurosketch,24,furniture,chair,184,75,1,109501.93,3,16,chair,0
0123171_neurosketch,24,furniture,bed,185,76,0,114002.7,3,4,bed,1
0123171_neurosketch,24,furniture,bed,185,77,0,114002.7,3,4,bed,0
0123171_neurosketch,24,furniture,table,186,78,0,117002.72,3,27,table,1
0123171_neurosketch,24,furniture,table,186,79,0,117002.72,3,27,table,0
0123171_neurosketch,24,furniture,table,186,80,0,117002.72,3,27,table,0
0123171_neurosketch,24,furniture,table,186,81,0,117002.72,3,27,table,0
0123171_neurosketch,24,furniture,bench,187,82,1,123002.1,3,34,bench,1
0123171_neurosketch,24,furniture,bench,187,83,1,123002.1,3,34,bench,0
0123171_neurosketch,24,furniture,bench,187,84,1,123002.1,3,34,bench,0
0123171_neurosketch,24,furniture,bench,187,85,1,123002.1,3,34,bench,0
0123171_neurosketch,24,furniture,chair,188,86,1,129002.27,3,21,chair,1
0123171_neurosketch,24,furniture,chair,188,87,1,129002.27,3,21,chair,0
0123171_neurosketch,24,2,table,189,88,0,132002.4,3,28,table,1
0123171_neurosketch,24,2,table,189,89,0,132002.4,3,28,table,0
0123171_neurosketch,24,2,table,189,90,0,132002.4,3,28,table,0
0123171_neurosketch,24,2,table,189,91,0,132002.4,3,28,table,0
0123171_neurosketch,24,furniture,bed,190,92,0,138002.72,3,19,bed,1
0123171_neurosketch,24,furniture,bed,190,93,0,138002.72,3,19,bed,0
0123171_neurosketch,24,furniture,bed,190,94,0,138002.72,3,19,bed,0
0123171_neurosketch,24,furniture,bench,191,95,1,142502.74,3,36,bench,1
0123171_neurosketch,24,furniture,bench,191,96,1,142502.74,3,36,bench,0
0123171_neurosketch,24,furniture,bench,191,97,1,142502.74,3,36,bench,0
0123171_neurosketch,24,furniture,bench,192,98,1,147002.41,3,38,bench,1
0123171_neurosketch,24,furniture,bench,192,99,1,147002.41,3,38,bench,0
0123171_neurosketch,24,furniture,bench,192,100,1,147002.41,3,38,bench,0
0123171_neurosketch,24,furniture,bench,192,101,1,147002.41,3,38,bench,0
0123171_neurosketch,24,furniture,bed,193,102,0,153002.99,3,10,bed,1
0123171_neurosketch,24,furniture,bed,193,103,0,153002.99,3,10,bed,0
0123171_neurosketch,24,furniture,table,194,104,0,156002.72,3,20,table,1
0123171_neurosketch,24,furniture,table,194,105,0,156002.72,3,20,table,0
0123171_neurosketch,24,furniture,table,194,106,0,156002.72,3,20,table,0
0123171_neurosketch,24,furniture,chair,195,107,1,160502.77,3,15,chair,1
0123171_neurosketch,24,furniture,chair,195,108,1,160502.77,3,15,chair,0
0123171_neurosketch,24,furniture,chair,195,109,1,160502.77,3,15,chair,0
0123171_neurosketch,24,furniture,chair,196,110,1,165002.24,3,0,chair,1
0123171_neurosketch,24,furniture,chair,196,111,1,165002.24,3,0,chair,0
0123171_neurosketch,24,furniture,table,197,112,0,168002.56,3,9,table,1
0123171_neurosketch,24,furniture,table,197,113,0,168002.56,3,9,table,0
0123171_neurosketch,24,furniture,table,197,114,0,168002.56,3,9,table,0
0123171_neurosketch,24,furniture,bed,198,115,0,172502.76,3,14,bed,1
0123171_neurosketch,24,furniture,bed,198,116,0,172502.76,3,14,bed,0
0123171_neurosketch,24,2,bench,199,117,1,175502.82,3,27,bench,1
0123171_neurosketch,24,2,bench,199,118,1,175502.82,3,27,bench,0
0123171_neurosketch,24,2,bench,199,119,1,175502.82,3,27,bench,0
0123171_neurosketch,24,furniture,bench,200,120,1,180002.27,3,23,bench,1
0123171_neurosketch,24,furniture,bench,200,121,1,180002.27,3,23,bench,0
0123171_neurosketch,24,furniture,bench,200,122,1,180002.27,3,23,bench,0
0123171_neurosketch,24,furniture,table,201,123,0,184503.14,3,14,table,1
0123171_neurosketch,24,furniture,table,201,124,0,184503.14,3,14,table,0
0123171_neurosketch,24,furniture,table,201,125,0,184503.14,3,14,table,0
0123171_neurosketch,24,furniture,table,201,126,0,184503.14,3,14,table,0
0123171_neurosketch,24,furniture,chair,202,127,1,190501.33,3,37,chair,1
0123171_neurosketch,24,furniture,chair,202,128,1,190501.33,3,37,chair,0
0123171_neurosketch,24,furniture,chair,202,129,1,190501.33,3,37,chair,0
0123171_neurosketch,24,furniture,bed,203,130,0,195002.34,3,28,bed,1
0123171_neurosketch,24,furniture,bed,203,131,0,195002.34,3,28,bed,0
0123171_neurosketch,24,furniture,bed,204,132,0,198002.22,3,9,bed,1
0123171_neurosketch,24,furniture,bed,204,133,0,198002.22,3,9,bed,0
0123171_neurosketch,24,furniture,bed,204,134,0,198002.22,3,9,bed,0
0123171_neurosketch,24,furniture,bed,204,135,0,198002.22,3,9,bed,0
0123171_neurosketch,24,furniture,chair,205,136,1,204003.03,3,28,chair,1
0123171_neurosketch,24,furniture,chair,205,137,1,204003.03,3,28,chair,0
0123171_neurosketch,24,furniture,table,206,138,0,207002.1,3,36,table,1
0123171_neurosketch,24,furniture,table,206,139,0,207002.1,3,36,table,0
0123171_neurosketch,24,furniture,bench,207,140,1,210002.63,3,9,bench,1
0123171_neurosketch,24,furniture,bench,207,141,1,210002.63,3,9,bench,0
0123171_neurosketch,24,furniture,bed,208,142,0,213002.73,3,26,bed,1
0123171_neurosketch,24,furniture,bed,208,143,0,213002.73,3,26,bed,0
0123171_neurosketch,24,furniture,bed,208,144,0,213002.73,3,26,bed,0
0123171_neurosketch,24,2,table,209,145,0,217502.27,3,10,table,1
0123171_neurosketch,24,2,table,209,146,0,217502.27,3,10,table,0
0123171_neurosketch,24,2,table,209,147,0,217502.27,3,10,table,0
0123171_neurosketch,24,2,table,209,148,0,217502.27,3,10,table,0
0123171_neurosketch,24,furniture,bench,210,149,1,223503.4,3,2,bench,1
0123171_neurosketch,24,furniture,bench,210,150,1,223503.4,3,2,bench,0
0123171_neurosketch,24,furniture,chair,211,151,1,226502.98,3,9,chair,1
0123171_neurosketch,24,furniture,chair,211,152,1,226502.98,3,9,chair,0
0123171_neurosketch,24,furniture,chair,211,153,1,226502.98,3,9,chair,0
0123171_neurosketch,24,furniture,table,212,154,0,231003.6,3,18,table,1
0123171_neurosketch,24,furniture,table,212,155,0,231003.6,3,18,table,0
0123171_neurosketch,24,furniture,table,212,156,0,231003.6,3,18,table,0
0123171_neurosketch,24,furniture,bed,213,157,0,235502.88,3,25,bed,1
0123171_neurosketch,24,furniture,bed,213,158,0,235502.88,3,25,bed,0
0123171_neurosketch,24,furniture,chair,214,159,1,238503.01,3,26,chair,1
0123171_neurosketch,24,furniture,chair,214,160,1,238503.01,3,26,chair,0
0123171_neurosketch,24,furniture,bench,215,161,1,241502.92,3,30,bench,1
0123171_neurosketch,24,furniture,bench,215,162,1,241502.92,3,30,bench,0
0123171_neurosketch,24,furniture,chair,216,163,1,244504.38,3,6,chair,1
0123171_neurosketch,24,furniture,chair,216,164,1,244504.38,3,6,chair,0
0123171_neurosketch,24,furniture,chair,216,165,1,244504.38,3,6,chair,0
0123171_neurosketch,24,furniture,bench,217,166,1,249002.38,3,17,bench,1
0123171_neurosketch,24,furniture,bench,217,167,1,249002.38,3,17,bench,0
0123171_neurosketch,24,furniture,bench,217,168,1,249002.38,3,17,bench,0
0123171_neurosketch,24,furniture,table,218,169,0,253502.2,3,21,table,1
0123171_neurosketch,24,furniture,table,218,170,0,253502.2,3,21,table,0
0123171_neurosketch,24,furniture,table,218,171,0,253502.2,3,21,table,0
0123171_neurosketch,24,2,bed,219,172,0,258002.67,3,6,bed,1
0123171_neurosketch,24,2,bed,219,173,0,258002.67,3,6,bed,0
0123171_neurosketch,24,furniture,table,220,174,0,261002.79,3,0,table,1
0123171_neurosketch,24,furniture,table,220,175,0,261002.79,3,0,table,0
0123171_neurosketch,24,furniture,bed,221,176,0,264002.66,3,17,table,1
0123171_neurosketch,24,furniture,bed,221,177,0,264002.66,3,17,table,0
0123171_neurosketch,24,furniture,bench,222,178,1,267002.92,3,22,bench,1
0123171_neurosketch,24,furniture,bench,222,179,1,267002.92,3,22,bench,0
0123171_neurosketch,24,furniture,bench,222,180,1,267002.92,3,22,bench,0
0123171_neurosketch,24,furniture,chair,223,181,1,271502.99,3,29,chair,1
0123171_neurosketch,24,furniture,chair,223,182,1,271502.99,3,29,chair,0
0123171_neurosketch,24,furniture,chair,223,183,1,271502.99,3,29,chair,0
0123171_neurosketch,24,furniture,chair,223,184,1,271502.99,3,29,chair,0
0123171_neurosketch,24,furniture,table,224,185,0,277502.99,3,16,table,1
0123171_neurosketch,24,furniture,table,224,186,0,277502.99,3,16,table,0
0123171_neurosketch,24,furniture,table,224,187,0,277502.99,3,16,table,0
0123171_neurosketch,24,furniture,bed,225,188,0,282003.05,3,5,bed,1
0123171_neurosketch,24,furniture,bed,225,189,0,282003.05,3,5,bed,0
0123171_neurosketch,24,furniture,bench,226,190,1,285002.77,3,8,bench,1
0123171_neurosketch,24,furniture,bench,226,191,1,285002.77,3,8,bench,0
0123171_neurosketch,24,furniture,bench,226,192,1,285002.77,3,8,bench,0
0123171_neurosketch,24,furniture,bench,226,193,1,285002.77,3,8,bench,0
0123171_neurosketch,24,furniture,chair,227,194,1,291002.57,3,17,chair,1
0123171_neurosketch,24,furniture,chair,227,195,1,291002.57,3,17,chair,0
0123171_neurosketch,24,furniture,chair,227,196,1,291002.57,3,17,chair,0
0123171_neurosketch,24,furniture,chair,227,197,1,291002.57,3,17,chair,0
0123171_neurosketch,24,furniture,bed,228,198,0,297002.49,3,34,bed,1
0123171_neurosketch,24,furniture,bed,228,199,0,297002.49,3,34,bed,0
0123171_neurosketch,24,2,chair,229,200,1,300002.39,3,1,chair,1
0123171_neurosketch,24,2,chair,229,201,1,300002.39,3,1,chair,0
0123171_neurosketch,24,2,chair,229,202,1,300002.39,3,1,chair,0
0123171_neurosketch,24,2,chair,229,203,1,300002.39,3,1,chair,0
0123171_neurosketch,24,furniture,table,230,204,0,306003.07,3,23,table,1
0123171_neurosketch,24,furniture,table,230,205,0,306003.07,3,23,table,0
0123171_neurosketch,24,furniture,table,230,206,0,306003.07,3,23,table,0
0123171_neurosketch,24,furniture,bench,231,207,1,310502.37,3,11,bench,1
0123171_neurosketch,24,furniture,bench,231,208,1,310502.37,3,11,bench,0
0123171_neurosketch,24,furniture,bench,231,209,1,310502.37,3,11,bench,0
0123171_neurosketch,24,furniture,chair,232,210,1,315002.8,3,32,chair,1
0123171_neurosketch,24,furniture,chair,232,211,1,315002.8,3,32,chair,0
0123171_neurosketch,24,furniture,chair,232,212,1,315002.8,3,32,chair,0
0123171_neurosketch,24,furniture,chair,232,213,1,315002.8,3,32,chair,0
0123171_neurosketch,24,furniture,bench,233,214,1,321001.83,3,10,bench,1
0123171_neurosketch,24,furniture,bench,233,215,1,321001.83,3,10,bench,0
0123171_neurosketch,24,furniture,table,234,216,0,324002.58,3,37,table,1
0123171_neurosketch,24,furniture,table,234,217,0,324002.58,3,37,table,0
0123171_neurosketch,24,furniture,table,234,218,0,324002.58,3,37,table,0
0123171_neurosketch,24,furniture,bed,235,219,0,328502.57,3,32,bed,1
0123171_neurosketch,24,furniture,bed,235,220,0,328502.57,3,32,bed,0
0123171_neurosketch,24,furniture,bed,235,221,0,328502.57,3,32,bed,0
0123171_neurosketch,24,furniture,bed,236,222,0,333002.31,3,0,bed,1
0123171_neurosketch,24,furniture,bed,236,223,0,333002.31,3,0,bed,0
0123171_neurosketch,24,furniture,bench,237,224,1,336002.76,3,18,bench,1
0123171_neurosketch,24,furniture,bench,237,225,1,336002.76,3,18,bench,0
0123171_neurosketch,24,furniture,bench,237,226,1,336002.76,3,18,bench,0
0123171_neurosketch,24,furniture,table,238,227,0,340502.63,3,38,table,1
0123171_neurosketch,24,furniture,table,238,228,0,340502.63,3,38,table,0
0123171_neurosketch,24,2,chair,239,229,1,343502.67,3,33,bench,1
0123171_neurosketch,24,2,chair,239,230,1,343502.67,3,33,bench,0
0123171_neurosketch,24,2,chair,239,231,1,343502.67,3,33,bench,0
0123171_neurosketch,24,2,chair,239,232,1,343502.67,3,33,bench,0
0123171_neurosketch,24,2,chair,239,233,1,343502.67,3,33,bench,0
0123171_neurosketch,24,2,chair,239,234,1,343502.67,3,33,bench,0
0123171_neurosketch,24,2,chair,239,235,1,343502.67,3,33,bench,0
0123171_neurosketch,24,2,chair,239,236,1,343502.67,3,33,bench,0
0123171_neurosketch,24,2,chair,239,237,1,343502.67,3,33,bench,0
0123171_neurosketch,24,2,chair,239,238,1,343502.67,3,33,bench,0
0123171_neurosketch,24,2,chair,239,239,1,343502.67,3,33,bench,0
0123171_neurosketch,24,furniture,bed,240,0,-1,0.0,4,11,bed,0
0123171_neurosketch,24,furniture,bed,240,1,-1,0.0,4,11,bed,0
0123171_neurosketch,24,furniture,bed,240,2,-1,0.0,4,11,bed,0
0123171_neurosketch,24,furniture,bed,240,3,-1,0.0,4,11,bed,0
0123171_neurosketch,24,furniture,bed,240,4,-1,0.0,4,11,bed,0
0123171_neurosketch,24,furniture,bed,240,5,-1,0.0,4,11,bed,0
0123171_neurosketch,24,furniture,bed,240,6,-1,0.0,4,11,bed,0
0123171_neurosketch,24,furniture,bed,240,7,-1,0.0,4,11,bed,0
0123171_neurosketch,24,furniture,bed,240,8,0,12001.72,4,11,bed,1
0123171_neurosketch,24,furniture,bed,240,9,0,12001.72,4,11,bed,0
0123171_neurosketch,24,furniture,bed,240,10,0,12001.72,4,11,bed,0
0123171_neurosketch,24,furniture,table,241,11,0,16501.89,4,30,table,1
0123171_neurosketch,24,furniture,table,241,12,0,16501.89,4,30,table,0
0123171_neurosketch,24,furniture,table,241,13,0,16501.89,4,30,table,0
0123171_neurosketch,24,furniture,table,241,14,0,16501.89,4,30,table,0
0123171_neurosketch,24,furniture,bench,242,15,1,22502.27,4,33,bench,1
0123171_neurosketch,24,furniture,bench,242,16,1,22502.27,4,33,bench,0
0123171_neurosketch,24,furniture,bench,242,17,1,22502.27,4,33,bench,0
0123171_neurosketch,24,furniture,chair,243,18,1,27001.69,4,31,chair,1
0123171_neurosketch,24,furniture,chair,243,19,1,27001.69,4,31,chair,0
0123171_neurosketch,24,furniture,bed,244,20,0,30003.23,4,37,bed,1
0123171_neurosketch,24,furniture,bed,244,21,0,30003.23,4,37,bed,0
0123171_neurosketch,24,furniture,bed,244,22,0,30003.23,4,37,bed,0
0123171_neurosketch,24,furniture,bed,244,23,0,30003.23,4,37,bed,0
0123171_neurosketch,24,furniture,table,245,24,0,36002.6,4,1,table,1
0123171_neurosketch,24,furniture,table,245,25,0,36002.6,4,1,table,0
0123171_neurosketch,24,furniture,chair,246,26,1,39001.44,4,22,chair,1
0123171_neurosketch,24,furniture,chair,246,27,1,39001.44,4,22,chair,0
0123171_neurosketch,24,furniture,bench,247,28,1,42002.2,4,31,bench,1
0123171_neurosketch,24,furniture,bench,247,29,1,42002.2,4,31,bench,0
0123171_neurosketch,24,furniture,bed,248,30,0,45002.06,4,38,bed,1
0123171_neurosketch,24,furniture,bed,248,31,0,45002.06,4,38,bed,0
0123171_neurosketch,24,furniture,bed,248,32,0,45002.06,4,38,bed,0
0123171_neurosketch,24,2,table,249,33,0,49501.58,4,39,table,1
0123171_neurosketch,24,2,table,249,34,0,49501.58,4,39,table,0
0123171_neurosketch,24,2,table,249,35,0,49501.58,4,39,table,0
0123171_neurosketch,24,2,table,249,36,0,49501.58,4,39,table,0
0123171_neurosketch,24,furniture,chair,250,37,1,55502.6,4,30,chair,1
0123171_neurosketch,24,furniture,chair,250,38,1,55502.6,4,30,chair,0
0123171_neurosketch,24,furniture,bench,251,39,1,58501.96,4,25,bench,1
0123171_neurosketch,24,furniture,bench,251,40,1,58501.96,4,25,bench,0
0123171_neurosketch,24,furniture,bench,251,41,1,58501.96,4,25,bench,0
0123171_neurosketch,24,furniture,table,252,42,0,63002.65,4,5,table,1
0123171_neurosketch,24,furniture,table,252,43,0,63002.65,4,5,table,0
0123171_neurosketch,24,furniture,table,252,44,0,63002.65,4,5,table,0
0123171_neurosketch,24,furniture,bed,253,45,0,67501.63,4,3,bed,1
0123171_neurosketch,24,furniture,bed,253,46,0,67501.63,4,3,bed,0
0123171_neurosketch,24,furniture,chair,254,47,1,70502.13,4,38,chair,1
0123171_neurosketch,24,furniture,chair,254,48,1,70502.13,4,38,chair,0
0123171_neurosketch,24,furniture,bench,255,49,1,73502.33,4,24,bench,1
0123171_neurosketch,24,furniture,bench,255,50,1,73502.33,4,24,bench,0
0123171_neurosketch,24,furniture,table,256,51,0,76501.73,4,26,table,1
0123171_neurosketch,24,furniture,table,256,52,0,76501.73,4,26,table,0
0123171_neurosketch,24,furniture,table,256,53,0,76501.73,4,26,table,0
0123171_neurosketch,24,furniture,chair,257,54,1,81002.54,4,19,chair,1
0123171_neurosketch,24,furniture,chair,257,55,1,81002.54,4,19,chair,0
0123171_neurosketch,24,furniture,chair,257,56,1,81002.54,4,19,chair,0
0123171_neurosketch,24,furniture,bed,258,57,0,85501.87,4,31,bed,1
0123171_neurosketch,24,furniture,bed,258,58,0,85501.87,4,31,bed,0
0123171_neurosketch,24,furniture,bed,258,59,0,85501.87,4,31,bed,0
0123171_neurosketch,24,2,bench,259,60,1,90002.82,4,0,bench,1
0123171_neurosketch,24,2,bench,259,61,1,90002.82,4,0,bench,0
0123171_neurosketch,24,furniture,table,260,62,0,93002.07,4,31,table,1
0123171_neurosketch,24,furniture,table,260,63,0,93002.07,4,31,table,0
0123171_neurosketch,24,furniture,bed,261,64,0,96002.85,4,39,table,1
0123171_neurosketch,24,furniture,bed,261,65,0,96002.85,4,39,table,0
0123171_neurosketch,24,furniture,chair,262,66,1,99001.94,4,20,chair,1
0123171_neurosketch,24,furniture,chair,262,67,1,99001.94,4,20,chair,0
0123171_neurosketch,24,furniture,chair,262,68,1,99001.94,4,20,chair,0
0123171_neurosketch,24,furniture,bench,263,69,1,103502.52,4,1,bench,1
0123171_neurosketch,24,furniture,bench,263,70,1,103502.52,4,1,bench,0
0123171_neurosketch,24,furniture,bench,263,71,1,103502.52,4,1,bench,0
0123171_neurosketch,24,furniture,bench,263,72,1,103502.52,4,1,bench,0
0123171_neurosketch,24,furniture,bed,264,73,0,109502.57,4,20,bed,1
0123171_neurosketch,24,furniture,bed,264,74,0,109502.57,4,20,bed,0
0123171_neurosketch,24,furniture,bed,264,75,0,109502.57,4,20,bed,0
0123171_neurosketch,24,furniture,chair,265,76,1,114001.36,4,35,chair,1
0123171_neurosketch,24,furniture,chair,265,77,1,114001.36,4,35,chair,0
0123171_neurosketch,24,furniture,table,266,78,0,117002.29,4,29,table,1
0123171_neurosketch,24,furniture,table,266,79,0,117002.29,4,29,table,0
0123171_neurosketch,24,furniture,table,266,80,0,117002.29,4,29,table,0
0123171_neurosketch,24,furniture,table,266,81,0,117002.29,4,29,table,0
0123171_neurosketch,24,furniture,bench,267,82,1,123002.55,4,28,bench,1
0123171_neurosketch,24,furniture,bench,267,83,1,123002.55,4,28,bench,0
0123171_neurosketch,24,furniture,bench,267,84,1,123002.55,4,28,bench,0
0123171_neurosketch,24,furniture,bench,267,85,1,123002.55,4,28,bench,0
0123171_neurosketch,24,furniture,bed,268,86,0,129002.01,4,27,bed,1
0123171_neurosketch,24,furniture,bed,268,87,0,129002.01,4,27,bed,0
0123171_neurosketch,24,2,chair,269,88,1,132001.82,4,25,chair,1
0123171_neurosketch,24,2,chair,269,89,1,132001.82,4,25,chair,0
0123171_neurosketch,24,2,chair,269,90,1,132001.82,4,25,chair,0
0123171_neurosketch,24,2,chair,269,91,1,132001.82,4,25,chair,0
0123171_neurosketch,24,furniture,bench,270,92,1,138002.89,4,35,chair,1
0123171_neurosketch,24,furniture,bench,270,93,1,138002.89,4,35,chair,0
0123171_neurosketch,24,furniture,bench,270,94,1,138002.89,4,35,chair,0
0123171_neurosketch,24,furniture,table,271,95,0,142501.95,4,24,table,1
0123171_neurosketch,24,furniture,table,271,96,0,142501.95,4,24,table,0
0123171_neurosketch,24,furniture,table,271,97,0,142501.95,4,24,table,0
0123171_neurosketch,24,furniture,bench,272,98,1,147002.16,4,37,bench,1
0123171_neurosketch,24,furniture,bench,272,99,1,147002.16,4,37,bench,0
0123171_neurosketch,24,furniture,bench,272,100,1,147002.16,4,37,bench,0
0123171_neurosketch,24,furniture,bench,272,101,1,147002.16,4,37,bench,0
0123171_neurosketch,24,furniture,table,273,102,0,153002.79,4,4,table,1
0123171_neurosketch,24,furniture,table,273,103,0,153002.79,4,4,table,0
0123171_neurosketch,24,furniture,bed,274,104,0,156002.77,4,2,bed,1
0123171_neurosketch,24,furniture,bed,274,105,0,156002.77,4,2,bed,0
0123171_neurosketch,24,furniture,bed,274,106,0,156002.77,4,2,bed,0
0123171_neurosketch,24,furniture,chair,275,107,1,160502.27,4,27,bench,1
0123171_neurosketch,24,furniture,chair,275,108,1,160502.27,4,27,bench,0
0123171_neurosketch,24,furniture,chair,275,109,1,160502.27,4,27,bench,0
0123171_neurosketch,24,furniture,bench,276,110,1,165002.83,4,14,bench,1
0123171_neurosketch,24,furniture,bench,276,111,1,165002.83,4,14,bench,0
0123171_neurosketch,24,furniture,chair,277,112,1,168002.84,4,12,chair,1
0123171_neurosketch,24,furniture,chair,277,113,1,168002.84,4,12,chair,0
0123171_neurosketch,24,furniture,chair,277,114,1,168002.84,4,12,chair,0
0123171_neurosketch,24,furniture,table,278,115,0,172502.57,4,3,table,1
0123171_neurosketch,24,furniture,table,278,116,0,172502.57,4,3,table,0
0123171_neurosketch,24,2,bed,279,117,0,175502.58,4,29,bed,1
0123171_neurosketch,24,2,bed,279,118,0,175502.58,4,29,bed,0
0123171_neurosketch,24,2,bed,279,119,0,175502.58,4,29,bed,0
0123171_neurosketch,24,furniture,bed,280,120,0,180003.08,4,33,bed,1
0123171_neurosketch,24,furniture,bed,280,121,0,180003.08,4,33,bed,0
0123171_neurosketch,24,furniture,bed,280,122,0,180003.08,4,33,bed,0
0123171_neurosketch,24,furniture,table,281,123,0,184502.18,4,17,table,1
0123171_neurosketch,24,furniture,table,281,124,0,184502.18,4,17,table,0
0123171_neurosketch,24,furniture,table,281,125,0,184502.18,4,17,table,0
0123171_neurosketch,24,furniture,table,281,126,0,184502.18,4,17,table,0
0123171_neurosketch,24,furniture,bench,282,127,1,190504.46,4,13,bench,1
0123171_neurosketch,24,furniture,bench,282,128,1,190504.46,4,13,bench,0
0123171_neurosketch,24,furniture,bench,282,129,1,190504.46,4,13,bench,0
0123171_neurosketch,24,furniture,chair,283,130,1,195002.04,4,36,chair,1
0123171_neurosketch,24,furniture,chair,283,131,1,195002.04,4,36,chair,0
0123171_neurosketch,24,furniture,chair,284,132,1,198002.84,4,3,,1
0123171_neurosketch,24,furniture,chair,284,133,1,198002.84,4,3,,0
0123171_neurosketch,24,furniture,chair,284,134,1,198002.84,4,3,,0
0123171_neurosketch,24,furniture,chair,284,135,1,198002.84,4,3,,0
0123171_neurosketch,24,furniture,bed,285,136,0,204004.02,4,1,bed,1
0123171_neurosketch,24,furniture,bed,285,137,0,204004.02,4,1,bed,0
0123171_neurosketch,24,furniture,table,286,138,0,207002.29,4,7,table,1
0123171_neurosketch,24,furniture,table,286,139,0,207002.29,4,7,table,0
0123171_neurosketch,24,furniture,bench,287,140,1,210002.76,4,26,bench,1
0123171_neurosketch,24,furniture,bench,287,141,1,210002.76,4,26,bench,0
0123171_neurosketch,24,furniture,bench,288,142,1,213002.9,4,32,bench,1
0123171_neurosketch,24,furniture,bench,288,143,1,213002.9,4,32,bench,0
0123171_neurosketch,24,furniture,bench,288,144,1,213002.9,4,32,bench,0
0123171_neurosketch,24,2,table,289,145,0,217502.44,4,35,table,1
0123171_neurosketch,24,2,table,289,146,0,217502.44,4,35,table,0
0123171_neurosketch,24,2,table,289,147,0,217502.44,4,35,table,0
0123171_neurosketch,24,2,table,289,148,0,217502.44,4,35,table,0
0123171_neurosketch,24,furniture,bed,290,149,0,223503.76,4,24,bed,1
0123171_neurosketch,24,furniture,bed,290,150,0,223503.76,4,24,bed,0
0123171_neurosketch,24,furniture,chair,291,151,1,226502.57,4,18,chair,1
0123171_neurosketch,24,furniture,chair,291,152,1,226502.57,4,18,chair,0
0123171_neurosketch,24,furniture,chair,291,153,1,226502.57,4,18,chair,0
0123171_neurosketch,24,furniture,bench,292,154,1,231003.6,4,6,bench,1
0123171_neurosketch,24,furniture,bench,292,155,1,231003.6,4,6,bench,0
0123171_neurosketch,24,furniture,bench,292,156,1,231003.6,4,6,bench,0
0123171_neurosketch,24,furniture,table,293,157,0,235502.45,4,32,table,1
0123171_neurosketch,24,furniture,table,293,158,0,235502.45,4,32,table,0
0123171_neurosketch,24,furniture,bed,294,159,0,238502.0,4,15,bed,1
0123171_neurosketch,24,furniture,bed,294,160,0,238502.0,4,15,bed,0
0123171_neurosketch,24,furniture,chair,295,161,1,241503.52,4,5,chair,1
0123171_neurosketch,24,furniture,chair,295,162,1,241503.52,4,5,chair,0
0123171_neurosketch,24,furniture,table,296,163,0,244502.25,4,15,table,1
0123171_neurosketch,24,furniture,table,296,164,0,244502.25,4,15,table,0
0123171_neurosketch,24,furniture,table,296,165,0,244502.25,4,15,table,0
0123171_neurosketch,24,furniture,chair,297,166,1,249003.34,4,2,chair,1
0123171_neurosketch,24,furniture,chair,297,167,1,249003.34,4,2,chair,0
0123171_neurosketch,24,furniture,chair,297,168,1,249003.34,4,2,chair,0
0123171_neurosketch,24,furniture,bed,298,169,0,253502.81,4,12,bed,1
0123171_neurosketch,24,furniture,bed,298,170,0,253502.81,4,12,bed,0
0123171_neurosketch,24,furniture,bed,298,171,0,253502.81,4,12,bed,0
0123171_neurosketch,24,2,bench,299,172,1,258002.79,4,19,bench,1
0123171_neurosketch,24,2,bench,299,173,1,258002.79,4,19,bench,0
0123171_neurosketch,24,furniture,table,300,174,0,261002.49,4,13,table,1
0123171_neurosketch,24,furniture,table,300,175,0,261002.49,4,13,table,0
0123171_neurosketch,24,furniture,bed,301,176,0,264003.26,4,13,bed,1
0123171_neurosketch,24,furniture,bed,301,177,0,264003.26,4,13,bed,0
0123171_neurosketch,24,furniture,bench,302,178,1,267002.98,4,20,bench,1
0123171_neurosketch,24,furniture,bench,302,179,1,267002.98,4,20,bench,0
0123171_neurosketch,24,furniture,bench,302,180,1,267002.98,4,20,bench,0
0123171_neurosketch,24,furniture,chair,303,181,1,271502.77,4,13,chair,1
0123171_neurosketch,24,furniture,chair,303,182,1,271502.77,4,13,chair,0
0123171_neurosketch,24,furniture,chair,303,183,1,271502.77,4,13,chair,0
0123171_neurosketch,24,furniture,chair,303,184,1,271502.77,4,13,chair,0
0123171_neurosketch,24,furniture,bed,304,185,0,277502.9,4,16,bed,1
0123171_neurosketch,24,furniture,bed,304,186,0,277502.9,4,16,bed,0
0123171_neurosketch,24,furniture,bed,304,187,0,277502.9,4,16,bed,0
0123171_neurosketch,24,furniture,chair,305,188,1,282003.01,4,8,chair,1
0123171_neurosketch,24,furniture,chair,305,189,1,282003.01,4,8,chair,0
0123171_neurosketch,24,furniture,table,306,190,0,285002.67,4,22,table,1
0123171_neurosketch,24,furniture,table,306,191,0,285002.67,4,22,table,0
0123171_neurosketch,24,furniture,table,306,192,0,285002.67,4,22,table,0
0123171_neurosketch,24,furniture,table,306,193,0,285002.67,4,22,table,0
0123171_neurosketch,24,furniture,bench,307,194,1,291002.21,4,4,chair,1
0123171_neurosketch,24,furniture,bench,307,195,1,291002.21,4,4,chair,0
0123171_neurosketch,24,furniture,bench,307,196,1,291002.21,4,4,chair,0
0123171_neurosketch,24,furniture,bench,307,197,1,291002.21,4,4,chair,0
0123171_neurosketch,24,furniture,chair,308,198,1,297002.74,4,4,chair,1
0123171_neurosketch,24,furniture,chair,308,199,1,297002.74,4,4,chair,0
0123171_neurosketch,24,2,bed,309,200,0,300004.62,4,35,bed,1
0123171_neurosketch,24,2,bed,309,201,0,300004.62,4,35,bed,0
0123171_neurosketch,24,2,bed,309,202,0,300004.62,4,35,bed,0
0123171_neurosketch,24,2,bed,309,203,0,300004.62,4,35,bed,0
0123171_neurosketch,24,furniture,table,310,204,0,306002.18,4,2,table,1
0123171_neurosketch,24,furniture,table,310,205,0,306002.18,4,2,table,0
0123171_neurosketch,24,furniture,table,310,206,0,306002.18,4,2,table,0
0123171_neurosketch,24,furniture,bench,311,207,1,310503.02,4,7,bench,1
0123171_neurosketch,24,furniture,bench,311,208,1,310503.02,4,7,bench,0
0123171_neurosketch,24,furniture,bench,311,209,1,310503.02,4,7,bench,0
0123171_neurosketch,24,furniture,bed,312,210,0,315002.83,4,21,bed,1
0123171_neurosketch,24,furniture,bed,312,211,0,315002.83,4,21,bed,0
0123171_neurosketch,24,furniture,bed,312,212,0,315002.83,4,21,bed,0
0123171_neurosketch,24,furniture,bed,312,213,0,315002.83,4,21,bed,0
0123171_neurosketch,24,furniture,chair,313,214,1,321002.35,4,24,chair,1
0123171_neurosketch,24,furniture,chair,313,215,1,321002.35,4,24,chair,0
0123171_neurosketch,24,furniture,table,314,216,0,324002.67,4,33,table,1
0123171_neurosketch,24,furniture,table,314,217,0,324002.67,4,33,table,0
0123171_neurosketch,24,furniture,table,314,218,0,324002.67,4,33,table,0
0123171_neurosketch,24,furniture,bench,315,219,1,328502.14,4,12,bench,1
0123171_neurosketch,24,furniture,bench,315,220,1,328502.14,4,12,bench,0
0123171_neurosketch,24,furniture,bench,315,221,1,328502.14,4,12,bench,0
0123171_neurosketch,24,furniture,bench,316,222,1,333002.43,4,21,bench,1
0123171_neurosketch,24,furniture,bench,316,223,1,333002.43,4,21,bench,0
0123171_neurosketch,24,furniture,table,317,224,0,336002.54,4,34,table,1
0123171_neurosketch,24,furniture,table,317,225,0,336002.54,4,34,table,0
0123171_neurosketch,24,furniture,table,317,226,0,336002.54,4,34,table,0
0123171_neurosketch,24,furniture,chair,318,227,1,340502.47,4,34,chair,1
0123171_neurosketch,24,furniture,chair,318,228,1,340502.47,4,34,chair,0
0123171_neurosketch,24,2,bed,319,229,0,343502.38,4,7,,1
0123171_neurosketch,24,2,bed,319,230,0,343502.38,4,7,,0
0123171_neurosketch,24,2,bed,319,231,0,343502.38,4,7,,0
0123171_neurosketch,24,2,bed,319,232,0,343502.38,4,7,,0
0123171_neurosketch,24,2,bed,319,233,0,343502.38,4,7,,0
0123171_neurosketch,24,2,bed,319,234,0,343502.38,4,7,,0
0123171_neurosketch,24,2,bed,319,235,0,343502.38,4,7,,0
0123171_neurosketch,24,2,bed,319,236,0,343502.38,4,7,,0
0123171_neurosketch,24,2,bed,319,237,0,343502.38,4,7,,0
0123171_neurosketch,24,2,bed,319,238,0,343502.38,4,7,,0
0123171_neurosketch,24,2,bed,319,239,0,343502.38,4,7,,0
0123171_neurosketch,24,furniture,bed,360,0,-1,0.0,9,7,,0
0123171_neurosketch,24,furniture,bed,360,1,-1,0.0,9,7,,0
0123171_neurosketch,24,furniture,bed,360,2,-1,0.0,9,7,,0
0123171_neurosketch,24,furniture,bed,360,3,-1,0.0,9,7,,0
0123171_neurosketch,24,furniture,bed,360,4,-1,0.0,9,7,,0
0123171_neurosketch,24,furniture,bed,360,5,-1,0.0,9,7,,0
0123171_neurosketch,24,furniture,bed,360,6,-1,0.0,9,7,,0
0123171_neurosketch,24,furniture,bed,360,7,-1,0.0,9,7,,0
0123171_neurosketch,24,furniture,bed,360,8,0,12003.87,9,7,,1
0123171_neurosketch,24,furniture,bed,360,9,0,12003.87,9,7,,0
0123171_neurosketch,24,furniture,bed,360,10,0,12003.87,9,7,,0
0123171_neurosketch,24,furniture,chair,361,11,1,16502.05,9,34,chair,1
0123171_neurosketch,24,furniture,chair,361,12,1,16502.05,9,34,chair,0
0123171_neurosketch,24,furniture,chair,361,13,1,16502.05,9,34,chair,0
0123171_neurosketch,24,furniture,chair,361,14,1,16502.05,9,34,chair,0
0123171_neurosketch,24,furniture,table,362,15,0,22501.97,9,34,table,1
0123171_neurosketch,24,furniture,table,362,16,0,22501.97,9,34,table,0
0123171_neurosketch,24,furniture,table,362,17,0,22501.97,9,34,table,0
0123171_neurosketch,24,furniture,bench,363,18,1,27002.36,9,21,bench,1
0123171_neurosketch,24,furniture,bench,363,19,1,27002.36,9,21,bench,0
0123171_neurosketch,24,furniture,bench,364,20,1,30004.55,9,12,bench,1
0123171_neurosketch,24,furniture,bench,364,21,1,30004.55,9,12,bench,0
0123171_neurosketch,24,furniture,bench,364,22,1,30004.55,9,12,bench,0
0123171_neurosketch,24,furniture,bench,364,23,1,30004.55,9,12,bench,0
0123171_neurosketch,24,furniture,table,365,24,0,36001.15,9,33,table,1
0123171_neurosketch,24,furniture,table,365,25,0,36001.15,9,33,table,0
0123171_neurosketch,24,furniture,chair,366,26,1,39002.24,9,24,chair,1
0123171_neurosketch,24,furniture,chair,366,27,1,39002.24,9,24,chair,0
0123171_neurosketch,24,furniture,bed,367,28,0,42001.89,9,21,bed,1
0123171_neurosketch,24,furniture,bed,367,29,0,42001.89,9,21,bed,0
0123171_neurosketch,24,furniture,bench,368,30,1,45003.43,9,7,bench,1
0123171_neurosketch,24,furniture,bench,368,31,1,45003.43,9,7,bench,0
0123171_neurosketch,24,furniture,bench,368,32,1,45003.43,9,7,bench,0
0123171_neurosketch,24,2,table,369,33,0,49501.71,9,2,table,1
0123171_neurosketch,24,2,table,369,34,0,49501.71,9,2,table,0
0123171_neurosketch,24,2,table,369,35,0,49501.71,9,2,table,0
0123171_neurosketch,24,2,table,369,36,0,49501.71,9,2,table,0
0123171_neurosketch,24,furniture,bed,370,37,0,55502.69,9,35,bed,1
0123171_neurosketch,24,furniture,bed,370,38,0,55502.69,9,35,bed,0
0123171_neurosketch,24,furniture,chair,371,39,1,58502.67,9,4,chair,1
0123171_neurosketch,24,furniture,chair,371,40,1,58502.67,9,4,chair,0
0123171_neurosketch,24,furniture,chair,371,41,1,58502.67,9,4,chair,0
0123171_neurosketch,24,furniture,bench,372,42,1,63001.75,9,4,bench,1
0123171_neurosketch,24,furniture,bench,372,43,1,63001.75,9,4,bench,0
0123171_neurosketch,24,furniture,bench,372,44,1,63001.75,9,4,bench,0
0123171_neurosketch,24,furniture,table,373,45,0,67501.77,9,22,bed,1
0123171_neurosketch,24,furniture,table,373,46,0,67501.77,9,22,bed,0
0123171_neurosketch,24,furniture,chair,374,47,1,70501.99,9,8,chair,1
0123171_neurosketch,24,furniture,chair,374,48,1,70501.99,9,8,chair,0
0123171_neurosketch,24,furniture,bed,375,49,0,73503.38,9,16,bed,1
0123171_neurosketch,24,furniture,bed,375,50,0,73503.38,9,16,bed,0
0123171_neurosketch,24,furniture,chair,376,51,1,76502.04,9,13,chair,1
0123171_neurosketch,24,furniture,chair,376,52,1,76502.04,9,13,chair,0
0123171_neurosketch,24,furniture,chair,376,53,1,76502.04,9,13,chair,0
0123171_neurosketch,24,furniture,bench,377,54,1,81003.58,9,20,bench,1
0123171_neurosketch,24,furniture,bench,377,55,1,81003.58,9,20,bench,0
0123171_neurosketch,24,furniture,bench,377,56,1,81003.58,9,20,bench,0
0123171_neurosketch,24,furniture,bed,378,57,0,85501.71,9,13,bed,1
0123171_neurosketch,24,furniture,bed,378,58,0,85501.71,9,13,bed,0
0123171_neurosketch,24,furniture,bed,378,59,0,85501.71,9,13,bed,0
0123171_neurosketch,24,2,table,379,60,0,90002.08,9,13,table,1
0123171_neurosketch,24,2,table,379,61,0,90002.08,9,13,table,0
0123171_neurosketch,24,furniture,bench,380,62,1,93002.4,9,19,bench,1
0123171_neurosketch,24,furniture,bench,380,63,1,93002.4,9,19,bench,0
0123171_neurosketch,24,furniture,bed,381,64,0,96002.31,9,12,bed,1
0123171_neurosketch,24,furniture,bed,381,65,0,96002.31,9,12,bed,0
0123171_neurosketch,24,furniture,chair,382,66,1,99002.33,9,2,chair,1
0123171_neurosketch,24,furniture,chair,382,67,1,99002.33,9,2,chair,0
0123171_neurosketch,24,furniture,chair,382,68,1,99002.33,9,2,chair,0
0123171_neurosketch,24,furniture,table,383,69,0,103501.7,9,15,table,1
0123171_neurosketch,24,furniture,table,383,70,0,103501.7,9,15,table,0
0123171_neurosketch,24,furniture,table,383,71,0,103501.7,9,15,table,0
0123171_neurosketch,24,furniture,table,383,72,0,103501.7,9,15,table,0
0123171_neurosketch,24,furniture,chair,384,73,1,109502.65,9,5,chair,1
0123171_neurosketch,24,furniture,chair,384,74,1,109502.65,9,5,chair,0
0123171_neurosketch,24,furniture,chair,384,75,1,109502.65,9,5,chair,0
0123171_neurosketch,24,furniture,bed,385,76,0,114002.65,9,15,bed,1
0123171_neurosketch,24,furniture,bed,385,77,0,114002.65,9,15,bed,0
0123171_neurosketch,24,furniture,table,386,78,0,117001.84,9,32,table,1
0123171_neurosketch,24,furniture,table,386,79,0,117001.84,9,32,table,0
0123171_neurosketch,24,furniture,table,386,80,0,117001.84,9,32,table,0
0123171_neurosketch,24,furniture,table,386,81,0,117001.84,9,32,table,0
0123171_neurosketch,24,furniture,bench,387,82,1,123002.4,9,6,bench,1
0123171_neurosketch,24,furniture,bench,387,83,1,123002.4,9,6,bench,0
0123171_neurosketch,24,furniture,bench,387,84,1,123002.4,9,6,bench,0
0123171_neurosketch,24,furniture,bench,387,85,1,123002.4,9,6,bench,0
0123171_neurosketch,24,furniture,chair,388,86,1,129004.45,9,18,chair,1
0123171_neurosketch,24,furniture,chair,388,87,1,129004.45,9,18,chair,0
0123171_neurosketch,24,2,bed,389,88,0,132001.58,9,24,bed,1
0123171_neurosketch,24,2,bed,389,89,0,132001.58,9,24,bed,0
0123171_neurosketch,24,2,bed,389,90,0,132001.58,9,24,bed,0
0123171_neurosketch,24,2,bed,389,91,0,132001.58,9,24,bed,0
0123171_neurosketch,24,furniture,table,390,92,0,138002.7,9,35,table,1
0123171_neurosketch,24,furniture,table,390,93,0,138002.7,9,35,table,0
0123171_neurosketch,24,furniture,table,390,94,0,138002.7,9,35,table,0
0123171_neurosketch,24,furniture,bench,391,95,1,142502.54,9,32,bench,1
0123171_neurosketch,24,furniture,bench,391,96,1,142502.54,9,32,bench,0
0123171_neurosketch,24,furniture,bench,391,97,1,142502.54,9,32,bench,0
0123171_neurosketch,24,furniture,bench,392,98,1,147002.15,9,26,bench,1
0123171_neurosketch,24,furniture,bench,392,99,1,147002.15,9,26,bench,0
0123171_neurosketch,24,furniture,bench,392,100,1,147002.15,9,26,bench,0
0123171_neurosketch,24,furniture,bench,392,101,1,147002.15,9,26,bench,0
0123171_neurosketch,24,furniture,table,393,102,0,153002.95,9,7,table,1
0123171_neurosketch,24,furniture,table,393,103,0,153002.95,9,7,table,0
0123171_neurosketch,24,furniture,bed,394,104,0,156002.91,9,1,bed,1
0123171_neurosketch,24,furniture,bed,394,105,0,156002.91,9,1,bed,0
0123171_neurosketch,24,furniture,bed,394,106,0,156002.91,9,1,bed,0
0123171_neurosketch,24,furniture,chair,395,107,1,160502.88,9,3,chair,1
0123171_neurosketch,24,furniture,chair,395,108,1,160502.88,9,3,chair,0
0123171_neurosketch,24,furniture,chair,395,109,1,160502.88,9,3,chair,0
0123171_neurosketch,24,furniture,chair,396,110,1,165002.37,9,36,chair,1
0123171_neurosketch,24,furniture,chair,396,111,1,165002.37,9,36,chair,0
0123171_neurosketch,24,furniture,bench,397,112,1,168001.5,9,13,bench,1
0123171_neurosketch,24,furniture,bench,397,113,1,168001.5,9,13,bench,0
0123171_neurosketch,24,furniture,bench,397,114,1,168001.5,9,13,bench,0
0123171_neurosketch,24,furniture,table,398,115,0,172502.77,9,17,table,1
0123171_neurosketch,24,furniture,table,398,116,0,172502.77,9,17,table,0
0123171_neurosketch,24,2,bed,399,117,0,175501.72,9,33,bed,1
0123171_neurosketch,24,2,bed,399,118,0,175501.72,9,33,bed,0
0123171_neurosketch,24,2,bed,399,119,0,175501.72,9,33,bed,0
0123171_neurosketch,24,furniture,bed,400,120,0,180002.87,9,29,bed,1
0123171_neurosketch,24,furniture,bed,400,121,0,180002.87,9,29,bed,0
0123171_neurosketch,24,furniture,bed,400,122,0,180002.87,9,29,bed,0
0123171_neurosketch,24,furniture,table,401,123,0,184502.5,9,3,table,1
0123171_neurosketch,24,furniture,table,401,124,0,184502.5,9,3,table,0
0123171_neurosketch,24,furniture,table,401,125,0,184502.5,9,3,table,0
0123171_neurosketch,24,furniture,table,401,126,0,184502.5,9,3,table,0
0123171_neurosketch,24,furniture,chair,402,127,1,190502.73,9,12,chair,1
0123171_neurosketch,24,furniture,chair,402,128,1,190502.73,9,12,chair,0
0123171_neurosketch,24,furniture,chair,402,129,1,190502.73,9,12,chair,0
0123171_neurosketch,24,furniture,bench,403,130,1,195002.3,9,14,bench,1
0123171_neurosketch,24,furniture,bench,403,131,1,195002.3,9,14,bench,0
0123171_neurosketch,24,furniture,chair,404,132,1,198002.35,9,27,chair,1
0123171_neurosketch,24,furniture,chair,404,133,1,198002.35,9,27,chair,0
0123171_neurosketch,24,furniture,chair,404,134,1,198002.35,9,27,chair,0
0123171_neurosketch,24,furniture,chair,404,135,1,198002.35,9,27,chair,0
0123171_neurosketch,24,furniture,bed,405,136,0,204002.36,9,2,bed,1
0123171_neurosketch,24,furniture,bed,405,137,0,204002.36,9,2,bed,0
0123171_neurosketch,24,furniture,table,406,138,0,207002.75,9,4,table,1
0123171_neurosketch,24,furniture,table,406,139,0,207002.75,9,4,table,0
0123171_neurosketch,24,furniture,bench,407,140,1,210002.2,9,37,bench,1
0123171_neurosketch,24,furniture,bench,407,141,1,210002.2,9,37,bench,0
0123171_neurosketch,24,furniture,table,408,142,0,213002.67,9,24,table,1
0123171_neurosketch,24,furniture,table,408,143,0,213002.67,9,24,table,0
0123171_neurosketch,24,furniture,table,408,144,0,213002.67,9,24,table,0
0123171_neurosketch,24,2,bench,409,145,1,217501.98,9,35,bench,1
0123171_neurosketch,24,2,bench,409,146,1,217501.98,9,35,bench,0
0123171_neurosketch,24,2,bench,409,147,1,217501.98,9,35,bench,0
0123171_neurosketch,24,2,bench,409,148,1,217501.98,9,35,bench,0
0123171_neurosketch,24,furniture,chair,410,149,1,223502.92,9,25,chair,1
0123171_neurosketch,24,furniture,chair,410,150,1,223502.92,9,25,chair,0
0123171_neurosketch,24,furniture,bed,411,151,0,226502.85,9,27,bed,1
0123171_neurosketch,24,furniture,bed,411,152,0,226502.85,9,27,bed,0
0123171_neurosketch,24,furniture,bed,411,153,0,226502.85,9,27,bed,0
0123171_neurosketch,24,furniture,bench,412,154,1,231003.03,9,28,bench,1
0123171_neurosketch,24,furniture,bench,412,155,1,231003.03,9,28,bench,0
0123171_neurosketch,24,furniture,bench,412,156,1,231003.03,9,28,bench,0
0123171_neurosketch,24,furniture,table,413,157,0,235503.29,9,29,table,1
0123171_neurosketch,24,furniture,table,413,158,0,235503.29,9,29,table,0
0123171_neurosketch,24,furniture,chair,414,159,1,238502.41,9,35,chair,1
0123171_neurosketch,24,furniture,chair,414,160,1,238502.41,9,35,chair,0
0123171_neurosketch,24,furniture,bed,415,161,0,241502.08,9,20,bed,1
0123171_neurosketch,24,furniture,bed,415,162,0,241502.08,9,20,bed,0
0123171_neurosketch,24,furniture,bench,416,163,1,244502.74,9,1,bench,1
0123171_neurosketch,24,furniture,bench,416,164,1,244502.74,9,1,bench,0
0123171_neurosketch,24,furniture,bench,416,165,1,244502.74,9,1,bench,0
0123171_neurosketch,24,furniture,chair,417,166,1,249002.82,9,20,chair,1
0123171_neurosketch,24,furniture,chair,417,167,1,249002.82,9,20,chair,0
0123171_neurosketch,24,furniture,chair,417,168,1,249002.82,9,20,chair,0
0123171_neurosketch,24,furniture,bed,418,169,0,253501.72,9,39,bed,1
0123171_neurosketch,24,furniture,bed,418,170,0,253501.72,9,39,bed,0
0123171_neurosketch,24,furniture,bed,418,171,0,253501.72,9,39,bed,0
0123171_neurosketch,24,2,table,419,172,0,258002.21,9,31,table,1
0123171_neurosketch,24,2,table,419,173,0,258002.21,9,31,table,0
0123171_neurosketch,24,furniture,bench,420,174,1,261003.41,9,0,bench,1
0123171_neurosketch,24,furniture,bench,420,175,1,261003.41,9,0,bench,0
0123171_neurosketch,24,furniture,bed,421,176,0,264002.53,9,31,bed,1
0123171_neurosketch,24,furniture,bed,421,177,0,264002.53,9,31,bed,0
0123171_neurosketch,24,furniture,chair,422,178,1,267003.16,9,19,chair,1
0123171_neurosketch,24,furniture,chair,422,179,1,267003.16,9,19,chair,0
0123171_neurosketch,24,furniture,chair,422,180,1,267003.16,9,19,chair,0
0123171_neurosketch,24,furniture,table,423,181,0,271503.51,9,26,table,1
0123171_neurosketch,24,furniture,table,423,182,0,271503.51,9,26,table,0
0123171_neurosketch,24,furniture,table,423,183,0,271503.51,9,26,table,0
0123171_neurosketch,24,furniture,table,423,184,0,271503.51,9,26,table,0
0123171_neurosketch,24,furniture,bench,424,185,1,277502.97,9,24,bench,1
0123171_neurosketch,24,furniture,bench,424,186,1,277502.97,9,24,bench,0
0123171_neurosketch,24,furniture,bench,424,187,1,277502.97,9,24,bench,0
0123171_neurosketch,24,furniture,chair,425,188,1,282003.26,9,38,chair,1
0123171_neurosketch,24,furniture,chair,425,189,1,282003.26,9,38,chair,0
0123171_neurosketch,24,furniture,bed,426,190,0,285002.78,9,3,bed,1
0123171_neurosketch,24,furniture,bed,426,191,0,285002.78,9,3,bed,0
0123171_neurosketch,24,furniture,bed,426,192,0,285002.78,9,3,bed,0
0123171_neurosketch,24,furniture,bed,426,193,0,285002.78,9,3,bed,0
0123171_neurosketch,24,furniture,table,427,194,0,291002.55,9,5,table,1
0123171_neurosketch,24,furniture,table,427,195,0,291002.55,9,5,table,0
0123171_neurosketch,24,furniture,table,427,196,0,291002.55,9,5,table,0
0123171_neurosketch,24,furniture,table,427,197,0,291002.55,9,5,table,0
0123171_neurosketch,24,furniture,bench,428,198,1,297002.74,9,25,bench,1
0123171_neurosketch,24,furniture,bench,428,199,1,297002.74,9,25,bench,0
0123171_neurosketch,24,2,chair,429,200,1,300001.43,9,30,chair,1
0123171_neurosketch,24,2,chair,429,201,1,300001.43,9,30,chair,0
0123171_neurosketch,24,2,chair,429,202,1,300001.43,9,30,chair,0
0123171_neurosketch,24,2,chair,429,203,1,300001.43,9,30,chair,0
0123171_neurosketch,24,furniture,table,430,204,0,306002.45,9,39,table,1
0123171_neurosketch,24,furniture,table,430,205,0,306002.45,9,39,table,0
0123171_neurosketch,24,furniture,table,430,206,0,306002.45,9,39,table,0
0123171_neurosketch,24,furniture,bed,431,207,0,310502.75,9,38,bed,1
0123171_neurosketch,24,furniture,bed,431,208,0,310502.75,9,38,bed,0
0123171_neurosketch,24,furniture,bed,431,209,0,310502.75,9,38,bed,0
0123171_neurosketch,24,furniture,bench,432,210,1,315002.11,9,31,bench,1
0123171_neurosketch,24,furniture,bench,432,211,1,315002.11,9,31,bench,0
0123171_neurosketch,24,furniture,bench,432,212,1,315002.11,9,31,bench,0
0123171_neurosketch,24,furniture,bench,432,213,1,315002.11,9,31,bench,0
0123171_neurosketch,24,furniture,chair,433,214,1,321002.22,9,22,chair,1
0123171_neurosketch,24,furniture,chair,433,215,1,321002.22,9,22,chair,0
0123171_neurosketch,24,furniture,table,434,216,0,324002.14,9,1,table,1
0123171_neurosketch,24,furniture,table,434,217,0,324002.14,9,1,table,0
0123171_neurosketch,24,furniture,table,434,218,0,324002.14,9,1,table,0
0123171_neurosketch,24,furniture,bed,435,219,0,328502.95,9,37,bed,1
0123171_neurosketch,24,furniture,bed,435,220,0,328502.95,9,37,bed,0
0123171_neurosketch,24,furniture,bed,435,221,0,328502.95,9,37,bed,0
0123171_neurosketch,24,furniture,chair,436,222,1,333002.95,9,31,chair,1
0123171_neurosketch,24,furniture,chair,436,223,1,333002.95,9,31,chair,0
0123171_neurosketch,24,furniture,bench,437,224,1,336002.25,9,33,bench,1
0123171_neurosketch,24,furniture,bench,437,225,1,336002.25,9,33,bench,0
0123171_neurosketch,24,furniture,bench,437,226,1,336002.25,9,33,bench,0
0123171_neurosketch,24,furniture,table,438,227,0,340502.91,9,30,table,1
0123171_neurosketch,24,furniture,table,438,228,0,340502.91,9,30,table,0
0123171_neurosketch,24,2,bed,439,229,0,343501.69,9,11,bed,1
0123171_neurosketch,24,2,bed,439,230,0,343501.69,9,11,bed,0
0123171_neurosketch,24,2,bed,439,231,0,343501.69,9,11,bed,0
0123171_neurosketch,24,2,bed,439,232,0,343501.69,9,11,bed,0
0123171_neurosketch,24,2,bed,439,233,0,343501.69,9,11,bed,0
0123171_neurosketch,24,2,bed,439,234,0,343501.69,9,11,bed,0
0123171_neurosketch,24,2,bed,439,235,0,343501.69,9,11,bed,0
0123171_neurosketch,24,2,bed,439,236,0,343501.69,9,11,bed,0
0123171_neurosketch,24,2,bed,439,237,0,343501.69,9,11,bed,0
0123171_neurosketch,24,2,bed,439,238,0,343501.69,9,11,bed,0
0123171_neurosketch,24,2,bed,439,239,0,343501.69,9,11,bed,0
0123171_neurosketch,24,furniture,chair,440,0,-1,0.0,10,33,chair,0
0123171_neurosketch,24,furniture,chair,440,1,-1,0.0,10,33,chair,0
0123171_neurosketch,24,furniture,chair,440,2,-1,0.0,10,33,chair,0
0123171_neurosketch,24,furniture,chair,440,3,-1,0.0,10,33,chair,0
0123171_neurosketch,24,furniture,chair,440,4,-1,0.0,10,33,chair,0
0123171_neurosketch,24,furniture,chair,440,5,-1,0.0,10,33,chair,0
0123171_neurosketch,24,furniture,chair,440,6,-1,0.0,10,33,chair,0
0123171_neurosketch,24,furniture,chair,440,7,-1,0.0,10,33,chair,0
0123171_neurosketch,24,furniture,chair,440,8,1,12001.44,10,33,chair,1
0123171_neurosketch,24,furniture,chair,440,9,1,12001.44,10,33,chair,0
0123171_neurosketch,24,furniture,chair,440,10,1,12001.44,10,33,chair,0
0123171_neurosketch,24,furniture,table,441,11,0,16502.68,10,38,table,1
0123171_neurosketch,24,furniture,table,441,12,0,16502.68,10,38,table,0
0123171_neurosketch,24,furniture,table,441,13,0,16502.68,10,38,table,0
0123171_neurosketch,24,furniture,table,441,14,0,16502.68,10,38,table,0
0123171_neurosketch,24,furniture,bench,442,15,1,22501.95,10,18,bench,1
0123171_neurosketch,24,furniture,bench,442,16,1,22501.95,10,18,bench,0
0123171_neurosketch,24,furniture,bench,442,17,1,22501.95,10,18,bench,0
0123171_neurosketch,24,furniture,bed,443,18,0,27002.11,10,0,bed,1
0123171_neurosketch,24,furniture,bed,443,19,0,27002.11,10,0,bed,0
0123171_neurosketch,24,furniture,bed,444,20,0,30002.18,10,32,bed,1
0123171_neurosketch,24,furniture,bed,444,21,0,30002.18,10,32,bed,0
0123171_neurosketch,24,furniture,bed,444,22,0,30002.18,10,32,bed,0
0123171_neurosketch,24,furniture,bed,444,23,0,30002.18,10,32,bed,0
0123171_neurosketch,24,furniture,table,445,24,0,36002.06,10,37,table,1
0123171_neurosketch,24,furniture,table,445,25,0,36002.06,10,37,table,0
0123171_neurosketch,24,furniture,bench,446,26,1,39002.1,10,10,bench,1
0123171_neurosketch,24,furniture,bench,446,27,1,39002.1,10,10,bench,0
0123171_neurosketch,24,furniture,chair,447,28,1,42001.61,10,32,chair,1
0123171_neurosketch,24,furniture,chair,447,29,1,42001.61,10,32,chair,0
0123171_neurosketch,24,furniture,bench,448,30,1,45001.74,10,11,bench,1
0123171_neurosketch,24,furniture,bench,448,31,1,45001.74,10,11,bench,0
0123171_neurosketch,24,furniture,bench,448,32,1,45001.74,10,11,bench,0
0123171_neurosketch,24,2,table,449,33,0,49501.53,10,23,table,1
0123171_neurosketch,24,2,table,449,34,0,49501.53,10,23,table,0
0123171_neurosketch,24,2,table,449,35,0,49501.53,10,23,table,0
0123171_neurosketch,24,2,table,449,36,0,49501.53,10,23,table,0
0123171_neurosketch,24,furniture,chair,450,37,1,55501.64,10,1,chair,1
0123171_neurosketch,24,furniture,chair,450,38,1,55501.64,10,1,chair,0
0123171_neurosketch,24,furniture,bed,451,39,0,58502.32,10,34,bed,1
0123171_neurosketch,24,furniture,bed,451,40,0,58502.32,10,34,bed,0
0123171_neurosketch,24,furniture,bed,451,41,0,58502.32,10,34,bed,0
0123171_neurosketch,24,furniture,chair,452,42,1,63002.33,10,17,chair,1
0123171_neurosketch,24,furniture,chair,452,43,1,63002.33,10,17,chair,0
0123171_neurosketch,24,furniture,chair,452,44,1,63002.33,10,17,chair,0
0123171_neurosketch,24,furniture,bench,453,45,1,67501.49,10,8,bench,1
0123171_neurosketch,24,furniture,bench,453,46,1,67501.49,10,8,bench,0
0123171_neurosketch,24,furniture,bed,454,47,0,70501.29,10,5,bed,1
0123171_neurosketch,24,furniture,bed,454,48,0,70501.29,10,5,bed,0
0123171_neurosketch,24,furniture,table,455,49,0,73501.72,10,16,table,1
0123171_neurosketch,24,furniture,table,455,50,0,73501.72,10,16,table,0
0123171_neurosketch,24,furniture,chair,456,51,1,76501.54,10,29,chair,1
0123171_neurosketch,24,furniture,chair,456,52,1,76501.54,10,29,chair,0
0123171_neurosketch,24,furniture,chair,456,53,1,76501.54,10,29,chair,0
0123171_neurosketch,24,furniture,bench,457,54,1,81001.78,10,22,bench,1
0123171_neurosketch,24,furniture,bench,457,55,1,81001.78,10,22,bench,0
0123171_neurosketch,24,furniture,bench,457,56,1,81001.78,10,22,bench,0
0123171_neurosketch,24,furniture,bed,458,57,0,85502.57,10,17,,1
0123171_neurosketch,24,furniture,bed,458,58,0,85502.57,10,17,,0
0123171_neurosketch,24,furniture,bed,458,59,0,85502.57,10,17,,0
0123171_neurosketch,24,2,table,459,60,0,90001.97,10,0,table,1
0123171_neurosketch,24,2,table,459,61,0,90001.97,10,0,table,0
0123171_neurosketch,24,furniture,bed,460,62,0,93002.12,10,6,bed,1
0123171_neurosketch,24,furniture,bed,460,63,0,93002.12,10,6,bed,0
0123171_neurosketch,24,furniture,table,461,64,0,96002.27,10,21,table,1
0123171_neurosketch,24,furniture,table,461,65,0,96002.27,10,21,table,0
0123171_neurosketch,24,furniture,bench,462,66,1,99002.17,10,17,bench,1
0123171_neurosketch,24,furniture,bench,462,67,1,99002.17,10,17,bench,0
0123171_neurosketch,24,furniture,bench,462,68,1,99002.17,10,17,bench,0
0123171_neurosketch,24,furniture,chair,463,69,1,103503.24,10,6,chair,1
0123171_neurosketch,24,furniture,chair,463,70,1,103503.24,10,6,chair,0
0123171_neurosketch,24,furniture,chair,463,71,1,103503.24,10,6,chair,0
0123171_neurosketch,24,furniture,chair,463,72,1,103503.24,10,6,chair,0
0123171_neurosketch,24,furniture,bench,464,73,1,109502.17,10,30,bench,1
0123171_neurosketch,24,furniture,bench,464,74,1,109502.17,10,30,bench,0
0123171_neurosketch,24,furniture,bench,464,75,1,109502.17,10,30,bench,0
0123171_neurosketch,24,furniture,chair,465,76,1,114001.77,10,26,chair,1
0123171_neurosketch,24,furniture,chair,465,77,1,114001.77,10,26,chair,0
0123171_neurosketch,24,furniture,bed,466,78,0,117004.29,10,25,bed,1
0123171_neurosketch,24,furniture,bed,466,79,0,117004.29,10,25,bed,0
0123171_neurosketch,24,furniture,bed,466,80,0,117004.29,10,25,bed,0
0123171_neurosketch,24,furniture,bed,466,81,0,117004.29,10,25,bed,0
0123171_neurosketch,24,furniture,table,467,82,0,123002.03,10,18,table,1
0123171_neurosketch,24,furniture,table,467,83,0,123002.03,10,18,table,0
0123171_neurosketch,24,furniture,table,467,84,0,123002.03,10,18,table,0
0123171_neurosketch,24,furniture,table,467,85,0,123002.03,10,18,table,0
0123171_neurosketch,24,furniture,chair,468,86,1,129003.45,10,9,bench,1
0123171_neurosketch,24,furniture,chair,468,87,1,129003.45,10,9,bench,0
0123171_neurosketch,24,2,bench,469,88,1,132002.15,10,2,bench,1
0123171_neurosketch,24,2,bench,469,89,1,132002.15,10,2,bench,0
0123171_neurosketch,24,2,bench,469,90,1,132002.15,10,2,bench,0
0123171_neurosketch,24,2,bench,469,91,1,132002.15,10,2,bench,0
0123171_neurosketch,24,furniture,table,470,92,0,138001.68,10,10,table,1
0123171_neurosketch,24,furniture,table,470,93,0,138001.68,10,10,table,0
0123171_neurosketch,24,furniture,table,470,94,0,138001.68,10,10,table,0
0123171_neurosketch,24,furniture,bed,471,95,0,142502.63,10,26,bed,1
0123171_neurosketch,24,furniture,bed,471,96,0,142502.63,10,26,bed,0
0123171_neurosketch,24,furniture,bed,471,97,0,142502.63,10,26,bed,0
0123171_neurosketch,24,furniture,bench,472,98,1,147002.36,10,9,bench,1
0123171_neurosketch,24,furniture,bench,472,99,1,147002.36,10,9,bench,0
0123171_neurosketch,24,furniture,bench,472,100,1,147002.36,10,9,bench,0
0123171_neurosketch,24,furniture,bench,472,101,1,147002.36,10,9,bench,0
0123171_neurosketch,24,furniture,table,473,102,0,153002.78,10,36,table,1
0123171_neurosketch,24,furniture,table,473,103,0,153002.78,10,36,table,0
0123171_neurosketch,24,furniture,chair,474,104,1,156002.47,10,28,,1
0123171_neurosketch,24,furniture,chair,474,105,1,156002.47,10,28,,0
0123171_neurosketch,24,furniture,chair,474,106,1,156002.47,10,28,,0
0123171_neurosketch,24,furniture,bed,475,107,0,160502.25,10,9,bed,1
0123171_neurosketch,24,furniture,bed,475,108,0,160502.25,10,9,bed,0
0123171_neurosketch,24,furniture,bed,475,109,0,160502.25,10,9,bed,0
0123171_neurosketch,24,furniture,bed,476,110,0,165002.29,10,28,bed,1
0123171_neurosketch,24,furniture,bed,476,111,0,165002.29,10,28,bed,0
0123171_neurosketch,24,furniture,chair,477,112,1,168002.62,10,37,chair,1
0123171_neurosketch,24,furniture,chair,477,113,1,168002.62,10,37,chair,0
0123171_neurosketch,24,furniture,chair,477,114,1,168002.62,10,37,chair,0
0123171_neurosketch,24,furniture,table,478,115,0,172502.65,10,14,table,1
0123171_neurosketch,24,furniture,table,478,116,0,172502.65,10,14,table,0
0123171_neurosketch,24,2,bench,479,117,1,175502.31,10,23,bench,1
0123171_neurosketch,24,2,bench,479,118,1,175502.31,10,23,bench,0
0123171_neurosketch,24,2,bench,479,119,1,175502.31,10,23,bench,0
0123171_neurosketch,24,furniture,bench,480,120,1,180002.36,10,27,bench,1
0123171_neurosketch,24,furniture,bench,480,121,1,180002.36,10,27,bench,0
0123171_neurosketch,24,furniture,bench,480,122,1,180002.36,10,27,bench,0
0123171_neurosketch,24,furniture,bed,481,123,0,184502.95,10,14,bed,1
0123171_neurosketch,24,furniture,bed,481,124,0,184502.95,10,14,bed,0
0123171_neurosketch,24,furniture,bed,481,125,0,184502.95,10,14,bed,0
0123171_neurosketch,24,furniture,bed,481,126,0,184502.95,10,14,bed,0
0123171_neurosketch,24,furniture,table,482,127,0,190502.75,10,9,table,1
0123171_neurosketch,24,furniture,table,482,128,0,190502.75,10,9,table,0
0123171_neurosketch,24,furniture,table,482,129,0,190502.75,10,9,table,0
0123171_neurosketch,24,furniture,chair,483,130,1,195002.28,10,0,chair,1
0123171_neurosketch,24,furniture,chair,483,131,1,195002.28,10,0,chair,0
0123171_neurosketch,24,furniture,chair,484,132,1,198002.08,10,15,chair,1
0123171_neurosketch,24,furniture,chair,484,133,1,198002.08,10,15,chair,0
0123171_neurosketch,24,furniture,chair,484,134,1,198002.08,10,15,chair,0
0123171_neurosketch,24,furniture,chair,484,135,1,198002.08,10,15,chair,0
0123171_neurosketch,24,furniture,table,485,136,0,204002.89,10,20,table,1
0123171_neurosketch,24,furniture,table,485,137,0,204002.89,10,20,table,0
0123171_neurosketch,24,furniture,bed,486,138,0,207002.56,10,10,table,1
0123171_neurosketch,24,furniture,bed,486,139,0,207002.56,10,10,table,0
0123171_neurosketch,24,furniture,bench,487,140,1,210002.81,10,38,bench,1
0123171_neurosketch,24,furniture,bench,487,141,1,210002.81,10,38,bench,0
0123171_neurosketch,24,furniture,bench,488,142,1,213002.08,10,36,bench,1
0123171_neurosketch,24,furniture,bench,488,143,1,213002.08,10,36,bench,0
0123171_neurosketch,24,furniture,bench,488,144,1,213002.08,10,36,bench,0
0123171_neurosketch,24,2,bed,489,145,0,217502.78,10,19,bed,1
0123171_neurosketch,24,2,bed,489,146,0,217502.78,10,19,bed,0
0123171_neurosketch,24,2,bed,489,147,0,217502.78,10,19,bed,0
0123171_neurosketch,24,2,bed,489,148,0,217502.78,10,19,bed,0
0123171_neurosketch,24,furniture,table,490,149,0,223503.02,10,28,table,1
0123171_neurosketch,24,furniture,table,490,150,0,223503.02,10,28,table,0
0123171_neurosketch,24,furniture,chair,491,151,1,226502.69,10,21,chair,1
0123171_neurosketch,24,furniture,chair,491,152,1,226502.69,10,21,chair,0
0123171_neurosketch,24,furniture,chair,491,153,1,226502.69,10,21,chair,0
0123171_neurosketch,24,furniture,bench,492,154,1,231003.01,10,34,bench,1
0123171_neurosketch,24,furniture,bench,492,155,1,231003.01,10,34,bench,0
0123171_neurosketch,24,furniture,bench,492,156,1,231003.01,10,34,bench,0
0123171_neurosketch,24,furniture,table,493,157,0,235502.72,10,27,table,1
0123171_neurosketch,24,furniture,table,493,158,0,235502.72,10,27,table,0
0123171_neurosketch,24,furniture,bed,494,159,0,238502.02,10,4,bed,1
0123171_neurosketch,24,furniture,bed,494,160,0,238502.02,10,4,bed,0
0123171_neurosketch,24,furniture,chair,495,161,1,241503.15,10,16,chair,1
0123171_neurosketch,24,furniture,chair,495,162,1,241503.15,10,16,chair,0
0123171_neurosketch,24,furniture,chair,496,163,1,244502.86,10,23,chair,1
0123171_neurosketch,24,furniture,chair,496,164,1,244502.86,10,23,chair,0
0123171_neurosketch,24,furniture,chair,496,165,1,244502.86,10,23,chair,0
0123171_neurosketch,24,furniture,table,497,166,0,249002.17,10,11,table,1
0123171_neurosketch,24,furniture,table,497,167,0,249002.17,10,11,table,0
0123171_neurosketch,24,furniture,table,497,168,0,249002.17,10,11,table,0
0123171_neurosketch,24,furniture,bed,498,169,0,253502.34,10,22,bed,1
0123171_neurosketch,24,furniture,bed,498,170,0,253502.34,10,22,bed,0
0123171_neurosketch,24,furniture,bed,498,171,0,253502.34,10,22,bed,0
0123171_neurosketch,24,2,bench,499,172,1,258002.74,10,16,bench,1
0123171_neurosketch,24,2,bench,499,173,1,258002.74,10,16,bench,0
0123171_neurosketch,24,furniture,bench,500,174,1,261002.55,10,5,bench,1
0123171_neurosketch,24,furniture,bench,500,175,1,261002.55,10,5,bench,0
0123171_neurosketch,24,furniture,bed,501,176,0,264002.58,10,8,bed,1
0123171_neurosketch,24,furniture,bed,501,177,0,264002.58,10,8,bed,0
0123171_neurosketch,24,furniture,table,502,178,0,267003.17,10,25,table,1
0123171_neurosketch,24,furniture,table,502,179,0,267003.17,10,25,table,0
0123171_neurosketch,24,furniture,table,502,180,0,267003.17,10,25,table,0
0123171_neurosketch,24,furniture,chair,503,181,1,271502.88,10,14,chair,1
0123171_neurosketch,24,furniture,chair,503,182,1,271502.88,10,14,chair,0
0123171_neurosketch,24,furniture,chair,503,183,1,271502.88,10,14,chair,0
0123171_neurosketch,24,furniture,chair,503,184,1,271502.88,10,14,chair,0
0123171_neurosketch,24,furniture,bench,504,185,1,277502.43,10,39,bench,1
0123171_neurosketch,24,furniture,bench,504,186,1,277502.43,10,39,bench,0
0123171_neurosketch,24,furniture,bench,504,187,1,277502.43,10,39,bench,0
0123171_neurosketch,24,furniture,table,505,188,0,282002.42,10,12,table,1
0123171_neurosketch,24,furniture,table,505,189,0,282002.42,10,12,table,0
0123171_neurosketch,24,furniture,chair,506,190,1,285002.84,10,39,chair,1
0123171_neurosketch,24,furniture,chair,506,191,1,285002.84,10,39,chair,0
0123171_neurosketch,24,furniture,chair,506,192,1,285002.84,10,39,chair,0
0123171_neurosketch,24,furniture,chair,506,193,1,285002.84,10,39,chair,0
0123171_neurosketch,24,furniture,bed,507,194,0,291002.71,10,30,bed,1
0123171_neurosketch,24,furniture,bed,507,195,0,291002.71,10,30,bed,0
0123171_neurosketch,24,furniture,bed,507,196,0,291002.71,10,30,bed,0
0123171_neurosketch,24,furniture,bed,507,197,0,291002.71,10,30,bed,0
0123171_neurosketch,24,furniture,bed,508,198,0,297002.85,10,18,bed,1
0123171_neurosketch,24,furniture,bed,508,199,0,297002.85,10,18,bed,0
0123171_neurosketch,24,2,table,509,200,0,300002.67,10,6,table,1
0123171_neurosketch,24,2,table,509,201,0,300002.67,10,6,table,0
0123171_neurosketch,24,2,table,509,202,0,300002.67,10,6,table,0
0123171_neurosketch,24,2,table,509,203,0,300002.67,10,6,table,0
0123171_neurosketch,24,furniture,bench,510,204,1,306002.44,10,3,bench,1
0123171_neurosketch,24,furniture,bench,510,205,1,306002.44,10,3,bench,0
0123171_neurosketch,24,furniture,bench,510,206,1,306002.44,10,3,bench,0
0123171_neurosketch,24,furniture,chair,511,207,1,310502.99,10,7,chair,1
0123171_neurosketch,24,furniture,chair,511,208,1,310502.99,10,7,chair,0
0123171_neurosketch,24,furniture,chair,511,209,1,310502.99,10,7,chair,0
0123171_neurosketch,24,furniture,bench,512,210,1,315003.01,10,15,bench,1
0123171_neurosketch,24,furniture,bench,512,211,1,315003.01,10,15,bench,0
0123171_neurosketch,24,furniture,bench,512,212,1,315003.01,10,15,bench,0
0123171_neurosketch,24,furniture,bench,512,213,1,315003.01,10,15,bench,0
0123171_neurosketch,24,furniture,bed,513,214,0,321002.91,10,23,bed,1
0123171_neurosketch,24,furniture,bed,513,215,0,321002.91,10,23,bed,0
0123171_neurosketch,24,furniture,chair,514,216,1,324002.55,10,11,chair,1
0123171_neurosketch,24,furniture,chair,514,217,1,324002.55,10,11,chair,0
0123171_neurosketch,24,furniture,chair,514,218,1,324002.55,10,11,chair,0
0123171_neurosketch,24,furniture,table,515,219,0,328501.35,10,8,table,1
0123171_neurosketch,24,furniture,table,515,220,0,328501.35,10,8,table,0
0123171_neurosketch,24,furniture,table,515,221,0,328501.35,10,8,table,0
0123171_neurosketch,24,furniture,chair,516,222,1,333002.74,10,10,chair,1
0123171_neurosketch,24,furniture,chair,516,223,1,333002.74,10,10,chair,0
0123171_neurosketch,24,furniture,bed,517,224,0,336002.07,10,36,bed,1
0123171_neurosketch,24,furniture,bed,517,225,0,336002.07,10,36,bed,0
0123171_neurosketch,24,furniture,bed,517,226,0,336002.07,10,36,bed,0
0123171_neurosketch,24,furniture,bench,518,227,1,340503.1,10,29,bench,1
0123171_neurosketch,24,furniture,bench,518,228,1,340503.1,10,29,bench,0
0123171_neurosketch,24,2,table,519,229,0,343503.02,10,19,table,1
0123171_neurosketch,24,2,table,519,230,0,343503.02,10,19,table,0
0123171_neurosketch,24,2,table,519,231,0,343503.02,10,19,table,0
0123171_neurosketch,24,2,table,519,232,0,343503.02,10,19,table,0
0123171_neurosketch,24,2,table,519,233,0,343503.02,10,19,table,0
0123171_neurosketch,24,2,table,519,234,0,343503.02,10,19,table,0
0123171_neurosketch,24,2,table,519,235,0,343503.02,10,19,table,0
0123171_neurosketch,24,2,table,519,236,0,343503.02,10,19,table,0
0123171_neurosketch,24,2,table,519,237,0,343503.02,10,19,table,0
0123171_neurosketch,24,2,table,519,238,0,343503.02,10,19,table,0
0123171_neurosketch,24,2,table,519,239,0,343503.02,10,19,table,0
