wID,versionNum,category,object,trial,TRnum,condition,onset_time,run_num,viewpoint,response,onset
0124171_neurosketch,33,furniture,bed,0,0,-1,0.0,1,28,,0
0124171_neurosketch,33,furniture,bed,0,1,-1,0.0,1,28,,0
0124171_neurosketch,33,furniture,bed,0,2,-1,0.0,1,28,,0
0124171_neurosketch,33,furniture,bed,0,3,-1,0.0,1,28,,0
0124171_neurosketch,33,furniture,bed,0,4,-1,0.0,1,28,,0
0124171_neurosketch,33,furniture,bed,0,5,-1,0.0,1,28,,0
0124171_neurosketch,33,furniture,bed,0,6,-1,0.0,1,28,,0
0124171_neurosketch,33,furniture,bed,0,7,-1,0.0,1,28,,0
0124171_neurosketch,33,furniture,bed,0,8,1,12004.42,1,28,,1
0124171_neurosketch,33,furniture,bed,0,9,1,12004.42,1,28,,0
0124171_neurosketch,33,furniture,bed,0,10,1,12004.42,1,28,,0
0124171_neurosketch,33,furniture,bed,0,11,1,12004.42,1,28,,0
0124171_neurosketch,33,furniture,bed,0,12,1,12004.42,1,28,,0
0124171_neurosketch,33,furniture,table,1,13,0,19502.64,1,23,table,1
0124171_neurosketch,33,furniture,table,1,14,0,19502.64,1,23,table,0
0124171_neurosketch,33,furniture,table,1,15,0,19502.64,1,23,table,0
0124171_neurosketch,33,furniture,table,1,16,0,19502.64,1,23,table,0
0124171_neurosketch,33,furniture,bench,2,17,1,25501.54,1,16,bench,1
0124171_neurosketch,33,furniture,bench,2,18,1,25501.54,1,16,bench,0
0124171_neurosketch,33,furniture,chair,3,19,0,28501.95,1,27,chair,1
0124171_neurosketch,33,furniture,chair,3,20,0,28501.95,1,27,chair,0
0124171_neurosketch,33,furniture,chair,3,21,0,28501.95,1,27,chair,0
0124171_neurosketch,33,furniture,bench,4,22,1,33003.3,1,0,bench,1
0124171_neurosketch,33,furniture,bench,4,23,1,33003.3,1,0,bench,0
0124171_neurosketch,33,furniture,bench,4,24,1,33003.3,1,0,bench,0
0124171_neurosketch,33,furniture,table,5,25,0,37501.98,1,38,table,1
0124171_neurosketch,33,furniture,table,5,26,0,37501.98,1,38,table,0
0124171_neurosketch,33,furniture,bed,6,27,1,40502.33,1,22,bed,1
0124171_neurosketch,33,furniture,bed,6,28,1,40502.33,1,22,bed,0
0124171_neurosketch,33,furniture,bed,6,29,1,40502.33,1,22,bed,0
0124171_neurosketch,33,furniture,chair,7,30,0,45002.21,1,26,chair,1
0124171_neurosketch,33,furniture,chair,7,31,0,45002.21,1,26,chair,0
0124171_neurosketch,33,furniture,chair,7,32,0,45002.21,1,26,chair,0
0124171_neurosketch,33,furniture,table,8,33,0,49501.61,1,29,table,1
0124171_neurosketch,33,furniture,table,8,34,0,49501.61,1,29,table,0
0124171_neurosketch,33,furniture,table,8,35,0,49501.61,1,29,table,0
0124171_neurosketch,33,2,chair,9,36,0,54002.58,1,7,chair,1
0124171_neurosketch,33,2,chair,9,37,0,54002.58,1,7,chair,0
0124171_neurosketch,33,furniture,bed,10,38,1,57003.02,1,33,bed,1
0124171_neurosketch,33,furniture,bed,10,39,1,57003.02,1,33,bed,0
0124171_neurosketch,33,furniture,bed,10,40,1,57003.02,1,33,bed,0
0124171_neurosketch,33,furniture,bench,11,41,1,61501.85,1,38,bench,1
0124171_neurosketch,33,furniture,bench,11,42,1,61501.85,1,38,bench,0
0124171_neurosketch,33,furniture,chair,12,43,0,64503.83,1,39,chair,1
0124171_neurosketch,33,furniture,chair,12,44,0,64503.83,1,39,chair,0
0124171_neurosketch,33,furniture,bed,13,45,1,67502.83,1,16,bed,1
0124171_neurosketch,33,furniture,bed,13,46,1,67502.83,1,16,bed,0
0124171_neurosketch,33,furniture,bed,13,47,1,67502.83,1,16,bed,0
0124171_neurosketch,33,furniture,bed,13,48,1,67502.83,1,16,bed,0
0124171_neurosketch,33,furniture,bench,14,49,1,73502.71,1,9,,1
0124171_neurosketch,33,furniture,bench,14,50,1,73502.71,1,9,,0
0124171_neurosketch,33,furniture,table,15,51,0,76502.64,1,27,table,1
0124171_neurosketch,33,furniture,table,15,52,0,76502.64,1,27,table,0
0124171_neurosketch,33,furniture,bench,16,53,1,79502.31,1,26,bench,1
0124171_neurosketch,33,furniture,bench,16,54,1,79502.31,1,26,bench,0
0124171_neurosketch,33,furniture,chair,17,55,0,82503.78,1,33,chair,1
0124171_neurosketch,33,furniture,chair,17,56,0,82503.78,1,33,chair,0
0124171_neurosketch,33,furniture,chair,17,57,0,82503.78,1,33,chair,0
0124171_neurosketch,33,furniture,bed,18,58,1,87002.67,1,23,bed,1
0124171_neurosketch,33,furniture,bed,18,59,1,87002.67,1,23,bed,0
0124171_neurosketch,33,furniture,bed,18,60,1,87002.67,1,23,bed,0
0124171_neurosketch,33,2,table,19,61,0,91502.91,1,20,table,1
0124171_neurosketch,33,2,table,19,62,0,91502.91,1,20,table,0
0124171_neurosketch,33,furniture,table,20,63,0,94503.04,1,7,table,1
0124171_neurosketch,33,furniture,table,20,64,0,94503.04,1,7,table,0
0124171_neurosketch,33,furniture,table,20,65,0,94503.04,1,7,table,0
0124171_neurosketch,33,furniture,bed,21,66,1,99001.92,1,12,bed,1
0124171_neurosketch,33,furniture,bed,21,67,1,99001.92,1,12,bed,0
0124171_neurosketch,33,furniture,bench,22,68,1,102002.08,1,8,bed,1
0124171_neurosketch,33,furniture,bench,22,69,1,102002.08,1,8,bed,0
0124171_neurosketch,33,furniture,chair,23,70,0,105001.83,1,23,chair,1
0124171_neurosketch,33,furniture,chair,23,71,0,105001.83,1,23,chair,0
0124171_neurosketch,33,furniture,chair,23,72,0,105001.83,1,23,chair,0
0124171_neurosketch,33,furniture,bench,24,73,1,109501.98,1,5,bench,1
0124171_neurosketch,33,furniture,bench,24,74,1,109501.98,1,5,bench,0
0124171_neurosketch,33,furniture,table,25,75,0,112501.79,1,21,table,1
0124171_neurosketch,33,furniture,table,25,76,0,112501.79,1,21,table,0
0124171_neurosketch,33,furniture,table,25,77,0,112501.79,1,21,table,0
0124171_neurosketch,33,furniture,table,25,78,0,112501.79,1,21,table,0
0124171_neurosketch,33,furniture,bed,26,79,1,118502.44,1,17,bed,1
0124171_neurosketch,33,furniture,bed,26,80,1,118502.44,1,17,bed,0
0124171_neurosketch,33,furniture,bed,26,81,1,118502.44,1,17,bed,0
0124171_neurosketch,33,furniture,chair,27,82,0,123002.93,1,14,chair,1
0124171_neurosketch,33,furniture,chair,27,83,0,123002.93,1,14,chair,0
0124171_neurosketch,33,furniture,chair,27,84,0,123002.93,1,14,chair,0
0124171_neurosketch,33,furniture,bench,28,85,1,127502.89,1,25,bench,1
0124171_neurosketch,33,furniture,bench,28,86,1,127502.89,1,25,bench,0
0124171_neurosketch,33,furniture,bench,28,87,1,127502.89,1,25,bench,0
0124171_neurosketch,33,furniture,bench,28,88,1,127502.89,1,25,bench,0
0124171_neurosketch,33,2,table,29,89,0,133502.91,1,2,table,1
0124171_neurosketch,33,2,table,29,90,0,133502.91,1,2,table,0
0124171_neurosketch,33,2,table,29,91,0,133502.91,1,2,table,0
0124171_neurosketch,33,furniture,chair,30,92,0,138002.73,1,15,chair,1
0124171_neurosketch,33,furniture,chair,30,93,0,138002.73,1,15,chair,0
0124171_neurosketch,33,furniture,bed,31,94,1,141003.01,1,20,bed,1
0124171_neurosketch,33,furniture,bed,31,95,1,141003.01,1,20,bed,0
0124171_neurosketch,33,furniture,bed,31,96,1,141003.01,1,20,bed,0
0124171_neurosketch,33,furniture,bed,31,97,1,141003.01,1,20,bed,0
0124171_neurosketch,33,furniture,chair,32,98,0,147002.91,1,38,chair,1
0124171_neurosketch,33,furniture,chair,32,99,0,147002.91,1,38,chair,0
0124171_neurosketch,33,furniture,chair,32,100,0,147002.91,1,38,chair,0
0124171_neurosketch,33,furniture,chair,32,101,0,147002.91,1,38,chair,0
0124171_neurosketch,33,furniture,table,33,102,0,153003.06,1,22,table,1
0124171_neurosketch,33,furniture,table,33,103,0,153003.06,1,22,table,0
0124171_neurosketch,33,furniture,bed,34,104,1,156002.84,1,4,bed,1
0124171_neurosketch,33,furniture,bed,34,105,1,156002.84,1,4,bed,0
0124171_neurosketch,33,furniture,bed,34,106,1,156002.84,1,4,bed,0
0124171_neurosketch,33,furniture,bed,34,107,1,156002.84,1,4,bed,0
0124171_neurosketch,33,furniture,bench,35,108,1,162002.68,1,39,bench,1
0124171_neurosketch,33,furniture,bench,35,109,1,162002.68,1,39,bench,0
0124171_neurosketch,33,furniture,bed,36,110,1,165004.62,1,13,bed,1
0124171_neurosketch,33,furniture,bed,36,111,1,165004.62,1,13,bed,0
0124171_neurosketch,33,furniture,bed,36,112,1,165004.62,1,13,bed,0
0124171_neurosketch,33,furniture,table,37,113,0,169502.07,1,28,table,1
0124171_neurosketch,33,furniture,table,37,114,0,169502.07,1,28,table,0
0124171_neurosketch,33,furniture,table,37,115,0,169502.07,1,28,table,0
0124171_neurosketch,33,furniture,chair,38,116,0,174002.43,1,16,chair,1
0124171_neurosketch,33,furniture,chair,38,117,0,174002.43,1,16,chair,0
0124171_neurosketch,33,furniture,chair,38,118,0,174002.43,1,16,chair,0
0124171_neurosketch,33,furniture,chair,38,119,0,174002.43,1,16,chair,0
0124171_neurosketch,33,2,bench,39,120,1,180002.85,1,6,bench,1
0124171_neurosketch,33,2,bench,39,121,1,180002.85,1,6,bench,0
0124171_neurosketch,33,2,bench,39,122,1,180002.85,1,6,bench,0
0124171_neurosketch,33,furniture,table,40,123,0,184502.58,1,25,table,1
0124171_neurosketch,33,furniture,table,40,124,0,184502.58,1,25,table,0
0124171_neurosketch,33,furniture,bed,41,125,1,187503.0,1,29,bed,1
0124171_neurosketch,33,furniture,bed,41,126,1,187503.0,1,29,bed,0
0124171_neurosketch,33,furniture,bed,41,127,1,187503.0,1,29,bed,0
0124171_neurosketch,33,furniture,bed,41,128,1,187503.0,1,29,bed,0
0124171_neurosketch,33,furniture,bench,42,129,1,193502.36,1,27,bench,1
0124171_neurosketch,33,furniture,bench,42,130,1,193502.36,1,27,bench,0
0124171_neurosketch,33,furniture,chair,43,131,0,196502.54,1,0,chair,1
0124171_neurosketch,33,furniture,chair,43,132,0,196502.54,1,0,chair,0
0124171_neurosketch,33,furniture,chair,43,133,0,196502.54,1,0,chair,0
0124171_neurosketch,33,furniture,chair,44,134,0,201002.2,1,19,chair,1
0124171_neurosketch,33,furniture,chair,44,135,0,201002.2,1,19,chair,0
0124171_neurosketch,33,furniture,chair,44,136,0,201002.2,1,19,chair,0
0124171_neurosketch,33,furniture,bench,45,137,1,205502.24,1,36,bench,1
0124171_neurosketch,33,furniture,bench,45,138,1,205502.24,1,36,bench,0
0124171_neurosketch,33,furniture,bed,46,139,1,208502.54,1,37,bed,1
0124171_neurosketch,33,furniture,bed,46,140,1,208502.54,1,37,bed,0
0124171_neurosketch,33,furniture,bed,46,141,1,208502.54,1,37,bed,0
0124171_neurosketch,33,furniture,table,47,142,0,213003.1,1,30,,1
0124171_neurosketch,33,furniture,table,47,143,0,213003.1,1,30,,0
0124171_neurosketch,33,furniture,table,47,144,0,213003.1,1,30,,0
0124171_neurosketch,33,furniture,table,48,145,0,217505.2,1,35,table,1
0124171_neurosketch,33,furniture,table,48,146,0,217505.2,1,35,table,0
0124171_neurosketch,33,furniture,table,48,147,0,217505.2,1,35,table,0
0124171_neurosketch,33,2,chair,49,148,0,222002.52,1,13,chair,1
0124171_neurosketch,33,2,chair,49,149,0,222002.52,1,13,chair,0
0124171_neurosketch,33,furniture,bench,50,150,1,225002.13,1,31,bench,1
0124171_neurosketch,33,furniture,bench,50,151,1,225002.13,1,31,bench,0
0124171_neurosketch,33,furniture,bench,50,152,1,225002.13,1,31,bench,0
0124171_neurosketch,33,furniture,bed,51,153,1,229502.08,1,38,bed,1
0124171_neurosketch,33,furniture,bed,51,154,1,229502.08,1,38,bed,0
0124171_neurosketch,33,furniture,bench,52,155,1,232503.32,1,23,bench,1
0124171_neurosketch,33,furniture,bench,52,156,1,232503.32,1,23,bench,0
0124171_neurosketch,33,furniture,chair,53,157,0,235502.96,1,34,chair,1
0124171_neurosketch,33,furniture,chair,53,158,0,235502.96,1,34,chair,0
0124171_neurosketch,33,furniture,chair,53,159,0,235502.96,1,34,chair,0
0124171_neurosketch,33,furniture,chair,53,160,0,235502.96,1,34,chair,0
0124171_neurosketch,33,furniture,bed,54,161,1,241502.82,1,15,bed,1
0124171_neurosketch,33,furniture,bed,54,162,1,241502.82,1,15,bed,0
0124171_neurosketch,33,furniture,table,55,163,0,244503.19,1,26,table,1
0124171_neurosketch,33,furniture,table,55,164,0,244503.19,1,26,table,0
0124171_neurosketch,33,furniture,bed,56,165,1,247501.02,1,2,bed,1
0124171_neurosketch,33,furniture,bed,56,166,1,247501.02,1,2,bed,0
0124171_neurosketch,33,furniture,bench,57,167,1,250502.3,1,37,bench,1
0124171_neurosketch,33,furniture,bench,57,168,1,250502.3,1,37,bench,0
0124171_neurosketch,33,furniture,bench,57,169,1,250502.3,1,37,bench,0
0124171_neurosketch,33,furniture,chair,58,170,0,255004.33,1,37,chair,1
0124171_neurosketch,33,furniture,chair,58,171,0,255004.33,1,37,chair,0
0124171_neurosketch,33,furniture,chair,58,172,0,255004.33,1,37,chair,0
0124171_neurosketch,33,2,table,59,173,0,259503.16,1,24,table,1
0124171_neurosketch,33,2,table,59,174,0,259503.16,1,24,table,0
0124171_neurosketch,33,furniture,bench,60,175,1,262502.37,1,2,bench,1
0124171_neurosketch,33,furniture,bench,60,176,1,262502.37,1,2,bench,0
0124171_neurosketch,33,furniture,bench,60,177,1,262502.37,1,2,bench,0
0124171_neurosketch,33,furniture,chair,61,178,0,267002.41,1,2,chair,1
0124171_neurosketch,33,furniture,chair,61,179,0,267002.41,1,2,chair,0
0124171_neurosketch,33,furniture,table,62,180,0,270003.19,1,16,table,1
0124171_neurosketch,33,furniture,table,62,181,0,270003.19,1,16,table,0
0124171_neurosketch,33,furniture,bed,63,182,1,273003.7,1,8,bed,1
0124171_neurosketch,33,furniture,bed,63,183,1,273003.7,1,8,bed,0
0124171_neurosketch,33,furniture,bed,63,184,1,273003.7,1,8,bed,0
0124171_neurosketch,33,furniture,chair,64,185,0,277502.9,1,22,chair,1
0124171_neurosketch,33,furniture,chair,64,186,0,277502.9,1,22,chair,0
0124171_neurosketch,33,furniture,bench,65,187,1,280503.73,1,18,bench,1
0124171_neurosketch,33,furniture,bench,65,188,1,280503.73,1,18,bench,0
0124171_neurosketch,33,furniture,bench,65,189,1,280503.73,1,18,bench,0
0124171_neurosketch,33,furniture,bench,65,190,1,280503.73,1,18,bench,0
0124171_neurosketch,33,furniture,table,66,191,0,286502.92,1,3,table,1
0124171_neurosketch,33,furniture,table,66,192,0,286502.92,1,3,table,0
0124171_neurosketch,33,furniture,table,66,193,0,286502.92,1,3,table,0
0124171_neurosketch,33,furniture,bed,67,194,1,291002.54,1,14,bed,1
0124171_neurosketch,33,furniture,bed,67,195,1,291002.54,1,14,bed,0
0124171_neurosketch,33,furniture,bed,67,196,1,291002.54,1,14,bed,0
0124171_neurosketch,33,furniture,bench,68,197,1,295502.98,1,30,bench,1
0124171_neurosketch,33,furniture,bench,68,198,1,295502.98,1,30,bench,0
0124171_neurosketch,33,furniture,bench,68,199,1,295502.98,1,30,bench,0
0124171_neurosketch,33,furniture,bench,68,200,1,295502.98,1,30,bench,0
0124171_neurosketch,33,2,table,69,201,0,301505.44,1,4,table,1
0124171_neurosketch,33,2,table,69,202,0,301505.44,1,4,table,0
0124171_neurosketch,33,2,table,69,203,0,301505.44,1,4,table,0
0124171_neurosketch,33,furniture,bed,70,204,1,306003.11,1,3,bed,1
0124171_neurosketch,33,furniture,bed,70,205,1,306003.11,1,3,bed,0
0124171_neurosketch,33,furniture,chair,71,206,0,309003.29,1,12,chair,1
0124171_neurosketch,33,furniture,chair,71,207,0,309003.29,1,12,chair,0
0124171_neurosketch,33,furniture,chair,71,208,0,309003.29,1,12,chair,0
0124171_neurosketch,33,furniture,chair,71,209,0,309003.29,1,12,chair,0
0124171_neurosketch,33,furniture,bed,72,210,1,315002.37,1,9,bed,1
0124171_neurosketch,33,furniture,bed,72,211,1,315002.37,1,9,bed,0
0124171_neurosketch,33,furniture,bed,72,212,1,315002.37,1,9,bed,0
0124171_neurosketch,33,furniture,bed,72,213,1,315002.37,1,9,bed,0
0124171_neurosketch,33,furniture,bench,73,214,1,321002.69,1,33,bench,1
0124171_neurosketch,33,furniture,bench,73,215,1,321002.69,1,33,bench,0
0124171_neurosketch,33,furniture,table,74,216,0,324002.53,1,32,table,1
0124171_neurosketch,33,furniture,table,74,217,0,324002.53,1,32,table,0
0124171_neurosketch,33,furniture,table,74,218,0,324002.53,1,32,table,0
0124171_neurosketch,33,furniture,table,74,219,0,324002.53,1,32,table,0
0124171_neurosketch,33,furniture,chair,75,220,0,330002.18,1,36,chair,1
0124171_neurosketch,33,furniture,chair,75,221,0,330002.18,1,36,chair,0
0124171_neurosketch,33,furniture,chair,76,222,0,333003.36,1,29,chair,1
0124171_neurosketch,33,furniture,chair,76,223,0,333003.36,1,29,chair,0
0124171_neurosketch,33,furniture,chair,76,224,0,333003.36,1,29,chair,0
0124171_neurosketch,33,furniture,bench,77,225,1,337501.66,1,1,bench,1
0124171_neurosketch,33,furniture,bench,77,226,1,337501.66,1,1,bench,0
0124171_neurosketch,33,furniture,bench,77,227,1,337501.66,1,1,bench,0
0124171_neurosketch,33,furniture,bed,78,228,1,342002.47,1,7,bed,1
0124171_neurosketch,33,furniture,bed,78,229,1,342002.47,1,7,bed,0
0124171_neurosketch,33,furniture,bed,78,230,1,342002.47,1,7,bed,0
0124171_neurosketch,33,furniture,bed,78,231,1,342002.47,1,7,bed,0
0124171_neurosketch,33,2,table,79,232,0,348001.78,1,39,table,1
0124171_neurosketch,33,2,table,79,233,0,348001.78,1,39,table,0
0124171_neurosketch,33,2,table,79,234,0,348001.78,1,39,table,0
0124171_neurosketch,33,2,table,79,235,0,348001.78,1,39,table,0
0124171_neurosketch,33,2,table,79,236,0,348001.78,1,39,table,0
0124171_neurosketch,33,2,table,79,237,0,348001.78,1,39,table,0
0124171_neurosketch,33,2,table,79,238,0,348001.78,1,39,table,0
0124171_neurosketch,33,2,table,79,239,0,348001.78,1,39,table,0
0124171_neurosketch,33,furniture,bench,80,0,-1,0.0,2,14,,0
0124171_neurosketch,33,furniture,bench,80,1,-1,0.0,2,14,,0
0124171_neurosketch,33,furniture,bench,80,2,-1,0.0,2,14,,0
0124171_neurosketch,33,furniture,bench,80,3,-1,0.0,2,14,,0
0124171_neurosketch,33,furniture,bench,80,4,-1,0.0,2,14,,0
0124171_neurosketch,33,furniture,bench,80,5,-1,0.0,2,14,,0
0124171_neurosketch,33,furniture,bench,80,6,-1,0.0,2,14,,0
0124171_neurosketch,33,furniture,bench,80,7,-1,0.0,2,14,,0
0124171_neurosketch,33,furniture,bench,80,8,1,12003.55,2,14,,1
0124171_neurosketch,33,furniture,bench,80,9,1,12003.55,2,14,,0
0124171_neurosketch,33,furniture,bed,81,10,1,15002.58,2,24,bed,1
0124171_neurosketch,33,furniture,bed,81,11,1,15002.58,2,24,bed,0
0124171_neurosketch,33,furniture,bed,81,12,1,15002.58,2,24,bed,0
0124171_neurosketch,33,furniture,bed,81,13,1,15002.58,2,24,bed,0
0124171_neurosketch,33,furniture,table,82,14,0,21002.46,2,6,table,1
0124171_neurosketch,33,furniture,table,82,15,0,21002.46,2,6,table,0
0124171_neurosketch,33,furniture,chair,83,16,0,24001.24,2,6,chair,1
0124171_neurosketch,33,furniture,chair,83,17,0,24001.24,2,6,chair,0
0124171_neurosketch,33,furniture,chair,83,18,0,24001.24,2,6,chair,0
0124171_neurosketch,33,furniture,chair,84,19,0,28502.27,2,28,chair,1
0124171_neurosketch,33,furniture,chair,84,20,0,28502.27,2,28,chair,0
0124171_neurosketch,33,furniture,chair,84,21,0,28502.27,2,28,chair,0
0124171_neurosketch,33,furniture,table,85,22,0,33002.25,2,19,table,1
0124171_neurosketch,33,furniture,table,85,23,0,33002.25,2,19,table,0
0124171_neurosketch,33,furniture,bed,86,24,1,36002.13,2,0,bed,1
0124171_neurosketch,33,furniture,bed,86,25,1,36002.13,2,0,bed,0
0124171_neurosketch,33,furniture,bed,86,26,1,36002.13,2,0,bed,0
0124171_neurosketch,33,furniture,bench,87,27,1,40502.07,2,15,bench,1
0124171_neurosketch,33,furniture,bench,87,28,1,40502.07,2,15,bench,0
0124171_neurosketch,33,furniture,bench,87,29,1,40502.07,2,15,bench,0
0124171_neurosketch,33,furniture,table,88,30,0,45004.12,2,17,table,1
0124171_neurosketch,33,furniture,table,88,31,0,45004.12,2,17,table,0
0124171_neurosketch,33,furniture,table,88,32,0,45004.12,2,17,table,0
0124171_neurosketch,33,2,bench,89,33,1,49501.87,2,29,bench,1
0124171_neurosketch,33,2,bench,89,34,1,49501.87,2,29,bench,0
0124171_neurosketch,33,furniture,chair,90,35,0,52501.9,2,20,chair,1
0124171_neurosketch,33,furniture,chair,90,36,0,52501.9,2,20,chair,0
0124171_neurosketch,33,furniture,chair,90,37,0,52501.9,2,20,chair,0
0124171_neurosketch,33,furniture,bed,91,38,1,57002.27,2,6,bed,1
0124171_neurosketch,33,furniture,bed,91,39,1,57002.27,2,6,bed,0
0124171_neurosketch,33,furniture,bench,92,40,1,60001.71,2,10,bench,1
0124171_neurosketch,33,furniture,bench,92,41,1,60001.71,2,10,bench,0
0124171_neurosketch,33,furniture,bed,93,42,1,63001.41,2,11,bed,1
0124171_neurosketch,33,furniture,bed,93,43,1,63001.41,2,11,bed,0
0124171_neurosketch,33,furniture,bed,93,44,1,63001.41,2,11,bed,0
0124171_neurosketch,33,furniture,bed,93,45,1,63001.41,2,11,bed,0
0124171_neurosketch,33,furniture,chair,94,46,0,69002.71,2,4,,1
0124171_neurosketch,33,furniture,chair,94,47,0,69002.71,2,4,,0
0124171_neurosketch,33,furniture,table,95,48,0,72001.78,2,0,table,1
0124171_neurosketch,33,furniture,table,95,49,0,72001.78,2,0,table,0
0124171_neurosketch,33,furniture,table,96,50,0,75002.2,2,15,table,1
0124171_neurosketch,33,furniture,table,96,51,0,75002.2,2,15,table,0
0124171_neurosketch,33,furniture,bench,97,52,1,78001.7,2,11,bench,1
0124171_neurosketch,33,furniture,bench,97,53,1,78001.7,2,11,bench,0
0124171_neurosketch,33,furniture,bench,97,54,1,78001.7,2,11,bench,0
0124171_neurosketch,33,furniture,bed,98,55,1,82501.82,2,31,bed,1
0124171_neurosketch,33,furniture,bed,98,56,1,82501.82,2,31,bed,0
0124171_neurosketch,33,furniture,bed,98,57,1,82501.82,2,31,bed,0
0124171_neurosketch,33,2,chair,99,58,0,87002.68,2,32,chair,1
0124171_neurosketch,33,2,chair,99,59,0,87002.68,2,32,chair,0
0124171_neurosketch,33,furniture,bench,100,60,1,90002.58,2,24,bench,1
0124171_neurosketch,33,furniture,bench,100,61,1,90002.58,2,24,bench,0
0124171_neurosketch,33,furniture,bench,100,62,1,90002.58,2,24,bench,0
0124171_neurosketch,33,furniture,chair,101,63,0,94502.31,2,24,chair,1
0124171_neurosketch,33,furniture,chair,101,64,0,94502.31,2,24,chair,0
0124171_neurosketch,33,furniture,bed,102,65,1,97502.71,2,1,bed,1
0124171_neurosketch,33,furniture,bed,102,66,1,97502.71,2,1,bed,0
0124171_neurosketch,33,furniture,table,103,67,0,100502.12,2,10,table,1
0124171_neurosketch,33,furniture,table,103,68,0,100502.12,2,10,table,0
0124171_neurosketch,33,furniture,table,103,69,0,100502.12,2,10,table,0
0124171_neurosketch,33,furniture,table,104,70,0,105002.54,2,8,table,1
0124171_neurosketch,33,furniture,table,104,71,0,105002.54,2,8,table,0
0124171_neurosketch,33,furniture,chair,105,72,0,108002.77,2,21,chair,1
0124171_neurosketch,33,furniture,chair,105,73,0,108002.77,2,21,chair,0
0124171_neurosketch,33,furniture,chair,105,74,0,108002.77,2,21,chair,0
0124171_neurosketch,33,furniture,chair,105,75,0,108002.77,2,21,chair,0
0124171_neurosketch,33,furniture,bench,106,76,1,114004.54,2,22,bench,1
0124171_neurosketch,33,furniture,bench,106,77,1,114004.54,2,22,bench,0
0124171_neurosketch,33,furniture,bench,106,78,1,114004.54,2,22,bench,0
0124171_neurosketch,33,furniture,bed,107,79,1,118502.1,2,26,bench,1
0124171_neurosketch,33,furniture,bed,107,80,1,118502.1,2,26,bench,0
0124171_neurosketch,33,furniture,bed,107,81,1,118502.1,2,26,bench,0
0124171_neurosketch,33,furniture,chair,108,82,0,123002.18,2,9,chair,1
0124171_neurosketch,33,furniture,chair,108,83,0,123002.18,2,9,chair,0
0124171_neurosketch,33,furniture,chair,108,84,0,123002.18,2,9,chair,0
0124171_neurosketch,33,furniture,chair,108,85,0,123002.18,2,9,chair,0
0124171_neurosketch,33,2,bench,109,86,1,129002.68,2,12,bench,1
0124171_neurosketch,33,2,bench,109,87,1,129002.68,2,12,bench,0
0124171_neurosketch,33,2,bench,109,88,1,129002.68,2,12,bench,0
0124171_neurosketch,33,furniture,table,110,89,0,133503.58,2,33,table,1
0124171_neurosketch,33,furniture,table,110,90,0,133503.58,2,33,table,0
0124171_neurosketch,33,furniture,bed,111,91,1,136502.36,2,5,bed,1
0124171_neurosketch,33,furniture,bed,111,92,1,136502.36,2,5,bed,0
0124171_neurosketch,33,furniture,bed,111,93,1,136502.36,2,5,bed,0
0124171_neurosketch,33,furniture,bed,111,94,1,136502.36,2,5,bed,0
0124171_neurosketch,33,furniture,bench,112,95,1,142503.5,2,7,bench,1
0124171_neurosketch,33,furniture,bench,112,96,1,142503.5,2,7,bench,0
0124171_neurosketch,33,furniture,bench,112,97,1,142503.5,2,7,bench,0
0124171_neurosketch,33,furniture,bench,112,98,1,142503.5,2,7,bench,0
0124171_neurosketch,33,furniture,table,113,99,0,148502.92,2,37,table,1
0124171_neurosketch,33,furniture,table,113,100,0,148502.92,2,37,table,0
0124171_neurosketch,33,furniture,chair,114,101,0,151502.5,2,35,chair,1
0124171_neurosketch,33,furniture,chair,114,102,0,151502.5,2,35,chair,0
0124171_neurosketch,33,furniture,chair,114,103,0,151502.5,2,35,chair,0
0124171_neurosketch,33,furniture,chair,114,104,0,151502.5,2,35,chair,0
0124171_neurosketch,33,furniture,bed,115,105,1,157503.0,2,30,bed,1
0124171_neurosketch,33,furniture,bed,115,106,1,157503.0,2,30,bed,0
0124171_neurosketch,33,furniture,bed,116,107,1,160502.75,2,10,bed,1
0124171_neurosketch,33,furniture,bed,116,108,1,160502.75,2,10,bed,0
0124171_neurosketch,33,furniture,bed,116,109,1,160502.75,2,10,bed,0
0124171_neurosketch,33,furniture,table,117,110,0,165003.54,2,5,table,1
0124171_neurosketch,33,furniture,table,117,111,0,165003.54,2,5,table,0
0124171_neurosketch,33,furniture,table,117,112,0,165003.54,2,5,table,0
0124171_neurosketch,33,furniture,bench,118,113,1,169503.02,2,20,bench,1
0124171_neurosketch,33,furniture,bench,118,114,1,169503.02,2,20,bench,0
0124171_neurosketch,33,furniture,bench,118,115,1,169503.02,2,20,bench,0
0124171_neurosketch,33,furniture,bench,118,116,1,169503.02,2,20,bench,0
0124171_neurosketch,33,2,chair,119,117,0,175504.49,2,8,chair,1
0124171_neurosketch,33,2,chair,119,118,0,175504.49,2,8,chair,0
0124171_neurosketch,33,2,chair,119,119,0,175504.49,2,8,chair,0
0124171_neurosketch,33,furniture,bench,120,120,1,180003.25,2,13,,1
0124171_neurosketch,33,furniture,bench,120,121,1,180003.25,2,13,,0
0124171_neurosketch,33,furniture,chair,121,122,0,183002.98,2,11,chair,1
0124171_neurosketch,33,furniture,chair,121,123,0,183002.98,2,11,chair,0
0124171_neurosketch,33,furniture,chair,121,124,0,183002.98,2,11,chair,0
0124171_neurosketch,33,furniture,chair,121,125,0,183002.98,2,11,chair,0
0124171_neurosketch,33,furniture,bed,122,126,1,189002.45,2,19,bed,1
0124171_neurosketch,33,furniture,bed,122,127,1,189002.45,2,19,bed,0
0124171_neurosketch,33,furniture,table,123,128,0,192003.06,2,18,table,1
0124171_neurosketch,33,furniture,table,123,129,0,192003.06,2,18,table,0
0124171_neurosketch,33,furniture,table,123,130,0,192003.06,2,18,table,0
0124171_neurosketch,33,furniture,bench,124,131,1,196502.05,2,34,bench,1
0124171_neurosketch,33,furniture,bench,124,132,1,196502.05,2,34,bench,0
0124171_neurosketch,33,furniture,bench,124,133,1,196502.05,2,34,bench,0
0124171_neurosketch,33,furniture,bed,125,134,1,201002.75,2,34,bench,1
0124171_neurosketch,33,furniture,bed,125,135,1,201002.75,2,34,bench,0
0124171_neurosketch,33,furniture,table,126,136,0,204002.51,2,13,table,1
0124171_neurosketch,33,furniture,table,126,137,0,204002.51,2,13,table,0
0124171_neurosketch,33,furniture,table,126,138,0,204002.51,2,13,table,0
0124171_neurosketch,33,furniture,chair,127,139,0,208502.14,2,1,chair,1
0124171_neurosketch,33,furniture,chair,127,140,0,208502.14,2,1,chair,0
0124171_neurosketch,33,furniture,chair,127,141,0,208502.14,2,1,chair,0
0124171_neurosketch,33,furniture,chair,128,142,0,213002.69,2,30,chair,1
0124171_neurosketch,33,furniture,chair,128,143,0,213002.69,2,30,chair,0
0124171_neurosketch,33,furniture,chair,128,144,0,213002.69,2,30,chair,0
0124171_neurosketch,33,2,bed,129,145,1,217502.21,2,27,bed,1
0124171_neurosketch,33,2,bed,129,146,1,217502.21,2,27,bed,0
0124171_neurosketch,33,furniture,table,130,147,0,220502.5,2,1,table,1
0124171_neurosketch,33,furniture,table,130,148,0,220502.5,2,1,table,0
0124171_neurosketch,33,furniture,table,130,149,0,220502.5,2,1,table,0
0124171_neurosketch,33,furniture,bench,131,150,1,225002.17,2,4,bench,1
0124171_neurosketch,33,furniture,bench,131,151,1,225002.17,2,4,bench,0
0124171_neurosketch,33,furniture,table,132,152,0,228002.7,2,31,table,1
0124171_neurosketch,33,furniture,table,132,153,0,228002.7,2,31,table,0
0124171_neurosketch,33,furniture,chair,133,154,0,231002.98,2,17,chair,1
0124171_neurosketch,33,furniture,chair,133,155,0,231002.98,2,17,chair,0
0124171_neurosketch,33,furniture,chair,133,156,0,231002.98,2,17,chair,0
0124171_neurosketch,33,furniture,chair,133,157,0,231002.98,2,17,chair,0
0124171_neurosketch,33,furniture,bench,134,158,1,237002.81,2,21,bench,1
0124171_neurosketch,33,furniture,bench,134,159,1,237002.81,2,21,bench,0
0124171_neurosketch,33,furniture,bed,135,160,1,240002.17,2,25,bed,1
0124171_neurosketch,33,furniture,bed,135,161,1,240002.17,2,25,bed,0
0124171_neurosketch,33,furniture,chair,136,162,0,243002.32,2,10,chair,1
0124171_neurosketch,33,furniture,chair,136,163,0,243002.32,2,10,chair,0
0124171_neurosketch,33,furniture,bed,137,164,1,246003.21,2,39,bed,1
0124171_neurosketch,33,furniture,bed,137,165,1,246003.21,2,39,bed,0
0124171_neurosketch,33,furniture,bed,137,166,1,246003.21,2,39,bed,0
0124171_neurosketch,33,furniture,bench,138,167,1,250502.32,2,17,bench,1
0124171_neurosketch,33,furniture,bench,138,168,1,250502.32,2,17,bench,0
0124171_neurosketch,33,furniture,bench,138,169,1,250502.32,2,17,bench,0
0124171_neurosketch,33,2,table,139,170,0,255002.97,2,14,table,1
0124171_neurosketch,33,2,table,139,171,0,255002.97,2,14,table,0
0124171_neurosketch,33,furniture,bed,140,172,1,258002.19,2,36,bed,1
0124171_neurosketch,33,furniture,bed,140,173,1,258002.19,2,36,bed,0
0124171_neurosketch,33,furniture,bed,140,174,1,258002.19,2,36,bed,0
0124171_neurosketch,33,furniture,table,141,175,0,262503.15,2,12,table,1
0124171_neurosketch,33,furniture,table,141,176,0,262503.15,2,12,table,0
0124171_neurosketch,33,furniture,bench,142,177,1,265502.94,2,3,bench,1
0124171_neurosketch,33,furniture,bench,142,178,1,265502.94,2,3,bench,0
0124171_neurosketch,33,furniture,chair,143,179,0,268502.32,2,5,chair,1
0124171_neurosketch,33,furniture,chair,143,180,0,268502.32,2,5,chair,0
0124171_neurosketch,33,furniture,chair,143,181,0,268502.32,2,5,chair,0
0124171_neurosketch,33,furniture,bed,144,182,1,273002.6,2,18,bed,1
0124171_neurosketch,33,furniture,bed,144,183,1,273002.6,2,18,bed,0
0124171_neurosketch,33,furniture,table,145,184,0,276002.5,2,11,table,1
0124171_neurosketch,33,furniture,table,145,185,0,276002.5,2,11,table,0
0124171_neurosketch,33,furniture,table,145,186,0,276002.5,2,11,table,0
0124171_neurosketch,33,furniture,table,145,187,0,276002.5,2,11,table,0
0124171_neurosketch,33,furniture,chair,146,188,0,282002.38,2,31,chair,1
0124171_neurosketch,33,furniture,chair,146,189,0,282002.38,2,31,chair,0
0124171_neurosketch,33,furniture,chair,146,190,0,282002.38,2,31,chair,0
0124171_neurosketch,33,furniture,bench,147,191,1,286504.99,2,28,bench,1
0124171_neurosketch,33,furniture,bench,147,192,1,286504.99,2,28,bench,0
0124171_neurosketch,33,furniture,bench,147,193,1,286504.99,2,28,bench,0
0124171_neurosketch,33,furniture,bench,148,194,1,291002.92,2,32,bench,1
0124171_neurosketch,33,furniture,bench,148,195,1,291002.92,2,32,bench,0
0124171_neurosketch,33,furniture,bench,148,196,1,291002.92,2,32,bench,0
0124171_neurosketch,33,furniture,bench,148,197,1,291002.92,2,32,bench,0
0124171_neurosketch,33,2,bed,149,198,1,297002.27,2,21,,1
0124171_neurosketch,33,2,bed,149,199,1,297002.27,2,21,,0
0124171_neurosketch,33,2,bed,149,200,1,297002.27,2,21,,0
0124171_neurosketch,33,furniture,table,150,201,0,301502.94,2,34,table,1
0124171_neurosketch,33,furniture,table,150,202,0,301502.94,2,34,table,0
0124171_neurosketch,33,furniture,chair,151,203,0,304504.21,2,18,chair,1
0124171_neurosketch,33,furniture,chair,151,204,0,304504.21,2,18,chair,0
0124171_neurosketch,33,furniture,chair,151,205,0,304504.21,2,18,chair,0
0124171_neurosketch,33,furniture,chair,151,206,0,304504.21,2,18,chair,0
0124171_neurosketch,33,furniture,bed,152,207,1,310502.64,2,32,bed,1
0124171_neurosketch,33,furniture,bed,152,208,1,310502.64,2,32,bed,0
0124171_neurosketch,33,furniture,bed,152,209,1,310502.64,2,32,bed,0
0124171_neurosketch,33,furniture,bed,152,210,1,310502.64,2,32,bed,0
0124171_neurosketch,33,furniture,table,153,211,0,316503.48,2,9,table,1
0124171_neurosketch,33,furniture,table,153,212,0,316503.48,2,9,table,0
0124171_neurosketch,33,furniture,bench,154,213,1,319502.59,2,19,bench,1
0124171_neurosketch,33,furniture,bench,154,214,1,319502.59,2,19,bench,0
0124171_neurosketch,33,furniture,bench,154,215,1,319502.59,2,19,bench,0
0124171_neurosketch,33,furniture,bench,154,216,1,319502.59,2,19,bench,0
0124171_neurosketch,33,furniture,chair,155,217,0,325502.65,2,3,chair,1
0124171_neurosketch,33,furniture,chair,155,218,0,325502.65,2,3,chair,0
0124171_neurosketch,33,furniture,bed,156,219,1,328502.13,2,35,bench,1
0124171_neurosketch,33,furniture,bed,156,220,1,328502.13,2,35,bench,0
0124171_neurosketch,33,furniture,bed,156,221,1,328502.13,2,35,bench,0
0124171_neurosketch,33,furniture,bench,157,222,1,333003.21,2,35,bench,1
0124171_neurosketch,33,furniture,bench,157,223,1,333003.21,2,35,bench,0
0124171_neurosketch,33,furniture,bench,157,224,1,333003.21,2,35,bench,0
0124171_neurosketch,33,furniture,table,158,225,0,337503.01,2,36,table,1
0124171_neurosketch,33,furniture,table,158,226,0,337503.01,2,36,table,0
0124171_neurosketch,33,furniture,table,158,227,0,337503.01,2,36,table,0
0124171_neurosketch,33,furniture,table,158,228,0,337503.01,2,36,table,0
0124171_neurosketch,33,2,chair,159,229,0,343502.28,2,25,chair,1
0124171_neurosketch,33,2,chair,159,230,0,343502.28,2,25,chair,0
0124171_neurosketch,33,2,chair,159,231,0,343502.28,2,25,chair,0
0124171_neurosketch,33,2,chair,159,232,0,343502.28,2,25,chair,0
0124171_neurosketch,33,2,chair,159,233,0,343502.28,2,25,chair,0
0124171_neurosketch,33,2,chair,159,234,0,343502.28,2,25,chair,0
0124171_neurosketch,33,2,chair,159,235,0,343502.28,2,25,chair,0
0124171_neurosketch,33,2,chair,159,236,0,343502.28,2,25,chair,0
0124171_neurosketch,33,2,chair,159,237,0,343502.28,2,25,chair,0
0124171_neurosketch,33,2,chair,159,238,0,343502.28,2,25,chair,0
0124171_neurosketch,33,2,chair,159,239,0,343502.28,2,25,chair,0
0124171_neurosketch,33,furniture,chair,160,0,-1,0.0,3,25,chair,0
0124171_neurosketch,33,furniture,chair,160,1,-1,0.0,3,25,chair,0
0124171_neurosketch,33,furniture,chair,160,2,-1,0.0,3,25,chair,0
0124171_neurosketch,33,furniture,chair,160,3,-1,0.0,3,25,chair,0
0124171_neurosketch,33,furniture,chair,160,4,-1,0.0,3,25,chair,0
0124171_neurosketch,33,furniture,chair,160,5,-1,0.0,3,25,chair,0
0124171_neurosketch,33,furniture,chair,160,6,-1,0.0,3,25,chair,0
0124171_neurosketch,33,furniture,chair,160,7,-1,0.0,3,25,chair,0
0124171_neurosketch,33,furniture,chair,160,8,0,12001.48,3,25,chair,1
0124171_neurosketch,33,furniture,chair,160,9,0,12001.48,3,25,chair,0
0124171_neurosketch,33,furniture,table,161,10,0,15001.58,3,36,table,1
0124171_neurosketch,33,furniture,table,161,11,0,15001.58,3,36,table,0
0124171_neurosketch,33,furniture,table,161,12,0,15001.58,3,36,table,0
0124171_neurosketch,33,furniture,table,161,13,0,15001.58,3,36,table,0
0124171_neurosketch,33,furniture,bench,162,14,1,21001.85,3,35,bench,1
0124171_neurosketch,33,furniture,bench,162,15,1,21001.85,3,35,bench,0
0124171_neurosketch,33,furniture,bed,163,16,1,24002.0,3,35,bed,1
0124171_neurosketch,33,furniture,bed,163,17,1,24002.0,3,35,bed,0
0124171_neurosketch,33,furniture,bed,163,18,1,24002.0,3,35,bed,0
0124171_neurosketch,33,furniture,chair,164,19,0,28502.18,3,3,chair,1
0124171_neurosketch,33,furniture,chair,164,20,0,28502.18,3,3,chair,0
0124171_neurosketch,33,furniture,chair,164,21,0,28502.18,3,3,chair,0
0124171_neurosketch,33,furniture,bench,165,22,1,33002.01,3,19,bench,1
0124171_neurosketch,33,furniture,bench,165,23,1,33002.01,3,19,bench,0
0124171_neurosketch,33,furniture,table,166,24,0,36001.92,3,9,table,1
0124171_neurosketch,33,furniture,table,166,25,0,36001.92,3,9,table,0
0124171_neurosketch,33,furniture,table,166,26,0,36001.92,3,9,table,0
0124171_neurosketch,33,furniture,bed,167,27,1,40501.38,3,32,bed,1
0124171_neurosketch,33,furniture,bed,167,28,1,40501.38,3,32,bed,0
0124171_neurosketch,33,furniture,bed,167,29,1,40501.38,3,32,bed,0
0124171_neurosketch,33,furniture,chair,168,30,0,45002.22,3,18,chair,1
0124171_neurosketch,33,furniture,chair,168,31,0,45002.22,3,18,chair,0
0124171_neurosketch,33,furniture,chair,168,32,0,45002.22,3,18,chair,0
0124171_neurosketch,33,2,table,169,33,0,49501.84,3,34,table,1
0124171_neurosketch,33,2,table,169,34,0,49501.84,3,34,table,0
0124171_neurosketch,33,furniture,bed,170,35,1,52502.1,3,21,bed,1
0124171_neurosketch,33,furniture,bed,170,36,1,52502.1,3,21,bed,0
0124171_neurosketch,33,furniture,bed,170,37,1,52502.1,3,21,bed,0
0124171_neurosketch,33,furniture,bench,171,38,1,57002.31,3,32,bench,1
0124171_neurosketch,33,furniture,bench,171,39,1,57002.31,3,32,bench,0
0124171_neurosketch,33,furniture,bench,172,40,1,60002.2,3,28,bench,1
0124171_neurosketch,33,furniture,bench,172,41,1,60002.2,3,28,bench,0
0124171_neurosketch,33,furniture,chair,173,42,0,63001.85,3,31,chair,1
0124171_neurosketch,33,furniture,chair,173,43,0,63001.85,3,31,chair,0
0124171_neurosketch,33,furniture,chair,173,44,0,63001.85,3,31,chair,0
0124171_neurosketch,33,furniture,chair,173,45,0,63001.85,3,31,chair,0
0124171_neurosketch,33,furniture,table,174,46,0,69002.02,3,11,table,1
0124171_neurosketch,33,furniture,table,174,47,0,69002.02,3,11,table,0
0124171_neurosketch,33,furniture,bed,175,48,1,72001.57,3,18,bed,1
0124171_neurosketch,33,furniture,bed,175,49,1,72001.57,3,18,bed,0
0124171_neurosketch,33,furniture,chair,176,50,0,75001.57,3,5,chair,1
0124171_neurosketch,33,furniture,chair,176,51,0,75001.57,3,5,chair,0
0124171_neurosketch,33,furniture,bench,177,52,1,78004.68,3,3,bench,1
0124171_neurosketch,33,furniture,bench,177,53,1,78004.68,3,3,bench,0
0124171_neurosketch,33,furniture,bench,177,54,1,78004.68,3,3,bench,0
0124171_neurosketch,33,furniture,table,178,55,0,82502.12,3,12,table,1
0124171_neurosketch,33,furniture,table,178,56,0,82502.12,3,12,table,0
0124171_neurosketch,33,furniture,table,178,57,0,82502.12,3,12,table,0
0124171_neurosketch,33,2,bed,179,58,1,87003.83,3,36,bed,1
0124171_neurosketch,33,2,bed,179,59,1,87003.83,3,36,bed,0
0124171_neurosketch,33,furniture,table,180,60,0,90001.9,3,14,table,1
0124171_neurosketch,33,furniture,table,180,61,0,90001.9,3,14,table,0
0124171_neurosketch,33,furniture,table,180,62,0,90001.9,3,14,table,0
0124171_neurosketch,33,furniture,bench,181,63,1,94502.57,3,17,bench,1
0124171_neurosketch,33,furniture,bench,181,64,1,94502.57,3,17,bench,0
0124171_neurosketch,33,furniture,bed,182,65,1,97502.83,3,39,bed,1
0124171_neurosketch,33,furniture,bed,182,66,1,97502.83,3,39,bed,0
0124171_neurosketch,33,furniture,chair,183,67,0,100501.7,3,10,chair,1
0124171_neurosketch,33,furniture,chair,183,68,0,100501.7,3,10,chair,0
0124171_neurosketch,33,furniture,chair,183,69,0,100501.7,3,10,chair,0
0124171_neurosketch,33,furniture,bed,184,70,1,105001.82,3,25,bed,1
0124171_neurosketch,33,furniture,bed,184,71,1,105001.82,3,25,bed,0
0124171_neurosketch,33,furniture,bench,185,72,1,108002.38,3,21,bench,1
0124171_neurosketch,33,furniture,bench,185,73,1,108002.38,3,21,bench,0
0124171_neurosketch,33,furniture,bench,185,74,1,108002.38,3,21,bench,0
0124171_neurosketch,33,furniture,bench,185,75,1,108002.38,3,21,bench,0
0124171_neurosketch,33,furniture,chair,186,76,0,114002.54,3,17,chair,1
0124171_neurosketch,33,furniture,chair,186,77,0,114002.54,3,17,chair,0
0124171_neurosketch,33,furniture,chair,186,78,0,114002.54,3,17,chair,0
0124171_neurosketch,33,furniture,table,187,79,0,118502.93,3,31,table,1
0124171_neurosketch,33,furniture,table,187,80,0,118502.93,3,31,table,0
0124171_neurosketch,33,furniture,table,187,81,0,118502.93,3,31,table,0
0124171_neurosketch,33,furniture,bench,188,82,1,123002.69,3,4,bench,1
0124171_neurosketch,33,furniture,bench,188,83,1,123002.69,3,4,bench,0
0124171_neurosketch,33,furniture,bench,188,84,1,123002.69,3,4,bench,0
0124171_neurosketch,33,furniture,bench,188,85,1,123002.69,3,4,bench,0
0124171_neurosketch,33,2,table,189,86,0,129002.95,3,1,table,1
0124171_neurosketch,33,2,table,189,87,0,129002.95,3,1,table,0
0124171_neurosketch,33,2,table,189,88,0,129002.95,3,1,table,0
0124171_neurosketch,33,furniture,bed,190,89,1,133502.77,3,27,bed,1
0124171_neurosketch,33,furniture,bed,190,90,1,133502.77,3,27,bed,0
0124171_neurosketch,33,furniture,chair,191,91,0,136502.44,3,30,chair,1
0124171_neurosketch,33,furniture,chair,191,92,0,136502.44,3,30,chair,0
0124171_neurosketch,33,furniture,chair,191,93,0,136502.44,3,30,chair,0
0124171_neurosketch,33,furniture,chair,191,94,0,136502.44,3,30,chair,0
0124171_neurosketch,33,furniture,chair,192,95,0,142502.41,3,1,chair,1
0124171_neurosketch,33,furniture,chair,192,96,0,142502.41,3,1,chair,0
0124171_neurosketch,33,furniture,chair,192,97,0,142502.41,3,1,chair,0
0124171_neurosketch,33,furniture,chair,192,98,0,142502.41,3,1,chair,0
0124171_neurosketch,33,furniture,table,193,99,0,148504.54,3,13,table,1
0124171_neurosketch,33,furniture,table,193,100,0,148504.54,3,13,table,0
0124171_neurosketch,33,furniture,bed,194,101,1,151503.31,3,34,bed,1
0124171_neurosketch,33,furniture,bed,194,102,1,151503.31,3,34,bed,0
0124171_neurosketch,33,furniture,bed,194,103,1,151503.31,3,34,bed,0
0124171_neurosketch,33,furniture,bed,194,104,1,151503.31,3,34,bed,0
0124171_neurosketch,33,furniture,bench,195,105,1,157503.31,3,34,bench,1
0124171_neurosketch,33,furniture,bench,195,106,1,157503.31,3,34,bench,0
0124171_neurosketch,33,furniture,table,196,107,0,160502.51,3,18,table,1
0124171_neurosketch,33,furniture,table,196,108,0,160502.51,3,18,table,0
0124171_neurosketch,33,furniture,table,196,109,0,160502.51,3,18,table,0
0124171_neurosketch,33,furniture,bed,197,110,1,165002.74,3,19,bed,1
0124171_neurosketch,33,furniture,bed,197,111,1,165002.74,3,19,bed,0
0124171_neurosketch,33,furniture,bed,197,112,1,165002.74,3,19,bed,0
0124171_neurosketch,33,furniture,chair,198,113,0,169503.73,3,11,chair,1
0124171_neurosketch,33,furniture,chair,198,114,0,169503.73,3,11,chair,0
0124171_neurosketch,33,furniture,chair,198,115,0,169503.73,3,11,chair,0
0124171_neurosketch,33,furniture,chair,198,116,0,169503.73,3,11,chair,0
0124171_neurosketch,33,2,bench,199,117,1,175503.23,3,13,bench,1
0124171_neurosketch,33,2,bench,199,118,1,175503.23,3,13,bench,0
0124171_neurosketch,33,2,bench,199,119,1,175503.23,3,13,bench,0
0124171_neurosketch,33,furniture,chair,200,120,0,180002.81,3,8,chair,1
0124171_neurosketch,33,furniture,chair,200,121,0,180002.81,3,8,chair,0
0124171_neurosketch,33,furniture,bench,201,122,1,183002.81,3,20,bench,1
0124171_neurosketch,33,furniture,bench,201,123,1,183002.81,3,20,bench,0
0124171_neurosketch,33,furniture,bench,201,124,1,183002.81,3,20,bench,0
0124171_neurosketch,33,furniture,bench,201,125,1,183002.81,3,20,bench,0
0124171_neurosketch,33,furniture,table,202,126,0,189002.49,3,5,table,1
0124171_neurosketch,33,furniture,table,202,127,0,189002.49,3,5,table,0
0124171_neurosketch,33,furniture,bed,203,128,1,192003.76,3,10,bed,1
0124171_neurosketch,33,furniture,bed,203,129,1,192003.76,3,10,bed,0
0124171_neurosketch,33,furniture,bed,203,130,1,192003.76,3,10,bed,0
0124171_neurosketch,33,furniture,bed,204,131,1,196502.68,3,30,bed,1
0124171_neurosketch,33,furniture,bed,204,132,1,196502.68,3,30,bed,0
0124171_neurosketch,33,furniture,bed,204,133,1,196502.68,3,30,bed,0
0124171_neurosketch,33,furniture,chair,205,134,0,201002.75,3,35,chair,1
0124171_neurosketch,33,furniture,chair,205,135,0,201002.75,3,35,chair,0
0124171_neurosketch,33,furniture,table,206,136,0,204001.72,3,37,table,1
0124171_neurosketch,33,furniture,table,206,137,0,204001.72,3,37,table,0
0124171_neurosketch,33,furniture,table,206,138,0,204001.72,3,37,table,0
0124171_neurosketch,33,furniture,bench,207,139,1,208502.67,3,7,bench,1
0124171_neurosketch,33,furniture,bench,207,140,1,208502.67,3,7,bench,0
0124171_neurosketch,33,furniture,bench,207,141,1,208502.67,3,7,bench,0
0124171_neurosketch,33,furniture,bed,208,142,1,213002.3,3,5,bed,1
0124171_neurosketch,33,furniture,bed,208,143,1,213002.3,3,5,bed,0
0124171_neurosketch,33,furniture,bed,208,144,1,213002.3,3,5,bed,0
0124171_neurosketch,33,2,table,209,145,0,217502.66,3,33,table,1
0124171_neurosketch,33,2,table,209,146,0,217502.66,3,33,table,0
0124171_neurosketch,33,furniture,bench,210,147,1,220502.75,3,12,bench,1
0124171_neurosketch,33,furniture,bench,210,148,1,220502.75,3,12,bench,0
0124171_neurosketch,33,furniture,bench,210,149,1,220502.75,3,12,bench,0
0124171_neurosketch,33,furniture,chair,211,150,0,225002.5,3,9,chair,1
0124171_neurosketch,33,furniture,chair,211,151,0,225002.5,3,9,chair,0
0124171_neurosketch,33,furniture,bed,212,152,1,228003.09,3,26,bed,1
0124171_neurosketch,33,furniture,bed,212,153,1,228003.09,3,26,bed,0
0124171_neurosketch,33,furniture,bench,213,154,1,231004.52,3,22,bench,1
0124171_neurosketch,33,furniture,bench,213,155,1,231004.52,3,22,bench,0
0124171_neurosketch,33,furniture,bench,213,156,1,231004.52,3,22,bench,0
0124171_neurosketch,33,furniture,bench,213,157,1,231004.52,3,22,bench,0
0124171_neurosketch,33,furniture,chair,214,158,0,237003.06,3,21,chair,1
0124171_neurosketch,33,furniture,chair,214,159,0,237003.06,3,21,chair,0
0124171_neurosketch,33,furniture,table,215,160,0,240003.27,3,8,table,1
0124171_neurosketch,33,furniture,table,215,161,0,240003.27,3,8,table,0
0124171_neurosketch,33,furniture,table,216,162,0,243002.45,3,10,table,1
0124171_neurosketch,33,furniture,table,216,163,0,243002.45,3,10,table,0
0124171_neurosketch,33,furniture,bed,217,164,1,246002.43,3,1,bed,1
0124171_neurosketch,33,furniture,bed,217,165,1,246002.43,3,1,bed,0
0124171_neurosketch,33,furniture,bed,217,166,1,246002.43,3,1,bed,0
0124171_neurosketch,33,furniture,chair,218,167,0,250502.37,3,24,chair,1
0124171_neurosketch,33,furniture,chair,218,168,0,250502.37,3,24,chair,0
0124171_neurosketch,33,furniture,chair,218,169,0,250502.37,3,24,chair,0
0124171_neurosketch,33,2,bench,219,170,1,255002.47,3,24,bench,1
0124171_neurosketch,33,2,bench,219,171,1,255002.47,3,24,bench,0
0124171_neurosketch,33,furniture,chair,220,172,0,258002.63,3,32,chair,1
0124171_neurosketch,33,furniture,chair,220,173,0,258002.63,3,32,chair,0
0124171_neurosketch,33,furniture,chair,220,174,0,258002.63,3,32,chair,0
0124171_neurosketch,33,furniture,bed,221,175,1,262502.75,3,31,bed,1
0124171_neurosketch,33,furniture,bed,221,176,1,262502.75,3,31,bed,0
0124171_neurosketch,33,furniture,bench,222,177,1,265503.12,3,11,bench,1
0124171_neurosketch,33,furniture,bench,222,178,1,265503.12,3,11,bench,0
0124171_neurosketch,33,furniture,table,223,179,0,268502.66,3,15,table,1
0124171_neurosketch,33,furniture,table,223,180,0,268502.66,3,15,table,0
0124171_neurosketch,33,furniture,table,223,181,0,268502.66,3,15,table,0
0124171_neurosketch,33,furniture,table,224,182,0,273002.5,3,0,table,1
0124171_neurosketch,33,furniture,table,224,183,0,273002.5,3,0,table,0
0124171_neurosketch,33,furniture,chair,225,184,0,276002.43,3,4,chair,1
0124171_neurosketch,33,furniture,chair,225,185,0,276002.43,3,4,chair,0
0124171_neurosketch,33,furniture,chair,225,186,0,276002.43,3,4,chair,0
0124171_neurosketch,33,furniture,chair,225,187,0,276002.43,3,4,chair,0
0124171_neurosketch,33,furniture,bed,226,188,1,282002.6,3,11,bed,1
0124171_neurosketch,33,furniture,bed,226,189,1,282002.6,3,11,bed,0
0124171_neurosketch,33,furniture,bed,226,190,1,282002.6,3,11,bed,0
0124171_neurosketch,33,furniture,bench,227,191,1,286502.92,3,10,bench,1
0124171_neurosketch,33,furniture,bench,227,192,1,286502.92,3,10,bench,0
0124171_neurosketch,33,furniture,bench,227,193,1,286502.92,3,10,bench,0
0124171_neurosketch,33,furniture,bed,228,194,1,291002.44,3,6,bed,1
0124171_neurosketch,33,furniture,bed,228,195,1,291002.44,3,6,bed,0
0124171_neurosketch,33,furniture,bed,228,196,1,291002.44,3,6,bed,0
0124171_neurosketch,33,furniture,bed,228,197,1,291002.44,3,6,bed,0
0124171_neurosketch,33,2,chair,229,198,0,297003.14,3,20,chair,1
0124171_neurosketch,33,2,chair,229,199,0,297003.14,3,20,chair,0
0124171_neurosketch,33,2,chair,229,200,0,297003.14,3,20,chair,0
0124171_neurosketch,33,furniture,bench,230,201,1,301503.41,3,29,bench,1
0124171_neurosketch,33,furniture,bench,230,202,1,301503.41,3,29,bench,0
0124171_neurosketch,33,furniture,table,231,203,0,304502.91,3,17,table,1
0124171_neurosketch,33,furniture,table,231,204,0,304502.91,3,17,table,0
0124171_neurosketch,33,furniture,table,231,205,0,304502.91,3,17,table,0
0124171_neurosketch,33,furniture,table,231,206,0,304502.91,3,17,table,0
0124171_neurosketch,33,furniture,bench,232,207,1,310503.72,3,15,bench,1
0124171_neurosketch,33,furniture,bench,232,208,1,310503.72,3,15,bench,0
0124171_neurosketch,33,furniture,bench,232,209,1,310503.72,3,15,bench,0
0124171_neurosketch,33,furniture,bench,232,210,1,310503.72,3,15,bench,0
0124171_neurosketch,33,furniture,bed,233,211,1,316502.36,3,0,bed,1
0124171_neurosketch,33,furniture,bed,233,212,1,316502.36,3,0,bed,0
0124171_neurosketch,33,furniture,table,234,213,0,319502.28,3,19,table,1
0124171_neurosketch,33,furniture,table,234,214,0,319502.28,3,19,table,0
0124171_neurosketch,33,furniture,table,234,215,0,319502.28,3,19,table,0
0124171_neurosketch,33,furniture,table,234,216,0,319502.28,3,19,table,0
0124171_neurosketch,33,furniture,chair,235,217,0,325503.2,3,28,chair,1
0124171_neurosketch,33,furniture,chair,235,218,0,325503.2,3,28,chair,0
0124171_neurosketch,33,furniture,chair,236,219,0,328504.79,3,6,chair,1
0124171_neurosketch,33,furniture,chair,236,220,0,328504.79,3,6,chair,0
0124171_neurosketch,33,furniture,chair,236,221,0,328504.79,3,6,chair,0
0124171_neurosketch,33,furniture,table,237,222,0,333004.61,3,6,table,1
0124171_neurosketch,33,furniture,table,237,223,0,333004.61,3,6,table,0
0124171_neurosketch,33,furniture,table,237,224,0,333004.61,3,6,table,0
0124171_neurosketch,33,furniture,bed,238,225,1,337502.59,3,24,bed,1
0124171_neurosketch,33,furniture,bed,238,226,1,337502.59,3,24,bed,0
0124171_neurosketch,33,furniture,bed,238,227,1,337502.59,3,24,bed,0
0124171_neurosketch,33,furniture,bed,238,228,1,337502.59,3,24,bed,0
0124171_neurosketch,33,2,bench,239,229,1,343502.78,3,14,bench,1
0124171_neurosketch,33,2,bench,239,230,1,343502.78,3,14,bench,0
0124171_neurosketch,33,2,bench,239,231,1,343502.78,3,14,bench,0
0124171_neurosketch,33,2,bench,239,232,1,343502.78,3,14,bench,0
0124171_neurosketch,33,2,bench,239,233,1,343502.78,3,14,bench,0
0124171_neurosketch,33,2,bench,239,234,1,343502.78,3,14,bench,0
0124171_neurosketch,33,2,bench,239,235,1,343502.78,3,14,bench,0
0124171_neurosketch,33,2,bench,239,236,1,343502.78,3,14,bench,0
0124171_neurosketch,33,2,bench,239,237,1,343502.78,3,14,bench,0
0124171_neurosketch,33,2,bench,239,238,1,343502.78,3,14,bench,0
0124171_neurosketch,33,2,bench,239,239,1,343502.78,3,14,bench,0
0124171_neurosketch,33,furniture,table,240,0,-1,0.0,4,39,table,0
0124171_neurosketch,33,furniture,table,240,1,-1,0.0,4,39,table,0
0124171_neurosketch,33,furniture,table,240,2,-1,0.0,4,39,table,0
0124171_neurosketch,33,furniture,table,240,3,-1,0.0,4,39,table,0
0124171_neurosketch,33,furniture,table,240,4,-1,0.0,4,39,table,0
0124171_neurosketch,33,furniture,table,240,5,-1,0.0,4,39,table,0
0124171_neurosketch,33,furniture,table,240,6,-1,0.0,4,39,table,0
0124171_neurosketch,33,furniture,table,240,7,-1,0.0,4,39,table,0
0124171_neurosketch,33,furniture,table,240,8,0,12002.26,4,39,table,1
0124171_neurosketch,33,furniture,table,240,9,0,12002.26,4,39,table,0
0124171_neurosketch,33,furniture,bed,241,10,1,15001.53,4,7,bed,1
0124171_neurosketch,33,furniture,bed,241,11,1,15001.53,4,7,bed,0
0124171_neurosketch,33,furniture,bed,241,12,1,15001.53,4,7,bed,0
0124171_neurosketch,33,furniture,bed,241,13,1,15001.53,4,7,bed,0
0124171_neurosketch,33,furniture,bench,242,14,1,21001.76,4,1,bench,1
0124171_neurosketch,33,furniture,bench,242,15,1,21001.76,4,1,bench,0
0124171_neurosketch,33,furniture,chair,243,16,0,24001.47,4,29,chair,1
0124171_neurosketch,33,furniture,chair,243,17,0,24001.47,4,29,chair,0
0124171_neurosketch,33,furniture,chair,243,18,0,24001.47,4,29,chair,0
0124171_neurosketch,33,furniture,chair,244,19,0,28501.59,4,36,chair,1
0124171_neurosketch,33,furniture,chair,244,20,0,28501.59,4,36,chair,0
0124171_neurosketch,33,furniture,chair,244,21,0,28501.59,4,36,chair,0
0124171_neurosketch,33,furniture,table,245,22,0,33002.04,4,32,table,1
0124171_neurosketch,33,furniture,table,245,23,0,33002.04,4,32,table,0
0124171_neurosketch,33,furniture,bench,246,24,1,36001.72,4,33,bench,1
0124171_neurosketch,33,furniture,bench,246,25,1,36001.72,4,33,bench,0
0124171_neurosketch,33,furniture,bench,246,26,1,36001.72,4,33,bench,0
0124171_neurosketch,33,furniture,bed,247,27,1,40501.43,4,9,bed,1
0124171_neurosketch,33,furniture,bed,247,28,1,40501.43,4,9,bed,0
0124171_neurosketch,33,furniture,bed,247,29,1,40501.43,4,9,bed,0
0124171_neurosketch,33,furniture,chair,248,30,0,45001.59,4,12,chair,1
0124171_neurosketch,33,furniture,chair,248,31,0,45001.59,4,12,chair,0
0124171_neurosketch,33,furniture,chair,248,32,0,45001.59,4,12,chair,0
0124171_neurosketch,33,2,bed,249,33,1,49501.88,4,3,bed,1
0124171_neurosketch,33,2,bed,249,34,1,49501.88,4,3,bed,0
0124171_neurosketch,33,furniture,table,250,35,0,52502.29,4,4,table,1
0124171_neurosketch,33,furniture,table,250,36,0,52502.29,4,4,table,0
0124171_neurosketch,33,furniture,table,250,37,0,52502.29,4,4,table,0
0124171_neurosketch,33,furniture,bench,251,38,1,57001.57,4,30,bench,1
0124171_neurosketch,33,furniture,bench,251,39,1,57001.57,4,30,bench,0
0124171_neurosketch,33,furniture,bed,252,40,1,60001.53,4,14,bed,1
0124171_neurosketch,33,furniture,bed,252,41,1,60001.53,4,14,bed,0
0124171_neurosketch,33,furniture,table,253,42,0,63001.74,4,3,table,1
0124171_neurosketch,33,furniture,table,253,43,0,63001.74,4,3,table,0
0124171_neurosketch,33,furniture,table,253,44,0,63001.74,4,3,table,0
0124171_neurosketch,33,furniture,table,253,45,0,63001.74,4,3,table,0
0124171_neurosketch,33,furniture,bench,254,46,1,69001.95,4,18,bench,1
0124171_neurosketch,33,furniture,bench,254,47,1,69001.95,4,18,bench,0
0124171_neurosketch,33,furniture,chair,255,48,0,72002.41,4,22,chair,1
0124171_neurosketch,33,furniture,chair,255,49,0,72002.41,4,22,chair,0
0124171_neurosketch,33,furniture,bed,256,50,1,75002.02,4,8,bed,1
0124171_neurosketch,33,furniture,bed,256,51,1,75002.02,4,8,bed,0
0124171_neurosketch,33,furniture,table,257,52,0,78002.3,4,16,table,1
0124171_neurosketch,33,furniture,table,257,53,0,78002.3,4,16,table,0
0124171_neurosketch,33,furniture,table,257,54,0,78002.3,4,16,table,0
0124171_neurosketch,33,furniture,chair,258,55,0,82501.93,4,2,chair,1
0124171_neurosketch,33,furniture,chair,258,56,0,82501.93,4,2,chair,0
0124171_neurosketch,33,furniture,chair,258,57,0,82501.93,4,2,chair,0
0124171_neurosketch,33,2,bench,259,58,1,87001.77,4,2,bench,1
0124171_neurosketch,33,2,bench,259,59,1,87001.77,4,2,bench,0
0124171_neurosketch,33,furniture,table,260,60,0,90002.75,4,24,table,1
0124171_neurosketch,33,furniture,table,260,61,0,90002.75,4,24,table,0
0124171_neurosketch,33,furniture,table,260,62,0,90002.75,4,24,table,0
0124171_neurosketch,33,furniture,chair,261,63,0,94501.97,4,37,chair,1
0124171_neurosketch,33,furniture,chair,261,64,0,94501.97,4,37,chair,0
0124171_neurosketch,33,furniture,bench,262,65,1,97502.22,4,37,bench,1
0124171_neurosketch,33,furniture,bench,262,66,1,97502.22,4,37,bench,0
0124171_neurosketch,33,furniture,bed,263,67,1,100502.18,4,2,bed,1
0124171_neurosketch,33,furniture,bed,263,68,1,100502.18,4,2,bed,0
0124171_neurosketch,33,furniture,bed,263,69,1,100502.18,4,2,bed,0
0124171_neurosketch,33,furniture,table,264,70,0,105002.59,4,26,table,1
0124171_neurosketch,33,furniture,table,264,71,0,105002.59,4,26,table,0
0124171_neurosketch,33,furniture,bed,265,72,1,108002.39,4,15,bed,1
0124171_neurosketch,33,furniture,bed,265,73,1,108002.39,4,15,bed,0
0124171_neurosketch,33,furniture,bed,265,74,1,108002.39,4,15,bed,0
0124171_neurosketch,33,furniture,bed,265,75,1,108002.39,4,15,bed,0
0124171_neurosketch,33,furniture,chair,266,76,0,114002.77,4,34,chair,1
0124171_neurosketch,33,furniture,chair,266,77,0,114002.77,4,34,chair,0
0124171_neurosketch,33,furniture,chair,266,78,0,114002.77,4,34,chair,0
0124171_neurosketch,33,furniture,bench,267,79,1,118502.49,4,23,bench,1
0124171_neurosketch,33,furniture,bench,267,80,1,118502.49,4,23,bench,0
0124171_neurosketch,33,furniture,bench,267,81,1,118502.49,4,23,bench,0
0124171_neurosketch,33,furniture,bed,268,82,1,123001.96,4,38,bed,1
0124171_neurosketch,33,furniture,bed,268,83,1,123001.96,4,38,bed,0
0124171_neurosketch,33,furniture,bed,268,84,1,123001.96,4,38,bed,0
0124171_neurosketch,33,furniture,bed,268,85,1,123001.96,4,38,bed,0
0124171_neurosketch,33,2,bench,269,86,1,129002.46,4,31,bench,1
0124171_neurosketch,33,2,bench,269,87,1,129002.46,4,31,bench,0
0124171_neurosketch,33,2,bench,269,88,1,129002.46,4,31,bench,0
0124171_neurosketch,33,furniture,chair,270,89,0,133502.32,4,13,chair,1
0124171_neurosketch,33,furniture,chair,270,90,0,133502.32,4,13,chair,0
0124171_neurosketch,33,furniture,table,271,91,0,136504.13,4,35,table,1
0124171_neurosketch,33,furniture,table,271,92,0,136504.13,4,35,table,0
0124171_neurosketch,33,furniture,table,271,93,0,136504.13,4,35,table,0
0124171_neurosketch,33,furniture,table,271,94,0,136504.13,4,35,table,0
0124171_neurosketch,33,furniture,table,272,95,0,142502.98,4,30,table,1
0124171_neurosketch,33,furniture,table,272,96,0,142502.98,4,30,table,0
0124171_neurosketch,33,furniture,table,272,97,0,142502.98,4,30,table,0
0124171_neurosketch,33,furniture,table,272,98,0,142502.98,4,30,table,0
0124171_neurosketch,33,furniture,bed,273,99,1,148503.54,4,37,bed,1
0124171_neurosketch,33,furniture,bed,273,100,1,148503.54,4,37,bed,0
0124171_neurosketch,33,furniture,bench,274,101,1,151503.1,4,36,bench,1
0124171_neurosketch,33,furniture,bench,274,102,1,151503.1,4,36,bench,0
0124171_neurosketch,33,furniture,bench,274,103,1,151503.1,4,36,bench,0
0124171_neurosketch,33,furniture,bench,274,104,1,151503.1,4,36,bench,0
0124171_neurosketch,33,furniture,chair,275,105,0,157502.85,4,19,chair,1
0124171_neurosketch,33,furniture,chair,275,106,0,157502.85,4,19,chair,0
0124171_neurosketch,33,furniture,chair,276,107,0,160502.12,4,0,chair,1
0124171_neurosketch,33,furniture,chair,276,108,0,160502.12,4,0,chair,0
0124171_neurosketch,33,furniture,chair,276,109,0,160502.12,4,0,chair,0
0124171_neurosketch,33,furniture,bench,277,110,1,165004.77,4,27,bench,1
0124171_neurosketch,33,furniture,bench,277,111,1,165004.77,4,27,bench,0
0124171_neurosketch,33,furniture,bench,277,112,1,165004.77,4,27,bench,0
0124171_neurosketch,33,furniture,bed,278,113,1,169503.24,4,29,bed,1
0124171_neurosketch,33,furniture,bed,278,114,1,169503.24,4,29,bed,0
0124171_neurosketch,33,furniture,bed,278,115,1,169503.24,4,29,bed,0
0124171_neurosketch,33,furniture,bed,278,116,1,169503.24,4,29,bed,0
0124171_neurosketch,33,2,table,279,117,0,175502.84,4,25,table,1
0124171_neurosketch,33,2,table,279,118,0,175502.84,4,25,table,0
0124171_neurosketch,33,2,table,279,119,0,175502.84,4,25,table,0
0124171_neurosketch,33,furniture,bench,280,120,1,180002.26,4,6,bench,1
0124171_neurosketch,33,furniture,bench,280,121,1,180002.26,4,6,bench,0
0124171_neurosketch,33,furniture,chair,281,122,0,183003.04,4,16,chair,1
0124171_neurosketch,33,furniture,chair,281,123,0,183003.04,4,16,chair,0
0124171_neurosketch,33,furniture,chair,281,124,0,183003.04,4,16,chair,0
0124171_neurosketch,33,furniture,chair,281,125,0,183003.04,4,16,chair,0
0124171_neurosketch,33,furniture,table,282,126,0,189002.99,4,28,table,1
0124171_neurosketch,33,furniture,table,282,127,0,189002.99,4,28,table,0
0124171_neurosketch,33,furniture,bed,283,128,1,192002.62,4,13,bed,1
0124171_neurosketch,33,furniture,bed,283,129,1,192002.62,4,13,bed,0
0124171_neurosketch,33,furniture,bed,283,130,1,192002.62,4,13,bed,0
0124171_neurosketch,33,furniture,bench,284,131,1,196502.38,4,39,bench,1
0124171_neurosketch,33,furniture,bench,284,132,1,196502.38,4,39,bench,0
0124171_neurosketch,33,furniture,bench,284,133,1,196502.38,4,39,bench,0
0124171_neurosketch,33,furniture,bed,285,134,1,201002.51,4,4,bed,1
0124171_neurosketch,33,furniture,bed,285,135,1,201002.51,4,4,bed,0
0124171_neurosketch,33,furniture,table,286,136,0,204003.07,4,22,table,1
0124171_neurosketch,33,furniture,table,286,137,0,204003.07,4,22,table,0
0124171_neurosketch,33,furniture,table,286,138,0,204003.07,4,22,table,0
0124171_neurosketch,33,furniture,chair,287,139,0,208502.83,4,38,chair,1
0124171_neurosketch,33,furniture,chair,287,140,0,208502.83,4,38,chair,0
0124171_neurosketch,33,furniture,chair,287,141,0,208502.83,4,38,chair,0
0124171_neurosketch,33,furniture,bed,288,142,1,213002.18,4,20,bed,1
0124171_neurosketch,33,furniture,bed,288,143,1,213002.18,4,20,bed,0
0124171_neurosketch,33,furniture,bed,288,144,1,213002.18,4,20,bed,0
0124171_neurosketch,33,2,chair,289,145,0,217503.19,4,15,chair,1
0124171_neurosketch,33,2,chair,289,146,0,217503.19,4,15,chair,0
0124171_neurosketch,33,furniture,table,290,147,0,220502.18,4,2,table,1
0124171_neurosketch,33,furniture,table,290,148,0,220502.18,4,2,table,0
0124171_neurosketch,33,furniture,table,290,149,0,220502.18,4,2,table,0
0124171_neurosketch,33,furniture,bench,291,150,1,225002.8,4,25,bench,1
0124171_neurosketch,33,furniture,bench,291,151,1,225002.8,4,25,bench,0
0124171_neurosketch,33,furniture,chair,292,152,0,228002.81,4,14,chair,1
0124171_neurosketch,33,furniture,chair,292,153,0,228002.81,4,14,chair,0
0124171_neurosketch,33,furniture,bed,293,154,1,231002.91,4,17,bed,1
0124171_neurosketch,33,furniture,bed,293,155,1,231002.91,4,17,bed,0
0124171_neurosketch,33,furniture,bed,293,156,1,231002.91,4,17,bed,0
0124171_neurosketch,33,furniture,bed,293,157,1,231002.91,4,17,bed,0
0124171_neurosketch,33,furniture,table,294,158,0,237002.45,4,21,table,1
0124171_neurosketch,33,furniture,table,294,159,0,237002.45,4,21,table,0
0124171_neurosketch,33,furniture,bench,295,160,1,240002.75,4,5,bench,1
0124171_neurosketch,33,furniture,bench,295,161,1,240002.75,4,5,bench,0
0124171_neurosketch,33,furniture,chair,296,162,0,243004.59,4,23,chair,1
0124171_neurosketch,33,furniture,chair,296,163,0,243004.59,4,23,chair,0
0124171_neurosketch,33,furniture,bench,297,164,1,246002.91,4,8,bench,1
0124171_neurosketch,33,furniture,bench,297,165,1,246002.91,4,8,bench,0
0124171_neurosketch,33,furniture,bench,297,166,1,246002.91,4,8,bench,0
0124171_neurosketch,33,furniture,bed,298,167,1,250502.84,4,12,bed,1
0124171_neurosketch,33,furniture,bed,298,168,1,250502.84,4,12,bed,0
0124171_neurosketch,33,furniture,bed,298,169,1,250502.84,4,12,bed,0
0124171_neurosketch,33,2,table,299,170,0,255002.44,4,7,table,1
0124171_neurosketch,33,2,table,299,171,0,255002.44,4,7,table,0
0124171_neurosketch,33,furniture,table,300,172,0,258002.25,4,20,table,1
0124171_neurosketch,33,furniture,table,300,173,0,258002.25,4,20,table,0
0124171_neurosketch,33,furniture,table,300,174,0,258002.25,4,20,table,0
0124171_neurosketch,33,furniture,bed,301,175,1,262502.13,4,23,bed,1
0124171_neurosketch,33,furniture,bed,301,176,1,262502.13,4,23,bed,0
0124171_neurosketch,33,furniture,chair,302,177,0,265502.92,4,33,chair,1
0124171_neurosketch,33,furniture,chair,302,178,0,265502.92,4,33,chair,0
0124171_neurosketch,33,furniture,bench,303,179,1,268502.65,4,26,bench,1
0124171_neurosketch,33,furniture,bench,303,180,1,268502.65,4,26,bench,0
0124171_neurosketch,33,furniture,bench,303,181,1,268502.65,4,26,bench,0
0124171_neurosketch,33,furniture,table,304,182,0,273002.46,4,27,table,1
0124171_neurosketch,33,furniture,table,304,183,0,273002.46,4,27,table,0
0124171_neurosketch,33,furniture,bench,305,184,1,276002.78,4,9,bench,1
0124171_neurosketch,33,furniture,bench,305,185,1,276002.78,4,9,bench,0
0124171_neurosketch,33,furniture,bench,305,186,1,276002.78,4,9,bench,0
0124171_neurosketch,33,furniture,bench,305,187,1,276002.78,4,9,bench,0
0124171_neurosketch,33,furniture,bed,306,188,1,282002.29,4,16,bed,1
0124171_neurosketch,33,furniture,bed,306,189,1,282002.29,4,16,bed,0
0124171_neurosketch,33,furniture,bed,306,190,1,282002.29,4,16,bed,0
0124171_neurosketch,33,furniture,chair,307,191,0,286502.2,4,39,chair,1
0124171_neurosketch,33,furniture,chair,307,192,0,286502.2,4,39,chair,0
0124171_neurosketch,33,furniture,chair,307,193,0,286502.2,4,39,chair,0
0124171_neurosketch,33,furniture,bench,308,194,1,291003.18,4,38,bench,1
0124171_neurosketch,33,furniture,bench,308,195,1,291003.18,4,38,bench,0
0124171_neurosketch,33,furniture,bench,308,196,1,291003.18,4,38,bench,0
0124171_neurosketch,33,furniture,bench,308,197,1,291003.18,4,38,bench,0
0124171_neurosketch,33,2,bed,309,198,1,297002.63,4,33,bed,1
0124171_neurosketch,33,2,bed,309,199,1,297002.63,4,33,bed,0
0124171_neurosketch,33,2,bed,309,200,1,297002.63,4,33,bed,0
0124171_neurosketch,33,furniture,chair,310,201,0,301502.83,4,7,chair,1
0124171_neurosketch,33,furniture,chair,310,202,0,301502.83,4,7,chair,0
0124171_neurosketch,33,furniture,table,311,203,0,304502.63,4,29,table,1
0124171_neurosketch,33,furniture,table,311,204,0,304502.63,4,29,table,0
0124171_neurosketch,33,furniture,table,311,205,0,304502.63,4,29,table,0
0124171_neurosketch,33,furniture,table,311,206,0,304502.63,4,29,table,0
0124171_neurosketch,33,furniture,chair,312,207,0,310503.34,4,26,chair,1
0124171_neurosketch,33,furniture,chair,312,208,0,310503.34,4,26,chair,0
0124171_neurosketch,33,furniture,chair,312,209,0,310503.34,4,26,chair,0
0124171_neurosketch,33,furniture,chair,312,210,0,310503.34,4,26,chair,0
0124171_neurosketch,33,furniture,bed,313,211,1,316502.42,4,22,bed,1
0124171_neurosketch,33,furniture,bed,313,212,1,316502.42,4,22,bed,0
0124171_neurosketch,33,furniture,table,314,213,0,319502.64,4,38,table,1
0124171_neurosketch,33,furniture,table,314,214,0,319502.64,4,38,table,0
0124171_neurosketch,33,furniture,table,314,215,0,319502.64,4,38,table,0
0124171_neurosketch,33,furniture,table,314,216,0,319502.64,4,38,table,0
0124171_neurosketch,33,furniture,bench,315,217,1,325502.31,4,0,,1
0124171_neurosketch,33,furniture,bench,315,218,1,325502.31,4,0,,0
0124171_neurosketch,33,furniture,chair,316,219,0,328502.87,4,27,chair,1
0124171_neurosketch,33,furniture,chair,316,220,0,328502.87,4,27,chair,0
0124171_neurosketch,33,furniture,chair,316,221,0,328502.87,4,27,chair,0
0124171_neurosketch,33,furniture,bench,317,222,1,333003.44,4,16,bench,1
0124171_neurosketch,33,furniture,bench,317,223,1,333003.44,4,16,bench,0
0124171_neurosketch,33,furniture,bench,317,224,1,333003.44,4,16,bench,0
0124171_neurosketch,33,furniture,table,318,225,0,337502.76,4,23,table,1
0124171_neurosketch,33,furniture,table,318,226,0,337502.76,4,23,table,0
0124171_neurosketch,33,furniture,table,318,227,0,337502.76,4,23,table,0
0124171_neurosketch,33,furniture,table,318,228,0,337502.76,4,23,table,0
0124171_neurosketch,33,2,bed,319,229,1,343502.83,4,28,,1
0124171_neurosketch,33,2,bed,319,230,1,343502.83,4,28,,0
0124171_neurosketch,33,2,bed,319,231,1,343502.83,4,28,,0
0124171_neurosketch,33,2,bed,319,232,1,343502.83,4,28,,0
0124171_neurosketch,33,2,bed,319,233,1,343502.83,4,28,,0
0124171_neurosketch,33,2,bed,319,234,1,343502.83,4,28,,0
0124171_neurosketch,33,2,bed,319,235,1,343502.83,4,28,,0
0124171_neurosketch,33,2,bed,319,236,1,343502.83,4,28,,0
0124171_neurosketch,33,2,bed,319,237,1,343502.83,4,28,,0
0124171_neurosketch,33,2,bed,319,238,1,343502.83,4,28,,0
0124171_neurosketch,33,2,bed,319,239,1,343502.83,4,28,,0
0124171_neurosketch,33,furniture,bed,360,0,-1,0.0,9,28,,0
0124171_neurosketch,33,furniture,bed,360,1,-1,0.0,9,28,,0
0124171_neurosketch,33,furniture,bed,360,2,-1,0.0,9,28,,0
0124171_neurosketch,33,furniture,bed,360,3,-1,0.0,9,28,,0
0124171_neurosketch,33,furniture,bed,360,4,-1,0.0,9,28,,0
0124171_neurosketch,33,furniture,bed,360,5,-1,0.0,9,28,,0
0124171_neurosketch,33,furniture,bed,360,6,-1,0.0,9,28,,0
0124171_neurosketch,33,furniture,bed,360,7,-1,0.0,9,28,,0
0124171_neurosketch,33,furniture,bed,360,8,1,12003.01,9,28,,1
0124171_neurosketch,33,furniture,bed,360,9,1,12003.01,9,28,,0
0124171_neurosketch,33,furniture,table,361,10,0,15002.64,9,23,table,1
0124171_neurosketch,33,furniture,table,361,11,0,15002.64,9,23,table,0
0124171_neurosketch,33,furniture,table,361,12,0,15002.64,9,23,table,0
0124171_neurosketch,33,furniture,table,361,13,0,15002.64,9,23,table,0
0124171_neurosketch,33,furniture,bench,362,14,1,21001.99,9,16,bench,1
0124171_neurosketch,33,furniture,bench,362,15,1,21001.99,9,16,bench,0
0124171_neurosketch,33,furniture,chair,363,16,0,24001.45,9,27,chair,1
0124171_neurosketch,33,furniture,chair,363,17,0,24001.45,9,27,chair,0
0124171_neurosketch,33,furniture,chair,363,18,0,24001.45,9,27,chair,0
0124171_neurosketch,33,furniture,bench,364,19,1,28503.9,9,0,bench,1
0124171_neurosketch,33,furniture,bench,364,20,1,28503.9,9,0,bench,0
0124171_neurosketch,33,furniture,bench,364,21,1,28503.9,9,0,bench,0
0124171_neurosketch,33,furniture,table,365,22,0,33002.44,9,38,,1
0124171_neurosketch,33,furniture,table,365,23,0,33002.44,9,38,,0
0124171_neurosketch,33,furniture,bed,366,24,1,36002.41,9,22,bed,1
0124171_neurosketch,33,furniture,bed,366,25,1,36002.41,9,22,bed,0
0124171_neurosketch,33,furniture,bed,366,26,1,36002.41,9,22,bed,0
0124171_neurosketch,33,furniture,chair,367,27,0,40502.16,9,26,chair,1
0124171_neurosketch,33,furniture,chair,367,28,0,40502.16,9,26,chair,0
0124171_neurosketch,33,furniture,chair,367,29,0,40502.16,9,26,chair,0
0124171_neurosketch,33,furniture,table,368,30,0,45002.69,9,29,table,1
0124171_neurosketch,33,furniture,table,368,31,0,45002.69,9,29,table,0
0124171_neurosketch,33,furniture,table,368,32,0,45002.69,9,29,table,0
0124171_neurosketch,33,2,chair,369,33,0,49501.95,9,7,chair,1
0124171_neurosketch,33,2,chair,369,34,0,49501.95,9,7,chair,0
0124171_neurosketch,33,furniture,bed,370,35,1,52502.3,9,33,bed,1
0124171_neurosketch,33,furniture,bed,370,36,1,52502.3,9,33,bed,0
0124171_neurosketch,33,furniture,bed,370,37,1,52502.3,9,33,bed,0
0124171_neurosketch,33,furniture,bench,371,38,1,57002.76,9,38,bench,1
0124171_neurosketch,33,furniture,bench,371,39,1,57002.76,9,38,bench,0
0124171_neurosketch,33,furniture,chair,372,40,0,60002.0,9,39,chair,1
0124171_neurosketch,33,furniture,chair,372,41,0,60002.0,9,39,chair,0
0124171_neurosketch,33,furniture,bed,373,42,1,63001.58,9,16,bed,1
0124171_neurosketch,33,furniture,bed,373,43,1,63001.58,9,16,bed,0
0124171_neurosketch,33,furniture,bed,373,44,1,63001.58,9,16,bed,0
0124171_neurosketch,33,furniture,bed,373,45,1,63001.58,9,16,bed,0
0124171_neurosketch,33,furniture,bench,374,46,1,69001.96,9,9,bench,1
0124171_neurosketch,33,furniture,bench,374,47,1,69001.96,9,9,bench,0
0124171_neurosketch,33,furniture,table,375,48,0,72003.09,9,27,table,1
0124171_neurosketch,33,furniture,table,375,49,0,72003.09,9,27,table,0
0124171_neurosketch,33,furniture,bench,376,50,1,75002.11,9,26,bench,1
0124171_neurosketch,33,furniture,bench,376,51,1,75002.11,9,26,bench,0
0124171_neurosketch,33,furniture,chair,377,52,0,78001.94,9,33,chair,1
0124171_neurosketch,33,furniture,chair,377,53,0,78001.94,9,33,chair,0
0124171_neurosketch,33,furniture,chair,377,54,0,78001.94,9,33,chair,0
0124171_neurosketch,33,furniture,bed,378,55,1,82501.93,9,23,bed,1
0124171_neurosketch,33,furniture,bed,378,56,1,82501.93,9,23,bed,0
0124171_neurosketch,33,furniture,bed,378,57,1,82501.93,9,23,bed,0
0124171_neurosketch,33,2,table,379,58,0,87002.08,9,20,table,1
0124171_neurosketch,33,2,table,379,59,0,87002.08,9,20,table,0
0124171_neurosketch,33,furniture,table,380,60,0,90002.35,9,7,table,1
0124171_neurosketch,33,furniture,table,380,61,0,90002.35,9,7,table,0
0124171_neurosketch,33,furniture,table,380,62,0,90002.35,9,7,table,0
0124171_neurosketch,33,furniture,bed,381,63,1,94503.96,9,12,bed,1
0124171_neurosketch,33,furniture,bed,381,64,1,94503.96,9,12,bed,0
0124171_neurosketch,33,furniture,bench,382,65,1,97502.0,9,8,bench,1
0124171_neurosketch,33,furniture,bench,382,66,1,97502.0,9,8,bench,0
0124171_neurosketch,33,furniture,chair,383,67,0,100502.25,9,23,chair,1
0124171_neurosketch,33,furniture,chair,383,68,0,100502.25,9,23,chair,0
0124171_neurosketch,33,furniture,chair,383,69,0,100502.25,9,23,chair,0
0124171_neurosketch,33,furniture,bench,384,70,1,105002.38,9,5,bench,1
0124171_neurosketch,33,furniture,bench,384,71,1,105002.38,9,5,bench,0
0124171_neurosketch,33,furniture,table,385,72,0,108002.75,9,21,table,1
0124171_neurosketch,33,furniture,table,385,73,0,108002.75,9,21,table,0
0124171_neurosketch,33,furniture,table,385,74,0,108002.75,9,21,table,0
0124171_neurosketch,33,furniture,table,385,75,0,108002.75,9,21,table,0
0124171_neurosketch,33,furniture,bed,386,76,1,114002.07,9,17,bed,1
0124171_neurosketch,33,furniture,bed,386,77,1,114002.07,9,17,bed,0
0124171_neurosketch,33,furniture,bed,386,78,1,114002.07,9,17,bed,0
0124171_neurosketch,33,furniture,chair,387,79,0,118502.42,9,14,chair,1
0124171_neurosketch,33,furniture,chair,387,80,0,118502.42,9,14,chair,0
0124171_neurosketch,33,furniture,chair,387,81,0,118502.42,9,14,chair,0
0124171_neurosketch,33,furniture,bench,388,82,1,123002.91,9,25,bench,1
0124171_neurosketch,33,furniture,bench,388,83,1,123002.91,9,25,bench,0
0124171_neurosketch,33,furniture,bench,388,84,1,123002.91,9,25,bench,0
0124171_neurosketch,33,furniture,bench,388,85,1,123002.91,9,25,bench,0
0124171_neurosketch,33,2,table,389,86,0,129002.1,9,2,table,1
0124171_neurosketch,33,2,table,389,87,0,129002.1,9,2,table,0
0124171_neurosketch,33,2,table,389,88,0,129002.1,9,2,table,0
0124171_neurosketch,33,furniture,chair,390,89,0,133502.69,9,15,chair,1
0124171_neurosketch,33,furniture,chair,390,90,0,133502.69,9,15,chair,0
0124171_neurosketch,33,furniture,bed,391,91,1,136502.68,9,20,bed,1
0124171_neurosketch,33,furniture,bed,391,92,1,136502.68,9,20,bed,0
0124171_neurosketch,33,furniture,bed,391,93,1,136502.68,9,20,bed,0
0124171_neurosketch,33,furniture,bed,391,94,1,136502.68,9,20,bed,0
0124171_neurosketch,33,furniture,chair,392,95,0,142502.94,9,38,chair,1
0124171_neurosketch,33,furniture,chair,392,96,0,142502.94,9,38,chair,0
0124171_neurosketch,33,furniture,chair,392,97,0,142502.94,9,38,chair,0
0124171_neurosketch,33,furniture,chair,392,98,0,142502.94,9,38,chair,0
0124171_neurosketch,33,furniture,table,393,99,0,148502.18,9,22,table,1
0124171_neurosketch,33,furniture,table,393,100,0,148502.18,9,22,table,0
0124171_neurosketch,33,furniture,bed,394,101,1,151502.83,9,4,,1
0124171_neurosketch,33,furniture,bed,394,102,1,151502.83,9,4,,0
0124171_neurosketch,33,furniture,bed,394,103,1,151502.83,9,4,,0
0124171_neurosketch,33,furniture,bed,394,104,1,151502.83,9,4,,0
0124171_neurosketch,33,furniture,bench,395,105,1,157502.12,9,39,bench,1
0124171_neurosketch,33,furniture,bench,395,106,1,157502.12,9,39,bench,0
0124171_neurosketch,33,furniture,bed,396,107,1,160502.3,9,13,bed,1
0124171_neurosketch,33,furniture,bed,396,108,1,160502.3,9,13,bed,0
0124171_neurosketch,33,furniture,bed,396,109,1,160502.3,9,13,bed,0
0124171_neurosketch,33,furniture,table,397,110,0,165002.67,9,28,table,1
0124171_neurosketch,33,furniture,table,397,111,0,165002.67,9,28,table,0
0124171_neurosketch,33,furniture,table,397,112,0,165002.67,9,28,table,0
0124171_neurosketch,33,furniture,chair,398,113,0,169502.61,9,16,chair,1
0124171_neurosketch,33,furniture,chair,398,114,0,169502.61,9,16,chair,0
0124171_neurosketch,33,furniture,chair,398,115,0,169502.61,9,16,chair,0
0124171_neurosketch,33,furniture,chair,398,116,0,169502.61,9,16,chair,0
0124171_neurosketch,33,2,bench,399,117,1,175502.4,9,6,bench,1
0124171_neurosketch,33,2,bench,399,118,1,175502.4,9,6,bench,0
0124171_neurosketch,33,2,bench,399,119,1,175502.4,9,6,bench,0
0124171_neurosketch,33,furniture,table,400,120,0,180003.0,9,25,table,1
0124171_neurosketch,33,furniture,table,400,121,0,180003.0,9,25,table,0
0124171_neurosketch,33,furniture,bed,401,122,1,183004.3,9,29,bed,1
0124171_neurosketch,33,furniture,bed,401,123,1,183004.3,9,29,bed,0
0124171_neurosketch,33,furniture,bed,401,124,1,183004.3,9,29,bed,0
0124171_neurosketch,33,furniture,bed,401,125,1,183004.3,9,29,bed,0
0124171_neurosketch,33,furniture,bench,402,126,1,189002.24,9,27,bench,1
0124171_neurosketch,33,furniture,bench,402,127,1,189002.24,9,27,bench,0
0124171_neurosketch,33,furniture,chair,403,128,0,192002.85,9,0,chair,1
0124171_neurosketch,33,furniture,chair,403,129,0,192002.85,9,0,chair,0
0124171_neurosketch,33,furniture,chair,403,130,0,192002.85,9,0,chair,0
0124171_neurosketch,33,furniture,chair,404,131,0,196502.66,9,19,chair,1
0124171_neurosketch,33,furniture,chair,404,132,0,196502.66,9,19,chair,0
0124171_neurosketch,33,furniture,chair,404,133,0,196502.66,9,19,chair,0
0124171_neurosketch,33,furniture,bench,405,134,1,201002.04,9,36,bench,1
0124171_neurosketch,33,furniture,bench,405,135,1,201002.04,9,36,bench,0
0124171_neurosketch,33,furniture,bed,406,136,1,204002.56,9,37,bed,1
0124171_neurosketch,33,furniture,bed,406,137,1,204002.56,9,37,bed,0
0124171_neurosketch,33,furniture,bed,406,138,1,204002.56,9,37,bed,0
0124171_neurosketch,33,furniture,table,407,139,0,208502.88,9,30,table,1
0124171_neurosketch,33,furniture,table,407,140,0,208502.88,9,30,table,0
0124171_neurosketch,33,furniture,table,407,141,0,208502.88,9,30,table,0
0124171_neurosketch,33,furniture,table,408,142,0,213001.86,9,35,table,1
0124171_neurosketch,33,furniture,table,408,143,0,213001.86,9,35,table,0
0124171_neurosketch,33,furniture,table,408,144,0,213001.86,9,35,table,0
0124171_neurosketch,33,2,chair,409,145,0,217503.19,9,13,chair,1
0124171_neurosketch,33,2,chair,409,146,0,217503.19,9,13,chair,0
0124171_neurosketch,33,furniture,bench,410,147,1,220502.37,9,31,bench,1
0124171_neurosketch,33,furniture,bench,410,148,1,220502.37,9,31,bench,0
0124171_neurosketch,33,furniture,bench,410,149,1,220502.37,9,31,bench,0
0124171_neurosketch,33,furniture,bed,411,150,1,225002.82,9,38,bed,1
0124171_neurosketch,33,furniture,bed,411,151,1,225002.82,9,38,bed,0
0124171_neurosketch,33,furniture,bench,412,152,1,228002.42,9,23,bench,1
0124171_neurosketch,33,furniture,bench,412,153,1,228002.42,9,23,bench,0
0124171_neurosketch,33,furniture,chair,413,154,0,231004.09,9,34,chair,1
0124171_neurosketch,33,furniture,chair,413,155,0,231004.09,9,34,chair,0
0124171_neurosketch,33,furniture,chair,413,156,0,231004.09,9,34,chair,0
0124171_neurosketch,33,furniture,chair,413,157,0,231004.09,9,34,chair,0
0124171_neurosketch,33,furniture,bed,414,158,1,237003.28,9,15,bed,1
0124171_neurosketch,33,furniture,bed,414,159,1,237003.28,9,15,bed,0
0124171_neurosketch,33,furniture,table,415,160,0,240003.15,9,26,table,1
0124171_neurosketch,33,furniture,table,415,161,0,240003.15,9,26,table,0
0124171_neurosketch,33,furniture,bed,416,162,1,243003.45,9,2,bed,1
0124171_neurosketch,33,furniture,bed,416,163,1,243003.45,9,2,bed,0
0124171_neurosketch,33,furniture,bench,417,164,1,246002.61,9,37,bench,1
0124171_neurosketch,33,furniture,bench,417,165,1,246002.61,9,37,bench,0
0124171_neurosketch,33,furniture,bench,417,166,1,246002.61,9,37,bench,0
0124171_neurosketch,33,furniture,chair,418,167,0,250503.62,9,37,chair,1
0124171_neurosketch,33,furniture,chair,418,168,0,250503.62,9,37,chair,0
0124171_neurosketch,33,furniture,chair,418,169,0,250503.62,9,37,chair,0
0124171_neurosketch,33,2,table,419,170,0,255002.04,9,24,table,1
0124171_neurosketch,33,2,table,419,171,0,255002.04,9,24,table,0
0124171_neurosketch,33,furniture,bench,420,172,1,258002.66,9,2,bench,1
0124171_neurosketch,33,furniture,bench,420,173,1,258002.66,9,2,bench,0
0124171_neurosketch,33,furniture,bench,420,174,1,258002.66,9,2,bench,0
0124171_neurosketch,33,furniture,chair,421,175,0,262502.53,9,2,chair,1
0124171_neurosketch,33,furniture,chair,421,176,0,262502.53,9,2,chair,0
0124171_neurosketch,33,furniture,table,422,177,0,265503.41,9,16,table,1
0124171_neurosketch,33,furniture,table,422,178,0,265503.41,9,16,table,0
0124171_neurosketch,33,furniture,bed,423,179,1,268502.1,9,8,bed,1
0124171_neurosketch,33,furniture,bed,423,180,1,268502.1,9,8,bed,0
0124171_neurosketch,33,furniture,bed,423,181,1,268502.1,9,8,bed,0
0124171_neurosketch,33,furniture,chair,424,182,0,273002.2,9,22,chair,1
0124171_neurosketch,33,furniture,chair,424,183,0,273002.2,9,22,chair,0
0124171_neurosketch,33,furniture,bench,425,184,1,276002.85,9,18,bench,1
0124171_neurosketch,33,furniture,bench,425,185,1,276002.85,9,18,bench,0
0124171_neurosketch,33,furniture,bench,425,186,1,276002.85,9,18,bench,0
0124171_neurosketch,33,furniture,bench,425,187,1,276002.85,9,18,bench,0
0124171_neurosketch,33,furniture,table,426,188,0,282002.62,9,3,table,1
0124171_neurosketch,33,furniture,table,426,189,0,282002.62,9,3,table,0
0124171_neurosketch,33,furniture,table,426,190,0,282002.62,9,3,table,0
0124171_neurosketch,33,furniture,bed,427,191,1,286502.3,9,14,bed,1
0124171_neurosketch,33,furniture,bed,427,192,1,286502.3,9,14,bed,0
0124171_neurosketch,33,furniture,bed,427,193,1,286502.3,9,14,bed,0
0124171_neurosketch,33,furniture,bench,428,194,1,291002.38,9,30,bench,1
0124171_neurosketch,33,furniture,bench,428,195,1,291002.38,9,30,bench,0
0124171_neurosketch,33,furniture,bench,428,196,1,291002.38,9,30,bench,0
0124171_neurosketch,33,furniture,bench,428,197,1,291002.38,9,30,bench,0
0124171_neurosketch,33,2,table,429,198,0,297003.0,9,4,table,1
0124171_neurosketch,33,2,table,429,199,0,297003.0,9,4,table,0
0124171_neurosketch,33,2,table,429,200,0,297003.0,9,4,table,0
0124171_neurosketch,33,furniture,bed,430,201,1,301502.96,9,3,bench,1
0124171_neurosketch,33,furniture,bed,430,202,1,301502.96,9,3,bench,0
0124171_neurosketch,33,furniture,chair,431,203,0,304502.8,9,12,chair,1
0124171_neurosketch,33,furniture,chair,431,204,0,304502.8,9,12,chair,0
0124171_neurosketch,33,furniture,chair,431,205,0,304502.8,9,12,chair,0
0124171_neurosketch,33,furniture,chair,431,206,0,304502.8,9,12,chair,0
0124171_neurosketch,33,furniture,bed,432,207,1,310502.97,9,9,bed,1
0124171_neurosketch,33,furniture,bed,432,208,1,310502.97,9,9,bed,0
0124171_neurosketch,33,furniture,bed,432,209,1,310502.97,9,9,bed,0
0124171_neurosketch,33,furniture,bed,432,210,1,310502.97,9,9,bed,0
0124171_neurosketch,33,furniture,bench,433,211,1,316502.36,9,33,bench,1
0124171_neurosketch,33,furniture,bench,433,212,1,316502.36,9,33,bench,0
0124171_neurosketch,33,furniture,table,434,213,0,319502.29,9,32,table,1
0124171_neurosketch,33,furniture,table,434,214,0,319502.29,9,32,table,0
0124171_neurosketch,33,furniture,table,434,215,0,319502.29,9,32,table,0
0124171_neurosketch,33,furniture,table,434,216,0,319502.29,9,32,table,0
0124171_neurosketch,33,furniture,chair,435,217,0,325502.93,9,36,chair,1
0124171_neurosketch,33,furniture,chair,435,218,0,325502.93,9,36,chair,0
0124171_neurosketch,33,furniture,chair,436,219,0,328502.25,9,29,chair,1
0124171_neurosketch,33,furniture,chair,436,220,0,328502.25,9,29,chair,0
0124171_neurosketch,33,furniture,chair,436,221,0,328502.25,9,29,chair,0
0124171_neurosketch,33,furniture,bench,437,222,1,333002.0,9,1,bench,1
0124171_neurosketch,33,furniture,bench,437,223,1,333002.0,9,1,bench,0
0124171_neurosketch,33,furniture,bench,437,224,1,333002.0,9,1,bench,0
0124171_neurosketch,33,furniture,bed,438,225,1,337504.46,9,7,bed,1
0124171_neurosketch,33,furniture,bed,438,226,1,337504.46,9,7,bed,0
0124171_neurosketch,33,furniture,bed,438,227,1,337504.46,9,7,bed,0
0124171_neurosketch,33,furniture,bed,438,228,1,337504.46,9,7,bed,0
0124171_neurosketch,33,2,table,439,229,0,343502.62,9,39,table,1
0124171_neurosketch,33,2,table,439,230,0,343502.62,9,39,table,0
0124171_neurosketch,33,2,table,439,231,0,343502.62,9,39,table,0
0124171_neurosketch,33,2,table,439,232,0,343502.62,9,39,table,0
0124171_neurosketch,33,2,table,439,233,0,343502.62,9,39,table,0
0124171_neurosketch,33,2,table,439,234,0,343502.62,9,39,table,0
0124171_neurosketch,33,2,table,439,235,0,343502.62,9,39,table,0
0124171_neurosketch,33,2,table,439,236,0,343502.62,9,39,table,0
0124171_neurosketch,33,2,table,439,237,0,343502.62,9,39,table,0
0124171_neurosketch,33,2,table,439,238,0,343502.62,9,39,table,0
0124171_neurosketch,33,2,table,439,239,0,343502.62,9,39,table,0
0124171_neurosketch,33,furniture,bench,440,0,-1,0.0,10,14,bench,0
0124171_neurosketch,33,furniture,bench,440,1,-1,0.0,10,14,bench,0
0124171_neurosketch,33,furniture,bench,440,2,-1,0.0,10,14,bench,0
0124171_neurosketch,33,furniture,bench,440,3,-1,0.0,10,14,bench,0
0124171_neurosketch,33,furniture,bench,440,4,-1,0.0,10,14,bench,0
0124171_neurosketch,33,furniture,bench,440,5,-1,0.0,10,14,bench,0
0124171_neurosketch,33,furniture,bench,440,6,-1,0.0,10,14,bench,0
0124171_neurosketch,33,furniture,bench,440,7,-1,0.0,10,14,bench,0
0124171_neurosketch,33,furniture,bench,440,8,1,12002.11,10,14,bench,1
0124171_neurosketch,33,furniture,bench,440,9,1,12002.11,10,14,bench,0
0124171_neurosketch,33,furniture,bed,441,10,1,15001.66,10,24,bed,1
0124171_neurosketch,33,furniture,bed,441,11,1,15001.66,10,24,bed,0
0124171_neurosketch,33,furniture,bed,441,12,1,15001.66,10,24,bed,0
0124171_neurosketch,33,furniture,bed,441,13,1,15001.66,10,24,bed,0
0124171_neurosketch,33,furniture,table,442,14,0,21002.18,10,6,chair,1
0124171_neurosketch,33,furniture,table,442,15,0,21002.18,10,6,chair,0
0124171_neurosketch,33,furniture,chair,443,16,0,24001.49,10,6,chair,1
0124171_neurosketch,33,furniture,chair,443,17,0,24001.49,10,6,chair,0
0124171_neurosketch,33,furniture,chair,443,18,0,24001.49,10,6,chair,0
0124171_neurosketch,33,furniture,chair,444,19,0,28501.86,10,28,chair,1
0124171_neurosketch,33,furniture,chair,444,20,0,28501.86,10,28,chair,0
0124171_neurosketch,33,furniture,chair,444,21,0,28501.86,10,28,chair,0
0124171_neurosketch,33,furniture,table,445,22,0,33002.04,10,19,table,1
0124171_neurosketch,33,furniture,table,445,23,0,33002.04,10,19,table,0
0124171_neurosketch,33,furniture,bed,446,24,1,36001.96,10,0,bed,1
0124171_neurosketch,33,furniture,bed,446,25,1,36001.96,10,0,bed,0
0124171_neurosketch,33,furniture,bed,446,26,1,36001.96,10,0,bed,0
0124171_neurosketch,33,furniture,bench,447,27,1,40501.97,10,15,bench,1
0124171_neurosketch,33,furniture,bench,447,28,1,40501.97,10,15,bench,0
0124171_neurosketch,33,furniture,bench,447,29,1,40501.97,10,15,bench,0
0124171_neurosketch,33,furniture,table,448,30,0,45001.78,10,17,table,1
0124171_neurosketch,33,furniture,table,448,31,0,45001.78,10,17,table,0
0124171_neurosketch,33,furniture,table,448,32,0,45001.78,10,17,table,0
0124171_neurosketch,33,2,bench,449,33,1,49502.2,10,29,bench,1
0124171_neurosketch,33,2,bench,449,34,1,49502.2,10,29,bench,0
0124171_neurosketch,33,furniture,chair,450,35,0,52503.17,10,20,chair,1
0124171_neurosketch,33,furniture,chair,450,36,0,52503.17,10,20,chair,0
0124171_neurosketch,33,furniture,chair,450,37,0,52503.17,10,20,chair,0
0124171_neurosketch,33,furniture,bed,451,38,1,57001.77,10,6,bed,1
0124171_neurosketch,33,furniture,bed,451,39,1,57001.77,10,6,bed,0
0124171_neurosketch,33,furniture,bench,452,40,1,60003.09,10,10,bench,1
0124171_neurosketch,33,furniture,bench,452,41,1,60003.09,10,10,bench,0
0124171_neurosketch,33,furniture,bed,453,42,1,63002.27,10,11,bed,1
0124171_neurosketch,33,furniture,bed,453,43,1,63002.27,10,11,bed,0
0124171_neurosketch,33,furniture,bed,453,44,1,63002.27,10,11,bed,0
0124171_neurosketch,33,furniture,bed,453,45,1,63002.27,10,11,bed,0
0124171_neurosketch,33,furniture,chair,454,46,0,69002.48,10,4,chair,1
0124171_neurosketch,33,furniture,chair,454,47,0,69002.48,10,4,chair,0
0124171_neurosketch,33,furniture,table,455,48,0,72002.28,10,0,,1
0124171_neurosketch,33,furniture,table,455,49,0,72002.28,10,0,,0
0124171_neurosketch,33,furniture,table,456,50,0,75002.5,10,15,table,1
0124171_neurosketch,33,furniture,table,456,51,0,75002.5,10,15,table,0
0124171_neurosketch,33,furniture,bench,457,52,1,78002.47,10,11,bench,1
0124171_neurosketch,33,furniture,bench,457,53,1,78002.47,10,11,bench,0
0124171_neurosketch,33,furniture,bench,457,54,1,78002.47,10,11,bench,0
0124171_neurosketch,33,furniture,bed,458,55,1,82502.1,10,31,bed,1
0124171_neurosketch,33,furniture,bed,458,56,1,82502.1,10,31,bed,0
0124171_neurosketch,33,furniture,bed,458,57,1,82502.1,10,31,bed,0
0124171_neurosketch,33,2,chair,459,58,0,87001.82,10,32,chair,1
0124171_neurosketch,33,2,chair,459,59,0,87001.82,10,32,chair,0
0124171_neurosketch,33,furniture,bench,460,60,1,90002.15,10,24,bench,1
0124171_neurosketch,33,furniture,bench,460,61,1,90002.15,10,24,bench,0
0124171_neurosketch,33,furniture,bench,460,62,1,90002.15,10,24,bench,0
0124171_neurosketch,33,furniture,chair,461,63,0,94503.44,10,24,chair,1
0124171_neurosketch,33,furniture,chair,461,64,0,94503.44,10,24,chair,0
0124171_neurosketch,33,furniture,bed,462,65,1,97502.12,10,1,bed,1
0124171_neurosketch,33,furniture,bed,462,66,1,97502.12,10,1,bed,0
0124171_neurosketch,33,furniture,table,463,67,0,100503.41,10,10,table,1
0124171_neurosketch,33,furniture,table,463,68,0,100503.41,10,10,table,0
0124171_neurosketch,33,furniture,table,463,69,0,100503.41,10,10,table,0
0124171_neurosketch,33,furniture,table,464,70,0,105001.78,10,8,table,1
0124171_neurosketch,33,furniture,table,464,71,0,105001.78,10,8,table,0
0124171_neurosketch,33,furniture,chair,465,72,0,108001.47,10,21,chair,1
0124171_neurosketch,33,furniture,chair,465,73,0,108001.47,10,21,chair,0
0124171_neurosketch,33,furniture,chair,465,74,0,108001.47,10,21,chair,0
0124171_neurosketch,33,furniture,chair,465,75,0,108001.47,10,21,chair,0
0124171_neurosketch,33,furniture,bench,466,76,1,114002.25,10,22,bench,1
0124171_neurosketch,33,furniture,bench,466,77,1,114002.25,10,22,bench,0
0124171_neurosketch,33,furniture,bench,466,78,1,114002.25,10,22,bench,0
0124171_neurosketch,33,furniture,bed,467,79,1,118502.05,10,26,bed,1
0124171_neurosketch,33,furniture,bed,467,80,1,118502.05,10,26,bed,0
0124171_neurosketch,33,furniture,bed,467,81,1,118502.05,10,26,bed,0
0124171_neurosketch,33,furniture,chair,468,82,0,123002.07,10,9,chair,1
0124171_neurosketch,33,furniture,chair,468,83,0,123002.07,10,9,chair,0
0124171_neurosketch,33,furniture,chair,468,84,0,123002.07,10,9,chair,0
0124171_neurosketch,33,furniture,chair,468,85,0,123002.07,10,9,chair,0
0124171_neurosketch,33,2,bench,469,86,1,129001.99,10,12,bench,1
0124171_neurosketch,33,2,bench,469,87,1,129001.99,10,12,bench,0
0124171_neurosketch,33,2,bench,469,88,1,129001.99,10,12,bench,0
0124171_neurosketch,33,furniture,table,470,89,0,133503.58,10,33,table,1
0124171_neurosketch,33,furniture,table,470,90,0,133503.58,10,33,table,0
0124171_neurosketch,33,furniture,bed,471,91,1,136502.28,10,5,bed,1
0124171_neurosketch,33,furniture,bed,471,92,1,136502.28,10,5,bed,0
0124171_neurosketch,33,furniture,bed,471,93,1,136502.28,10,5,bed,0
0124171_neurosketch,33,furniture,bed,471,94,1,136502.28,10,5,bed,0
0124171_neurosketch,33,furniture,bench,472,95,1,142503.08,10,7,bench,1
0124171_neurosketch,33,furniture,bench,472,96,1,142503.08,10,7,bench,0
0124171_neurosketch,33,furniture,bench,472,97,1,142503.08,10,7,bench,0
0124171_neurosketch,33,furniture,bench,472,98,1,142503.08,10,7,bench,0
0124171_neurosketch,33,furniture,table,473,99,0,148502.24,10,37,table,1
0124171_neurosketch,33,furniture,table,473,100,0,148502.24,10,37,table,0
0124171_neurosketch,33,furniture,chair,474,101,0,151502.94,10,35,chair,1
0124171_neurosketch,33,furniture,chair,474,102,0,151502.94,10,35,chair,0
0124171_neurosketch,33,furniture,chair,474,103,0,151502.94,10,35,chair,0
0124171_neurosketch,33,furniture,chair,474,104,0,151502.94,10,35,chair,0
0124171_neurosketch,33,furniture,bed,475,105,1,157502.3,10,30,bed,1
0124171_neurosketch,33,furniture,bed,475,106,1,157502.3,10,30,bed,0
0124171_neurosketch,33,furniture,bed,476,107,1,160502.3,10,10,bed,1
0124171_neurosketch,33,furniture,bed,476,108,1,160502.3,10,10,bed,0
0124171_neurosketch,33,furniture,bed,476,109,1,160502.3,10,10,bed,0
0124171_neurosketch,33,furniture,table,477,110,0,165002.85,10,5,table,1
0124171_neurosketch,33,furniture,table,477,111,0,165002.85,10,5,table,0
0124171_neurosketch,33,furniture,table,477,112,0,165002.85,10,5,table,0
0124171_neurosketch,33,furniture,bench,478,113,1,169502.51,10,20,bench,1
0124171_neurosketch,33,furniture,bench,478,114,1,169502.51,10,20,bench,0
0124171_neurosketch,33,furniture,bench,478,115,1,169502.51,10,20,bench,0
0124171_neurosketch,33,furniture,bench,478,116,1,169502.51,10,20,bench,0
0124171_neurosketch,33,2,chair,479,117,0,175502.11,10,8,chair,1
0124171_neurosketch,33,2,chair,479,118,0,175502.11,10,8,chair,0
0124171_neurosketch,33,2,chair,479,119,0,175502.11,10,8,chair,0
0124171_neurosketch,33,furniture,bench,480,120,1,180002.95,10,13,bench,1
0124171_neurosketch,33,furniture,bench,480,121,1,180002.95,10,13,bench,0
0124171_neurosketch,33,furniture,chair,481,122,0,183002.92,10,11,chair,1
0124171_neurosketch,33,furniture,chair,481,123,0,183002.92,10,11,chair,0
0124171_neurosketch,33,furniture,chair,481,124,0,183002.92,10,11,chair,0
0124171_neurosketch,33,furniture,chair,481,125,0,183002.92,10,11,chair,0
0124171_neurosketch,33,furniture,bed,482,126,1,189002.64,10,19,bed,1
0124171_neurosketch,33,furniture,bed,482,127,1,189002.64,10,19,bed,0
0124171_neurosketch,33,furniture,table,483,128,0,192002.79,10,18,table,1
0124171_neurosketch,33,furniture,table,483,129,0,192002.79,10,18,table,0
0124171_neurosketch,33,furniture,table,483,130,0,192002.79,10,18,table,0
0124171_neurosketch,33,furniture,bench,484,131,1,196502.34,10,34,bench,1
0124171_neurosketch,33,furniture,bench,484,132,1,196502.34,10,34,bench,0
0124171_neurosketch,33,furniture,bench,484,133,1,196502.34,10,34,bench,0
0124171_neurosketch,33,furniture,bed,485,134,1,201004.03,10,34,bed,1
0124171_neurosketch,33,furniture,bed,485,135,1,201004.03,10,34,bed,0
0124171_neurosketch,33,furniture,table,486,136,0,204002.84,10,13,table,1
0124171_neurosketch,33,furniture,table,486,137,0,204002.84,10,13,table,0
0124171_neurosketch,33,furniture,table,486,138,0,204002.84,10,13,table,0
0124171_neurosketch,33,furniture,chair,487,139,0,208502.56,10,1,chair,1
0124171_neurosketch,33,furniture,chair,487,140,0,208502.56,10,1,chair,0
0124171_neurosketch,33,furniture,chair,487,141,0,208502.56,10,1,chair,0
0124171_neurosketch,33,furniture,chair,488,142,0,213002.57,10,30,chair,1
0124171_neurosketch,33,furniture,chair,488,143,0,213002.57,10,30,chair,0
0124171_neurosketch,33,furniture,chair,488,144,0,213002.57,10,30,chair,0
0124171_neurosketch,33,2,bed,489,145,1,217503.07,10,27,bed,1
0124171_neurosketch,33,2,bed,489,146,1,217503.07,10,27,bed,0
0124171_neurosketch,33,furniture,table,490,147,0,220503.09,10,1,,1
0124171_neurosketch,33,furniture,table,490,148,0,220503.09,10,1,,0
0124171_neurosketch,33,furniture,table,490,149,0,220503.09,10,1,,0
0124171_neurosketch,33,furniture,bench,491,150,1,225002.27,10,4,bench,1
0124171_neurosketch,33,furniture,bench,491,151,1,225002.27,10,4,bench,0
0124171_neurosketch,33,furniture,table,492,152,0,228003.54,10,31,table,1
0124171_neurosketch,33,furniture,table,492,153,0,228003.54,10,31,table,0
0124171_neurosketch,33,furniture,chair,493,154,0,231002.43,10,17,chair,1
0124171_neurosketch,33,furniture,chair,493,155,0,231002.43,10,17,chair,0
0124171_neurosketch,33,furniture,chair,493,156,0,231002.43,10,17,chair,0
0124171_neurosketch,33,furniture,chair,493,157,0,231002.43,10,17,chair,0
0124171_neurosketch,33,furniture,bench,494,158,1,237003.99,10,21,bench,1
0124171_neurosketch,33,furniture,bench,494,159,1,237003.99,10,21,bench,0
0124171_neurosketch,33,furniture,bed,495,160,1,240002.94,10,25,bed,1
0124171_neurosketch,33,furniture,bed,495,161,1,240002.94,10,25,bed,0
0124171_neurosketch,33,furniture,chair,496,162,0,243002.37,10,10,chair,1
0124171_neurosketch,33,furniture,chair,496,163,0,243002.37,10,10,chair,0
0124171_neurosketch,33,furniture,bed,497,164,1,246002.8,10,39,bed,1
0124171_neurosketch,33,furniture,bed,497,165,1,246002.8,10,39,bed,0
0124171_neurosketch,33,furniture,bed,497,166,1,246002.8,10,39,bed,0
0124171_neurosketch,33,furniture,bench,498,167,1,250502.91,10,17,bench,1
0124171_neurosketch,33,furniture,bench,498,168,1,250502.91,10,17,bench,0
0124171_neurosketch,33,furniture,bench,498,169,1,250502.91,10,17,bench,0
0124171_neurosketch,33,2,table,499,170,0,255002.99,10,14,table,1
0124171_neurosketch,33,2,table,499,171,0,255002.99,10,14,table,0
0124171_neurosketch,33,furniture,bed,500,172,1,258002.19,10,36,bed,1
0124171_neurosketch,33,furniture,bed,500,173,1,258002.19,10,36,bed,0
0124171_neurosketch,33,furniture,bed,500,174,1,258002.19,10,36,bed,0
0124171_neurosketch,33,furniture,table,501,175,0,262503.3,10,12,table,1
0124171_neurosketch,33,furniture,table,501,176,0,262503.3,10,12,table,0
0124171_neurosketch,33,furniture,bench,502,177,1,265502.18,10,3,bench,1
0124171_neurosketch,33,furniture,bench,502,178,1,265502.18,10,3,bench,0
0124171_neurosketch,33,furniture,chair,503,179,0,268502.35,10,5,chair,1
0124171_neurosketch,33,furniture,chair,503,180,0,268502.35,10,5,chair,0
0124171_neurosketch,33,furniture,chair,503,181,0,268502.35,10,5,chair,0
0124171_neurosketch,33,furniture,bed,504,182,1,273003.06,10,18,bed,1
0124171_neurosketch,33,furniture,bed,504,183,1,273003.06,10,18,bed,0
0124171_neurosketch,33,furniture,table,505,184,0,276002.74,10,11,table,1
0124171_neurosketch,33,furniture,table,505,185,0,276002.74,10,11,table,0
0124171_neurosketch,33,furniture,table,505,186,0,276002.74,10,11,table,0
0124171_neurosketch,33,furniture,table,505,187,0,276002.74,10,11,table,0
0124171_neurosketch,33,furniture,chair,506,188,0,282002.65,10,31,chair,1
0124171_neurosketch,33,furniture,chair,506,189,0,282002.65,10,31,chair,0
0124171_neurosketch,33,furniture,chair,506,190,0,282002.65,10,31,chair,0
0124171_neurosketch,33,furniture,bench,507,191,1,286503.06,10,28,bench,1
0124171_neurosketch,33,furniture,bench,507,192,1,286503.06,10,28,bench,0
0124171_neurosketch,33,furniture,bench,507,193,1,286503.06,10,28,bench,0
0124171_neurosketch,33,furniture,bench,508,194,1,291002.32,10,32,bench,1
0124171_neurosketch,33,furniture,bench,508,195,1,291002.32,10,32,bench,0
0124171_neurosketch,33,furniture,bench,508,196,1,291002.32,10,32,bench,0
0124171_neurosketch,33,furniture,bench,508,197,1,291002.32,10,32,bench,0
0124171_neurosketch,33,2,bed,509,198,1,297003.07,10,21,bed,1
0124171_neurosketch,33,2,bed,509,199,1,297003.07,10,21,bed,0
0124171_neurosketch,33,2,bed,509,200,1,297003.07,10,21,bed,0
0124171_neurosketch,33,furniture,table,510,201,0,301502.59,10,34,table,1
0124171_neurosketch,33,furniture,table,510,202,0,301502.59,10,34,table,0
0124171_neurosketch,33,furniture,chair,511,203,0,304502.11,10,18,chair,1
0124171_neurosketch,33,furniture,chair,511,204,0,304502.11,10,18,chair,0
0124171_neurosketch,33,furniture,chair,511,205,0,304502.11,10,18,chair,0
0124171_neurosketch,33,furniture,chair,511,206,0,304502.11,10,18,chair,0
0124171_neurosketch,33,furniture,bed,512,207,1,310502.53,10,32,bed,1
0124171_neurosketch,33,furniture,bed,512,208,1,310502.53,10,32,bed,0
0124171_neurosketch,33,furniture,bed,512,209,1,310502.53,10,32,bed,0
0124171_neurosketch,33,furniture,bed,512,210,1,310502.53,10,32,bed,0
0124171_neurosketch,33,furniture,table,513,211,0,316502.75,10,9,table,1
0124171_neurosketch,33,furniture,table,513,212,0,316502.75,10,9,table,0
0124171_neurosketch,33,furniture,bench,514,213,1,319502.49,10,19,bench,1
0124171_neurosketch,33,furniture,bench,514,214,1,319502.49,10,19,bench,0
0124171_neurosketch,33,furniture,bench,514,215,1,319502.49,10,19,bench,0
0124171_neurosketch,33,furniture,bench,514,216,1,319502.49,10,19,bench,0
0124171_neurosketch,33,furniture,chair,515,217,0,325502.33,10,3,chair,1
0124171_neurosketch,33,furniture,chair,515,218,0,325502.33,10,3,chair,0
0124171_neurosketch,33,furniture,bed,516,219,1,328502.97,10,35,bed,1
0124171_neurosketch,33,furniture,bed,516,220,1,328502.97,10,35,bed,0
0124171_neurosketch,33,furniture,bed,516,221,1,328502.97,10,35,bed,0
0124171_neurosketch,33,furniture,bench,517,222,1,333002.15,10,35,bench,1
0124171_neurosketch,33,furniture,bench,517,223,1,333002.15,10,35,bench,0
0124171_neurosketch,33,furniture,bench,517,224,1,333002.15,10,35,bench,0
0124171_neurosketch,33,furniture,table,518,225,0,337502.63,10,36,table,1
0124171_neurosketch,33,furniture,table,518,226,0,337502.63,10,36,table,0
0124171_neurosketch,33,furniture,table,518,227,0,337502.63,10,36,table,0
0124171_neurosketch,33,furniture,table,518,228,0,337502.63,10,36,table,0
0124171_neurosketch,33,2,chair,519,229,0,343503.28,10,25,chair,1
0124171_neurosketch,33,2,chair,519,230,0,343503.28,10,25,chair,0
0124171_neurosketch,33,2,chair,519,231,0,343503.28,10,25,chair,0
0124171_neurosketch,33,2,chair,519,232,0,343503.28,10,25,chair,0
0124171_neurosketch,33,2,chair,519,233,0,343503.28,10,25,chair,0
0124171_neurosketch,33,2,chair,519,234,0,343503.28,10,25,chair,0
0124171_neurosketch,33,2,chair,519,235,0,343503.28,10,25,chair,0
0124171_neurosketch,33,2,chair,519,236,0,343503.28,10,25,chair,0
0124171_neurosketch,33,2,chair,519,237,0,343503.28,10,25,chair,0
0124171_neurosketch,33,2,chair,519,238,0,343503.28,10,25,chair,0
0124171_neurosketch,33,2,chair,519,239,0,343503.28,10,25,chair,0
