wID,versionNum,category,object,trial,TRnum,condition,onset_time,run_num,viewpoint,response,onset
0125172_neurosketch,21,furniture,bench,0,0,-1,0.0,1,0,,0
0125172_neurosketch,21,furniture,bench,0,1,-1,0.0,1,0,,0
0125172_neurosketch,21,furniture,bench,0,2,-1,0.0,1,0,,0
0125172_neurosketch,21,furniture,bench,0,3,-1,0.0,1,0,,0
0125172_neurosketch,21,furniture,bench,0,4,-1,0.0,1,0,,0
0125172_neurosketch,21,furniture,bench,0,5,-1,0.0,1,0,,0
0125172_neurosketch,21,furniture,bench,0,6,-1,0.0,1,0,,0
0125172_neurosketch,21,furniture,bench,0,7,-1,0.0,1,0,,0
0125172_neurosketch,21,furniture,bench,0,8,1,12002.41,1,0,,1
0125172_neurosketch,21,furniture,bench,0,9,1,12002.41,1,0,,0
0125172_neurosketch,21,furniture,bench,0,10,1,12002.41,1,0,,0
0125172_neurosketch,21,furniture,bench,0,11,1,12002.41,1,0,,0
0125172_neurosketch,21,furniture,bench,0,12,1,12002.41,1,0,,0
0125172_neurosketch,21,furniture,bench,0,13,1,12002.41,1,0,,0
0125172_neurosketch,21,furniture,bench,0,14,1,12002.41,1,0,,0
0125172_neurosketch,21,furniture,chair,1,15,0,22501.67,1,4,,1
0125172_neurosketch,21,furniture,chair,1,16,0,22501.67,1,4,,0
0125172_neurosketch,21,furniture,bed,2,17,0,25501.83,1,31,,1
0125172_neurosketch,21,furniture,bed,2,18,0,25501.83,1,31,,0
0125172_neurosketch,21,furniture,bed,2,19,0,25501.83,1,31,,0
0125172_neurosketch,21,furniture,table,3,20,1,30001.21,1,11,table,1
0125172_neurosketch,21,furniture,table,3,21,1,30001.21,1,11,table,0
0125172_neurosketch,21,furniture,table,3,22,1,30001.21,1,11,table,0
0125172_neurosketch,21,furniture,bench,4,23,1,34502.18,1,22,,1
0125172_neurosketch,21,furniture,bench,4,24,1,34502.18,1,22,,0
0125172_neurosketch,21,furniture,bench,4,25,1,34502.18,1,22,,0
0125172_neurosketch,21,furniture,bench,4,26,1,34502.18,1,22,,0
0125172_neurosketch,21,furniture,bed,5,27,0,40500.99,1,1,,1
0125172_neurosketch,21,furniture,bed,5,28,0,40500.99,1,1,,0
0125172_neurosketch,21,furniture,bed,5,29,0,40500.99,1,1,,0
0125172_neurosketch,21,furniture,bed,5,30,0,40500.99,1,1,,0
0125172_neurosketch,21,furniture,chair,6,31,0,46500.75,1,26,,1
0125172_neurosketch,21,furniture,chair,6,32,0,46500.75,1,26,,0
0125172_neurosketch,21,furniture,table,7,33,1,49501.35,1,15,,1
0125172_neurosketch,21,furniture,table,7,34,1,49501.35,1,15,,0
0125172_neurosketch,21,furniture,table,7,35,1,49501.35,1,15,,0
0125172_neurosketch,21,furniture,table,7,36,1,49501.35,1,15,,0
0125172_neurosketch,21,furniture,chair,8,37,0,55500.94,1,31,chair,1
0125172_neurosketch,21,furniture,chair,8,38,0,55500.94,1,31,chair,0
0125172_neurosketch,21,furniture,chair,8,39,0,55500.94,1,31,chair,0
0125172_neurosketch,21,2,bench,9,40,1,60000.97,1,26,,1
0125172_neurosketch,21,2,bench,9,41,1,60000.97,1,26,,0
0125172_neurosketch,21,furniture,table,10,42,1,63001.4,1,27,,1
0125172_neurosketch,21,furniture,table,10,43,1,63001.4,1,27,,0
0125172_neurosketch,21,furniture,table,10,44,1,63001.4,1,27,,0
0125172_neurosketch,21,furniture,bed,11,45,0,67501.42,1,3,bed,1
0125172_neurosketch,21,furniture,bed,11,46,0,67501.42,1,3,bed,0
0125172_neurosketch,21,furniture,bed,11,47,0,67501.42,1,3,bed,0
0125172_neurosketch,21,furniture,chair,12,48,0,72002.01,1,35,chair,1
0125172_neurosketch,21,furniture,chair,12,49,0,72002.01,1,35,chair,0
0125172_neurosketch,21,furniture,table,13,50,1,75001.56,1,38,,1
0125172_neurosketch,21,furniture,table,13,51,1,75001.56,1,38,,0
0125172_neurosketch,21,furniture,table,13,52,1,75001.56,1,38,,0
0125172_neurosketch,21,furniture,table,13,53,1,75001.56,1,38,,0
0125172_neurosketch,21,furniture,bench,14,54,1,81000.93,1,32,,1
0125172_neurosketch,21,furniture,bench,14,55,1,81000.93,1,32,,0
0125172_neurosketch,21,furniture,bench,14,56,1,81000.93,1,32,,0
0125172_neurosketch,21,furniture,bed,15,57,0,85501.19,1,25,,1
0125172_neurosketch,21,furniture,bed,15,58,0,85501.19,1,25,,0
0125172_neurosketch,21,furniture,bed,15,59,0,85501.19,1,25,,0
0125172_neurosketch,21,furniture,table,16,60,1,90001.16,1,19,,1
0125172_neurosketch,21,furniture,table,16,61,1,90001.16,1,19,,0
0125172_neurosketch,21,furniture,bench,17,62,1,93002.36,1,36,,1
0125172_neurosketch,21,furniture,bench,17,63,1,93002.36,1,36,,0
0125172_neurosketch,21,furniture,bench,17,64,1,93002.36,1,36,,0
0125172_neurosketch,21,furniture,bed,18,65,0,97501.91,1,19,,1
0125172_neurosketch,21,furniture,bed,18,66,0,97501.91,1,19,,0
0125172_neurosketch,21,furniture,bed,18,67,0,97501.91,1,19,,0
0125172_neurosketch,21,2,chair,19,68,0,102001.88,1,17,,1
0125172_neurosketch,21,2,chair,19,69,0,102001.88,1,17,,0
0125172_neurosketch,21,2,chair,19,70,0,102001.88,1,17,,0
0125172_neurosketch,21,furniture,bench,20,71,1,106501.69,1,30,,1
0125172_neurosketch,21,furniture,bench,20,72,1,106501.69,1,30,,0
0125172_neurosketch,21,furniture,bed,21,73,0,109501.04,1,28,,1
0125172_neurosketch,21,furniture,bed,21,74,0,109501.04,1,28,,0
0125172_neurosketch,21,furniture,bed,21,75,0,109501.04,1,28,,0
0125172_neurosketch,21,furniture,table,22,76,1,114001.74,1,26,,1
0125172_neurosketch,21,furniture,table,22,77,1,114001.74,1,26,,0
0125172_neurosketch,21,furniture,chair,23,78,0,117003.38,1,23,chair,1
0125172_neurosketch,21,furniture,chair,23,79,0,117003.38,1,23,chair,0
0125172_neurosketch,21,furniture,table,24,80,1,120001.41,1,20,,1
0125172_neurosketch,21,furniture,table,24,81,1,120001.41,1,20,,0
0125172_neurosketch,21,furniture,chair,25,82,0,123001.69,1,1,,1
0125172_neurosketch,21,furniture,chair,25,83,0,123001.69,1,1,,0
0125172_neurosketch,21,furniture,chair,25,84,0,123001.69,1,1,,0
0125172_neurosketch,21,furniture,bench,26,85,1,127503.83,1,14,,1
0125172_neurosketch,21,furniture,bench,26,86,1,127503.83,1,14,,0
0125172_neurosketch,21,furniture,bed,27,87,0,130502.21,1,15,,1
0125172_neurosketch,21,furniture,bed,27,88,0,130502.21,1,15,,0
0125172_neurosketch,21,furniture,bed,28,89,0,133501.71,1,18,,1
0125172_neurosketch,21,furniture,bed,28,90,0,133501.71,1,18,,0
0125172_neurosketch,21,2,chair,29,91,0,136502.5,1,21,,1
0125172_neurosketch,21,2,chair,29,92,0,136502.5,1,21,,0
0125172_neurosketch,21,2,chair,29,93,0,136502.5,1,21,,0
0125172_neurosketch,21,2,chair,29,94,0,136502.5,1,21,,0
0125172_neurosketch,21,furniture,bench,30,95,1,142502.27,1,37,bench,1
0125172_neurosketch,21,furniture,bench,30,96,1,142502.27,1,37,bench,0
0125172_neurosketch,21,furniture,table,31,97,1,145502.11,1,28,,1
0125172_neurosketch,21,furniture,table,31,98,1,145502.11,1,28,,0
0125172_neurosketch,21,furniture,bed,32,99,0,148502.12,1,10,,1
0125172_neurosketch,21,furniture,bed,32,100,0,148502.12,1,10,,0
0125172_neurosketch,21,furniture,bed,32,101,0,148502.12,1,10,,0
0125172_neurosketch,21,furniture,chair,33,102,0,153002.1,1,3,,1
0125172_neurosketch,21,furniture,chair,33,103,0,153002.1,1,3,,0
0125172_neurosketch,21,furniture,chair,33,104,0,153002.1,1,3,,0
0125172_neurosketch,21,furniture,chair,33,105,0,153002.1,1,3,,0
0125172_neurosketch,21,furniture,table,34,106,1,159000.75,1,13,,1
0125172_neurosketch,21,furniture,table,34,107,1,159000.75,1,13,,0
0125172_neurosketch,21,furniture,table,34,108,1,159000.75,1,13,,0
0125172_neurosketch,21,furniture,bench,35,109,1,163501.53,1,25,,1
0125172_neurosketch,21,furniture,bench,35,110,1,163501.53,1,25,,0
0125172_neurosketch,21,furniture,bench,35,111,1,163501.53,1,25,,0
0125172_neurosketch,21,furniture,bench,35,112,1,163501.53,1,25,,0
0125172_neurosketch,21,furniture,chair,36,113,0,169502.55,1,2,,1
0125172_neurosketch,21,furniture,chair,36,114,0,169502.55,1,2,,0
0125172_neurosketch,21,furniture,bed,37,115,0,172502.45,1,12,,1
0125172_neurosketch,21,furniture,bed,37,116,0,172502.45,1,12,,0
0125172_neurosketch,21,furniture,bench,38,117,1,175502.26,1,23,,1
0125172_neurosketch,21,furniture,bench,38,118,1,175502.26,1,23,,0
0125172_neurosketch,21,furniture,bench,38,119,1,175502.26,1,23,,0
0125172_neurosketch,21,2,table,39,120,1,180001.4,1,22,,1
0125172_neurosketch,21,2,table,39,121,1,180001.4,1,22,,0
0125172_neurosketch,21,2,table,39,122,1,180001.4,1,22,,0
0125172_neurosketch,21,2,table,39,123,1,180001.4,1,22,,0
0125172_neurosketch,21,furniture,bed,40,124,0,186001.92,1,37,,1
0125172_neurosketch,21,furniture,bed,40,125,0,186001.92,1,37,,0
0125172_neurosketch,21,furniture,bed,40,126,0,186001.92,1,37,,0
0125172_neurosketch,21,furniture,chair,41,127,0,190502.93,1,30,chair,1
0125172_neurosketch,21,furniture,chair,41,128,0,190502.93,1,30,chair,0
0125172_neurosketch,21,furniture,table,42,129,1,193502.34,1,5,,1
0125172_neurosketch,21,furniture,table,42,130,1,193502.34,1,5,,0
0125172_neurosketch,21,furniture,table,42,131,1,193502.34,1,5,,0
0125172_neurosketch,21,furniture,bench,43,132,1,198001.8,1,27,,1
0125172_neurosketch,21,furniture,bench,43,133,1,198001.8,1,27,,0
0125172_neurosketch,21,furniture,bench,43,134,1,198001.8,1,27,,0
0125172_neurosketch,21,furniture,bed,44,135,0,202502.25,1,24,,1
0125172_neurosketch,21,furniture,bed,44,136,0,202502.25,1,24,,0
0125172_neurosketch,21,furniture,bed,44,137,0,202502.25,1,24,,0
0125172_neurosketch,21,furniture,bed,44,138,0,202502.25,1,24,,0
0125172_neurosketch,21,furniture,chair,45,139,0,208501.71,1,36,,1
0125172_neurosketch,21,furniture,chair,45,140,0,208501.71,1,36,,0
0125172_neurosketch,21,furniture,chair,45,141,0,208501.71,1,36,,0
0125172_neurosketch,21,furniture,chair,45,142,0,208501.71,1,36,,0
0125172_neurosketch,21,furniture,table,46,143,1,214501.42,1,23,,1
0125172_neurosketch,21,furniture,table,46,144,1,214501.42,1,23,,0
0125172_neurosketch,21,furniture,bench,47,145,1,217502.14,1,38,,1
0125172_neurosketch,21,furniture,bench,47,146,1,217502.14,1,38,,0
0125172_neurosketch,21,furniture,bench,47,147,1,217502.14,1,38,,0
0125172_neurosketch,21,furniture,bench,47,148,1,217502.14,1,38,,0
0125172_neurosketch,21,furniture,bed,48,149,0,223502.53,1,38,,1
0125172_neurosketch,21,furniture,bed,48,150,0,223502.53,1,38,,0
0125172_neurosketch,21,furniture,bed,48,151,0,223502.53,1,38,,0
0125172_neurosketch,21,2,chair,49,152,0,228001.28,1,5,,1
0125172_neurosketch,21,2,chair,49,153,0,228001.28,1,5,,0
0125172_neurosketch,21,furniture,table,50,154,1,231001.24,1,7,,1
0125172_neurosketch,21,furniture,table,50,155,1,231001.24,1,7,,0
0125172_neurosketch,21,furniture,table,50,156,1,231001.24,1,7,,0
0125172_neurosketch,21,furniture,bench,51,157,1,235501.75,1,12,,1
0125172_neurosketch,21,furniture,bench,51,158,1,235501.75,1,12,,0
0125172_neurosketch,21,furniture,bench,51,159,1,235501.75,1,12,,0
0125172_neurosketch,21,furniture,chair,52,160,0,240001.61,1,37,,1
0125172_neurosketch,21,furniture,chair,52,161,0,240001.61,1,37,,0
0125172_neurosketch,21,furniture,bench,53,162,1,243000.99,1,5,,1
0125172_neurosketch,21,furniture,bench,53,163,1,243000.99,1,5,,0
0125172_neurosketch,21,furniture,bench,53,164,1,243000.99,1,5,,0
0125172_neurosketch,21,furniture,bench,53,165,1,243000.99,1,5,,0
0125172_neurosketch,21,furniture,table,54,166,1,249001.91,1,1,,1
0125172_neurosketch,21,furniture,table,54,167,1,249001.91,1,1,,0
0125172_neurosketch,21,furniture,table,54,168,1,249001.91,1,1,,0
0125172_neurosketch,21,furniture,bed,55,169,0,253501.72,1,36,,1
0125172_neurosketch,21,furniture,bed,55,170,0,253501.72,1,36,,0
0125172_neurosketch,21,furniture,bed,55,171,0,253501.72,1,36,,0
0125172_neurosketch,21,furniture,chair,56,172,0,258002.12,1,15,,1
0125172_neurosketch,21,furniture,chair,56,173,0,258002.12,1,15,,0
0125172_neurosketch,21,furniture,bench,57,174,1,261002.02,1,16,,1
0125172_neurosketch,21,furniture,bench,57,175,1,261002.02,1,16,,0
0125172_neurosketch,21,furniture,bench,57,176,1,261002.02,1,16,,0
0125172_neurosketch,21,furniture,table,58,177,1,265502.05,1,21,,1
0125172_neurosketch,21,furniture,table,58,178,1,265502.05,1,21,,0
0125172_neurosketch,21,furniture,table,58,179,1,265502.05,1,21,,0
0125172_neurosketch,21,2,bed,59,180,0,270001.89,1,20,,1
0125172_neurosketch,21,2,bed,59,181,0,270001.89,1,20,,0
0125172_neurosketch,21,2,bed,59,182,0,270001.89,1,20,,0
0125172_neurosketch,21,furniture,chair,60,183,0,274501.74,1,29,,1
0125172_neurosketch,21,furniture,chair,60,184,0,274501.74,1,29,,0
0125172_neurosketch,21,furniture,table,61,185,1,277501.93,1,2,,1
0125172_neurosketch,21,furniture,table,61,186,1,277501.93,1,2,,0
0125172_neurosketch,21,furniture,table,61,187,1,277501.93,1,2,,0
0125172_neurosketch,21,furniture,bench,62,188,1,282000.62,1,35,,1
0125172_neurosketch,21,furniture,bench,62,189,1,282000.62,1,35,,0
0125172_neurosketch,21,furniture,bed,63,190,0,285002.04,1,27,,1
0125172_neurosketch,21,furniture,bed,63,191,0,285002.04,1,27,,0
0125172_neurosketch,21,furniture,bench,64,192,1,288001.01,1,29,,1
0125172_neurosketch,21,furniture,bench,64,193,1,288001.01,1,29,,0
0125172_neurosketch,21,furniture,bed,65,194,0,291002.32,1,39,,1
0125172_neurosketch,21,furniture,bed,65,195,0,291002.32,1,39,,0
0125172_neurosketch,21,furniture,bed,65,196,0,291002.32,1,39,,0
0125172_neurosketch,21,furniture,table,66,197,1,295502.16,1,25,,1
0125172_neurosketch,21,furniture,table,66,198,1,295502.16,1,25,,0
0125172_neurosketch,21,furniture,chair,67,199,0,298500.93,1,20,,1
0125172_neurosketch,21,furniture,chair,67,200,0,298500.93,1,20,,0
0125172_neurosketch,21,furniture,bench,68,201,1,301502.43,1,2,,1
0125172_neurosketch,21,furniture,bench,68,202,1,301502.43,1,2,,0
0125172_neurosketch,21,2,table,69,203,1,304500.8,1,39,,1
0125172_neurosketch,21,2,table,69,204,1,304500.8,1,39,,0
0125172_neurosketch,21,2,table,69,205,1,304500.8,1,39,,0
0125172_neurosketch,21,2,table,69,206,1,304500.8,1,39,,0
0125172_neurosketch,21,furniture,bed,70,207,0,310501.58,1,11,,1
0125172_neurosketch,21,furniture,bed,70,208,0,310501.58,1,11,,0
0125172_neurosketch,21,furniture,chair,71,209,0,313501.83,1,24,chair,1
0125172_neurosketch,21,furniture,chair,71,210,0,313501.83,1,24,chair,0
0125172_neurosketch,21,furniture,bench,72,211,1,316500.99,1,1,,1
0125172_neurosketch,21,furniture,bench,72,212,1,316500.99,1,1,,0
0125172_neurosketch,21,furniture,bench,72,213,1,316500.99,1,1,,0
0125172_neurosketch,21,furniture,bed,73,214,0,321001.53,1,21,bed,1
0125172_neurosketch,21,furniture,bed,73,215,0,321001.53,1,21,bed,0
0125172_neurosketch,21,furniture,bed,73,216,0,321001.53,1,21,bed,0
0125172_neurosketch,21,furniture,bed,73,217,0,321001.53,1,21,bed,0
0125172_neurosketch,21,furniture,table,74,218,1,327001.32,1,0,table,1
0125172_neurosketch,21,furniture,table,74,219,1,327001.32,1,0,table,0
0125172_neurosketch,21,furniture,table,74,220,1,327001.32,1,0,table,0
0125172_neurosketch,21,furniture,chair,75,221,0,331502.44,1,12,chair,1
0125172_neurosketch,21,furniture,chair,75,222,0,331502.44,1,12,chair,0
0125172_neurosketch,21,furniture,chair,75,223,0,331502.44,1,12,chair,0
0125172_neurosketch,21,furniture,chair,75,224,0,331502.44,1,12,chair,0
0125172_neurosketch,21,furniture,bench,76,225,1,337502.35,1,18,bench,1
0125172_neurosketch,21,furniture,bench,76,226,1,337502.35,1,18,bench,0
0125172_neurosketch,21,furniture,chair,77,227,0,340502.27,1,0,chair,1
0125172_neurosketch,21,furniture,chair,77,228,0,340502.27,1,0,chair,0
0125172_neurosketch,21,furniture,table,78,229,1,343502.12,1,35,table,1
0125172_neurosketch,21,furniture,table,78,230,1,343502.12,1,35,table,0
0125172_neurosketch,21,furniture,table,78,231,1,343502.12,1,35,table,0
0125172_neurosketch,21,2,bed,79,232,0,348001.11,1,5,bed,1
0125172_neurosketch,21,2,bed,79,233,0,348001.11,1,5,bed,0
0125172_neurosketch,21,2,bed,79,234,0,348001.11,1,5,bed,0
0125172_neurosketch,21,2,bed,79,235,0,348001.11,1,5,bed,0
0125172_neurosketch,21,2,bed,79,236,0,348001.11,1,5,bed,0
0125172_neurosketch,21,2,bed,79,237,0,348001.11,1,5,bed,0
0125172_neurosketch,21,2,bed,79,238,0,348001.11,1,5,bed,0
0125172_neurosketch,21,2,bed,79,239,0,348001.11,1,5,bed,0
0125172_neurosketch,21,furniture,chair,80,0,-1,0.0,2,16,chair,0
0125172_neurosketch,21,furniture,chair,80,1,-1,0.0,2,16,chair,0
0125172_neurosketch,21,furniture,chair,80,2,-1,0.0,2,16,chair,0
0125172_neurosketch,21,furniture,chair,80,3,-1,0.0,2,16,chair,0
0125172_neurosketch,21,furniture,chair,80,4,-1,0.0,2,16,chair,0
0125172_neurosketch,21,furniture,chair,80,5,-1,0.0,2,16,chair,0
0125172_neurosketch,21,furniture,chair,80,6,-1,0.0,2,16,chair,0
0125172_neurosketch,21,furniture,chair,80,7,-1,0.0,2,16,chair,0
0125172_neurosketch,21,furniture,chair,80,8,0,12001.39,2,16,chair,1
0125172_neurosketch,21,furniture,chair,80,9,0,12001.39,2,16,chair,0
0125172_neurosketch,21,furniture,chair,80,10,0,12001.39,2,16,chair,0
0125172_neurosketch,21,furniture,bench,81,11,1,16500.73,2,31,bench,1
0125172_neurosketch,21,furniture,bench,81,12,1,16500.73,2,31,bench,0
0125172_neurosketch,21,furniture,table,82,13,1,19501.41,2,33,table,1
0125172_neurosketch,21,furniture,table,82,14,1,19501.41,2,33,table,0
0125172_neurosketch,21,furniture,table,82,15,1,19501.41,2,33,table,0
0125172_neurosketch,21,furniture,bed,83,16,0,24001.44,2,29,bed,1
0125172_neurosketch,21,furniture,bed,83,17,0,24001.44,2,29,bed,0
0125172_neurosketch,21,furniture,bed,83,18,0,24001.44,2,29,bed,0
0125172_neurosketch,21,furniture,chair,84,19,0,28501.21,2,25,chair,1
0125172_neurosketch,21,furniture,chair,84,20,0,28501.21,2,25,chair,0
0125172_neurosketch,21,furniture,chair,84,21,0,28501.21,2,25,chair,0
0125172_neurosketch,21,furniture,chair,84,22,0,28501.21,2,25,chair,0
0125172_neurosketch,21,furniture,bed,85,23,0,34500.73,2,17,bed,1
0125172_neurosketch,21,furniture,bed,85,24,0,34500.73,2,17,bed,0
0125172_neurosketch,21,furniture,bed,85,25,0,34500.73,2,17,bed,0
0125172_neurosketch,21,furniture,bed,85,26,0,34500.73,2,17,bed,0
0125172_neurosketch,21,furniture,bench,86,27,1,40501.49,2,34,bench,1
0125172_neurosketch,21,furniture,bench,86,28,1,40501.49,2,34,bench,0
0125172_neurosketch,21,furniture,table,87,29,1,43502.46,2,32,table,1
0125172_neurosketch,21,furniture,table,87,30,1,43502.46,2,32,table,0
0125172_neurosketch,21,furniture,table,87,31,1,43502.46,2,32,table,0
0125172_neurosketch,21,furniture,table,87,32,1,43502.46,2,32,table,0
0125172_neurosketch,21,furniture,table,88,33,1,49501.14,2,18,table,1
0125172_neurosketch,21,furniture,table,88,34,1,49501.14,2,18,table,0
0125172_neurosketch,21,furniture,table,88,35,1,49501.14,2,18,table,0
0125172_neurosketch,21,2,bench,89,36,1,54001.01,2,19,bench,1
0125172_neurosketch,21,2,bench,89,37,1,54001.01,2,19,bench,0
0125172_neurosketch,21,furniture,bed,90,38,0,57001.05,2,7,bed,1
0125172_neurosketch,21,furniture,bed,90,39,0,57001.05,2,7,bed,0
0125172_neurosketch,21,furniture,bed,90,40,0,57001.05,2,7,bed,0
0125172_neurosketch,21,furniture,chair,91,41,0,61501.93,2,39,chair,1
0125172_neurosketch,21,furniture,chair,91,42,0,61501.93,2,39,chair,0
0125172_neurosketch,21,furniture,chair,91,43,0,61501.93,2,39,chair,0
0125172_neurosketch,21,furniture,bench,92,44,1,66000.94,2,33,bench,1
0125172_neurosketch,21,furniture,bench,92,45,1,66000.94,2,33,bench,0
0125172_neurosketch,21,furniture,bed,93,46,0,69001.31,2,4,bed,1
0125172_neurosketch,21,furniture,bed,93,47,0,69001.31,2,4,bed,0
0125172_neurosketch,21,furniture,bed,93,48,0,69001.31,2,4,bed,0
0125172_neurosketch,21,furniture,bed,93,49,0,69001.31,2,4,bed,0
0125172_neurosketch,21,furniture,table,94,50,1,75000.77,2,6,table,1
0125172_neurosketch,21,furniture,table,94,51,1,75000.77,2,6,table,0
0125172_neurosketch,21,furniture,table,94,52,1,75000.77,2,6,table,0
0125172_neurosketch,21,furniture,chair,95,53,0,79502.4,2,14,chair,1
0125172_neurosketch,21,furniture,chair,95,54,0,79502.4,2,14,chair,0
0125172_neurosketch,21,furniture,chair,95,55,0,79502.4,2,14,chair,0
0125172_neurosketch,21,furniture,table,96,56,1,84002.57,2,17,table,1
0125172_neurosketch,21,furniture,table,96,57,1,84002.57,2,17,table,0
0125172_neurosketch,21,furniture,bench,97,58,1,87001.8,2,24,,1
0125172_neurosketch,21,furniture,bench,97,59,1,87001.8,2,24,,0
0125172_neurosketch,21,furniture,bench,97,60,1,87001.8,2,24,,0
0125172_neurosketch,21,furniture,chair,98,61,0,91502.0,2,10,chair,1
0125172_neurosketch,21,furniture,chair,98,62,0,91502.0,2,10,chair,0
0125172_neurosketch,21,furniture,chair,98,63,0,91502.0,2,10,chair,0
0125172_neurosketch,21,2,bed,99,64,0,96003.46,2,6,bed,1
0125172_neurosketch,21,2,bed,99,65,0,96003.46,2,6,bed,0
0125172_neurosketch,21,2,bed,99,66,0,96003.46,2,6,bed,0
0125172_neurosketch,21,furniture,bench,100,67,1,100501.08,2,6,bench,1
0125172_neurosketch,21,furniture,bench,100,68,1,100501.08,2,6,bench,0
0125172_neurosketch,21,furniture,chair,101,69,0,103502.39,2,18,chair,1
0125172_neurosketch,21,furniture,chair,101,70,0,103502.39,2,18,chair,0
0125172_neurosketch,21,furniture,chair,101,71,0,103502.39,2,18,chair,0
0125172_neurosketch,21,furniture,bed,102,72,0,108002.74,2,23,bed,1
0125172_neurosketch,21,furniture,bed,102,73,0,108002.74,2,23,bed,0
0125172_neurosketch,21,furniture,table,103,74,1,111003.29,2,8,table,1
0125172_neurosketch,21,furniture,table,103,75,1,111003.29,2,8,table,0
0125172_neurosketch,21,furniture,bench,104,76,1,114003.35,2,21,bench,1
0125172_neurosketch,21,furniture,bench,104,77,1,114003.35,2,21,bench,0
0125172_neurosketch,21,furniture,chair,105,78,0,117001.9,2,33,,1
0125172_neurosketch,21,furniture,chair,105,79,0,117001.9,2,33,,0
0125172_neurosketch,21,furniture,chair,105,80,0,117001.9,2,33,,0
0125172_neurosketch,21,furniture,bed,106,81,0,121501.62,2,8,bed,1
0125172_neurosketch,21,furniture,bed,106,82,0,121501.62,2,8,bed,0
0125172_neurosketch,21,furniture,table,107,83,1,124501.37,2,37,table,1
0125172_neurosketch,21,furniture,table,107,84,1,124501.37,2,37,table,0
0125172_neurosketch,21,furniture,chair,108,85,0,127502.04,2,13,chair,1
0125172_neurosketch,21,furniture,chair,108,86,0,127502.04,2,13,chair,0
0125172_neurosketch,21,2,bench,109,87,1,130501.67,2,10,bench,1
0125172_neurosketch,21,2,bench,109,88,1,130501.67,2,10,bench,0
0125172_neurosketch,21,2,bench,109,89,1,130501.67,2,10,bench,0
0125172_neurosketch,21,2,bench,109,90,1,130501.67,2,10,bench,0
0125172_neurosketch,21,furniture,bed,110,91,0,136502.0,2,0,bed,1
0125172_neurosketch,21,furniture,bed,110,92,0,136502.0,2,0,bed,0
0125172_neurosketch,21,furniture,table,111,93,1,139501.97,2,29,table,1
0125172_neurosketch,21,furniture,table,111,94,1,139501.97,2,29,table,0
0125172_neurosketch,21,furniture,chair,112,95,0,142501.94,2,38,chair,1
0125172_neurosketch,21,furniture,chair,112,96,0,142501.94,2,38,chair,0
0125172_neurosketch,21,furniture,chair,112,97,0,142501.94,2,38,chair,0
0125172_neurosketch,21,furniture,table,113,98,1,147000.69,2,12,table,1
0125172_neurosketch,21,furniture,table,113,99,1,147000.69,2,12,table,0
0125172_neurosketch,21,furniture,table,113,100,1,147000.69,2,12,table,0
0125172_neurosketch,21,furniture,table,113,101,1,147000.69,2,12,table,0
0125172_neurosketch,21,furniture,bed,114,102,0,153001.89,2,22,bed,1
0125172_neurosketch,21,furniture,bed,114,103,0,153001.89,2,22,bed,0
0125172_neurosketch,21,furniture,bed,114,104,0,153001.89,2,22,bed,0
0125172_neurosketch,21,furniture,bench,115,105,1,157502.58,2,4,bench,1
0125172_neurosketch,21,furniture,bench,115,106,1,157502.58,2,4,bench,0
0125172_neurosketch,21,furniture,bench,115,107,1,157502.58,2,4,bench,0
0125172_neurosketch,21,furniture,bench,115,108,1,157502.58,2,4,bench,0
0125172_neurosketch,21,furniture,table,116,109,1,163502.5,2,36,table,1
0125172_neurosketch,21,furniture,table,116,110,1,163502.5,2,36,table,0
0125172_neurosketch,21,furniture,chair,117,111,0,166501.98,2,22,chair,1
0125172_neurosketch,21,furniture,chair,117,112,0,166501.98,2,22,chair,0
0125172_neurosketch,21,furniture,bed,118,113,0,169501.98,2,2,bed,1
0125172_neurosketch,21,furniture,bed,118,114,0,169501.98,2,2,bed,0
0125172_neurosketch,21,furniture,bed,118,115,0,169501.98,2,2,bed,0
0125172_neurosketch,21,2,bench,119,116,1,174002.6,2,9,bench,1
0125172_neurosketch,21,2,bench,119,117,1,174002.6,2,9,bench,0
0125172_neurosketch,21,2,bench,119,118,1,174002.6,2,9,bench,0
0125172_neurosketch,21,2,bench,119,119,1,174002.6,2,9,bench,0
0125172_neurosketch,21,furniture,bench,120,120,1,180001.36,2,28,bench,1
0125172_neurosketch,21,furniture,bench,120,121,1,180001.36,2,28,bench,0
0125172_neurosketch,21,furniture,bench,120,122,1,180001.36,2,28,bench,0
0125172_neurosketch,21,furniture,table,121,123,1,184502.04,2,30,table,1
0125172_neurosketch,21,furniture,table,121,124,1,184502.04,2,30,table,0
0125172_neurosketch,21,furniture,chair,122,125,0,187502.04,2,32,chair,1
0125172_neurosketch,21,furniture,chair,122,126,0,187502.04,2,32,chair,0
0125172_neurosketch,21,furniture,chair,122,127,0,187502.04,2,32,chair,0
0125172_neurosketch,21,furniture,bed,123,128,0,192002.39,2,35,bed,1
0125172_neurosketch,21,furniture,bed,123,129,0,192002.39,2,35,bed,0
0125172_neurosketch,21,furniture,bed,123,130,0,192002.39,2,35,bed,0
0125172_neurosketch,21,furniture,bed,124,131,0,196502.04,2,33,bed,1
0125172_neurosketch,21,furniture,bed,124,132,0,196502.04,2,33,bed,0
0125172_neurosketch,21,furniture,bed,124,133,0,196502.04,2,33,bed,0
0125172_neurosketch,21,furniture,bed,124,134,0,196502.04,2,33,bed,0
0125172_neurosketch,21,furniture,bench,125,135,1,202502.17,2,15,bench,1
0125172_neurosketch,21,furniture,bench,125,136,1,202502.17,2,15,bench,0
0125172_neurosketch,21,furniture,bench,125,137,1,202502.17,2,15,bench,0
0125172_neurosketch,21,furniture,bench,125,138,1,202502.17,2,15,bench,0
0125172_neurosketch,21,furniture,chair,126,139,0,208501.46,2,9,chair,1
0125172_neurosketch,21,furniture,chair,126,140,0,208501.46,2,9,chair,0
0125172_neurosketch,21,furniture,table,127,141,1,211501.77,2,4,table,1
0125172_neurosketch,21,furniture,table,127,142,1,211501.77,2,4,table,0
0125172_neurosketch,21,furniture,table,127,143,1,211501.77,2,4,table,0
0125172_neurosketch,21,furniture,table,127,144,1,211501.77,2,4,table,0
0125172_neurosketch,21,furniture,chair,128,145,0,217503.15,2,28,chair,1
0125172_neurosketch,21,furniture,chair,128,146,0,217503.15,2,28,chair,0
0125172_neurosketch,21,furniture,chair,128,147,0,217503.15,2,28,chair,0
0125172_neurosketch,21,2,bed,129,148,0,222002.0,2,34,bed,1
0125172_neurosketch,21,2,bed,129,149,0,222002.0,2,34,bed,0
0125172_neurosketch,21,furniture,table,130,150,1,225001.27,2,10,table,1
0125172_neurosketch,21,furniture,table,130,151,1,225001.27,2,10,table,0
0125172_neurosketch,21,furniture,table,130,152,1,225001.27,2,10,table,0
0125172_neurosketch,21,furniture,bench,131,153,1,229502.34,2,11,,1
0125172_neurosketch,21,furniture,bench,131,154,1,229502.34,2,11,,0
0125172_neurosketch,21,furniture,bench,131,155,1,229502.34,2,11,,0
0125172_neurosketch,21,furniture,bench,132,156,1,234002.32,2,7,bench,1
0125172_neurosketch,21,furniture,bench,132,157,1,234002.32,2,7,bench,0
0125172_neurosketch,21,furniture,chair,133,158,0,237001.82,2,7,chair,1
0125172_neurosketch,21,furniture,chair,133,159,0,237001.82,2,7,chair,0
0125172_neurosketch,21,furniture,chair,133,160,0,237001.82,2,7,chair,0
0125172_neurosketch,21,furniture,chair,133,161,0,237001.82,2,7,chair,0
0125172_neurosketch,21,furniture,bed,134,162,0,243002.17,2,13,bed,1
0125172_neurosketch,21,furniture,bed,134,163,0,243002.17,2,13,bed,0
0125172_neurosketch,21,furniture,bed,134,164,0,243002.17,2,13,bed,0
0125172_neurosketch,21,furniture,table,135,165,1,247501.48,2,31,table,1
0125172_neurosketch,21,furniture,table,135,166,1,247501.48,2,31,table,0
0125172_neurosketch,21,furniture,table,135,167,1,247501.48,2,31,table,0
0125172_neurosketch,21,furniture,table,136,168,1,252001.87,2,14,table,1
0125172_neurosketch,21,furniture,table,136,169,1,252001.87,2,14,table,0
0125172_neurosketch,21,furniture,bed,137,170,0,255002.27,2,32,bed,1
0125172_neurosketch,21,furniture,bed,137,171,0,255002.27,2,32,bed,0
0125172_neurosketch,21,furniture,bed,137,172,0,255002.27,2,32,bed,0
0125172_neurosketch,21,furniture,bench,138,173,1,259502.13,2,3,bench,1
0125172_neurosketch,21,furniture,bench,138,174,1,259502.13,2,3,bench,0
0125172_neurosketch,21,furniture,bench,138,175,1,259502.13,2,3,bench,0
0125172_neurosketch,21,2,chair,139,176,0,264002.65,2,6,chair,1
0125172_neurosketch,21,2,chair,139,177,0,264002.65,2,6,chair,0
0125172_neurosketch,21,2,chair,139,178,0,264002.65,2,6,chair,0
0125172_neurosketch,21,furniture,bed,140,179,0,268501.67,2,16,bed,1
0125172_neurosketch,21,furniture,bed,140,180,0,268501.67,2,16,bed,0
0125172_neurosketch,21,furniture,bench,141,181,1,271501.93,2,20,bench,1
0125172_neurosketch,21,furniture,bench,141,182,1,271501.93,2,20,bench,0
0125172_neurosketch,21,furniture,bench,141,183,1,271501.93,2,20,bench,0
0125172_neurosketch,21,furniture,table,142,184,1,276002.16,2,34,table,1
0125172_neurosketch,21,furniture,table,142,185,1,276002.16,2,34,table,0
0125172_neurosketch,21,furniture,chair,143,186,0,279002.42,2,19,chair,1
0125172_neurosketch,21,furniture,chair,143,187,0,279002.42,2,19,chair,0
0125172_neurosketch,21,furniture,table,144,188,1,282000.81,2,3,table,1
0125172_neurosketch,21,furniture,table,144,189,1,282000.81,2,3,table,0
0125172_neurosketch,21,furniture,bed,145,190,0,285002.16,2,26,bed,1
0125172_neurosketch,21,furniture,bed,145,191,0,285002.16,2,26,bed,0
0125172_neurosketch,21,furniture,bed,145,192,0,285002.16,2,26,bed,0
0125172_neurosketch,21,furniture,chair,146,193,0,289501.83,2,27,chair,1
0125172_neurosketch,21,furniture,chair,146,194,0,289501.83,2,27,chair,0
0125172_neurosketch,21,furniture,bench,147,195,1,292502.48,2,13,bench,1
0125172_neurosketch,21,furniture,bench,147,196,1,292502.48,2,13,bench,0
0125172_neurosketch,21,furniture,chair,148,197,0,295501.06,2,11,chair,1
0125172_neurosketch,21,furniture,chair,148,198,0,295501.06,2,11,chair,0
0125172_neurosketch,21,2,table,149,199,1,298502.01,2,24,table,1
0125172_neurosketch,21,2,table,149,200,1,298502.01,2,24,table,0
0125172_neurosketch,21,2,table,149,201,1,298502.01,2,24,table,0
0125172_neurosketch,21,2,table,149,202,1,298502.01,2,24,table,0
0125172_neurosketch,21,furniture,bench,150,203,1,304501.88,2,17,bench,1
0125172_neurosketch,21,furniture,bench,150,204,1,304501.88,2,17,bench,0
0125172_neurosketch,21,furniture,bed,151,205,0,307502.31,2,30,bed,1
0125172_neurosketch,21,furniture,bed,151,206,0,307502.31,2,30,bed,0
0125172_neurosketch,21,furniture,chair,152,207,0,310502.17,2,34,chair,1
0125172_neurosketch,21,furniture,chair,152,208,0,310502.17,2,34,chair,0
0125172_neurosketch,21,furniture,chair,152,209,0,310502.17,2,34,chair,0
0125172_neurosketch,21,furniture,table,153,210,1,315002.29,2,16,table,1
0125172_neurosketch,21,furniture,table,153,211,1,315002.29,2,16,table,0
0125172_neurosketch,21,furniture,table,153,212,1,315002.29,2,16,table,0
0125172_neurosketch,21,furniture,table,153,213,1,315002.29,2,16,table,0
0125172_neurosketch,21,furniture,bed,154,214,0,321001.58,2,9,bed,1
0125172_neurosketch,21,furniture,bed,154,215,0,321001.58,2,9,bed,0
0125172_neurosketch,21,furniture,bed,154,216,0,321001.58,2,9,bed,0
0125172_neurosketch,21,furniture,bench,155,217,1,325501.31,2,8,table,1
0125172_neurosketch,21,furniture,bench,155,218,1,325501.31,2,8,table,0
0125172_neurosketch,21,furniture,bench,155,219,1,325501.31,2,8,table,0
0125172_neurosketch,21,furniture,bench,155,220,1,325501.31,2,8,table,0
0125172_neurosketch,21,furniture,chair,156,221,0,331502.54,2,8,,1
0125172_neurosketch,21,furniture,chair,156,222,0,331502.54,2,8,,0
0125172_neurosketch,21,furniture,bench,157,223,1,334501.91,2,39,bench,1
0125172_neurosketch,21,furniture,bench,157,224,1,334501.91,2,39,bench,0
0125172_neurosketch,21,furniture,bed,158,225,0,337501.42,2,14,bed,1
0125172_neurosketch,21,furniture,bed,158,226,0,337501.42,2,14,bed,0
0125172_neurosketch,21,furniture,bed,158,227,0,337501.42,2,14,bed,0
0125172_neurosketch,21,2,table,159,228,1,342002.18,2,9,table,1
0125172_neurosketch,21,2,table,159,229,1,342002.18,2,9,table,0
0125172_neurosketch,21,2,table,159,230,1,342002.18,2,9,table,0
0125172_neurosketch,21,2,table,159,231,1,342002.18,2,9,table,0
0125172_neurosketch,21,2,table,159,232,1,342002.18,2,9,table,0
0125172_neurosketch,21,2,table,159,233,1,342002.18,2,9,table,0
0125172_neurosketch,21,2,table,159,234,1,342002.18,2,9,table,0
0125172_neurosketch,21,2,table,159,235,1,342002.18,2,9,table,0
0125172_neurosketch,21,2,table,159,236,1,342002.18,2,9,table,0
0125172_neurosketch,21,2,table,159,237,1,342002.18,2,9,table,0
0125172_neurosketch,21,2,table,159,238,1,342002.18,2,9,table,0
0125172_neurosketch,21,2,table,159,239,1,342002.18,2,9,table,0
0125172_neurosketch,21,furniture,table,160,0,-1,0.0,3,9,table,0
0125172_neurosketch,21,furniture,table,160,1,-1,0.0,3,9,table,0
0125172_neurosketch,21,furniture,table,160,2,-1,0.0,3,9,table,0
0125172_neurosketch,21,furniture,table,160,3,-1,0.0,3,9,table,0
0125172_neurosketch,21,furniture,table,160,4,-1,0.0,3,9,table,0
0125172_neurosketch,21,furniture,table,160,5,-1,0.0,3,9,table,0
0125172_neurosketch,21,furniture,table,160,6,-1,0.0,3,9,table,0
0125172_neurosketch,21,furniture,table,160,7,-1,0.0,3,9,table,0
0125172_neurosketch,21,furniture,table,160,8,1,12000.79,3,9,table,1
0125172_neurosketch,21,furniture,table,160,9,1,12000.79,3,9,table,0
0125172_neurosketch,21,furniture,table,160,10,1,12000.79,3,9,table,0
0125172_neurosketch,21,furniture,bed,161,11,0,16500.89,3,14,bed,1
0125172_neurosketch,21,furniture,bed,161,12,0,16500.89,3,14,bed,0
0125172_neurosketch,21,furniture,bench,162,13,1,19501.49,3,39,bench,1
0125172_neurosketch,21,furniture,bench,162,14,1,19501.49,3,39,bench,0
0125172_neurosketch,21,furniture,bench,162,15,1,19501.49,3,39,bench,0
0125172_neurosketch,21,furniture,chair,163,16,0,24001.47,3,8,chair,1
0125172_neurosketch,21,furniture,chair,163,17,0,24001.47,3,8,chair,0
0125172_neurosketch,21,furniture,chair,163,18,0,24001.47,3,8,chair,0
0125172_neurosketch,21,furniture,bench,164,19,1,28501.87,3,8,bench,1
0125172_neurosketch,21,furniture,bench,164,20,1,28501.87,3,8,bench,0
0125172_neurosketch,21,furniture,bench,164,21,1,28501.87,3,8,bench,0
0125172_neurosketch,21,furniture,bench,164,22,1,28501.87,3,8,bench,0
0125172_neurosketch,21,furniture,bed,165,23,0,34501.52,3,9,bed,1
0125172_neurosketch,21,furniture,bed,165,24,0,34501.52,3,9,bed,0
0125172_neurosketch,21,furniture,bed,165,25,0,34501.52,3,9,bed,0
0125172_neurosketch,21,furniture,bed,165,26,0,34501.52,3,9,bed,0
0125172_neurosketch,21,furniture,table,166,27,1,40501.63,3,16,table,1
0125172_neurosketch,21,furniture,table,166,28,1,40501.63,3,16,table,0
0125172_neurosketch,21,furniture,chair,167,29,0,43501.6,3,34,chair,1
0125172_neurosketch,21,furniture,chair,167,30,0,43501.6,3,34,chair,0
0125172_neurosketch,21,furniture,chair,167,31,0,43501.6,3,34,chair,0
0125172_neurosketch,21,furniture,chair,167,32,0,43501.6,3,34,chair,0
0125172_neurosketch,21,furniture,bed,168,33,0,49501.06,3,30,bed,1
0125172_neurosketch,21,furniture,bed,168,34,0,49501.06,3,30,bed,0
0125172_neurosketch,21,furniture,bed,168,35,0,49501.06,3,30,bed,0
0125172_neurosketch,21,2,bench,169,36,1,54001.34,3,17,table,1
0125172_neurosketch,21,2,bench,169,37,1,54001.34,3,17,table,0
0125172_neurosketch,21,furniture,table,170,38,1,57001.73,3,24,table,1
0125172_neurosketch,21,furniture,table,170,39,1,57001.73,3,24,table,0
0125172_neurosketch,21,furniture,table,170,40,1,57001.73,3,24,table,0
0125172_neurosketch,21,furniture,chair,171,41,0,61501.5,3,11,,1
0125172_neurosketch,21,furniture,chair,171,42,0,61501.5,3,11,,0
0125172_neurosketch,21,furniture,chair,171,43,0,61501.5,3,11,,0
0125172_neurosketch,21,furniture,bench,172,44,1,66001.71,3,13,bench,1
0125172_neurosketch,21,furniture,bench,172,45,1,66001.71,3,13,bench,0
0125172_neurosketch,21,furniture,chair,173,46,0,69002.81,3,27,chair,1
0125172_neurosketch,21,furniture,chair,173,47,0,69002.81,3,27,chair,0
0125172_neurosketch,21,furniture,chair,173,48,0,69002.81,3,27,chair,0
0125172_neurosketch,21,furniture,chair,173,49,0,69002.81,3,27,chair,0
0125172_neurosketch,21,furniture,bed,174,50,0,75002.12,3,26,bed,1
0125172_neurosketch,21,furniture,bed,174,51,0,75002.12,3,26,bed,0
0125172_neurosketch,21,furniture,bed,174,52,0,75002.12,3,26,bed,0
0125172_neurosketch,21,furniture,table,175,53,1,79501.22,3,3,,1
0125172_neurosketch,21,furniture,table,175,54,1,79501.22,3,3,,0
0125172_neurosketch,21,furniture,table,175,55,1,79501.22,3,3,,0
0125172_neurosketch,21,furniture,chair,176,56,0,84002.57,3,19,,1
0125172_neurosketch,21,furniture,chair,176,57,0,84002.57,3,19,,0
0125172_neurosketch,21,furniture,table,177,58,1,87002.03,3,34,table,1
0125172_neurosketch,21,furniture,table,177,59,1,87002.03,3,34,table,0
0125172_neurosketch,21,furniture,table,177,60,1,87002.03,3,34,table,0
0125172_neurosketch,21,furniture,bench,178,61,1,91501.13,3,20,bench,1
0125172_neurosketch,21,furniture,bench,178,62,1,91501.13,3,20,bench,0
0125172_neurosketch,21,furniture,bench,178,63,1,91501.13,3,20,bench,0
0125172_neurosketch,21,2,bed,179,64,0,96001.63,3,16,bed,1
0125172_neurosketch,21,2,bed,179,65,0,96001.63,3,16,bed,0
0125172_neurosketch,21,2,bed,179,66,0,96001.63,3,16,bed,0
0125172_neurosketch,21,furniture,chair,180,67,0,100500.95,3,6,chair,1
0125172_neurosketch,21,furniture,chair,180,68,0,100500.95,3,6,chair,0
0125172_neurosketch,21,furniture,bench,181,69,1,103501.73,3,3,,1
0125172_neurosketch,21,furniture,bench,181,70,1,103501.73,3,3,,0
0125172_neurosketch,21,furniture,bench,181,71,1,103501.73,3,3,,0
0125172_neurosketch,21,furniture,bed,182,72,0,108001.72,3,32,bed,1
0125172_neurosketch,21,furniture,bed,182,73,0,108001.72,3,32,bed,0
0125172_neurosketch,21,furniture,table,183,74,1,111002.55,3,14,table,1
0125172_neurosketch,21,furniture,table,183,75,1,111002.55,3,14,table,0
0125172_neurosketch,21,furniture,table,184,76,1,114002.27,3,31,table,1
0125172_neurosketch,21,furniture,table,184,77,1,114002.27,3,31,table,0
0125172_neurosketch,21,furniture,bed,185,78,0,117001.74,3,13,bed,1
0125172_neurosketch,21,furniture,bed,185,79,0,117001.74,3,13,bed,0
0125172_neurosketch,21,furniture,bed,185,80,0,117001.74,3,13,bed,0
0125172_neurosketch,21,furniture,chair,186,81,0,121502.11,3,7,chair,1
0125172_neurosketch,21,furniture,chair,186,82,0,121502.11,3,7,chair,0
0125172_neurosketch,21,furniture,bench,187,83,1,124501.22,3,7,bench,1
0125172_neurosketch,21,furniture,bench,187,84,1,124501.22,3,7,bench,0
0125172_neurosketch,21,furniture,bench,188,85,1,127502.11,3,11,bench,1
0125172_neurosketch,21,furniture,bench,188,86,1,127502.11,3,11,bench,0
0125172_neurosketch,21,2,table,189,87,1,130501.0,3,10,table,1
0125172_neurosketch,21,2,table,189,88,1,130501.0,3,10,table,0
0125172_neurosketch,21,2,table,189,89,1,130501.0,3,10,table,0
0125172_neurosketch,21,2,table,189,90,1,130501.0,3,10,table,0
0125172_neurosketch,21,furniture,bed,190,91,0,136501.77,3,34,bed,1
0125172_neurosketch,21,furniture,bed,190,92,0,136501.77,3,34,bed,0
0125172_neurosketch,21,furniture,chair,191,93,0,139501.93,3,28,chair,1
0125172_neurosketch,21,furniture,chair,191,94,0,139501.93,3,28,chair,0
0125172_neurosketch,21,furniture,table,192,95,1,142501.65,3,4,table,1
0125172_neurosketch,21,furniture,table,192,96,1,142501.65,3,4,table,0
0125172_neurosketch,21,furniture,table,192,97,1,142501.65,3,4,table,0
0125172_neurosketch,21,furniture,chair,193,98,0,147002.21,3,9,chair,1
0125172_neurosketch,21,furniture,chair,193,99,0,147002.21,3,9,chair,0
0125172_neurosketch,21,furniture,chair,193,100,0,147002.21,3,9,chair,0
0125172_neurosketch,21,furniture,chair,193,101,0,147002.21,3,9,chair,0
0125172_neurosketch,21,furniture,bench,194,102,1,153001.68,3,15,bench,1
0125172_neurosketch,21,furniture,bench,194,103,1,153001.68,3,15,bench,0
0125172_neurosketch,21,furniture,bench,194,104,1,153001.68,3,15,bench,0
0125172_neurosketch,21,furniture,bed,195,105,0,157501.5,3,33,bed,1
0125172_neurosketch,21,furniture,bed,195,106,0,157501.5,3,33,bed,0
0125172_neurosketch,21,furniture,bed,195,107,0,157501.5,3,33,bed,0
0125172_neurosketch,21,furniture,bed,195,108,0,157501.5,3,33,bed,0
0125172_neurosketch,21,furniture,bed,196,109,0,163501.67,3,35,bed,1
0125172_neurosketch,21,furniture,bed,196,110,0,163501.67,3,35,bed,0
0125172_neurosketch,21,furniture,chair,197,111,0,166501.39,3,32,chair,1
0125172_neurosketch,21,furniture,chair,197,112,0,166501.39,3,32,chair,0
0125172_neurosketch,21,furniture,table,198,113,1,169501.94,3,30,table,1
0125172_neurosketch,21,furniture,table,198,114,1,169501.94,3,30,table,0
0125172_neurosketch,21,furniture,table,198,115,1,169501.94,3,30,table,0
0125172_neurosketch,21,2,bench,199,116,1,174002.09,3,28,bench,1
0125172_neurosketch,21,2,bench,199,117,1,174002.09,3,28,bench,0
0125172_neurosketch,21,2,bench,199,118,1,174002.09,3,28,bench,0
0125172_neurosketch,21,2,bench,199,119,1,174002.09,3,28,bench,0
0125172_neurosketch,21,furniture,bench,200,120,1,180002.12,3,9,bench,1
0125172_neurosketch,21,furniture,bench,200,121,1,180002.12,3,9,bench,0
0125172_neurosketch,21,furniture,bench,200,122,1,180002.12,3,9,bench,0
0125172_neurosketch,21,furniture,bed,201,123,0,184501.5,3,2,bed,1
0125172_neurosketch,21,furniture,bed,201,124,0,184501.5,3,2,bed,0
0125172_neurosketch,21,furniture,chair,202,125,0,187500.07,3,22,chair,1
0125172_neurosketch,21,furniture,chair,202,126,0,187500.07,3,22,chair,0
0125172_neurosketch,21,furniture,chair,202,127,0,187500.07,3,22,chair,0
0125172_neurosketch,21,furniture,table,203,128,1,192001.65,3,36,table,1
0125172_neurosketch,21,furniture,table,203,129,1,192001.65,3,36,table,0
0125172_neurosketch,21,furniture,table,203,130,1,192001.65,3,36,table,0
0125172_neurosketch,21,furniture,bench,204,131,1,196501.15,3,4,bench,1
0125172_neurosketch,21,furniture,bench,204,132,1,196501.15,3,4,bench,0
0125172_neurosketch,21,furniture,bench,204,133,1,196501.15,3,4,bench,0
0125172_neurosketch,21,furniture,bench,204,134,1,196501.15,3,4,bench,0
0125172_neurosketch,21,furniture,bed,205,135,0,202500.79,3,22,bed,1
0125172_neurosketch,21,furniture,bed,205,136,0,202500.79,3,22,bed,0
0125172_neurosketch,21,furniture,bed,205,137,0,202500.79,3,22,bed,0
0125172_neurosketch,21,furniture,bed,205,138,0,202500.79,3,22,bed,0
0125172_neurosketch,21,furniture,table,206,139,1,208502.38,3,12,,1
0125172_neurosketch,21,furniture,table,206,140,1,208502.38,3,12,,0
0125172_neurosketch,21,furniture,chair,207,141,0,211500.81,3,38,chair,1
0125172_neurosketch,21,furniture,chair,207,142,0,211500.81,3,38,chair,0
0125172_neurosketch,21,furniture,chair,207,143,0,211500.81,3,38,chair,0
0125172_neurosketch,21,furniture,chair,207,144,0,211500.81,3,38,chair,0
0125172_neurosketch,21,furniture,table,208,145,1,217500.84,3,29,bench,1
0125172_neurosketch,21,furniture,table,208,146,1,217500.84,3,29,bench,0
0125172_neurosketch,21,furniture,table,208,147,1,217500.84,3,29,bench,0
0125172_neurosketch,21,2,bed,209,148,0,222002.05,3,0,bed,1
0125172_neurosketch,21,2,bed,209,149,0,222002.05,3,0,bed,0
0125172_neurosketch,21,furniture,bench,210,150,1,225002.45,3,10,,1
0125172_neurosketch,21,furniture,bench,210,151,1,225002.45,3,10,,0
0125172_neurosketch,21,furniture,bench,210,152,1,225002.45,3,10,,0
0125172_neurosketch,21,furniture,chair,211,153,0,229501.47,3,13,chair,1
0125172_neurosketch,21,furniture,chair,211,154,0,229501.47,3,13,chair,0
0125172_neurosketch,21,furniture,chair,211,155,0,229501.47,3,13,chair,0
0125172_neurosketch,21,furniture,table,212,156,1,234002.62,3,37,table,1
0125172_neurosketch,21,furniture,table,212,157,1,234002.62,3,37,table,0
0125172_neurosketch,21,furniture,bed,213,158,0,237000.49,3,8,bed,1
0125172_neurosketch,21,furniture,bed,213,159,0,237000.49,3,8,bed,0
0125172_neurosketch,21,furniture,bed,213,160,0,237000.49,3,8,bed,0
0125172_neurosketch,21,furniture,bed,213,161,0,237000.49,3,8,bed,0
0125172_neurosketch,21,furniture,chair,214,162,0,243001.34,3,33,chair,1
0125172_neurosketch,21,furniture,chair,214,163,0,243001.34,3,33,chair,0
0125172_neurosketch,21,furniture,chair,214,164,0,243001.34,3,33,chair,0
0125172_neurosketch,21,furniture,bench,215,165,1,247501.63,3,21,bench,1
0125172_neurosketch,21,furniture,bench,215,166,1,247501.63,3,21,bench,0
0125172_neurosketch,21,furniture,bench,215,167,1,247501.63,3,21,bench,0
0125172_neurosketch,21,furniture,table,216,168,1,252000.27,3,8,table,1
0125172_neurosketch,21,furniture,table,216,169,1,252000.27,3,8,table,0
0125172_neurosketch,21,furniture,bed,217,170,0,255003.56,3,23,,1
0125172_neurosketch,21,furniture,bed,217,171,0,255003.56,3,23,,0
0125172_neurosketch,21,furniture,bed,217,172,0,255003.56,3,23,,0
0125172_neurosketch,21,furniture,chair,218,173,0,259500.9,3,18,chair,1
0125172_neurosketch,21,furniture,chair,218,174,0,259500.9,3,18,chair,0
0125172_neurosketch,21,furniture,chair,218,175,0,259500.9,3,18,chair,0
0125172_neurosketch,21,2,bench,219,176,1,264001.59,3,6,bench,1
0125172_neurosketch,21,2,bench,219,177,1,264001.59,3,6,bench,0
0125172_neurosketch,21,2,bench,219,178,1,264001.59,3,6,bench,0
0125172_neurosketch,21,furniture,bed,220,179,0,268500.57,3,6,bed,1
0125172_neurosketch,21,furniture,bed,220,180,0,268500.57,3,6,bed,0
0125172_neurosketch,21,furniture,chair,221,181,0,271501.02,3,10,chair,1
0125172_neurosketch,21,furniture,chair,221,182,0,271501.02,3,10,chair,0
0125172_neurosketch,21,furniture,chair,221,183,0,271501.02,3,10,chair,0
0125172_neurosketch,21,furniture,bench,222,184,1,276002.23,3,24,bench,1
0125172_neurosketch,21,furniture,bench,222,185,1,276002.23,3,24,bench,0
0125172_neurosketch,21,furniture,table,223,186,1,279002.41,3,17,table,1
0125172_neurosketch,21,furniture,table,223,187,1,279002.41,3,17,table,0
0125172_neurosketch,21,furniture,chair,224,188,0,282001.56,3,14,chair,1
0125172_neurosketch,21,furniture,chair,224,189,0,282001.56,3,14,chair,0
0125172_neurosketch,21,furniture,table,225,190,1,285002.18,3,6,table,1
0125172_neurosketch,21,furniture,table,225,191,1,285002.18,3,6,table,0
0125172_neurosketch,21,furniture,table,225,192,1,285002.18,3,6,table,0
0125172_neurosketch,21,furniture,bed,226,193,0,289502.26,3,4,bed,1
0125172_neurosketch,21,furniture,bed,226,194,0,289502.26,3,4,bed,0
0125172_neurosketch,21,furniture,bench,227,195,1,292502.34,3,33,bench,1
0125172_neurosketch,21,furniture,bench,227,196,1,292502.34,3,33,bench,0
0125172_neurosketch,21,furniture,chair,228,197,0,295502.08,3,39,chair,1
0125172_neurosketch,21,furniture,chair,228,198,0,295502.08,3,39,chair,0
0125172_neurosketch,21,2,bed,229,199,0,298502.02,3,7,bed,1
0125172_neurosketch,21,2,bed,229,200,0,298502.02,3,7,bed,0
0125172_neurosketch,21,2,bed,229,201,0,298502.02,3,7,bed,0
0125172_neurosketch,21,2,bed,229,202,0,298502.02,3,7,bed,0
0125172_neurosketch,21,furniture,bench,230,203,1,304500.7,3,19,bench,1
0125172_neurosketch,21,furniture,bench,230,204,1,304500.7,3,19,bench,0
0125172_neurosketch,21,furniture,table,231,205,1,307502.12,3,18,,1
0125172_neurosketch,21,furniture,table,231,206,1,307502.12,3,18,,0
0125172_neurosketch,21,furniture,table,232,207,1,310501.67,3,32,table,1
0125172_neurosketch,21,furniture,table,232,208,1,310501.67,3,32,table,0
0125172_neurosketch,21,furniture,table,232,209,1,310501.67,3,32,table,0
0125172_neurosketch,21,furniture,bench,233,210,1,315002.28,3,34,bench,1
0125172_neurosketch,21,furniture,bench,233,211,1,315002.28,3,34,bench,0
0125172_neurosketch,21,furniture,bench,233,212,1,315002.28,3,34,bench,0
0125172_neurosketch,21,furniture,bench,233,213,1,315002.28,3,34,bench,0
0125172_neurosketch,21,furniture,bed,234,214,0,321001.53,3,17,bed,1
0125172_neurosketch,21,furniture,bed,234,215,0,321001.53,3,17,bed,0
0125172_neurosketch,21,furniture,bed,234,216,0,321001.53,3,17,bed,0
0125172_neurosketch,21,furniture,chair,235,217,0,325501.63,3,25,chair,1
0125172_neurosketch,21,furniture,chair,235,218,0,325501.63,3,25,chair,0
0125172_neurosketch,21,furniture,chair,235,219,0,325501.63,3,25,chair,0
0125172_neurosketch,21,furniture,chair,235,220,0,325501.63,3,25,chair,0
0125172_neurosketch,21,furniture,bed,236,221,0,331501.62,3,29,bed,1
0125172_neurosketch,21,furniture,bed,236,222,0,331501.62,3,29,bed,0
0125172_neurosketch,21,furniture,table,237,223,1,334502.13,3,33,table,1
0125172_neurosketch,21,furniture,table,237,224,1,334502.13,3,33,table,0
0125172_neurosketch,21,furniture,bench,238,225,1,337501.28,3,31,bench,1
0125172_neurosketch,21,furniture,bench,238,226,1,337501.28,3,31,bench,0
0125172_neurosketch,21,furniture,bench,238,227,1,337501.28,3,31,bench,0
0125172_neurosketch,21,2,chair,239,228,0,342001.77,3,16,chair,1
0125172_neurosketch,21,2,chair,239,229,0,342001.77,3,16,chair,0
0125172_neurosketch,21,2,chair,239,230,0,342001.77,3,16,chair,0
0125172_neurosketch,21,2,chair,239,231,0,342001.77,3,16,chair,0
0125172_neurosketch,21,2,chair,239,232,0,342001.77,3,16,chair,0
0125172_neurosketch,21,2,chair,239,233,0,342001.77,3,16,chair,0
0125172_neurosketch,21,2,chair,239,234,0,342001.77,3,16,chair,0
0125172_neurosketch,21,2,chair,239,235,0,342001.77,3,16,chair,0
0125172_neurosketch,21,2,chair,239,236,0,342001.77,3,16,chair,0
0125172_neurosketch,21,2,chair,239,237,0,342001.77,3,16,chair,0
0125172_neurosketch,21,2,chair,239,238,0,342001.77,3,16,chair,0
0125172_neurosketch,21,2,chair,239,239,0,342001.77,3,16,chair,0
0125172_neurosketch,21,furniture,bed,240,0,-1,0.0,4,5,bed,0
0125172_neurosketch,21,furniture,bed,240,1,-1,0.0,4,5,bed,0
0125172_neurosketch,21,furniture,bed,240,2,-1,0.0,4,5,bed,0
0125172_neurosketch,21,furniture,bed,240,3,-1,0.0,4,5,bed,0
0125172_neurosketch,21,furniture,bed,240,4,-1,0.0,4,5,bed,0
0125172_neurosketch,21,furniture,bed,240,5,-1,0.0,4,5,bed,0
0125172_neurosketch,21,furniture,bed,240,6,-1,0.0,4,5,bed,0
0125172_neurosketch,21,furniture,bed,240,7,-1,0.0,4,5,bed,0
0125172_neurosketch,21,furniture,bed,240,8,0,12000.47,4,5,bed,1
0125172_neurosketch,21,furniture,bed,240,9,0,12000.47,4,5,bed,0
0125172_neurosketch,21,furniture,bed,240,10,0,12000.47,4,5,bed,0
0125172_neurosketch,21,furniture,table,241,11,1,16501.02,4,35,table,1
0125172_neurosketch,21,furniture,table,241,12,1,16501.02,4,35,table,0
0125172_neurosketch,21,furniture,chair,242,13,0,19501.21,4,0,chair,1
0125172_neurosketch,21,furniture,chair,242,14,0,19501.21,4,0,chair,0
0125172_neurosketch,21,furniture,chair,242,15,0,19501.21,4,0,chair,0
0125172_neurosketch,21,furniture,bench,243,16,1,24002.09,4,18,bench,1
0125172_neurosketch,21,furniture,bench,243,17,1,24002.09,4,18,bench,0
0125172_neurosketch,21,furniture,bench,243,18,1,24002.09,4,18,bench,0
0125172_neurosketch,21,furniture,chair,244,19,0,28501.02,4,12,chair,1
0125172_neurosketch,21,furniture,chair,244,20,0,28501.02,4,12,chair,0
0125172_neurosketch,21,furniture,chair,244,21,0,28501.02,4,12,chair,0
0125172_neurosketch,21,furniture,chair,244,22,0,28501.02,4,12,chair,0
0125172_neurosketch,21,furniture,table,245,23,1,34500.96,4,0,table,1
0125172_neurosketch,21,furniture,table,245,24,1,34500.96,4,0,table,0
0125172_neurosketch,21,furniture,table,245,25,1,34500.96,4,0,table,0
0125172_neurosketch,21,furniture,table,245,26,1,34500.96,4,0,table,0
0125172_neurosketch,21,furniture,bed,246,27,0,40502.31,4,21,bed,1
0125172_neurosketch,21,furniture,bed,246,28,0,40502.31,4,21,bed,0
0125172_neurosketch,21,furniture,bench,247,29,1,43500.87,4,1,,1
0125172_neurosketch,21,furniture,bench,247,30,1,43500.87,4,1,,0
0125172_neurosketch,21,furniture,bench,247,31,1,43500.87,4,1,,0
0125172_neurosketch,21,furniture,bench,247,32,1,43500.87,4,1,,0
0125172_neurosketch,21,furniture,chair,248,33,0,49500.78,4,24,chair,1
0125172_neurosketch,21,furniture,chair,248,34,0,49500.78,4,24,chair,0
0125172_neurosketch,21,furniture,chair,248,35,0,49500.78,4,24,chair,0
0125172_neurosketch,21,2,bed,249,36,0,54001.37,4,11,bed,1
0125172_neurosketch,21,2,bed,249,37,0,54001.37,4,11,bed,0
0125172_neurosketch,21,furniture,table,250,38,1,57001.55,4,39,table,1
0125172_neurosketch,21,furniture,table,250,39,1,57001.55,4,39,table,0
0125172_neurosketch,21,furniture,table,250,40,1,57001.55,4,39,table,0
0125172_neurosketch,21,furniture,bench,251,41,1,61501.68,4,2,bench,1
0125172_neurosketch,21,furniture,bench,251,42,1,61501.68,4,2,bench,0
0125172_neurosketch,21,furniture,bench,251,43,1,61501.68,4,2,bench,0
0125172_neurosketch,21,furniture,chair,252,44,0,66002.0,4,20,chair,1
0125172_neurosketch,21,furniture,chair,252,45,0,66002.0,4,20,chair,0
0125172_neurosketch,21,furniture,table,253,46,1,69002.56,4,25,table,1
0125172_neurosketch,21,furniture,table,253,47,1,69002.56,4,25,table,0
0125172_neurosketch,21,furniture,table,253,48,1,69002.56,4,25,table,0
0125172_neurosketch,21,furniture,table,253,49,1,69002.56,4,25,table,0
0125172_neurosketch,21,furniture,bed,254,50,0,75000.75,4,39,bed,1
0125172_neurosketch,21,furniture,bed,254,51,0,75000.75,4,39,bed,0
0125172_neurosketch,21,furniture,bed,254,52,0,75000.75,4,39,bed,0
0125172_neurosketch,21,furniture,bench,255,53,1,79501.3,4,29,bench,1
0125172_neurosketch,21,furniture,bench,255,54,1,79501.3,4,29,bench,0
0125172_neurosketch,21,furniture,bench,255,55,1,79501.3,4,29,bench,0
0125172_neurosketch,21,furniture,bed,256,56,0,84001.31,4,27,bed,1
0125172_neurosketch,21,furniture,bed,256,57,0,84001.31,4,27,bed,0
0125172_neurosketch,21,furniture,bench,257,58,1,87002.06,4,35,bench,1
0125172_neurosketch,21,furniture,bench,257,59,1,87002.06,4,35,bench,0
0125172_neurosketch,21,furniture,bench,257,60,1,87002.06,4,35,bench,0
0125172_neurosketch,21,furniture,table,258,61,1,91501.68,4,2,table,1
0125172_neurosketch,21,furniture,table,258,62,1,91501.68,4,2,table,0
0125172_neurosketch,21,furniture,table,258,63,1,91501.68,4,2,table,0
0125172_neurosketch,21,2,chair,259,64,0,96001.17,4,29,chair,1
0125172_neurosketch,21,2,chair,259,65,0,96001.17,4,29,chair,0
0125172_neurosketch,21,2,chair,259,66,0,96001.17,4,29,chair,0
0125172_neurosketch,21,furniture,bed,260,67,0,100504.32,4,20,bed,1
0125172_neurosketch,21,furniture,bed,260,68,0,100504.32,4,20,bed,0
0125172_neurosketch,21,furniture,table,261,69,1,103501.04,4,21,table,1
0125172_neurosketch,21,furniture,table,261,70,1,103501.04,4,21,table,0
0125172_neurosketch,21,furniture,table,261,71,1,103501.04,4,21,table,0
0125172_neurosketch,21,furniture,bench,262,72,1,108002.45,4,16,bench,1
0125172_neurosketch,21,furniture,bench,262,73,1,108002.45,4,16,bench,0
0125172_neurosketch,21,furniture,chair,263,74,0,111001.33,4,15,chair,1
0125172_neurosketch,21,furniture,chair,263,75,0,111001.33,4,15,chair,0
0125172_neurosketch,21,furniture,bed,264,76,0,114001.5,4,36,bed,1
0125172_neurosketch,21,furniture,bed,264,77,0,114001.5,4,36,bed,0
0125172_neurosketch,21,furniture,table,265,78,1,117002.08,4,1,table,1
0125172_neurosketch,21,furniture,table,265,79,1,117002.08,4,1,table,0
0125172_neurosketch,21,furniture,table,265,80,1,117002.08,4,1,table,0
0125172_neurosketch,21,furniture,bench,266,81,1,121501.12,4,5,bench,1
0125172_neurosketch,21,furniture,bench,266,82,1,121501.12,4,5,bench,0
0125172_neurosketch,21,furniture,chair,267,83,0,124501.45,4,37,chair,1
0125172_neurosketch,21,furniture,chair,267,84,0,124501.45,4,37,chair,0
0125172_neurosketch,21,furniture,bench,268,85,1,127502.27,4,12,bench,1
0125172_neurosketch,21,furniture,bench,268,86,1,127502.27,4,12,bench,0
0125172_neurosketch,21,2,table,269,87,1,130501.73,4,7,table,1
0125172_neurosketch,21,2,table,269,88,1,130501.73,4,7,table,0
0125172_neurosketch,21,2,table,269,89,1,130501.73,4,7,table,0
0125172_neurosketch,21,2,table,269,90,1,130501.73,4,7,table,0
0125172_neurosketch,21,furniture,chair,270,91,0,136501.49,4,5,chair,1
0125172_neurosketch,21,furniture,chair,270,92,0,136501.49,4,5,chair,0
0125172_neurosketch,21,furniture,bed,271,93,0,139501.03,4,38,bed,1
0125172_neurosketch,21,furniture,bed,271,94,0,139501.03,4,38,bed,0
0125172_neurosketch,21,furniture,bench,272,95,1,142501.62,4,38,bench,1
0125172_neurosketch,21,furniture,bench,272,96,1,142501.62,4,38,bench,0
0125172_neurosketch,21,furniture,bench,272,97,1,142501.62,4,38,bench,0
0125172_neurosketch,21,furniture,table,273,98,1,147001.88,4,23,table,1
0125172_neurosketch,21,furniture,table,273,99,1,147001.88,4,23,table,0
0125172_neurosketch,21,furniture,table,273,100,1,147001.88,4,23,table,0
0125172_neurosketch,21,furniture,table,273,101,1,147001.88,4,23,table,0
0125172_neurosketch,21,furniture,chair,274,102,0,153000.76,4,36,chair,1
0125172_neurosketch,21,furniture,chair,274,103,0,153000.76,4,36,chair,0
0125172_neurosketch,21,furniture,chair,274,104,0,153000.76,4,36,chair,0
0125172_neurosketch,21,furniture,bed,275,105,0,157501.78,4,24,bed,1
0125172_neurosketch,21,furniture,bed,275,106,0,157501.78,4,24,bed,0
0125172_neurosketch,21,furniture,bed,275,107,0,157501.78,4,24,bed,0
0125172_neurosketch,21,furniture,bed,275,108,0,157501.78,4,24,bed,0
0125172_neurosketch,21,furniture,bench,276,109,1,163501.19,4,27,bench,1
0125172_neurosketch,21,furniture,bench,276,110,1,163501.19,4,27,bench,0
0125172_neurosketch,21,furniture,table,277,111,1,166501.68,4,5,table,1
0125172_neurosketch,21,furniture,table,277,112,1,166501.68,4,5,table,0
0125172_neurosketch,21,furniture,chair,278,113,0,169501.58,4,30,chair,1
0125172_neurosketch,21,furniture,chair,278,114,0,169501.58,4,30,chair,0
0125172_neurosketch,21,furniture,chair,278,115,0,169501.58,4,30,chair,0
0125172_neurosketch,21,2,bed,279,116,0,174001.6,4,37,bed,1
0125172_neurosketch,21,2,bed,279,117,0,174001.6,4,37,bed,0
0125172_neurosketch,21,2,bed,279,118,0,174001.6,4,37,bed,0
0125172_neurosketch,21,2,bed,279,119,0,174001.6,4,37,bed,0
0125172_neurosketch,21,furniture,table,280,120,1,180002.23,4,22,table,1
0125172_neurosketch,21,furniture,table,280,121,1,180002.23,4,22,table,0
0125172_neurosketch,21,furniture,table,280,122,1,180002.23,4,22,table,0
0125172_neurosketch,21,furniture,bench,281,123,1,184501.89,4,23,bench,1
0125172_neurosketch,21,furniture,bench,281,124,1,184501.89,4,23,bench,0
0125172_neurosketch,21,furniture,bed,282,125,0,187501.62,4,12,bed,1
0125172_neurosketch,21,furniture,bed,282,126,0,187501.62,4,12,bed,0
0125172_neurosketch,21,furniture,bed,282,127,0,187501.62,4,12,bed,0
0125172_neurosketch,21,furniture,chair,283,128,0,192002.2,4,2,chair,1
0125172_neurosketch,21,furniture,chair,283,129,0,192002.2,4,2,chair,0
0125172_neurosketch,21,furniture,chair,283,130,0,192002.2,4,2,chair,0
0125172_neurosketch,21,furniture,bench,284,131,1,196502.08,4,25,bench,1
0125172_neurosketch,21,furniture,bench,284,132,1,196502.08,4,25,bench,0
0125172_neurosketch,21,furniture,bench,284,133,1,196502.08,4,25,bench,0
0125172_neurosketch,21,furniture,bench,284,134,1,196502.08,4,25,bench,0
0125172_neurosketch,21,furniture,table,285,135,1,202501.96,4,13,table,1
0125172_neurosketch,21,furniture,table,285,136,1,202501.96,4,13,table,0
0125172_neurosketch,21,furniture,table,285,137,1,202501.96,4,13,table,0
0125172_neurosketch,21,furniture,table,285,138,1,202501.96,4,13,table,0
0125172_neurosketch,21,furniture,chair,286,139,0,208501.55,4,3,chair,1
0125172_neurosketch,21,furniture,chair,286,140,0,208501.55,4,3,chair,0
0125172_neurosketch,21,furniture,bed,287,141,0,211501.75,4,10,bed,1
0125172_neurosketch,21,furniture,bed,287,142,0,211501.75,4,10,bed,0
0125172_neurosketch,21,furniture,bed,287,143,0,211501.75,4,10,bed,0
0125172_neurosketch,21,furniture,bed,287,144,0,211501.75,4,10,bed,0
0125172_neurosketch,21,furniture,table,288,145,1,217501.74,4,28,table,1
0125172_neurosketch,21,furniture,table,288,146,1,217501.74,4,28,table,0
0125172_neurosketch,21,furniture,table,288,147,1,217501.74,4,28,table,0
0125172_neurosketch,21,2,bench,289,148,1,222001.55,4,37,bench,1
0125172_neurosketch,21,2,bench,289,149,1,222001.55,4,37,bench,0
0125172_neurosketch,21,furniture,chair,290,150,0,225000.55,4,21,chair,1
0125172_neurosketch,21,furniture,chair,290,151,0,225000.55,4,21,chair,0
0125172_neurosketch,21,furniture,chair,290,152,0,225000.55,4,21,chair,0
0125172_neurosketch,21,furniture,bed,291,153,0,229501.21,4,18,bed,1
0125172_neurosketch,21,furniture,bed,291,154,0,229501.21,4,18,bed,0
0125172_neurosketch,21,furniture,bed,291,155,0,229501.21,4,18,bed,0
0125172_neurosketch,21,furniture,bed,292,156,0,234003.37,4,15,bed,1
0125172_neurosketch,21,furniture,bed,292,157,0,234003.37,4,15,bed,0
0125172_neurosketch,21,furniture,bench,293,158,1,237001.62,4,14,bench,1
0125172_neurosketch,21,furniture,bench,293,159,1,237001.62,4,14,bench,0
0125172_neurosketch,21,furniture,bench,293,160,1,237001.62,4,14,bench,0
0125172_neurosketch,21,furniture,bench,293,161,1,237001.62,4,14,bench,0
0125172_neurosketch,21,furniture,chair,294,162,0,243001.96,4,1,chair,1
0125172_neurosketch,21,furniture,chair,294,163,0,243001.96,4,1,chair,0
0125172_neurosketch,21,furniture,chair,294,164,0,243001.96,4,1,chair,0
0125172_neurosketch,21,furniture,table,295,165,1,247501.78,4,20,bench,1
0125172_neurosketch,21,furniture,table,295,166,1,247501.78,4,20,bench,0
0125172_neurosketch,21,furniture,table,295,167,1,247501.78,4,20,bench,0
0125172_neurosketch,21,furniture,chair,296,168,0,252001.04,4,23,chair,1
0125172_neurosketch,21,furniture,chair,296,169,0,252001.04,4,23,chair,0
0125172_neurosketch,21,furniture,table,297,170,1,255002.04,4,26,table,1
0125172_neurosketch,21,furniture,table,297,171,1,255002.04,4,26,table,0
0125172_neurosketch,21,furniture,table,297,172,1,255002.04,4,26,table,0
0125172_neurosketch,21,furniture,bed,298,173,0,259503.2,4,28,bed,1
0125172_neurosketch,21,furniture,bed,298,174,0,259503.2,4,28,bed,0
0125172_neurosketch,21,furniture,bed,298,175,0,259503.2,4,28,bed,0
0125172_neurosketch,21,2,bench,299,176,1,264000.9,4,30,bench,1
0125172_neurosketch,21,2,bench,299,177,1,264000.9,4,30,bench,0
0125172_neurosketch,21,2,bench,299,178,1,264000.9,4,30,bench,0
0125172_neurosketch,21,furniture,chair,300,179,0,268502.74,4,17,chair,1
0125172_neurosketch,21,furniture,chair,300,180,0,268502.74,4,17,chair,0
0125172_neurosketch,21,furniture,bed,301,181,0,271501.62,4,19,bed,1
0125172_neurosketch,21,furniture,bed,301,182,0,271501.62,4,19,bed,0
0125172_neurosketch,21,furniture,bed,301,183,0,271501.62,4,19,bed,0
0125172_neurosketch,21,furniture,bench,302,184,1,276001.56,4,36,,1
0125172_neurosketch,21,furniture,bench,302,185,1,276001.56,4,36,,0
0125172_neurosketch,21,furniture,table,303,186,1,279002.13,4,19,table,1
0125172_neurosketch,21,furniture,table,303,187,1,279002.13,4,19,table,0
0125172_neurosketch,21,furniture,bed,304,188,0,282002.36,4,25,bed,1
0125172_neurosketch,21,furniture,bed,304,189,0,282002.36,4,25,bed,0
0125172_neurosketch,21,furniture,bench,305,190,1,285002.29,4,32,bench,1
0125172_neurosketch,21,furniture,bench,305,191,1,285002.29,4,32,bench,0
0125172_neurosketch,21,furniture,bench,305,192,1,285002.29,4,32,bench,0
0125172_neurosketch,21,furniture,table,306,193,1,289501.65,4,38,table,1
0125172_neurosketch,21,furniture,table,306,194,1,289501.65,4,38,table,0
0125172_neurosketch,21,furniture,chair,307,195,0,292502.36,4,35,chair,1
0125172_neurosketch,21,furniture,chair,307,196,0,292502.36,4,35,chair,0
0125172_neurosketch,21,furniture,bed,308,197,0,295501.53,4,3,bed,1
0125172_neurosketch,21,furniture,bed,308,198,0,295501.53,4,3,bed,0
0125172_neurosketch,21,2,table,309,199,1,298501.91,4,27,table,1
0125172_neurosketch,21,2,table,309,200,1,298501.91,4,27,table,0
0125172_neurosketch,21,2,table,309,201,1,298501.91,4,27,table,0
0125172_neurosketch,21,2,table,309,202,1,298501.91,4,27,table,0
0125172_neurosketch,21,furniture,bench,310,203,1,304501.76,4,26,bench,1
0125172_neurosketch,21,furniture,bench,310,204,1,304501.76,4,26,bench,0
0125172_neurosketch,21,furniture,chair,311,205,0,307500.94,4,31,chair,1
0125172_neurosketch,21,furniture,chair,311,206,0,307500.94,4,31,chair,0
0125172_neurosketch,21,furniture,table,312,207,1,310502.25,4,15,table,1
0125172_neurosketch,21,furniture,table,312,208,1,310502.25,4,15,table,0
0125172_neurosketch,21,furniture,table,312,209,1,310502.25,4,15,table,0
0125172_neurosketch,21,furniture,chair,313,210,0,315001.49,4,26,chair,1
0125172_neurosketch,21,furniture,chair,313,211,0,315001.49,4,26,chair,0
0125172_neurosketch,21,furniture,chair,313,212,0,315001.49,4,26,chair,0
0125172_neurosketch,21,furniture,chair,313,213,0,315001.49,4,26,chair,0
0125172_neurosketch,21,furniture,bed,314,214,0,321002.25,4,1,bed,1
0125172_neurosketch,21,furniture,bed,314,215,0,321002.25,4,1,bed,0
0125172_neurosketch,21,furniture,bed,314,216,0,321002.25,4,1,bed,0
0125172_neurosketch,21,furniture,bench,315,217,1,325501.91,4,22,bench,1
0125172_neurosketch,21,furniture,bench,315,218,1,325501.91,4,22,bench,0
0125172_neurosketch,21,furniture,bench,315,219,1,325501.91,4,22,bench,0
0125172_neurosketch,21,furniture,bench,315,220,1,325501.91,4,22,bench,0
0125172_neurosketch,21,furniture,table,316,221,1,331501.98,4,11,table,1
0125172_neurosketch,21,furniture,table,316,222,1,331501.98,4,11,table,0
0125172_neurosketch,21,furniture,bed,317,223,0,334501.71,4,31,bed,1
0125172_neurosketch,21,furniture,bed,317,224,0,334501.71,4,31,bed,0
0125172_neurosketch,21,furniture,chair,318,225,0,337502.09,4,4,chair,1
0125172_neurosketch,21,furniture,chair,318,226,0,337502.09,4,4,chair,0
0125172_neurosketch,21,furniture,chair,318,227,0,337502.09,4,4,chair,0
0125172_neurosketch,21,2,bench,319,228,1,342002.44,4,0,bench,1
0125172_neurosketch,21,2,bench,319,229,1,342002.44,4,0,bench,0
0125172_neurosketch,21,2,bench,319,230,1,342002.44,4,0,bench,0
0125172_neurosketch,21,2,bench,319,231,1,342002.44,4,0,bench,0
0125172_neurosketch,21,2,bench,319,232,1,342002.44,4,0,bench,0
0125172_neurosketch,21,2,bench,319,233,1,342002.44,4,0,bench,0
0125172_neurosketch,21,2,bench,319,234,1,342002.44,4,0,bench,0
0125172_neurosketch,21,2,bench,319,235,1,342002.44,4,0,bench,0
0125172_neurosketch,21,2,bench,319,236,1,342002.44,4,0,bench,0
0125172_neurosketch,21,2,bench,319,237,1,342002.44,4,0,bench,0
0125172_neurosketch,21,2,bench,319,238,1,342002.44,4,0,bench,0
0125172_neurosketch,21,2,bench,319,239,1,342002.44,4,0,bench,0
0125172_neurosketch,21,furniture,bench,360,0,-1,0.0,9,0,,0
0125172_neurosketch,21,furniture,bench,360,1,-1,0.0,9,0,,0
0125172_neurosketch,21,furniture,bench,360,2,-1,0.0,9,0,,0
0125172_neurosketch,21,furniture,bench,360,3,-1,0.0,9,0,,0
0125172_neurosketch,21,furniture,bench,360,4,-1,0.0,9,0,,0
0125172_neurosketch,21,furniture,bench,360,5,-1,0.0,9,0,,0
0125172_neurosketch,21,furniture,bench,360,6,-1,0.0,9,0,,0
0125172_neurosketch,21,furniture,bench,360,7,-1,0.0,9,0,,0
0125172_neurosketch,21,furniture,bench,360,8,1,12001.51,9,0,,1
0125172_neurosketch,21,furniture,bench,360,9,1,12001.51,9,0,,0
0125172_neurosketch,21,furniture,bench,360,10,1,12001.51,9,0,,0
0125172_neurosketch,21,furniture,chair,361,11,0,16500.64,9,4,chair,1
0125172_neurosketch,21,furniture,chair,361,12,0,16500.64,9,4,chair,0
0125172_neurosketch,21,furniture,bed,362,13,0,19501.19,9,31,bed,1
0125172_neurosketch,21,furniture,bed,362,14,0,19501.19,9,31,bed,0
0125172_neurosketch,21,furniture,bed,362,15,0,19501.19,9,31,bed,0
0125172_neurosketch,21,furniture,table,363,16,1,24000.5,9,11,table,1
0125172_neurosketch,21,furniture,table,363,17,1,24000.5,9,11,table,0
0125172_neurosketch,21,furniture,table,363,18,1,24000.5,9,11,table,0
0125172_neurosketch,21,furniture,bench,364,19,1,28502.53,9,22,bench,1
0125172_neurosketch,21,furniture,bench,364,20,1,28502.53,9,22,bench,0
0125172_neurosketch,21,furniture,bench,364,21,1,28502.53,9,22,bench,0
0125172_neurosketch,21,furniture,bench,364,22,1,28502.53,9,22,bench,0
0125172_neurosketch,21,furniture,bed,365,23,0,34501.29,9,1,bed,1
0125172_neurosketch,21,furniture,bed,365,24,0,34501.29,9,1,bed,0
0125172_neurosketch,21,furniture,bed,365,25,0,34501.29,9,1,bed,0
0125172_neurosketch,21,furniture,bed,365,26,0,34501.29,9,1,bed,0
0125172_neurosketch,21,furniture,chair,366,27,0,40500.74,9,26,chair,1
0125172_neurosketch,21,furniture,chair,366,28,0,40500.74,9,26,chair,0
0125172_neurosketch,21,furniture,table,367,29,1,43501.46,9,15,table,1
0125172_neurosketch,21,furniture,table,367,30,1,43501.46,9,15,table,0
0125172_neurosketch,21,furniture,table,367,31,1,43501.46,9,15,table,0
0125172_neurosketch,21,furniture,table,367,32,1,43501.46,9,15,table,0
0125172_neurosketch,21,furniture,chair,368,33,0,49502.2,9,31,chair,1
0125172_neurosketch,21,furniture,chair,368,34,0,49502.2,9,31,chair,0
0125172_neurosketch,21,furniture,chair,368,35,0,49502.2,9,31,chair,0
0125172_neurosketch,21,2,bench,369,36,1,53999.94,9,26,bench,1
0125172_neurosketch,21,2,bench,369,37,1,53999.94,9,26,bench,0
0125172_neurosketch,21,furniture,table,370,38,1,57001.13,9,27,table,1
0125172_neurosketch,21,furniture,table,370,39,1,57001.13,9,27,table,0
0125172_neurosketch,21,furniture,table,370,40,1,57001.13,9,27,table,0
0125172_neurosketch,21,furniture,bed,371,41,0,61501.17,9,3,chair,1
0125172_neurosketch,21,furniture,bed,371,42,0,61501.17,9,3,chair,0
0125172_neurosketch,21,furniture,bed,371,43,0,61501.17,9,3,chair,0
0125172_neurosketch,21,furniture,chair,372,44,0,66001.45,9,35,chair,1
0125172_neurosketch,21,furniture,chair,372,45,0,66001.45,9,35,chair,0
0125172_neurosketch,21,furniture,table,373,46,1,69001.68,9,38,table,1
0125172_neurosketch,21,furniture,table,373,47,1,69001.68,9,38,table,0
0125172_neurosketch,21,furniture,table,373,48,1,69001.68,9,38,table,0
0125172_neurosketch,21,furniture,table,373,49,1,69001.68,9,38,table,0
0125172_neurosketch,21,furniture,bench,374,50,1,75001.69,9,32,bench,1
0125172_neurosketch,21,furniture,bench,374,51,1,75001.69,9,32,bench,0
0125172_neurosketch,21,furniture,bench,374,52,1,75001.69,9,32,bench,0
0125172_neurosketch,21,furniture,bed,375,53,0,79501.6,9,25,bed,1
0125172_neurosketch,21,furniture,bed,375,54,0,79501.6,9,25,bed,0
0125172_neurosketch,21,furniture,bed,375,55,0,79501.6,9,25,bed,0
0125172_neurosketch,21,furniture,table,376,56,1,84001.5,9,19,table,1
0125172_neurosketch,21,furniture,table,376,57,1,84001.5,9,19,table,0
0125172_neurosketch,21,furniture,bench,377,58,1,87001.16,9,36,bench,1
0125172_neurosketch,21,furniture,bench,377,59,1,87001.16,9,36,bench,0
0125172_neurosketch,21,furniture,bench,377,60,1,87001.16,9,36,bench,0
0125172_neurosketch,21,furniture,bed,378,61,0,91501.41,9,19,bed,1
0125172_neurosketch,21,furniture,bed,378,62,0,91501.41,9,19,bed,0
0125172_neurosketch,21,furniture,bed,378,63,0,91501.41,9,19,bed,0
0125172_neurosketch,21,2,chair,379,64,0,96000.71,9,17,chair,1
0125172_neurosketch,21,2,chair,379,65,0,96000.71,9,17,chair,0
0125172_neurosketch,21,2,chair,379,66,0,96000.71,9,17,chair,0
0125172_neurosketch,21,furniture,bench,380,67,1,100501.58,9,30,bench,1
0125172_neurosketch,21,furniture,bench,380,68,1,100501.58,9,30,bench,0
0125172_neurosketch,21,furniture,bed,381,69,0,103503.85,9,28,bed,1
0125172_neurosketch,21,furniture,bed,381,70,0,103503.85,9,28,bed,0
0125172_neurosketch,21,furniture,bed,381,71,0,103503.85,9,28,bed,0
0125172_neurosketch,21,furniture,table,382,72,1,108001.04,9,26,table,1
0125172_neurosketch,21,furniture,table,382,73,1,108001.04,9,26,table,0
0125172_neurosketch,21,furniture,chair,383,74,0,111003.97,9,23,chair,1
0125172_neurosketch,21,furniture,chair,383,75,0,111003.97,9,23,chair,0
0125172_neurosketch,21,furniture,table,384,76,1,114001.1,9,20,table,1
0125172_neurosketch,21,furniture,table,384,77,1,114001.1,9,20,table,0
0125172_neurosketch,21,furniture,chair,385,78,0,117002.32,9,1,chair,1
0125172_neurosketch,21,furniture,chair,385,79,0,117002.32,9,1,chair,0
0125172_neurosketch,21,furniture,chair,385,80,0,117002.32,9,1,chair,0
0125172_neurosketch,21,furniture,bench,386,81,1,121500.79,9,14,bench,1
0125172_neurosketch,21,furniture,bench,386,82,1,121500.79,9,14,bench,0
0125172_neurosketch,21,furniture,bed,387,83,0,124501.47,9,15,bed,1
0125172_neurosketch,21,furniture,bed,387,84,0,124501.47,9,15,bed,0
0125172_neurosketch,21,furniture,bed,388,85,0,127501.18,9,18,bed,1
0125172_neurosketch,21,furniture,bed,388,86,0,127501.18,9,18,bed,0
0125172_neurosketch,21,2,chair,389,87,0,130500.83,9,21,chair,1
0125172_neurosketch,21,2,chair,389,88,0,130500.83,9,21,chair,0
0125172_neurosketch,21,2,chair,389,89,0,130500.83,9,21,chair,0
0125172_neurosketch,21,2,chair,389,90,0,130500.83,9,21,chair,0
0125172_neurosketch,21,furniture,bench,390,91,1,136501.13,9,37,bench,1
0125172_neurosketch,21,furniture,bench,390,92,1,136501.13,9,37,bench,0
0125172_neurosketch,21,furniture,table,391,93,1,139501.54,9,28,table,1
0125172_neurosketch,21,furniture,table,391,94,1,139501.54,9,28,table,0
0125172_neurosketch,21,furniture,bed,392,95,0,142502.07,9,10,bed,1
0125172_neurosketch,21,furniture,bed,392,96,0,142502.07,9,10,bed,0
0125172_neurosketch,21,furniture,bed,392,97,0,142502.07,9,10,bed,0
0125172_neurosketch,21,furniture,chair,393,98,0,147002.11,9,3,chair,1
0125172_neurosketch,21,furniture,chair,393,99,0,147002.11,9,3,chair,0
0125172_neurosketch,21,furniture,chair,393,100,0,147002.11,9,3,chair,0
0125172_neurosketch,21,furniture,chair,393,101,0,147002.11,9,3,chair,0
0125172_neurosketch,21,furniture,table,394,102,1,153001.63,9,13,table,1
0125172_neurosketch,21,furniture,table,394,103,1,153001.63,9,13,table,0
0125172_neurosketch,21,furniture,table,394,104,1,153001.63,9,13,table,0
0125172_neurosketch,21,furniture,bench,395,105,1,157501.5,9,25,bench,1
0125172_neurosketch,21,furniture,bench,395,106,1,157501.5,9,25,bench,0
0125172_neurosketch,21,furniture,bench,395,107,1,157501.5,9,25,bench,0
0125172_neurosketch,21,furniture,bench,395,108,1,157501.5,9,25,bench,0
0125172_neurosketch,21,furniture,chair,396,109,0,163501.78,9,2,chair,1
0125172_neurosketch,21,furniture,chair,396,110,0,163501.78,9,2,chair,0
0125172_neurosketch,21,furniture,bed,397,111,0,166501.93,9,12,bed,1
0125172_neurosketch,21,furniture,bed,397,112,0,166501.93,9,12,bed,0
0125172_neurosketch,21,furniture,bench,398,113,1,169501.69,9,23,bench,1
0125172_neurosketch,21,furniture,bench,398,114,1,169501.69,9,23,bench,0
0125172_neurosketch,21,furniture,bench,398,115,1,169501.69,9,23,bench,0
0125172_neurosketch,21,2,table,399,116,1,174001.12,9,22,table,1
0125172_neurosketch,21,2,table,399,117,1,174001.12,9,22,table,0
0125172_neurosketch,21,2,table,399,118,1,174001.12,9,22,table,0
0125172_neurosketch,21,2,table,399,119,1,174001.12,9,22,table,0
0125172_neurosketch,21,furniture,bed,400,120,0,180003.05,9,37,bed,1
0125172_neurosketch,21,furniture,bed,400,121,0,180003.05,9,37,bed,0
0125172_neurosketch,21,furniture,bed,400,122,0,180003.05,9,37,bed,0
0125172_neurosketch,21,furniture,chair,401,123,0,184502.38,9,30,chair,1
0125172_neurosketch,21,furniture,chair,401,124,0,184502.38,9,30,chair,0
0125172_neurosketch,21,furniture,table,402,125,1,187502.38,9,5,table,1
0125172_neurosketch,21,furniture,table,402,126,1,187502.38,9,5,table,0
0125172_neurosketch,21,furniture,table,402,127,1,187502.38,9,5,table,0
0125172_neurosketch,21,furniture,bench,403,128,1,192001.56,9,27,bench,1
0125172_neurosketch,21,furniture,bench,403,129,1,192001.56,9,27,bench,0
0125172_neurosketch,21,furniture,bench,403,130,1,192001.56,9,27,bench,0
0125172_neurosketch,21,furniture,bed,404,131,0,196501.64,9,24,bed,1
0125172_neurosketch,21,furniture,bed,404,132,0,196501.64,9,24,bed,0
0125172_neurosketch,21,furniture,bed,404,133,0,196501.64,9,24,bed,0
0125172_neurosketch,21,furniture,bed,404,134,0,196501.64,9,24,bed,0
0125172_neurosketch,21,furniture,chair,405,135,0,202500.79,9,36,chair,1
0125172_neurosketch,21,furniture,chair,405,136,0,202500.79,9,36,chair,0
0125172_neurosketch,21,furniture,chair,405,137,0,202500.79,9,36,chair,0
0125172_neurosketch,21,furniture,chair,405,138,0,202500.79,9,36,chair,0
0125172_neurosketch,21,furniture,table,406,139,1,208501.61,9,23,table,1
0125172_neurosketch,21,furniture,table,406,140,1,208501.61,9,23,table,0
0125172_neurosketch,21,furniture,bench,407,141,1,211501.67,9,38,bench,1
0125172_neurosketch,21,furniture,bench,407,142,1,211501.67,9,38,bench,0
0125172_neurosketch,21,furniture,bench,407,143,1,211501.67,9,38,bench,0
0125172_neurosketch,21,furniture,bench,407,144,1,211501.67,9,38,bench,0
0125172_neurosketch,21,furniture,bed,408,145,0,217500.74,9,38,bed,1
0125172_neurosketch,21,furniture,bed,408,146,0,217500.74,9,38,bed,0
0125172_neurosketch,21,furniture,bed,408,147,0,217500.74,9,38,bed,0
0125172_neurosketch,21,2,chair,409,148,0,222001.29,9,5,chair,1
0125172_neurosketch,21,2,chair,409,149,0,222001.29,9,5,chair,0
0125172_neurosketch,21,furniture,table,410,150,1,225001.83,9,7,table,1
0125172_neurosketch,21,furniture,table,410,151,1,225001.83,9,7,table,0
0125172_neurosketch,21,furniture,table,410,152,1,225001.83,9,7,table,0
0125172_neurosketch,21,furniture,bench,411,153,1,229502.16,9,12,bench,1
0125172_neurosketch,21,furniture,bench,411,154,1,229502.16,9,12,bench,0
0125172_neurosketch,21,furniture,bench,411,155,1,229502.16,9,12,bench,0
0125172_neurosketch,21,furniture,chair,412,156,0,234000.68,9,37,chair,1
0125172_neurosketch,21,furniture,chair,412,157,0,234000.68,9,37,chair,0
0125172_neurosketch,21,furniture,bench,413,158,1,237004.14,9,5,bench,1
0125172_neurosketch,21,furniture,bench,413,159,1,237004.14,9,5,bench,0
0125172_neurosketch,21,furniture,bench,413,160,1,237004.14,9,5,bench,0
0125172_neurosketch,21,furniture,bench,413,161,1,237004.14,9,5,bench,0
0125172_neurosketch,21,furniture,table,414,162,1,243002.05,9,1,table,1
0125172_neurosketch,21,furniture,table,414,163,1,243002.05,9,1,table,0
0125172_neurosketch,21,furniture,table,414,164,1,243002.05,9,1,table,0
0125172_neurosketch,21,furniture,bed,415,165,0,247502.5,9,36,bed,1
0125172_neurosketch,21,furniture,bed,415,166,0,247502.5,9,36,bed,0
0125172_neurosketch,21,furniture,bed,415,167,0,247502.5,9,36,bed,0
0125172_neurosketch,21,furniture,chair,416,168,0,252001.41,9,15,chair,1
0125172_neurosketch,21,furniture,chair,416,169,0,252001.41,9,15,chair,0
0125172_neurosketch,21,furniture,bench,417,170,1,255002.14,9,16,bench,1
0125172_neurosketch,21,furniture,bench,417,171,1,255002.14,9,16,bench,0
0125172_neurosketch,21,furniture,bench,417,172,1,255002.14,9,16,bench,0
0125172_neurosketch,21,furniture,table,418,173,1,259501.62,9,21,table,1
0125172_neurosketch,21,furniture,table,418,174,1,259501.62,9,21,table,0
0125172_neurosketch,21,furniture,table,418,175,1,259501.62,9,21,table,0
0125172_neurosketch,21,2,bed,419,176,0,264001.48,9,20,bed,1
0125172_neurosketch,21,2,bed,419,177,0,264001.48,9,20,bed,0
0125172_neurosketch,21,2,bed,419,178,0,264001.48,9,20,bed,0
0125172_neurosketch,21,furniture,chair,420,179,0,268502.08,9,29,chair,1
0125172_neurosketch,21,furniture,chair,420,180,0,268502.08,9,29,chair,0
0125172_neurosketch,21,furniture,table,421,181,1,271501.38,9,2,table,1
0125172_neurosketch,21,furniture,table,421,182,1,271501.38,9,2,table,0
0125172_neurosketch,21,furniture,table,421,183,1,271501.38,9,2,table,0
0125172_neurosketch,21,furniture,bench,422,184,1,276002.54,9,35,bench,1
0125172_neurosketch,21,furniture,bench,422,185,1,276002.54,9,35,bench,0
0125172_neurosketch,21,furniture,bed,423,186,0,279002.0,9,27,bed,1
0125172_neurosketch,21,furniture,bed,423,187,0,279002.0,9,27,bed,0
0125172_neurosketch,21,furniture,bench,424,188,1,282001.9,9,29,bench,1
0125172_neurosketch,21,furniture,bench,424,189,1,282001.9,9,29,bench,0
0125172_neurosketch,21,furniture,bed,425,190,0,285001.94,9,39,bed,1
0125172_neurosketch,21,furniture,bed,425,191,0,285001.94,9,39,bed,0
0125172_neurosketch,21,furniture,bed,425,192,0,285001.94,9,39,bed,0
0125172_neurosketch,21,furniture,table,426,193,1,289501.62,9,25,table,1
0125172_neurosketch,21,furniture,table,426,194,1,289501.62,9,25,table,0
0125172_neurosketch,21,furniture,chair,427,195,0,292502.41,9,20,chair,1
0125172_neurosketch,21,furniture,chair,427,196,0,292502.41,9,20,chair,0
0125172_neurosketch,21,furniture,bench,428,197,1,295502.08,9,2,bench,1
0125172_neurosketch,21,furniture,bench,428,198,1,295502.08,9,2,bench,0
0125172_neurosketch,21,2,table,429,199,1,298501.96,9,39,table,1
0125172_neurosketch,21,2,table,429,200,1,298501.96,9,39,table,0
0125172_neurosketch,21,2,table,429,201,1,298501.96,9,39,table,0
0125172_neurosketch,21,2,table,429,202,1,298501.96,9,39,table,0
0125172_neurosketch,21,furniture,bed,430,203,0,304501.95,9,11,bed,1
0125172_neurosketch,21,furniture,bed,430,204,0,304501.95,9,11,bed,0
0125172_neurosketch,21,furniture,chair,431,205,0,307502.35,9,24,chair,1
0125172_neurosketch,21,furniture,chair,431,206,0,307502.35,9,24,chair,0
0125172_neurosketch,21,furniture,bench,432,207,1,310500.58,9,1,bench,1
0125172_neurosketch,21,furniture,bench,432,208,1,310500.58,9,1,bench,0
0125172_neurosketch,21,furniture,bench,432,209,1,310500.58,9,1,bench,0
0125172_neurosketch,21,furniture,bed,433,210,0,315003.37,9,21,bed,1
0125172_neurosketch,21,furniture,bed,433,211,0,315003.37,9,21,bed,0
0125172_neurosketch,21,furniture,bed,433,212,0,315003.37,9,21,bed,0
0125172_neurosketch,21,furniture,bed,433,213,0,315003.37,9,21,bed,0
0125172_neurosketch,21,furniture,table,434,214,1,321000.75,9,0,table,1
0125172_neurosketch,21,furniture,table,434,215,1,321000.75,9,0,table,0
0125172_neurosketch,21,furniture,table,434,216,1,321000.75,9,0,table,0
0125172_neurosketch,21,furniture,chair,435,217,0,325502.31,9,12,chair,1
0125172_neurosketch,21,furniture,chair,435,218,0,325502.31,9,12,chair,0
0125172_neurosketch,21,furniture,chair,435,219,0,325502.31,9,12,chair,0
0125172_neurosketch,21,furniture,chair,435,220,0,325502.31,9,12,chair,0
0125172_neurosketch,21,furniture,bench,436,221,1,331501.18,9,18,bench,1
0125172_neurosketch,21,furniture,bench,436,222,1,331501.18,9,18,bench,0
0125172_neurosketch,21,furniture,chair,437,223,0,334501.96,9,0,chair,1
0125172_neurosketch,21,furniture,chair,437,224,0,334501.96,9,0,chair,0
0125172_neurosketch,21,furniture,table,438,225,1,337501.08,9,35,table,1
0125172_neurosketch,21,furniture,table,438,226,1,337501.08,9,35,table,0
0125172_neurosketch,21,furniture,table,438,227,1,337501.08,9,35,table,0
0125172_neurosketch,21,2,bed,439,228,0,342000.31,9,5,bed,1
0125172_neurosketch,21,2,bed,439,229,0,342000.31,9,5,bed,0
0125172_neurosketch,21,2,bed,439,230,0,342000.31,9,5,bed,0
0125172_neurosketch,21,2,bed,439,231,0,342000.31,9,5,bed,0
0125172_neurosketch,21,2,bed,439,232,0,342000.31,9,5,bed,0
0125172_neurosketch,21,2,bed,439,233,0,342000.31,9,5,bed,0
0125172_neurosketch,21,2,bed,439,234,0,342000.31,9,5,bed,0
0125172_neurosketch,21,2,bed,439,235,0,342000.31,9,5,bed,0
0125172_neurosketch,21,2,bed,439,236,0,342000.31,9,5,bed,0
0125172_neurosketch,21,2,bed,439,237,0,342000.31,9,5,bed,0
0125172_neurosketch,21,2,bed,439,238,0,342000.31,9,5,bed,0
0125172_neurosketch,21,2,bed,439,239,0,342000.31,9,5,bed,0
0125172_neurosketch,21,furniture,chair,440,0,-1,0.0,10,16,chair,0
0125172_neurosketch,21,furniture,chair,440,1,-1,0.0,10,16,chair,0
0125172_neurosketch,21,furniture,chair,440,2,-1,0.0,10,16,chair,0
0125172_neurosketch,21,furniture,chair,440,3,-1,0.0,10,16,chair,0
0125172_neurosketch,21,furniture,chair,440,4,-1,0.0,10,16,chair,0
0125172_neurosketch,21,furniture,chair,440,5,-1,0.0,10,16,chair,0
0125172_neurosketch,21,furniture,chair,440,6,-1,0.0,10,16,chair,0
0125172_neurosketch,21,furniture,chair,440,7,-1,0.0,10,16,chair,0
0125172_neurosketch,21,furniture,chair,440,8,0,12001.95,10,16,chair,1
0125172_neurosketch,21,furniture,chair,440,9,0,12001.95,10,16,chair,0
0125172_neurosketch,21,furniture,chair,440,10,0,12001.95,10,16,chair,0
0125172_neurosketch,21,furniture,bench,441,11,1,16501.8,10,31,bench,1
0125172_neurosketch,21,furniture,bench,441,12,1,16501.8,10,31,bench,0
0125172_neurosketch,21,furniture,table,442,13,1,19501.51,10,33,table,1
0125172_neurosketch,21,furniture,table,442,14,1,19501.51,10,33,table,0
0125172_neurosketch,21,furniture,table,442,15,1,19501.51,10,33,table,0
0125172_neurosketch,21,furniture,bed,443,16,0,24001.75,10,29,bed,1
0125172_neurosketch,21,furniture,bed,443,17,0,24001.75,10,29,bed,0
0125172_neurosketch,21,furniture,bed,443,18,0,24001.75,10,29,bed,0
0125172_neurosketch,21,furniture,chair,444,19,0,28501.74,10,25,chair,1
0125172_neurosketch,21,furniture,chair,444,20,0,28501.74,10,25,chair,0
0125172_neurosketch,21,furniture,chair,444,21,0,28501.74,10,25,chair,0
0125172_neurosketch,21,furniture,chair,444,22,0,28501.74,10,25,chair,0
0125172_neurosketch,21,furniture,bed,445,23,0,34502.08,10,17,bed,1
0125172_neurosketch,21,furniture,bed,445,24,0,34502.08,10,17,bed,0
0125172_neurosketch,21,furniture,bed,445,25,0,34502.08,10,17,bed,0
0125172_neurosketch,21,furniture,bed,445,26,0,34502.08,10,17,bed,0
0125172_neurosketch,21,furniture,bench,446,27,1,40501.72,10,34,bench,1
0125172_neurosketch,21,furniture,bench,446,28,1,40501.72,10,34,bench,0
0125172_neurosketch,21,furniture,table,447,29,1,43502.63,10,32,table,1
0125172_neurosketch,21,furniture,table,447,30,1,43502.63,10,32,table,0
0125172_neurosketch,21,furniture,table,447,31,1,43502.63,10,32,table,0
0125172_neurosketch,21,furniture,table,447,32,1,43502.63,10,32,table,0
0125172_neurosketch,21,furniture,table,448,33,1,49501.15,10,18,table,1
0125172_neurosketch,21,furniture,table,448,34,1,49501.15,10,18,table,0
0125172_neurosketch,21,furniture,table,448,35,1,49501.15,10,18,table,0
0125172_neurosketch,21,2,bench,449,36,1,54001.2,10,19,bench,1
0125172_neurosketch,21,2,bench,449,37,1,54001.2,10,19,bench,0
0125172_neurosketch,21,furniture,bed,450,38,0,57001.22,10,7,bed,1
0125172_neurosketch,21,furniture,bed,450,39,0,57001.22,10,7,bed,0
0125172_neurosketch,21,furniture,bed,450,40,0,57001.22,10,7,bed,0
0125172_neurosketch,21,furniture,chair,451,41,0,61501.53,10,39,chair,1
0125172_neurosketch,21,furniture,chair,451,42,0,61501.53,10,39,chair,0
0125172_neurosketch,21,furniture,chair,451,43,0,61501.53,10,39,chair,0
0125172_neurosketch,21,furniture,bench,452,44,1,66000.95,10,33,bench,1
0125172_neurosketch,21,furniture,bench,452,45,1,66000.95,10,33,bench,0
0125172_neurosketch,21,furniture,bed,453,46,0,69001.56,10,4,bed,1
0125172_neurosketch,21,furniture,bed,453,47,0,69001.56,10,4,bed,0
0125172_neurosketch,21,furniture,bed,453,48,0,69001.56,10,4,bed,0
0125172_neurosketch,21,furniture,bed,453,49,0,69001.56,10,4,bed,0
0125172_neurosketch,21,furniture,table,454,50,1,75001.12,10,6,table,1
0125172_neurosketch,21,furniture,table,454,51,1,75001.12,10,6,table,0
0125172_neurosketch,21,furniture,table,454,52,1,75001.12,10,6,table,0
0125172_neurosketch,21,furniture,chair,455,53,0,79502.32,10,14,chair,1
0125172_neurosketch,21,furniture,chair,455,54,0,79502.32,10,14,chair,0
0125172_neurosketch,21,furniture,chair,455,55,0,79502.32,10,14,chair,0
0125172_neurosketch,21,furniture,table,456,56,1,84002.12,10,17,table,1
0125172_neurosketch,21,furniture,table,456,57,1,84002.12,10,17,table,0
0125172_neurosketch,21,furniture,bench,457,58,1,87002.17,10,24,bench,1
0125172_neurosketch,21,furniture,bench,457,59,1,87002.17,10,24,bench,0
0125172_neurosketch,21,furniture,bench,457,60,1,87002.17,10,24,bench,0
0125172_neurosketch,21,furniture,chair,458,61,0,91502.21,10,10,chair,1
0125172_neurosketch,21,furniture,chair,458,62,0,91502.21,10,10,chair,0
0125172_neurosketch,21,furniture,chair,458,63,0,91502.21,10,10,chair,0
0125172_neurosketch,21,2,bed,459,64,0,96001.63,10,6,bed,1
0125172_neurosketch,21,2,bed,459,65,0,96001.63,10,6,bed,0
0125172_neurosketch,21,2,bed,459,66,0,96001.63,10,6,bed,0
0125172_neurosketch,21,furniture,bench,460,67,1,100502.3,10,6,bench,1
0125172_neurosketch,21,furniture,bench,460,68,1,100502.3,10,6,bench,0
0125172_neurosketch,21,furniture,chair,461,69,0,103502.19,10,18,chair,1
0125172_neurosketch,21,furniture,chair,461,70,0,103502.19,10,18,chair,0
0125172_neurosketch,21,furniture,chair,461,71,0,103502.19,10,18,chair,0
0125172_neurosketch,21,furniture,bed,462,72,0,108001.78,10,23,bed,1
0125172_neurosketch,21,furniture,bed,462,73,0,108001.78,10,23,bed,0
0125172_neurosketch,21,furniture,table,463,74,1,111000.86,10,8,table,1
0125172_neurosketch,21,furniture,table,463,75,1,111000.86,10,8,table,0
0125172_neurosketch,21,furniture,bench,464,76,1,114002.0,10,21,bench,1
0125172_neurosketch,21,furniture,bench,464,77,1,114002.0,10,21,bench,0
0125172_neurosketch,21,furniture,chair,465,78,0,117001.93,10,33,chair,1
0125172_neurosketch,21,furniture,chair,465,79,0,117001.93,10,33,chair,0
0125172_neurosketch,21,furniture,chair,465,80,0,117001.93,10,33,chair,0
0125172_neurosketch,21,furniture,bed,466,81,0,121501.81,10,8,bed,1
0125172_neurosketch,21,furniture,bed,466,82,0,121501.81,10,8,bed,0
0125172_neurosketch,21,furniture,table,467,83,1,124502.64,10,37,table,1
0125172_neurosketch,21,furniture,table,467,84,1,124502.64,10,37,table,0
0125172_neurosketch,21,furniture,chair,468,85,0,127501.69,10,13,chair,1
0125172_neurosketch,21,furniture,chair,468,86,0,127501.69,10,13,chair,0
0125172_neurosketch,21,2,bench,469,87,1,130501.77,10,10,bench,1
0125172_neurosketch,21,2,bench,469,88,1,130501.77,10,10,bench,0
0125172_neurosketch,21,2,bench,469,89,1,130501.77,10,10,bench,0
0125172_neurosketch,21,2,bench,469,90,1,130501.77,10,10,bench,0
0125172_neurosketch,21,furniture,bed,470,91,0,136501.77,10,0,bed,1
0125172_neurosketch,21,furniture,bed,470,92,0,136501.77,10,0,bed,0
0125172_neurosketch,21,furniture,table,471,93,1,139501.86,10,29,table,1
0125172_neurosketch,21,furniture,table,471,94,1,139501.86,10,29,table,0
0125172_neurosketch,21,furniture,chair,472,95,0,142502.36,10,38,chair,1
0125172_neurosketch,21,furniture,chair,472,96,0,142502.36,10,38,chair,0
0125172_neurosketch,21,furniture,chair,472,97,0,142502.36,10,38,chair,0
0125172_neurosketch,21,furniture,table,473,98,1,147002.21,10,12,table,1
0125172_neurosketch,21,furniture,table,473,99,1,147002.21,10,12,table,0
0125172_neurosketch,21,furniture,table,473,100,1,147002.21,10,12,table,0
0125172_neurosketch,21,furniture,table,473,101,1,147002.21,10,12,table,0
0125172_neurosketch,21,furniture,bed,474,102,0,153002.47,10,22,bed,1
0125172_neurosketch,21,furniture,bed,474,103,0,153002.47,10,22,bed,0
0125172_neurosketch,21,furniture,bed,474,104,0,153002.47,10,22,bed,0
0125172_neurosketch,21,furniture,bench,475,105,1,157502.42,10,4,bench,1
0125172_neurosketch,21,furniture,bench,475,106,1,157502.42,10,4,bench,0
0125172_neurosketch,21,furniture,bench,475,107,1,157502.42,10,4,bench,0
0125172_neurosketch,21,furniture,bench,475,108,1,157502.42,10,4,bench,0
0125172_neurosketch,21,furniture,table,476,109,1,163501.6,10,36,table,1
0125172_neurosketch,21,furniture,table,476,110,1,163501.6,10,36,table,0
0125172_neurosketch,21,furniture,chair,477,111,0,166502.24,10,22,chair,1
0125172_neurosketch,21,furniture,chair,477,112,0,166502.24,10,22,chair,0
0125172_neurosketch,21,furniture,bed,478,113,0,169501.59,10,2,bed,1
0125172_neurosketch,21,furniture,bed,478,114,0,169501.59,10,2,bed,0
0125172_neurosketch,21,furniture,bed,478,115,0,169501.59,10,2,bed,0
0125172_neurosketch,21,2,bench,479,116,1,174001.85,10,9,bench,1
0125172_neurosketch,21,2,bench,479,117,1,174001.85,10,9,bench,0
0125172_neurosketch,21,2,bench,479,118,1,174001.85,10,9,bench,0
0125172_neurosketch,21,2,bench,479,119,1,174001.85,10,9,bench,0
0125172_neurosketch,21,furniture,bench,480,120,1,180001.04,10,28,bench,1
0125172_neurosketch,21,furniture,bench,480,121,1,180001.04,10,28,bench,0
0125172_neurosketch,21,furniture,bench,480,122,1,180001.04,10,28,bench,0
0125172_neurosketch,21,furniture,table,481,123,1,184501.79,10,30,table,1
0125172_neurosketch,21,furniture,table,481,124,1,184501.79,10,30,table,0
0125172_neurosketch,21,furniture,chair,482,125,0,187501.73,10,32,chair,1
0125172_neurosketch,21,furniture,chair,482,126,0,187501.73,10,32,chair,0
0125172_neurosketch,21,furniture,chair,482,127,0,187501.73,10,32,chair,0
0125172_neurosketch,21,furniture,bed,483,128,0,192000.74,10,35,bed,1
0125172_neurosketch,21,furniture,bed,483,129,0,192000.74,10,35,bed,0
0125172_neurosketch,21,furniture,bed,483,130,0,192000.74,10,35,bed,0
0125172_neurosketch,21,furniture,bed,484,131,0,196502.29,10,33,bed,1
0125172_neurosketch,21,furniture,bed,484,132,0,196502.29,10,33,bed,0
0125172_neurosketch,21,furniture,bed,484,133,0,196502.29,10,33,bed,0
0125172_neurosketch,21,furniture,bed,484,134,0,196502.29,10,33,bed,0
0125172_neurosketch,21,furniture,bench,485,135,1,202500.94,10,15,bench,1
0125172_neurosketch,21,furniture,bench,485,136,1,202500.94,10,15,bench,0
0125172_neurosketch,21,furniture,bench,485,137,1,202500.94,10,15,bench,0
0125172_neurosketch,21,furniture,bench,485,138,1,202500.94,10,15,bench,0
0125172_neurosketch,21,furniture,chair,486,139,0,208502.21,10,9,chair,1
0125172_neurosketch,21,furniture,chair,486,140,0,208502.21,10,9,chair,0
0125172_neurosketch,21,furniture,table,487,141,1,211502.18,10,4,table,1
0125172_neurosketch,21,furniture,table,487,142,1,211502.18,10,4,table,0
0125172_neurosketch,21,furniture,table,487,143,1,211502.18,10,4,table,0
0125172_neurosketch,21,furniture,table,487,144,1,211502.18,10,4,table,0
0125172_neurosketch,21,furniture,chair,488,145,0,217501.56,10,28,chair,1
0125172_neurosketch,21,furniture,chair,488,146,0,217501.56,10,28,chair,0
0125172_neurosketch,21,furniture,chair,488,147,0,217501.56,10,28,chair,0
0125172_neurosketch,21,2,bed,489,148,0,222002.22,10,34,bed,1
0125172_neurosketch,21,2,bed,489,149,0,222002.22,10,34,bed,0
0125172_neurosketch,21,furniture,table,490,150,1,225002.25,10,10,table,1
0125172_neurosketch,21,furniture,table,490,151,1,225002.25,10,10,table,0
0125172_neurosketch,21,furniture,table,490,152,1,225002.25,10,10,table,0
0125172_neurosketch,21,furniture,bench,491,153,1,229501.97,10,11,,1
0125172_neurosketch,21,furniture,bench,491,154,1,229501.97,10,11,,0
0125172_neurosketch,21,furniture,bench,491,155,1,229501.97,10,11,,0
0125172_neurosketch,21,furniture,bench,492,156,1,234002.91,10,7,bench,1
0125172_neurosketch,21,furniture,bench,492,157,1,234002.91,10,7,bench,0
0125172_neurosketch,21,furniture,chair,493,158,0,237001.89,10,7,chair,1
0125172_neurosketch,21,furniture,chair,493,159,0,237001.89,10,7,chair,0
0125172_neurosketch,21,furniture,chair,493,160,0,237001.89,10,7,chair,0
0125172_neurosketch,21,furniture,chair,493,161,0,237001.89,10,7,chair,0
0125172_neurosketch,21,furniture,bed,494,162,0,243001.48,10,13,bed,1
0125172_neurosketch,21,furniture,bed,494,163,0,243001.48,10,13,bed,0
0125172_neurosketch,21,furniture,bed,494,164,0,243001.48,10,13,bed,0
0125172_neurosketch,21,furniture,table,495,165,1,247501.81,10,31,table,1
0125172_neurosketch,21,furniture,table,495,166,1,247501.81,10,31,table,0
0125172_neurosketch,21,furniture,table,495,167,1,247501.81,10,31,table,0
0125172_neurosketch,21,furniture,table,496,168,1,252002.07,10,14,table,1
0125172_neurosketch,21,furniture,table,496,169,1,252002.07,10,14,table,0
0125172_neurosketch,21,furniture,bed,497,170,0,255002.23,10,32,bed,1
0125172_neurosketch,21,furniture,bed,497,171,0,255002.23,10,32,bed,0
0125172_neurosketch,21,furniture,bed,497,172,0,255002.23,10,32,bed,0
0125172_neurosketch,21,furniture,bench,498,173,1,259501.29,10,3,bench,1
0125172_neurosketch,21,furniture,bench,498,174,1,259501.29,10,3,bench,0
0125172_neurosketch,21,furniture,bench,498,175,1,259501.29,10,3,bench,0
0125172_neurosketch,21,2,chair,499,176,0,264000.73,10,6,chair,1
0125172_neurosketch,21,2,chair,499,177,0,264000.73,10,6,chair,0
0125172_neurosketch,21,2,chair,499,178,0,264000.73,10,6,chair,0
0125172_neurosketch,21,furniture,bed,500,179,0,268501.95,10,16,bed,1
0125172_neurosketch,21,furniture,bed,500,180,0,268501.95,10,16,bed,0
0125172_neurosketch,21,furniture,bench,501,181,1,271502.31,10,20,bench,1
0125172_neurosketch,21,furniture,bench,501,182,1,271502.31,10,20,bench,0
0125172_neurosketch,21,furniture,bench,501,183,1,271502.31,10,20,bench,0
0125172_neurosketch,21,furniture,table,502,184,1,276001.61,10,34,table,1
0125172_neurosketch,21,furniture,table,502,185,1,276001.61,10,34,table,0
0125172_neurosketch,21,furniture,chair,503,186,0,279001.79,10,19,chair,1
0125172_neurosketch,21,furniture,chair,503,187,0,279001.79,10,19,chair,0
0125172_neurosketch,21,furniture,table,504,188,1,282002.07,10,3,table,1
0125172_neurosketch,21,furniture,table,504,189,1,282002.07,10,3,table,0
0125172_neurosketch,21,furniture,bed,505,190,0,285000.35,10,26,bed,1
0125172_neurosketch,21,furniture,bed,505,191,0,285000.35,10,26,bed,0
0125172_neurosketch,21,furniture,bed,505,192,0,285000.35,10,26,bed,0
0125172_neurosketch,21,furniture,chair,506,193,0,289502.37,10,27,chair,1
0125172_neurosketch,21,furniture,chair,506,194,0,289502.37,10,27,chair,0
0125172_neurosketch,21,furniture,bench,507,195,1,292501.83,10,13,bench,1
0125172_neurosketch,21,furniture,bench,507,196,1,292501.83,10,13,bench,0
0125172_neurosketch,21,furniture,chair,508,197,0,295502.6,10,11,chair,1
0125172_neurosketch,21,furniture,chair,508,198,0,295502.6,10,11,chair,0
0125172_neurosketch,21,2,table,509,199,1,298501.82,10,24,table,1
0125172_neurosketch,21,2,table,509,200,1,298501.82,10,24,table,0
0125172_neurosketch,21,2,table,509,201,1,298501.82,10,24,table,0
0125172_neurosketch,21,2,table,509,202,1,298501.82,10,24,table,0
0125172_neurosketch,21,furniture,bench,510,203,1,304501.19,10,17,bench,1
0125172_neurosketch,21,furniture,bench,510,204,1,304501.19,10,17,bench,0
0125172_neurosketch,21,furniture,bed,511,205,0,307501.33,10,30,bed,1
0125172_neurosketch,21,furniture,bed,511,206,0,307501.33,10,30,bed,0
0125172_neurosketch,21,furniture,chair,512,207,0,310502.17,10,34,chair,1
0125172_neurosketch,21,furniture,chair,512,208,0,310502.17,10,34,chair,0
0125172_neurosketch,21,furniture,chair,512,209,0,310502.17,10,34,chair,0
0125172_neurosketch,21,furniture,table,513,210,1,315000.97,10,16,table,1
0125172_neurosketch,21,furniture,table,513,211,1,315000.97,10,16,table,0
0125172_neurosketch,21,furniture,table,513,212,1,315000.97,10,16,table,0
0125172_neurosketch,21,furniture,table,513,213,1,315000.97,10,16,table,0
0125172_neurosketch,21,furniture,bed,514,214,0,321002.17,10,9,bed,1
0125172_neurosketch,21,furniture,bed,514,215,0,321002.17,10,9,bed,0
0125172_neurosketch,21,furniture,bed,514,216,0,321002.17,10,9,bed,0
0125172_neurosketch,21,furniture,bench,515,217,1,325502.55,10,8,bench,1
0125172_neurosketch,21,furniture,bench,515,218,1,325502.55,10,8,bench,0
0125172_neurosketch,21,furniture,bench,515,219,1,325502.55,10,8,bench,0
0125172_neurosketch,21,furniture,bench,515,220,1,325502.55,10,8,bench,0
0125172_neurosketch,21,furniture,chair,516,221,0,331500.99,10,8,chair,1
0125172_neurosketch,21,furniture,chair,516,222,0,331500.99,10,8,chair,0
0125172_neurosketch,21,furniture,bench,517,223,1,334501.81,10,39,,1
0125172_neurosketch,21,furniture,bench,517,224,1,334501.81,10,39,,0
0125172_neurosketch,21,furniture,bed,518,225,0,337502.27,10,14,bed,1
0125172_neurosketch,21,furniture,bed,518,226,0,337502.27,10,14,bed,0
0125172_neurosketch,21,furniture,bed,518,227,0,337502.27,10,14,bed,0
0125172_neurosketch,21,2,table,519,228,1,342001.52,10,9,table,1
0125172_neurosketch,21,2,table,519,229,1,342001.52,10,9,table,0
0125172_neurosketch,21,2,table,519,230,1,342001.52,10,9,table,0
0125172_neurosketch,21,2,table,519,231,1,342001.52,10,9,table,0
0125172_neurosketch,21,2,table,519,232,1,342001.52,10,9,table,0
0125172_neurosketch,21,2,table,519,233,1,342001.52,10,9,table,0
0125172_neurosketch,21,2,table,519,234,1,342001.52,10,9,table,0
0125172_neurosketch,21,2,table,519,235,1,342001.52,10,9,table,0
0125172_neurosketch,21,2,table,519,236,1,342001.52,10,9,table,0
0125172_neurosketch,21,2,table,519,237,1,342001.52,10,9,table,0
0125172_neurosketch,21,2,table,519,238,1,342001.52,10,9,table,0
0125172_neurosketch,21,2,table,519,239,1,342001.52,10,9,table,0
