wID,versionNum,category,object,trial,TRnum,condition,onset_time,run_num,viewpoint,response,onset
1121161_neurosketch,24,furniture,table,0,0,-1,0.0,1,17,,0
1121161_neurosketch,24,furniture,table,0,1,-1,0.0,1,17,,0
1121161_neurosketch,24,furniture,table,0,2,-1,0.0,1,17,,0
1121161_neurosketch,24,furniture,table,0,3,-1,0.0,1,17,,0
1121161_neurosketch,24,furniture,table,0,4,-1,0.0,1,17,,0
1121161_neurosketch,24,furniture,table,0,5,-1,0.0,1,17,,0
1121161_neurosketch,24,furniture,table,0,6,-1,0.0,1,17,,0
1121161_neurosketch,24,furniture,table,0,7,-1,0.0,1,17,,0
1121161_neurosketch,24,furniture,table,0,8,0,12005.21,1,17,,1
1121161_neurosketch,24,furniture,table,0,9,0,12005.21,1,17,,0
1121161_neurosketch,24,furniture,table,0,10,0,12005.21,1,17,,0
1121161_neurosketch,24,furniture,table,0,11,0,12005.21,1,17,,0
1121161_neurosketch,24,furniture,chair,1,12,1,18003.42,1,28,chair,1
1121161_neurosketch,24,furniture,chair,1,13,1,18003.42,1,28,chair,0
1121161_neurosketch,24,furniture,bench,2,14,1,21002.65,1,21,bench,1
1121161_neurosketch,24,furniture,bench,2,15,1,21002.65,1,21,bench,0
1121161_neurosketch,24,furniture,bench,2,16,1,21002.65,1,21,bench,0
1121161_neurosketch,24,furniture,bed,3,17,0,25502.34,1,6,bed,1
1121161_neurosketch,24,furniture,bed,3,18,0,25502.34,1,6,bed,0
1121161_neurosketch,24,furniture,bed,4,19,0,28503.45,1,10,bed,1
1121161_neurosketch,24,furniture,bed,4,20,0,28503.45,1,10,bed,0
1121161_neurosketch,24,furniture,bench,5,21,1,31502.99,1,8,,1
1121161_neurosketch,24,furniture,bench,5,22,1,31502.99,1,8,,0
1121161_neurosketch,24,furniture,table,6,23,0,34501.91,1,15,table,1
1121161_neurosketch,24,furniture,table,6,24,0,34501.91,1,15,table,0
1121161_neurosketch,24,furniture,table,6,25,0,34501.91,1,15,table,0
1121161_neurosketch,24,furniture,chair,7,26,1,39002.48,1,25,chair,1
1121161_neurosketch,24,furniture,chair,7,27,1,39002.48,1,25,chair,0
1121161_neurosketch,24,furniture,chair,7,28,1,39002.48,1,25,chair,0
1121161_neurosketch,24,furniture,bench,8,29,1,43502.0,1,16,bench,1
1121161_neurosketch,24,furniture,bench,8,30,1,43502.0,1,16,bench,0
1121161_neurosketch,24,2,bed,9,31,0,46501.91,1,25,bed,1
1121161_neurosketch,24,2,bed,9,32,0,46501.91,1,25,bed,0
1121161_neurosketch,24,furniture,table,10,33,0,49502.31,1,32,table,1
1121161_neurosketch,24,furniture,table,10,34,0,49502.31,1,32,table,0
1121161_neurosketch,24,furniture,table,10,35,0,49502.31,1,32,table,0
1121161_neurosketch,24,furniture,chair,11,36,1,54002.31,1,22,chair,1
1121161_neurosketch,24,furniture,chair,11,37,1,54002.31,1,22,chair,0
1121161_neurosketch,24,furniture,chair,11,38,1,54002.31,1,22,chair,0
1121161_neurosketch,24,furniture,bench,12,39,1,58502.62,1,18,bench,1
1121161_neurosketch,24,furniture,bench,12,40,1,58502.62,1,18,bench,0
1121161_neurosketch,24,furniture,bench,12,41,1,58502.62,1,18,bench,0
1121161_neurosketch,24,furniture,bench,12,42,1,58502.62,1,18,bench,0
1121161_neurosketch,24,furniture,bed,13,43,0,64502.42,1,4,bed,1
1121161_neurosketch,24,furniture,bed,13,44,0,64502.42,1,4,bed,0
1121161_neurosketch,24,furniture,chair,14,45,1,67501.82,1,7,chair,1
1121161_neurosketch,24,furniture,chair,14,46,1,67501.82,1,7,chair,0
1121161_neurosketch,24,furniture,chair,14,47,1,67501.82,1,7,chair,0
1121161_neurosketch,24,furniture,chair,14,48,1,67501.82,1,7,chair,0
1121161_neurosketch,24,furniture,table,15,49,0,73501.99,1,38,table,1
1121161_neurosketch,24,furniture,table,15,50,0,73501.99,1,38,table,0
1121161_neurosketch,24,furniture,table,15,51,0,73501.99,1,38,table,0
1121161_neurosketch,24,furniture,table,15,52,0,73501.99,1,38,table,0
1121161_neurosketch,24,furniture,bed,16,53,0,79502.31,1,39,table,1
1121161_neurosketch,24,furniture,bed,16,54,0,79502.31,1,39,table,0
1121161_neurosketch,24,furniture,bed,16,55,0,79502.31,1,39,table,0
1121161_neurosketch,24,furniture,table,17,56,0,84002.24,1,37,table,1
1121161_neurosketch,24,furniture,table,17,57,0,84002.24,1,37,table,0
1121161_neurosketch,24,furniture,table,17,58,0,84002.24,1,37,table,0
1121161_neurosketch,24,furniture,chair,18,59,1,88503.26,1,31,chair,1
1121161_neurosketch,24,furniture,chair,18,60,1,88503.26,1,31,chair,0
1121161_neurosketch,24,2,bench,19,61,1,91502.78,1,39,bench,1
1121161_neurosketch,24,2,bench,19,62,1,91502.78,1,39,bench,0
1121161_neurosketch,24,furniture,bed,20,63,0,94502.68,1,2,bed,1
1121161_neurosketch,24,furniture,bed,20,64,0,94502.68,1,2,bed,0
1121161_neurosketch,24,furniture,bed,20,65,0,94502.68,1,2,bed,0
1121161_neurosketch,24,furniture,chair,21,66,1,99002.17,1,24,chair,1
1121161_neurosketch,24,furniture,chair,21,67,1,99002.17,1,24,chair,0
1121161_neurosketch,24,furniture,chair,21,68,1,99002.17,1,24,chair,0
1121161_neurosketch,24,furniture,chair,21,69,1,99002.17,1,24,chair,0
1121161_neurosketch,24,furniture,table,22,70,0,105002.64,1,3,table,1
1121161_neurosketch,24,furniture,table,22,71,0,105002.64,1,3,table,0
1121161_neurosketch,24,furniture,table,22,72,0,105002.64,1,3,table,0
1121161_neurosketch,24,furniture,bench,23,73,1,109503.06,1,34,bench,1
1121161_neurosketch,24,furniture,bench,23,74,1,109503.06,1,34,bench,0
1121161_neurosketch,24,furniture,chair,24,75,1,112502.7,1,6,chair,1
1121161_neurosketch,24,furniture,chair,24,76,1,112502.7,1,6,chair,0
1121161_neurosketch,24,furniture,chair,24,77,1,112502.7,1,6,chair,0
1121161_neurosketch,24,furniture,table,25,78,0,117003.26,1,11,table,1
1121161_neurosketch,24,furniture,table,25,79,0,117003.26,1,11,table,0
1121161_neurosketch,24,furniture,bench,26,80,1,120002.54,1,35,bench,1
1121161_neurosketch,24,furniture,bench,26,81,1,120002.54,1,35,bench,0
1121161_neurosketch,24,furniture,bed,27,82,0,123003.04,1,28,bed,1
1121161_neurosketch,24,furniture,bed,27,83,0,123003.04,1,28,bed,0
1121161_neurosketch,24,furniture,bed,27,84,0,123003.04,1,28,bed,0
1121161_neurosketch,24,furniture,chair,28,85,1,127502.78,1,19,chair,1
1121161_neurosketch,24,furniture,chair,28,86,1,127502.78,1,19,chair,0
1121161_neurosketch,24,furniture,chair,28,87,1,127502.78,1,19,chair,0
1121161_neurosketch,24,furniture,chair,28,88,1,127502.78,1,19,chair,0
1121161_neurosketch,24,2,bed,29,89,0,133502.25,1,32,bed,1
1121161_neurosketch,24,2,bed,29,90,0,133502.25,1,32,bed,0
1121161_neurosketch,24,2,bed,29,91,0,133502.25,1,32,bed,0
1121161_neurosketch,24,furniture,table,30,92,0,138003.05,1,19,table,1
1121161_neurosketch,24,furniture,table,30,93,0,138003.05,1,19,table,0
1121161_neurosketch,24,furniture,table,30,94,0,138003.05,1,19,table,0
1121161_neurosketch,24,furniture,table,30,95,0,138003.05,1,19,table,0
1121161_neurosketch,24,furniture,bench,31,96,1,144004.35,1,36,,1
1121161_neurosketch,24,furniture,bench,31,97,1,144004.35,1,36,,0
1121161_neurosketch,24,furniture,bench,31,98,1,144004.35,1,36,,0
1121161_neurosketch,24,furniture,table,32,99,0,148502.61,1,25,table,1
1121161_neurosketch,24,furniture,table,32,100,0,148502.61,1,25,table,0
1121161_neurosketch,24,furniture,table,32,101,0,148502.61,1,25,table,0
1121161_neurosketch,24,furniture,table,32,102,0,148502.61,1,25,table,0
1121161_neurosketch,24,furniture,bench,33,103,1,154502.89,1,12,bench,1
1121161_neurosketch,24,furniture,bench,33,104,1,154502.89,1,12,bench,0
1121161_neurosketch,24,furniture,bench,33,105,1,154502.89,1,12,bench,0
1121161_neurosketch,24,furniture,bench,33,106,1,154502.89,1,12,bench,0
1121161_neurosketch,24,furniture,bed,34,107,0,160502.62,1,14,bed,1
1121161_neurosketch,24,furniture,bed,34,108,0,160502.62,1,14,bed,0
1121161_neurosketch,24,furniture,bed,34,109,0,160502.62,1,14,bed,0
1121161_neurosketch,24,furniture,chair,35,110,1,165002.28,1,13,chair,1
1121161_neurosketch,24,furniture,chair,35,111,1,165002.28,1,13,chair,0
1121161_neurosketch,24,furniture,table,36,112,0,168004.08,1,24,,1
1121161_neurosketch,24,furniture,table,36,113,0,168004.08,1,24,,0
1121161_neurosketch,24,furniture,bench,37,114,1,171003.41,1,24,bench,1
1121161_neurosketch,24,furniture,bench,37,115,1,171003.41,1,24,bench,0
1121161_neurosketch,24,furniture,bench,37,116,1,171003.41,1,24,bench,0
1121161_neurosketch,24,furniture,bed,38,117,0,175502.93,1,8,bed,1
1121161_neurosketch,24,furniture,bed,38,118,0,175502.93,1,8,bed,0
1121161_neurosketch,24,furniture,bed,38,119,0,175502.93,1,8,bed,0
1121161_neurosketch,24,2,chair,39,120,1,180002.24,1,37,chair,1
1121161_neurosketch,24,2,chair,39,121,1,180002.24,1,37,chair,0
1121161_neurosketch,24,furniture,bed,40,122,0,183002.28,1,30,bed,1
1121161_neurosketch,24,furniture,bed,40,123,0,183002.28,1,30,bed,0
1121161_neurosketch,24,furniture,chair,41,124,1,186002.7,1,3,chair,1
1121161_neurosketch,24,furniture,chair,41,125,1,186002.7,1,3,chair,0
1121161_neurosketch,24,furniture,table,42,126,0,189002.84,1,13,table,1
1121161_neurosketch,24,furniture,table,42,127,0,189002.84,1,13,table,0
1121161_neurosketch,24,furniture,table,42,128,0,189002.84,1,13,table,0
1121161_neurosketch,24,furniture,bench,43,129,1,193502.3,1,28,bench,1
1121161_neurosketch,24,furniture,bench,43,130,1,193502.3,1,28,bench,0
1121161_neurosketch,24,furniture,bench,44,131,1,196502.15,1,10,bench,1
1121161_neurosketch,24,furniture,bench,44,132,1,196502.15,1,10,bench,0
1121161_neurosketch,24,furniture,table,45,133,0,199502.28,1,36,table,1
1121161_neurosketch,24,furniture,table,45,134,0,199502.28,1,36,table,0
1121161_neurosketch,24,furniture,chair,46,135,1,202502.56,1,0,chair,1
1121161_neurosketch,24,furniture,chair,46,136,1,202502.56,1,0,chair,0
1121161_neurosketch,24,furniture,chair,46,137,1,202502.56,1,0,chair,0
1121161_neurosketch,24,furniture,bed,47,138,0,207002.64,1,7,bed,1
1121161_neurosketch,24,furniture,bed,47,139,0,207002.64,1,7,bed,0
1121161_neurosketch,24,furniture,bed,47,140,0,207002.64,1,7,bed,0
1121161_neurosketch,24,furniture,table,48,141,0,211502.77,1,29,table,1
1121161_neurosketch,24,furniture,table,48,142,0,211502.77,1,29,table,0
1121161_neurosketch,24,2,chair,49,143,1,214502.82,1,34,chair,1
1121161_neurosketch,24,2,chair,49,144,1,214502.82,1,34,chair,0
1121161_neurosketch,24,furniture,bench,50,145,1,217502.6,1,29,bench,1
1121161_neurosketch,24,furniture,bench,50,146,1,217502.6,1,29,bench,0
1121161_neurosketch,24,furniture,bench,50,147,1,217502.6,1,29,bench,0
1121161_neurosketch,24,furniture,bed,51,148,0,222003.0,1,20,bed,1
1121161_neurosketch,24,furniture,bed,51,149,0,222003.0,1,20,bed,0
1121161_neurosketch,24,furniture,bed,51,150,0,222003.0,1,20,bed,0
1121161_neurosketch,24,furniture,bed,52,151,0,226502.09,1,12,bed,1
1121161_neurosketch,24,furniture,bed,52,152,0,226502.09,1,12,bed,0
1121161_neurosketch,24,furniture,bed,52,153,0,226502.09,1,12,bed,0
1121161_neurosketch,24,furniture,bed,52,154,0,226502.09,1,12,bed,0
1121161_neurosketch,24,furniture,bench,53,155,1,232502.9,1,3,,1
1121161_neurosketch,24,furniture,bench,53,156,1,232502.9,1,3,,0
1121161_neurosketch,24,furniture,table,54,157,0,235502.62,1,35,,1
1121161_neurosketch,24,furniture,table,54,158,0,235502.62,1,35,,0
1121161_neurosketch,24,furniture,table,54,159,0,235502.62,1,35,,0
1121161_neurosketch,24,furniture,table,54,160,0,235502.62,1,35,,0
1121161_neurosketch,24,furniture,chair,55,161,1,241502.29,1,10,chair,1
1121161_neurosketch,24,furniture,chair,55,162,1,241502.29,1,10,chair,0
1121161_neurosketch,24,furniture,chair,55,163,1,241502.29,1,10,chair,0
1121161_neurosketch,24,furniture,chair,55,164,1,241502.29,1,10,chair,0
1121161_neurosketch,24,furniture,table,56,165,0,247503.3,1,30,table,1
1121161_neurosketch,24,furniture,table,56,166,0,247503.3,1,30,table,0
1121161_neurosketch,24,furniture,table,56,167,0,247503.3,1,30,table,0
1121161_neurosketch,24,furniture,bench,57,168,1,252002.76,1,33,bench,1
1121161_neurosketch,24,furniture,bench,57,169,1,252002.76,1,33,bench,0
1121161_neurosketch,24,furniture,bench,57,170,1,252002.76,1,33,bench,0
1121161_neurosketch,24,furniture,chair,58,171,1,256503.5,1,39,chair,1
1121161_neurosketch,24,furniture,chair,58,172,1,256503.5,1,39,chair,0
1121161_neurosketch,24,2,bed,59,173,0,259503.56,1,5,bed,1
1121161_neurosketch,24,2,bed,59,174,0,259503.56,1,5,bed,0
1121161_neurosketch,24,furniture,table,60,175,0,262503.45,1,8,table,1
1121161_neurosketch,24,furniture,table,60,176,0,262503.45,1,8,table,0
1121161_neurosketch,24,furniture,table,60,177,0,262503.45,1,8,table,0
1121161_neurosketch,24,furniture,chair,61,178,1,267003.33,1,8,chair,1
1121161_neurosketch,24,furniture,chair,61,179,1,267003.33,1,8,chair,0
1121161_neurosketch,24,furniture,chair,61,180,1,267003.33,1,8,chair,0
1121161_neurosketch,24,furniture,chair,61,181,1,267003.33,1,8,chair,0
1121161_neurosketch,24,furniture,bed,62,182,0,273003.03,1,37,bed,1
1121161_neurosketch,24,furniture,bed,62,183,0,273003.03,1,37,bed,0
1121161_neurosketch,24,furniture,bed,62,184,0,273003.03,1,37,bed,0
1121161_neurosketch,24,furniture,bench,63,185,1,277503.16,1,30,,1
1121161_neurosketch,24,furniture,bench,63,186,1,277503.16,1,30,,0
1121161_neurosketch,24,furniture,bench,64,187,1,280503.44,1,23,bench,1
1121161_neurosketch,24,furniture,bench,64,188,1,280503.44,1,23,bench,0
1121161_neurosketch,24,furniture,bench,64,189,1,280503.44,1,23,bench,0
1121161_neurosketch,24,furniture,bed,65,190,0,285003.86,1,16,bed,1
1121161_neurosketch,24,furniture,bed,65,191,0,285003.86,1,16,bed,0
1121161_neurosketch,24,furniture,chair,66,192,1,288002.52,1,38,chair,1
1121161_neurosketch,24,furniture,chair,66,193,1,288002.52,1,38,chair,0
1121161_neurosketch,24,furniture,table,67,194,0,291002.53,1,10,table,1
1121161_neurosketch,24,furniture,table,67,195,0,291002.53,1,10,table,0
1121161_neurosketch,24,furniture,table,67,196,0,291002.53,1,10,table,0
1121161_neurosketch,24,furniture,chair,68,197,1,295502.52,1,26,chair,1
1121161_neurosketch,24,furniture,chair,68,198,1,295502.52,1,26,chair,0
1121161_neurosketch,24,furniture,chair,68,199,1,295502.52,1,26,chair,0
1121161_neurosketch,24,furniture,chair,68,200,1,295502.52,1,26,chair,0
1121161_neurosketch,24,2,bench,69,201,1,301503.16,1,20,bench,1
1121161_neurosketch,24,2,bench,69,202,1,301503.16,1,20,bench,0
1121161_neurosketch,24,2,bench,69,203,1,301503.16,1,20,bench,0
1121161_neurosketch,24,furniture,table,70,204,0,306002.48,1,21,table,1
1121161_neurosketch,24,furniture,table,70,205,0,306002.48,1,21,table,0
1121161_neurosketch,24,furniture,table,70,206,0,306002.48,1,21,table,0
1121161_neurosketch,24,furniture,table,70,207,0,306002.48,1,21,table,0
1121161_neurosketch,24,furniture,bed,71,208,0,312001.44,1,18,bed,1
1121161_neurosketch,24,furniture,bed,71,209,0,312001.44,1,18,bed,0
1121161_neurosketch,24,furniture,bed,71,210,0,312001.44,1,18,bed,0
1121161_neurosketch,24,furniture,chair,72,211,1,316502.35,1,5,bench,1
1121161_neurosketch,24,furniture,chair,72,212,1,316502.35,1,5,bench,0
1121161_neurosketch,24,furniture,chair,72,213,1,316502.35,1,5,bench,0
1121161_neurosketch,24,furniture,chair,72,214,1,316502.35,1,5,bench,0
1121161_neurosketch,24,furniture,table,73,215,0,322502.03,1,16,,1
1121161_neurosketch,24,furniture,table,73,216,0,322502.03,1,16,,0
1121161_neurosketch,24,furniture,table,73,217,0,322502.03,1,16,,0
1121161_neurosketch,24,furniture,table,73,218,0,322502.03,1,16,,0
1121161_neurosketch,24,furniture,bed,74,219,0,328502.87,1,17,bed,1
1121161_neurosketch,24,furniture,bed,74,220,0,328502.87,1,17,bed,0
1121161_neurosketch,24,furniture,bed,74,221,0,328502.87,1,17,bed,0
1121161_neurosketch,24,furniture,bench,75,222,1,333002.38,1,27,bench,1
1121161_neurosketch,24,furniture,bench,75,223,1,333002.38,1,27,bench,0
1121161_neurosketch,24,furniture,chair,76,224,1,336001.4,1,11,chair,1
1121161_neurosketch,24,furniture,chair,76,225,1,336001.4,1,11,chair,0
1121161_neurosketch,24,furniture,bench,77,226,1,339002.28,1,31,bench,1
1121161_neurosketch,24,furniture,bench,77,227,1,339002.28,1,31,bench,0
1121161_neurosketch,24,furniture,bench,77,228,1,339002.28,1,31,bench,0
1121161_neurosketch,24,furniture,bed,78,229,0,343502.26,1,21,bed,1
1121161_neurosketch,24,furniture,bed,78,230,0,343502.26,1,21,bed,0
1121161_neurosketch,24,furniture,bed,78,231,0,343502.26,1,21,bed,0
1121161_neurosketch,24,2,table,79,232,0,348001.49,1,33,table,1
1121161_neurosketch,24,2,table,79,233,0,348001.49,1,33,table,0
1121161_neurosketch,24,2,table,79,234,0,348001.49,1,33,table,0
1121161_neurosketch,24,2,table,79,235,0,348001.49,1,33,table,0
1121161_neurosketch,24,2,table,79,236,0,348001.49,1,33,table,0
1121161_neurosketch,24,2,table,79,237,0,348001.49,1,33,table,0
1121161_neurosketch,24,2,table,79,238,0,348001.49,1,33,table,0
1121161_neurosketch,24,2,table,79,239,0,348001.49,1,33,table,0
1121161_neurosketch,24,furniture,chair,80,0,-1,0.0,2,29,chair,0
1121161_neurosketch,24,furniture,chair,80,1,-1,0.0,2,29,chair,0
1121161_neurosketch,24,furniture,chair,80,2,-1,0.0,2,29,chair,0
1121161_neurosketch,24,furniture,chair,80,3,-1,0.0,2,29,chair,0
1121161_neurosketch,24,furniture,chair,80,4,-1,0.0,2,29,chair,0
1121161_neurosketch,24,furniture,chair,80,5,-1,0.0,2,29,chair,0
1121161_neurosketch,24,furniture,chair,80,6,-1,0.0,2,29,chair,0
1121161_neurosketch,24,furniture,chair,80,7,-1,0.0,2,29,chair,0
1121161_neurosketch,24,furniture,chair,80,8,1,12002.45,2,29,chair,1
1121161_neurosketch,24,furniture,chair,80,9,1,12002.45,2,29,chair,0
1121161_neurosketch,24,furniture,table,81,10,0,15001.68,2,9,table,1
1121161_neurosketch,24,furniture,table,81,11,0,15001.68,2,9,table,0
1121161_neurosketch,24,furniture,bed,82,12,0,18001.18,2,24,bed,1
1121161_neurosketch,24,furniture,bed,82,13,0,18001.18,2,24,bed,0
1121161_neurosketch,24,furniture,bed,82,14,0,18001.18,2,24,bed,0
1121161_neurosketch,24,furniture,bench,83,15,1,22502.12,2,38,bench,1
1121161_neurosketch,24,furniture,bench,83,16,1,22502.12,2,38,bench,0
1121161_neurosketch,24,furniture,bed,84,17,0,25501.72,2,3,bed,1
1121161_neurosketch,24,furniture,bed,84,18,0,25501.72,2,3,bed,0
1121161_neurosketch,24,furniture,table,85,19,0,28502.07,2,2,table,1
1121161_neurosketch,24,furniture,table,85,20,0,28502.07,2,2,table,0
1121161_neurosketch,24,furniture,chair,86,21,1,31502.33,2,14,chair,1
1121161_neurosketch,24,furniture,chair,86,22,1,31502.33,2,14,chair,0
1121161_neurosketch,24,furniture,chair,86,23,1,31502.33,2,14,chair,0
1121161_neurosketch,24,furniture,bench,87,24,1,36002.28,2,15,chair,1
1121161_neurosketch,24,furniture,bench,87,25,1,36002.28,2,15,chair,0
1121161_neurosketch,24,furniture,bench,87,26,1,36002.28,2,15,chair,0
1121161_neurosketch,24,furniture,chair,88,27,1,40501.82,2,33,chair,1
1121161_neurosketch,24,furniture,chair,88,28,1,40501.82,2,33,chair,0
1121161_neurosketch,24,2,bench,89,29,1,43502.5,2,13,bench,1
1121161_neurosketch,24,2,bench,89,30,1,43502.5,2,13,bench,0
1121161_neurosketch,24,furniture,table,90,31,0,46501.59,2,7,table,1
1121161_neurosketch,24,furniture,table,90,32,0,46501.59,2,7,table,0
1121161_neurosketch,24,furniture,table,90,33,0,46501.59,2,7,table,0
1121161_neurosketch,24,furniture,bed,91,34,0,51002.78,2,33,bed,1
1121161_neurosketch,24,furniture,bed,91,35,0,51002.78,2,33,bed,0
1121161_neurosketch,24,furniture,bed,91,36,0,51002.78,2,33,bed,0
1121161_neurosketch,24,furniture,chair,92,37,1,55502.54,2,4,chair,1
1121161_neurosketch,24,furniture,chair,92,38,1,55502.54,2,4,chair,0
1121161_neurosketch,24,furniture,chair,92,39,1,55502.54,2,4,chair,0
1121161_neurosketch,24,furniture,chair,92,40,1,55502.54,2,4,chair,0
1121161_neurosketch,24,furniture,table,93,41,0,61501.8,2,5,table,1
1121161_neurosketch,24,furniture,table,93,42,0,61501.8,2,5,table,0
1121161_neurosketch,24,furniture,bed,94,43,0,64502.22,2,0,bed,1
1121161_neurosketch,24,furniture,bed,94,44,0,64502.22,2,0,bed,0
1121161_neurosketch,24,furniture,bed,94,45,0,64502.22,2,0,bed,0
1121161_neurosketch,24,furniture,bed,94,46,0,64502.22,2,0,bed,0
1121161_neurosketch,24,furniture,bench,95,47,1,70501.7,2,32,bench,1
1121161_neurosketch,24,furniture,bench,95,48,1,70501.7,2,32,bench,0
1121161_neurosketch,24,furniture,bench,95,49,1,70501.7,2,32,bench,0
1121161_neurosketch,24,furniture,bench,95,50,1,70501.7,2,32,bench,0
1121161_neurosketch,24,furniture,table,96,51,0,76503.13,2,14,,1
1121161_neurosketch,24,furniture,table,96,52,0,76503.13,2,14,,0
1121161_neurosketch,24,furniture,table,96,53,0,76503.13,2,14,,0
1121161_neurosketch,24,furniture,bench,97,54,1,81002.58,2,0,bench,1
1121161_neurosketch,24,furniture,bench,97,55,1,81002.58,2,0,bench,0
1121161_neurosketch,24,furniture,bench,97,56,1,81002.58,2,0,bench,0
1121161_neurosketch,24,furniture,bed,98,57,0,85502.96,2,22,bed,1
1121161_neurosketch,24,furniture,bed,98,58,0,85502.96,2,22,bed,0
1121161_neurosketch,24,2,chair,99,59,1,88503.2,2,9,chair,1
1121161_neurosketch,24,2,chair,99,60,1,88503.2,2,9,chair,0
1121161_neurosketch,24,furniture,bed,100,61,0,91502.03,2,9,bed,1
1121161_neurosketch,24,furniture,bed,100,62,0,91502.03,2,9,bed,0
1121161_neurosketch,24,furniture,bed,100,63,0,91502.03,2,9,bed,0
1121161_neurosketch,24,furniture,table,101,64,0,96002.44,2,18,,1
1121161_neurosketch,24,furniture,table,101,65,0,96002.44,2,18,,0
1121161_neurosketch,24,furniture,table,101,66,0,96002.44,2,18,,0
1121161_neurosketch,24,furniture,table,101,67,0,96002.44,2,18,,0
1121161_neurosketch,24,furniture,bench,102,68,1,102002.42,2,9,bench,1
1121161_neurosketch,24,furniture,bench,102,69,1,102002.42,2,9,bench,0
1121161_neurosketch,24,furniture,bench,102,70,1,102002.42,2,9,bench,0
1121161_neurosketch,24,furniture,chair,103,71,1,106502.73,2,16,,1
1121161_neurosketch,24,furniture,chair,103,72,1,106502.73,2,16,,0
1121161_neurosketch,24,furniture,table,104,73,0,109502.11,2,4,table,1
1121161_neurosketch,24,furniture,table,104,74,0,109502.11,2,4,table,0
1121161_neurosketch,24,furniture,table,104,75,0,109502.11,2,4,table,0
1121161_neurosketch,24,furniture,chair,105,76,1,114002.46,2,17,chair,1
1121161_neurosketch,24,furniture,chair,105,77,1,114002.46,2,17,chair,0
1121161_neurosketch,24,furniture,bench,106,78,1,117002.65,2,6,chair,1
1121161_neurosketch,24,furniture,bench,106,79,1,117002.65,2,6,chair,0
1121161_neurosketch,24,furniture,bed,107,80,0,120003.18,2,13,bed,1
1121161_neurosketch,24,furniture,bed,107,81,0,120003.18,2,13,bed,0
1121161_neurosketch,24,furniture,bed,107,82,0,120003.18,2,13,bed,0
1121161_neurosketch,24,furniture,chair,108,83,1,124502.91,2,27,chair,1
1121161_neurosketch,24,furniture,chair,108,84,1,124502.91,2,27,chair,0
1121161_neurosketch,24,furniture,chair,108,85,1,124502.91,2,27,chair,0
1121161_neurosketch,24,furniture,chair,108,86,1,124502.91,2,27,chair,0
1121161_neurosketch,24,2,bed,109,87,0,130502.13,2,23,bed,1
1121161_neurosketch,24,2,bed,109,88,0,130502.13,2,23,bed,0
1121161_neurosketch,24,2,bed,109,89,0,130502.13,2,23,bed,0
1121161_neurosketch,24,furniture,table,110,90,0,135002.86,2,31,table,1
1121161_neurosketch,24,furniture,table,110,91,0,135002.86,2,31,table,0
1121161_neurosketch,24,furniture,table,110,92,0,135002.86,2,31,table,0
1121161_neurosketch,24,furniture,table,110,93,0,135002.86,2,31,table,0
1121161_neurosketch,24,furniture,bench,111,94,1,141002.26,2,37,bench,1
1121161_neurosketch,24,furniture,bench,111,95,1,141002.26,2,37,bench,0
1121161_neurosketch,24,furniture,bench,111,96,1,141002.26,2,37,bench,0
1121161_neurosketch,24,furniture,table,112,97,0,145502.94,2,1,table,1
1121161_neurosketch,24,furniture,table,112,98,0,145502.94,2,1,table,0
1121161_neurosketch,24,furniture,table,112,99,0,145502.94,2,1,table,0
1121161_neurosketch,24,furniture,table,112,100,0,145502.94,2,1,table,0
1121161_neurosketch,24,furniture,chair,113,101,1,151502.98,2,1,chair,1
1121161_neurosketch,24,furniture,chair,113,102,1,151502.98,2,1,chair,0
1121161_neurosketch,24,furniture,chair,113,103,1,151502.98,2,1,chair,0
1121161_neurosketch,24,furniture,chair,113,104,1,151502.98,2,1,chair,0
1121161_neurosketch,24,furniture,bed,114,105,0,157502.14,2,27,bed,1
1121161_neurosketch,24,furniture,bed,114,106,0,157502.14,2,27,bed,0
1121161_neurosketch,24,furniture,bed,114,107,0,157502.14,2,27,bed,0
1121161_neurosketch,24,furniture,bench,115,108,1,162002.94,2,22,bench,1
1121161_neurosketch,24,furniture,bench,115,109,1,162002.94,2,22,bench,0
1121161_neurosketch,24,furniture,table,116,110,0,165002.49,2,23,table,1
1121161_neurosketch,24,furniture,table,116,111,0,165002.49,2,23,table,0
1121161_neurosketch,24,furniture,chair,117,112,1,168002.26,2,12,chair,1
1121161_neurosketch,24,furniture,chair,117,113,1,168002.26,2,12,chair,0
1121161_neurosketch,24,furniture,chair,117,114,1,168002.26,2,12,chair,0
1121161_neurosketch,24,furniture,bench,118,115,1,172502.49,2,4,bench,1
1121161_neurosketch,24,furniture,bench,118,116,1,172502.49,2,4,bench,0
1121161_neurosketch,24,furniture,bench,118,117,1,172502.49,2,4,bench,0
1121161_neurosketch,24,2,bed,119,118,0,177002.99,2,35,bed,1
1121161_neurosketch,24,2,bed,119,119,0,177002.99,2,35,bed,0
1121161_neurosketch,24,furniture,table,120,120,0,180002.5,2,39,table,1
1121161_neurosketch,24,furniture,table,120,121,0,180002.5,2,39,table,0
1121161_neurosketch,24,furniture,chair,121,122,1,183002.39,2,18,,1
1121161_neurosketch,24,furniture,chair,121,123,1,183002.39,2,18,,0
1121161_neurosketch,24,furniture,bench,122,124,1,186002.9,2,14,bench,1
1121161_neurosketch,24,furniture,bench,122,125,1,186002.9,2,14,bench,0
1121161_neurosketch,24,furniture,bench,122,126,1,186002.9,2,14,bench,0
1121161_neurosketch,24,furniture,bed,123,127,0,190502.65,2,29,bed,1
1121161_neurosketch,24,furniture,bed,123,128,0,190502.65,2,29,bed,0
1121161_neurosketch,24,furniture,table,124,129,0,193502.95,2,12,bed,1
1121161_neurosketch,24,furniture,table,124,130,0,193502.95,2,12,bed,0
1121161_neurosketch,24,furniture,bed,125,131,0,196502.61,2,11,bed,1
1121161_neurosketch,24,furniture,bed,125,132,0,196502.61,2,11,bed,0
1121161_neurosketch,24,furniture,chair,126,133,1,199502.84,2,32,chair,1
1121161_neurosketch,24,furniture,chair,126,134,1,199502.84,2,32,chair,0
1121161_neurosketch,24,furniture,chair,126,135,1,199502.84,2,32,chair,0
1121161_neurosketch,24,furniture,bench,127,136,1,204002.78,2,1,bench,1
1121161_neurosketch,24,furniture,bench,127,137,1,204002.78,2,1,bench,0
1121161_neurosketch,24,furniture,bench,127,138,1,204002.78,2,1,bench,0
1121161_neurosketch,24,furniture,bed,128,139,0,208502.11,2,1,bed,1
1121161_neurosketch,24,furniture,bed,128,140,0,208502.11,2,1,bed,0
1121161_neurosketch,24,2,chair,129,141,1,211503.05,2,35,,1
1121161_neurosketch,24,2,chair,129,142,1,211503.05,2,35,,0
1121161_neurosketch,24,furniture,bench,130,143,1,214502.86,2,5,,1
1121161_neurosketch,24,furniture,bench,130,144,1,214502.86,2,5,,0
1121161_neurosketch,24,furniture,bench,130,145,1,214502.86,2,5,,0
1121161_neurosketch,24,furniture,table,131,146,0,219002.86,2,22,table,1
1121161_neurosketch,24,furniture,table,131,147,0,219002.86,2,22,table,0
1121161_neurosketch,24,furniture,table,131,148,0,219002.86,2,22,table,0
1121161_neurosketch,24,furniture,bench,132,149,1,223503.06,2,2,bench,1
1121161_neurosketch,24,furniture,bench,132,150,1,223503.06,2,2,bench,0
1121161_neurosketch,24,furniture,bench,132,151,1,223503.06,2,2,bench,0
1121161_neurosketch,24,furniture,bench,132,152,1,223503.06,2,2,bench,0
1121161_neurosketch,24,furniture,chair,133,153,1,229502.6,2,23,chair,1
1121161_neurosketch,24,furniture,chair,133,154,1,229502.6,2,23,chair,0
1121161_neurosketch,24,furniture,table,134,155,0,232502.61,2,20,,1
1121161_neurosketch,24,furniture,table,134,156,0,232502.61,2,20,,0
1121161_neurosketch,24,furniture,table,134,157,0,232502.61,2,20,,0
1121161_neurosketch,24,furniture,table,134,158,0,232502.61,2,20,,0
1121161_neurosketch,24,furniture,bed,135,159,0,238502.47,2,34,bed,1
1121161_neurosketch,24,furniture,bed,135,160,0,238502.47,2,34,bed,0
1121161_neurosketch,24,furniture,bed,135,161,0,238502.47,2,34,bed,0
1121161_neurosketch,24,furniture,bed,135,162,0,238502.47,2,34,bed,0
1121161_neurosketch,24,furniture,chair,136,163,1,244502.58,2,30,chair,1
1121161_neurosketch,24,furniture,chair,136,164,1,244502.58,2,30,chair,0
1121161_neurosketch,24,furniture,chair,136,165,1,244502.58,2,30,chair,0
1121161_neurosketch,24,furniture,bed,137,166,0,249002.43,2,26,,1
1121161_neurosketch,24,furniture,bed,137,167,0,249002.43,2,26,,0
1121161_neurosketch,24,furniture,bed,137,168,0,249002.43,2,26,,0
1121161_neurosketch,24,furniture,bench,138,169,1,253503.04,2,11,bench,1
1121161_neurosketch,24,furniture,bench,138,170,1,253503.04,2,11,bench,0
1121161_neurosketch,24,2,table,139,171,0,256502.46,2,6,table,1
1121161_neurosketch,24,2,table,139,172,0,256502.46,2,6,table,0
1121161_neurosketch,24,furniture,chair,140,173,1,259502.98,2,15,chair,1
1121161_neurosketch,24,furniture,chair,140,174,1,259502.98,2,15,chair,0
1121161_neurosketch,24,furniture,chair,140,175,1,259502.98,2,15,chair,0
1121161_neurosketch,24,furniture,bed,141,176,0,264002.49,2,38,bed,1
1121161_neurosketch,24,furniture,bed,141,177,0,264002.49,2,38,bed,0
1121161_neurosketch,24,furniture,bed,141,178,0,264002.49,2,38,bed,0
1121161_neurosketch,24,furniture,bed,141,179,0,264002.49,2,38,bed,0
1121161_neurosketch,24,furniture,bench,142,180,1,270002.94,2,7,,1
1121161_neurosketch,24,furniture,bench,142,181,1,270002.94,2,7,,0
1121161_neurosketch,24,furniture,bench,142,182,1,270002.94,2,7,,0
1121161_neurosketch,24,furniture,table,143,183,0,274502.55,2,28,,1
1121161_neurosketch,24,furniture,table,143,184,0,274502.55,2,28,,0
1121161_neurosketch,24,furniture,chair,144,185,1,277502.35,2,21,,1
1121161_neurosketch,24,furniture,chair,144,186,1,277502.35,2,21,,0
1121161_neurosketch,24,furniture,chair,144,187,1,277502.35,2,21,,0
1121161_neurosketch,24,furniture,bench,145,188,1,282003.13,2,19,bench,1
1121161_neurosketch,24,furniture,bench,145,189,1,282003.13,2,19,bench,0
1121161_neurosketch,24,furniture,table,146,190,0,285002.26,2,27,table,1
1121161_neurosketch,24,furniture,table,146,191,0,285002.26,2,27,table,0
1121161_neurosketch,24,furniture,bed,147,192,0,288002.76,2,31,,1
1121161_neurosketch,24,furniture,bed,147,193,0,288002.76,2,31,,0
1121161_neurosketch,24,furniture,bed,147,194,0,288002.76,2,31,,0
1121161_neurosketch,24,furniture,bench,148,195,1,292503.29,2,25,bench,1
1121161_neurosketch,24,furniture,bench,148,196,1,292503.29,2,25,bench,0
1121161_neurosketch,24,furniture,bench,148,197,1,292503.29,2,25,bench,0
1121161_neurosketch,24,furniture,bench,148,198,1,292503.29,2,25,bench,0
1121161_neurosketch,24,2,bed,149,199,0,298502.91,2,19,bed,1
1121161_neurosketch,24,2,bed,149,200,0,298502.91,2,19,bed,0
1121161_neurosketch,24,2,bed,149,201,0,298502.91,2,19,bed,0
1121161_neurosketch,24,furniture,table,150,202,0,303003.4,2,26,table,1
1121161_neurosketch,24,furniture,table,150,203,0,303003.4,2,26,table,0
1121161_neurosketch,24,furniture,table,150,204,0,303003.4,2,26,table,0
1121161_neurosketch,24,furniture,table,150,205,0,303003.4,2,26,table,0
1121161_neurosketch,24,furniture,chair,151,206,1,309003.78,2,20,chair,1
1121161_neurosketch,24,furniture,chair,151,207,1,309003.78,2,20,chair,0
1121161_neurosketch,24,furniture,chair,151,208,1,309003.78,2,20,chair,0
1121161_neurosketch,24,furniture,table,152,209,0,313503.0,2,34,table,1
1121161_neurosketch,24,furniture,table,152,210,0,313503.0,2,34,table,0
1121161_neurosketch,24,furniture,table,152,211,0,313503.0,2,34,table,0
1121161_neurosketch,24,furniture,table,152,212,0,313503.0,2,34,table,0
1121161_neurosketch,24,furniture,bench,153,213,1,319502.75,2,26,bench,1
1121161_neurosketch,24,furniture,bench,153,214,1,319502.75,2,26,bench,0
1121161_neurosketch,24,furniture,bench,153,215,1,319502.75,2,26,bench,0
1121161_neurosketch,24,furniture,bench,153,216,1,319502.75,2,26,bench,0
1121161_neurosketch,24,furniture,bed,154,217,0,325502.55,2,15,,1
1121161_neurosketch,24,furniture,bed,154,218,0,325502.55,2,15,,0
1121161_neurosketch,24,furniture,bed,154,219,0,325502.55,2,15,,0
1121161_neurosketch,24,furniture,chair,155,220,1,330003.2,2,36,,1
1121161_neurosketch,24,furniture,chair,155,221,1,330003.2,2,36,,0
1121161_neurosketch,24,furniture,chair,156,222,1,333003.22,2,2,,1
1121161_neurosketch,24,furniture,chair,156,223,1,333003.22,2,2,,0
1121161_neurosketch,24,furniture,bench,157,224,1,336002.75,2,17,chair,1
1121161_neurosketch,24,furniture,bench,157,225,1,336002.75,2,17,chair,0
1121161_neurosketch,24,furniture,bench,157,226,1,336002.75,2,17,chair,0
1121161_neurosketch,24,furniture,table,158,227,0,340502.56,2,0,table,1
1121161_neurosketch,24,furniture,table,158,228,0,340502.56,2,0,table,0
1121161_neurosketch,24,furniture,table,158,229,0,340502.56,2,0,table,0
1121161_neurosketch,24,2,bed,159,230,0,345002.69,2,36,bed,1
1121161_neurosketch,24,2,bed,159,231,0,345002.69,2,36,bed,0
1121161_neurosketch,24,2,bed,159,232,0,345002.69,2,36,bed,0
1121161_neurosketch,24,2,bed,159,233,0,345002.69,2,36,bed,0
1121161_neurosketch,24,2,bed,159,234,0,345002.69,2,36,bed,0
1121161_neurosketch,24,2,bed,159,235,0,345002.69,2,36,bed,0
1121161_neurosketch,24,2,bed,159,236,0,345002.69,2,36,bed,0
1121161_neurosketch,24,2,bed,159,237,0,345002.69,2,36,bed,0
1121161_neurosketch,24,2,bed,159,238,0,345002.69,2,36,bed,0
1121161_neurosketch,24,2,bed,159,239,0,345002.69,2,36,bed,0
1121161_neurosketch,24,furniture,bed,160,0,-1,0.0,3,36,bed,0
1121161_neurosketch,24,furniture,bed,160,1,-1,0.0,3,36,bed,0
1121161_neurosketch,24,furniture,bed,160,2,-1,0.0,3,36,bed,0
1121161_neurosketch,24,furniture,bed,160,3,-1,0.0,3,36,bed,0
1121161_neurosketch,24,furniture,bed,160,4,-1,0.0,3,36,bed,0
1121161_neurosketch,24,furniture,bed,160,5,-1,0.0,3,36,bed,0
1121161_neurosketch,24,furniture,bed,160,6,-1,0.0,3,36,bed,0
1121161_neurosketch,24,furniture,bed,160,7,-1,0.0,3,36,bed,0
1121161_neurosketch,24,furniture,bed,160,8,0,12001.38,3,36,bed,1
1121161_neurosketch,24,furniture,bed,160,9,0,12001.38,3,36,bed,0
1121161_neurosketch,24,furniture,table,161,10,0,15002.19,3,0,table,1
1121161_neurosketch,24,furniture,table,161,11,0,15002.19,3,0,table,0
1121161_neurosketch,24,furniture,bench,162,12,1,18001.37,3,17,bench,1
1121161_neurosketch,24,furniture,bench,162,13,1,18001.37,3,17,bench,0
1121161_neurosketch,24,furniture,bench,162,14,1,18001.37,3,17,bench,0
1121161_neurosketch,24,furniture,chair,163,15,1,22501.19,3,2,chair,1
1121161_neurosketch,24,furniture,chair,163,16,1,22501.19,3,2,chair,0
1121161_neurosketch,24,furniture,chair,164,17,1,25501.9,3,36,chair,1
1121161_neurosketch,24,furniture,chair,164,18,1,25501.9,3,36,chair,0
1121161_neurosketch,24,furniture,bed,165,19,0,28501.91,3,15,bed,1
1121161_neurosketch,24,furniture,bed,165,20,0,28501.91,3,15,bed,0
1121161_neurosketch,24,furniture,bench,166,21,1,31501.98,3,26,chair,1
1121161_neurosketch,24,furniture,bench,166,22,1,31501.98,3,26,chair,0
1121161_neurosketch,24,furniture,bench,166,23,1,31501.98,3,26,chair,0
1121161_neurosketch,24,furniture,table,167,24,0,36001.69,3,34,table,1
1121161_neurosketch,24,furniture,table,167,25,0,36001.69,3,34,table,0
1121161_neurosketch,24,furniture,table,167,26,0,36001.69,3,34,table,0
1121161_neurosketch,24,furniture,chair,168,27,1,40502.29,3,20,chair,1
1121161_neurosketch,24,furniture,chair,168,28,1,40502.29,3,20,chair,0
1121161_neurosketch,24,2,table,169,29,0,43501.87,3,26,table,1
1121161_neurosketch,24,2,table,169,30,0,43501.87,3,26,table,0
1121161_neurosketch,24,furniture,bed,170,31,0,46501.57,3,19,bed,1
1121161_neurosketch,24,furniture,bed,170,32,0,46501.57,3,19,bed,0
1121161_neurosketch,24,furniture,bed,170,33,0,46501.57,3,19,bed,0
1121161_neurosketch,24,furniture,bench,171,34,1,51001.76,3,25,bench,1
1121161_neurosketch,24,furniture,bench,171,35,1,51001.76,3,25,bench,0
1121161_neurosketch,24,furniture,bench,171,36,1,51001.76,3,25,bench,0
1121161_neurosketch,24,furniture,bed,172,37,0,55501.75,3,31,bed,1
1121161_neurosketch,24,furniture,bed,172,38,0,55501.75,3,31,bed,0
1121161_neurosketch,24,furniture,bed,172,39,0,55501.75,3,31,bed,0
1121161_neurosketch,24,furniture,bed,172,40,0,55501.75,3,31,bed,0
1121161_neurosketch,24,furniture,table,173,41,0,61501.53,3,27,table,1
1121161_neurosketch,24,furniture,table,173,42,0,61501.53,3,27,table,0
1121161_neurosketch,24,furniture,bench,174,43,1,64503.8,3,19,bench,1
1121161_neurosketch,24,furniture,bench,174,44,1,64503.8,3,19,bench,0
1121161_neurosketch,24,furniture,bench,174,45,1,64503.8,3,19,bench,0
1121161_neurosketch,24,furniture,bench,174,46,1,64503.8,3,19,bench,0
1121161_neurosketch,24,furniture,chair,175,47,1,70502.52,3,21,chair,1
1121161_neurosketch,24,furniture,chair,175,48,1,70502.52,3,21,chair,0
1121161_neurosketch,24,furniture,chair,175,49,1,70502.52,3,21,chair,0
1121161_neurosketch,24,furniture,chair,175,50,1,70502.52,3,21,chair,0
1121161_neurosketch,24,furniture,table,176,51,0,76502.38,3,28,table,1
1121161_neurosketch,24,furniture,table,176,52,0,76502.38,3,28,table,0
1121161_neurosketch,24,furniture,table,176,53,0,76502.38,3,28,table,0
1121161_neurosketch,24,furniture,bench,177,54,1,81001.69,3,7,,1
1121161_neurosketch,24,furniture,bench,177,55,1,81001.69,3,7,,0
1121161_neurosketch,24,furniture,bench,177,56,1,81001.69,3,7,,0
1121161_neurosketch,24,furniture,bed,178,57,0,85502.3,3,38,,1
1121161_neurosketch,24,furniture,bed,178,58,0,85502.3,3,38,,0
1121161_neurosketch,24,2,chair,179,59,1,88502.56,3,15,chair,1
1121161_neurosketch,24,2,chair,179,60,1,88502.56,3,15,chair,0
1121161_neurosketch,24,furniture,table,180,61,0,91501.96,3,6,,1
1121161_neurosketch,24,furniture,table,180,62,0,91501.96,3,6,,0
1121161_neurosketch,24,furniture,table,180,63,0,91501.96,3,6,,0
1121161_neurosketch,24,furniture,bench,181,64,1,96002.68,3,11,,1
1121161_neurosketch,24,furniture,bench,181,65,1,96002.68,3,11,,0
1121161_neurosketch,24,furniture,bench,181,66,1,96002.68,3,11,,0
1121161_neurosketch,24,furniture,bench,181,67,1,96002.68,3,11,,0
1121161_neurosketch,24,furniture,bed,182,68,0,102002.32,3,26,bed,1
1121161_neurosketch,24,furniture,bed,182,69,0,102002.32,3,26,bed,0
1121161_neurosketch,24,furniture,bed,182,70,0,102002.32,3,26,bed,0
1121161_neurosketch,24,furniture,chair,183,71,1,106501.95,3,30,,1
1121161_neurosketch,24,furniture,chair,183,72,1,106501.95,3,30,,0
1121161_neurosketch,24,furniture,bed,184,73,0,109502.72,3,34,bed,1
1121161_neurosketch,24,furniture,bed,184,74,0,109502.72,3,34,bed,0
1121161_neurosketch,24,furniture,bed,184,75,0,109502.72,3,34,bed,0
1121161_neurosketch,24,furniture,table,185,76,0,114001.86,3,20,,1
1121161_neurosketch,24,furniture,table,185,77,0,114001.86,3,20,,0
1121161_neurosketch,24,furniture,chair,186,78,1,117002.4,3,23,,1
1121161_neurosketch,24,furniture,chair,186,79,1,117002.4,3,23,,0
1121161_neurosketch,24,furniture,bench,187,80,1,120002.66,3,2,,1
1121161_neurosketch,24,furniture,bench,187,81,1,120002.66,3,2,,0
1121161_neurosketch,24,furniture,bench,187,82,1,120002.66,3,2,,0
1121161_neurosketch,24,furniture,table,188,83,0,124503.01,3,22,table,1
1121161_neurosketch,24,furniture,table,188,84,0,124503.01,3,22,table,0
1121161_neurosketch,24,furniture,table,188,85,0,124503.01,3,22,table,0
1121161_neurosketch,24,furniture,table,188,86,0,124503.01,3,22,table,0
1121161_neurosketch,24,2,bench,189,87,1,130502.05,3,5,,1
1121161_neurosketch,24,2,bench,189,88,1,130502.05,3,5,,0
1121161_neurosketch,24,2,bench,189,89,1,130502.05,3,5,,0
1121161_neurosketch,24,furniture,chair,190,90,1,135002.77,3,35,chair,1
1121161_neurosketch,24,furniture,chair,190,91,1,135002.77,3,35,chair,0
1121161_neurosketch,24,furniture,chair,190,92,1,135002.77,3,35,chair,0
1121161_neurosketch,24,furniture,chair,190,93,1,135002.77,3,35,chair,0
1121161_neurosketch,24,furniture,bed,191,94,0,141003.32,3,1,bed,1
1121161_neurosketch,24,furniture,bed,191,95,0,141003.32,3,1,bed,0
1121161_neurosketch,24,furniture,bed,191,96,0,141003.32,3,1,bed,0
1121161_neurosketch,24,furniture,bench,192,97,1,145502.95,3,1,chair,1
1121161_neurosketch,24,furniture,bench,192,98,1,145502.95,3,1,chair,0
1121161_neurosketch,24,furniture,bench,192,99,1,145502.95,3,1,chair,0
1121161_neurosketch,24,furniture,bench,192,100,1,145502.95,3,1,chair,0
1121161_neurosketch,24,furniture,chair,193,101,1,151502.85,3,32,chair,1
1121161_neurosketch,24,furniture,chair,193,102,1,151502.85,3,32,chair,0
1121161_neurosketch,24,furniture,chair,193,103,1,151502.85,3,32,chair,0
1121161_neurosketch,24,furniture,chair,193,104,1,151502.85,3,32,chair,0
1121161_neurosketch,24,furniture,bed,194,105,0,157502.83,3,11,,1
1121161_neurosketch,24,furniture,bed,194,106,0,157502.83,3,11,,0
1121161_neurosketch,24,furniture,bed,194,107,0,157502.83,3,11,,0
1121161_neurosketch,24,furniture,table,195,108,0,162002.6,3,12,table,1
1121161_neurosketch,24,furniture,table,195,109,0,162002.6,3,12,table,0
1121161_neurosketch,24,furniture,bed,196,110,0,165002.04,3,29,,1
1121161_neurosketch,24,furniture,bed,196,111,0,165002.04,3,29,,0
1121161_neurosketch,24,furniture,bench,197,112,1,168002.44,3,14,bench,1
1121161_neurosketch,24,furniture,bench,197,113,1,168002.44,3,14,bench,0
1121161_neurosketch,24,furniture,bench,197,114,1,168002.44,3,14,bench,0
1121161_neurosketch,24,furniture,chair,198,115,1,172503.51,3,18,chair,1
1121161_neurosketch,24,furniture,chair,198,116,1,172503.51,3,18,chair,0
1121161_neurosketch,24,furniture,chair,198,117,1,172503.51,3,18,chair,0
1121161_neurosketch,24,2,table,199,118,0,177002.71,3,39,table,1
1121161_neurosketch,24,2,table,199,119,0,177002.71,3,39,table,0
1121161_neurosketch,24,furniture,bed,200,120,0,180002.79,3,35,bed,1
1121161_neurosketch,24,furniture,bed,200,121,0,180002.79,3,35,bed,0
1121161_neurosketch,24,furniture,bench,201,122,1,183003.08,3,4,,1
1121161_neurosketch,24,furniture,bench,201,123,1,183003.08,3,4,,0
1121161_neurosketch,24,furniture,chair,202,124,1,186002.77,3,12,,1
1121161_neurosketch,24,furniture,chair,202,125,1,186002.77,3,12,,0
1121161_neurosketch,24,furniture,chair,202,126,1,186002.77,3,12,,0
1121161_neurosketch,24,furniture,table,203,127,0,190502.72,3,23,,1
1121161_neurosketch,24,furniture,table,203,128,0,190502.72,3,23,,0
1121161_neurosketch,24,furniture,bench,204,129,1,193502.78,3,22,bench,1
1121161_neurosketch,24,furniture,bench,204,130,1,193502.78,3,22,bench,0
1121161_neurosketch,24,furniture,bed,205,131,0,196502.4,3,27,bed,1
1121161_neurosketch,24,furniture,bed,205,132,0,196502.4,3,27,bed,0
1121161_neurosketch,24,furniture,chair,206,133,1,199502.23,3,1,chair,1
1121161_neurosketch,24,furniture,chair,206,134,1,199502.23,3,1,chair,0
1121161_neurosketch,24,furniture,chair,206,135,1,199502.23,3,1,chair,0
1121161_neurosketch,24,furniture,table,207,136,0,204003.09,3,1,,1
1121161_neurosketch,24,furniture,table,207,137,0,204003.09,3,1,,0
1121161_neurosketch,24,furniture,table,207,138,0,204003.09,3,1,,0
1121161_neurosketch,24,furniture,bench,208,139,1,208502.52,3,37,bench,1
1121161_neurosketch,24,furniture,bench,208,140,1,208502.52,3,37,bench,0
1121161_neurosketch,24,2,table,209,141,0,211502.24,3,31,table,1
1121161_neurosketch,24,2,table,209,142,0,211502.24,3,31,table,0
1121161_neurosketch,24,furniture,bed,210,143,0,214503.01,3,23,bed,1
1121161_neurosketch,24,furniture,bed,210,144,0,214503.01,3,23,bed,0
1121161_neurosketch,24,furniture,bed,210,145,0,214503.01,3,23,bed,0
1121161_neurosketch,24,furniture,chair,211,146,1,219002.26,3,27,chair,1
1121161_neurosketch,24,furniture,chair,211,147,1,219002.26,3,27,chair,0
1121161_neurosketch,24,furniture,chair,211,148,1,219002.26,3,27,chair,0
1121161_neurosketch,24,furniture,bed,212,149,0,223502.88,3,13,bed,1
1121161_neurosketch,24,furniture,bed,212,150,0,223502.88,3,13,bed,0
1121161_neurosketch,24,furniture,bed,212,151,0,223502.88,3,13,bed,0
1121161_neurosketch,24,furniture,bed,212,152,0,223502.88,3,13,bed,0
1121161_neurosketch,24,furniture,bench,213,153,1,229502.12,3,6,bench,1
1121161_neurosketch,24,furniture,bench,213,154,1,229502.12,3,6,bench,0
1121161_neurosketch,24,furniture,chair,214,155,1,232502.18,3,17,chair,1
1121161_neurosketch,24,furniture,chair,214,156,1,232502.18,3,17,chair,0
1121161_neurosketch,24,furniture,chair,214,157,1,232502.18,3,17,chair,0
1121161_neurosketch,24,furniture,chair,214,158,1,232502.18,3,17,chair,0
1121161_neurosketch,24,furniture,table,215,159,0,238502.6,3,4,table,1
1121161_neurosketch,24,furniture,table,215,160,0,238502.6,3,4,table,0
1121161_neurosketch,24,furniture,table,215,161,0,238502.6,3,4,table,0
1121161_neurosketch,24,furniture,table,215,162,0,238502.6,3,4,table,0
1121161_neurosketch,24,furniture,chair,216,163,1,244502.84,3,16,,1
1121161_neurosketch,24,furniture,chair,216,164,1,244502.84,3,16,,0
1121161_neurosketch,24,furniture,chair,216,165,1,244502.84,3,16,,0
1121161_neurosketch,24,furniture,bench,217,166,1,249002.76,3,9,,1
1121161_neurosketch,24,furniture,bench,217,167,1,249002.76,3,9,,0
1121161_neurosketch,24,furniture,bench,217,168,1,249002.76,3,9,,0
1121161_neurosketch,24,furniture,table,218,169,0,253502.79,3,18,table,1
1121161_neurosketch,24,furniture,table,218,170,0,253502.79,3,18,table,0
1121161_neurosketch,24,2,bed,219,171,0,256502.29,3,9,bed,1
1121161_neurosketch,24,2,bed,219,172,0,256502.29,3,9,bed,0
1121161_neurosketch,24,furniture,chair,220,173,1,259502.82,3,9,,1
1121161_neurosketch,24,furniture,chair,220,174,1,259502.82,3,9,,0
1121161_neurosketch,24,furniture,chair,220,175,1,259502.82,3,9,,0
1121161_neurosketch,24,furniture,bed,221,176,0,264002.53,3,22,,1
1121161_neurosketch,24,furniture,bed,221,177,0,264002.53,3,22,,0
1121161_neurosketch,24,furniture,bed,221,178,0,264002.53,3,22,,0
1121161_neurosketch,24,furniture,bed,221,179,0,264002.53,3,22,,0
1121161_neurosketch,24,furniture,bench,222,180,1,270003.82,3,0,bench,1
1121161_neurosketch,24,furniture,bench,222,181,1,270003.82,3,0,bench,0
1121161_neurosketch,24,furniture,bench,222,182,1,270003.82,3,0,bench,0
1121161_neurosketch,24,furniture,table,223,183,0,274503.82,3,14,table,1
1121161_neurosketch,24,furniture,table,223,184,0,274503.82,3,14,table,0
1121161_neurosketch,24,furniture,bench,224,185,1,277503.06,3,32,bench,1
1121161_neurosketch,24,furniture,bench,224,186,1,277503.06,3,32,bench,0
1121161_neurosketch,24,furniture,bench,224,187,1,277503.06,3,32,bench,0
1121161_neurosketch,24,furniture,bed,225,188,0,282003.29,3,0,bed,1
1121161_neurosketch,24,furniture,bed,225,189,0,282003.29,3,0,bed,0
1121161_neurosketch,24,furniture,table,226,190,0,285002.5,3,5,,1
1121161_neurosketch,24,furniture,table,226,191,0,285002.5,3,5,,0
1121161_neurosketch,24,furniture,chair,227,192,1,288004.17,3,4,chair,1
1121161_neurosketch,24,furniture,chair,227,193,1,288004.17,3,4,chair,0
1121161_neurosketch,24,furniture,chair,227,194,1,288004.17,3,4,chair,0
1121161_neurosketch,24,furniture,bed,228,195,0,292502.18,3,33,table,1
1121161_neurosketch,24,furniture,bed,228,196,0,292502.18,3,33,table,0
1121161_neurosketch,24,furniture,bed,228,197,0,292502.18,3,33,table,0
1121161_neurosketch,24,furniture,bed,228,198,0,292502.18,3,33,table,0
1121161_neurosketch,24,2,table,229,199,0,298502.48,3,7,table,1
1121161_neurosketch,24,2,table,229,200,0,298502.48,3,7,table,0
1121161_neurosketch,24,2,table,229,201,0,298502.48,3,7,table,0
1121161_neurosketch,24,furniture,bench,230,202,1,303003.03,3,13,,1
1121161_neurosketch,24,furniture,bench,230,203,1,303003.03,3,13,,0
1121161_neurosketch,24,furniture,bench,230,204,1,303003.03,3,13,,0
1121161_neurosketch,24,furniture,bench,230,205,1,303003.03,3,13,,0
1121161_neurosketch,24,furniture,chair,231,206,1,309002.4,3,33,,1
1121161_neurosketch,24,furniture,chair,231,207,1,309002.4,3,33,,0
1121161_neurosketch,24,furniture,chair,231,208,1,309002.4,3,33,,0
1121161_neurosketch,24,furniture,bench,232,209,1,313503.03,3,15,bench,1
1121161_neurosketch,24,furniture,bench,232,210,1,313503.03,3,15,bench,0
1121161_neurosketch,24,furniture,bench,232,211,1,313503.03,3,15,bench,0
1121161_neurosketch,24,furniture,bench,232,212,1,313503.03,3,15,bench,0
1121161_neurosketch,24,furniture,chair,233,213,1,319502.82,3,14,chair,1
1121161_neurosketch,24,furniture,chair,233,214,1,319502.82,3,14,chair,0
1121161_neurosketch,24,furniture,chair,233,215,1,319502.82,3,14,chair,0
1121161_neurosketch,24,furniture,chair,233,216,1,319502.82,3,14,chair,0
1121161_neurosketch,24,furniture,table,234,217,0,325502.46,3,2,table,1
1121161_neurosketch,24,furniture,table,234,218,0,325502.46,3,2,table,0
1121161_neurosketch,24,furniture,table,234,219,0,325502.46,3,2,table,0
1121161_neurosketch,24,furniture,bed,235,220,0,330003.14,3,3,bed,1
1121161_neurosketch,24,furniture,bed,235,221,0,330003.14,3,3,bed,0
1121161_neurosketch,24,furniture,bench,236,222,1,333002.45,3,38,bench,1
1121161_neurosketch,24,furniture,bench,236,223,1,333002.45,3,38,bench,0
1121161_neurosketch,24,furniture,bed,237,224,0,336002.54,3,24,bed,1
1121161_neurosketch,24,furniture,bed,237,225,0,336002.54,3,24,bed,0
1121161_neurosketch,24,furniture,bed,237,226,0,336002.54,3,24,bed,0
1121161_neurosketch,24,furniture,table,238,227,0,340502.32,3,9,table,1
1121161_neurosketch,24,furniture,table,238,228,0,340502.32,3,9,table,0
1121161_neurosketch,24,furniture,table,238,229,0,340502.32,3,9,table,0
1121161_neurosketch,24,2,chair,239,230,1,345002.51,3,29,chair,1
1121161_neurosketch,24,2,chair,239,231,1,345002.51,3,29,chair,0
1121161_neurosketch,24,2,chair,239,232,1,345002.51,3,29,chair,0
1121161_neurosketch,24,2,chair,239,233,1,345002.51,3,29,chair,0
1121161_neurosketch,24,2,chair,239,234,1,345002.51,3,29,chair,0
1121161_neurosketch,24,2,chair,239,235,1,345002.51,3,29,chair,0
1121161_neurosketch,24,2,chair,239,236,1,345002.51,3,29,chair,0
1121161_neurosketch,24,2,chair,239,237,1,345002.51,3,29,chair,0
1121161_neurosketch,24,2,chair,239,238,1,345002.51,3,29,chair,0
1121161_neurosketch,24,2,chair,239,239,1,345002.51,3,29,chair,0
1121161_neurosketch,24,furniture,table,240,0,-1,0.0,4,33,table,0
1121161_neurosketch,24,furniture,table,240,1,-1,0.0,4,33,table,0
1121161_neurosketch,24,furniture,table,240,2,-1,0.0,4,33,table,0
1121161_neurosketch,24,furniture,table,240,3,-1,0.0,4,33,table,0
1121161_neurosketch,24,furniture,table,240,4,-1,0.0,4,33,table,0
1121161_neurosketch,24,furniture,table,240,5,-1,0.0,4,33,table,0
1121161_neurosketch,24,furniture,table,240,6,-1,0.0,4,33,table,0
1121161_neurosketch,24,furniture,table,240,7,-1,0.0,4,33,table,0
1121161_neurosketch,24,furniture,table,240,8,0,12002.39,4,33,table,1
1121161_neurosketch,24,furniture,table,240,9,0,12002.39,4,33,table,0
1121161_neurosketch,24,furniture,bed,241,10,0,15001.77,4,21,bed,1
1121161_neurosketch,24,furniture,bed,241,11,0,15001.77,4,21,bed,0
1121161_neurosketch,24,furniture,bench,242,12,1,18001.81,4,31,bench,1
1121161_neurosketch,24,furniture,bench,242,13,1,18001.81,4,31,bench,0
1121161_neurosketch,24,furniture,bench,242,14,1,18001.81,4,31,bench,0
1121161_neurosketch,24,furniture,chair,243,15,1,22503.36,4,11,chair,1
1121161_neurosketch,24,furniture,chair,243,16,1,22503.36,4,11,chair,0
1121161_neurosketch,24,furniture,bench,244,17,1,25502.06,4,27,bench,1
1121161_neurosketch,24,furniture,bench,244,18,1,25502.06,4,27,bench,0
1121161_neurosketch,24,furniture,bed,245,19,0,28501.64,4,17,bed,1
1121161_neurosketch,24,furniture,bed,245,20,0,28501.64,4,17,bed,0
1121161_neurosketch,24,furniture,table,246,21,0,31502.36,4,16,table,1
1121161_neurosketch,24,furniture,table,246,22,0,31502.36,4,16,table,0
1121161_neurosketch,24,furniture,table,246,23,0,31502.36,4,16,table,0
1121161_neurosketch,24,furniture,chair,247,24,1,36001.48,4,5,chair,1
1121161_neurosketch,24,furniture,chair,247,25,1,36001.48,4,5,chair,0
1121161_neurosketch,24,furniture,chair,247,26,1,36001.48,4,5,chair,0
1121161_neurosketch,24,furniture,bed,248,27,0,40502.44,4,18,bed,1
1121161_neurosketch,24,furniture,bed,248,28,0,40502.44,4,18,bed,0
1121161_neurosketch,24,2,table,249,29,0,43502.51,4,21,table,1
1121161_neurosketch,24,2,table,249,30,0,43502.51,4,21,table,0
1121161_neurosketch,24,furniture,bench,250,31,1,46501.59,4,20,bench,1
1121161_neurosketch,24,furniture,bench,250,32,1,46501.59,4,20,bench,0
1121161_neurosketch,24,furniture,bench,250,33,1,46501.59,4,20,bench,0
1121161_neurosketch,24,furniture,chair,251,34,1,51001.99,4,26,chair,1
1121161_neurosketch,24,furniture,chair,251,35,1,51001.99,4,26,chair,0
1121161_neurosketch,24,furniture,chair,251,36,1,51001.99,4,26,chair,0
1121161_neurosketch,24,furniture,table,252,37,0,55502.38,4,10,table,1
1121161_neurosketch,24,furniture,table,252,38,0,55502.38,4,10,table,0
1121161_neurosketch,24,furniture,table,252,39,0,55502.38,4,10,table,0
1121161_neurosketch,24,furniture,table,252,40,0,55502.38,4,10,table,0
1121161_neurosketch,24,furniture,chair,253,41,1,61502.57,4,38,chair,1
1121161_neurosketch,24,furniture,chair,253,42,1,61502.57,4,38,chair,0
1121161_neurosketch,24,furniture,bed,254,43,0,64502.32,4,16,bed,1
1121161_neurosketch,24,furniture,bed,254,44,0,64502.32,4,16,bed,0
1121161_neurosketch,24,furniture,bed,254,45,0,64502.32,4,16,bed,0
1121161_neurosketch,24,furniture,bed,254,46,0,64502.32,4,16,bed,0
1121161_neurosketch,24,furniture,bench,255,47,1,70502.62,4,23,bench,1
1121161_neurosketch,24,furniture,bench,255,48,1,70502.62,4,23,bench,0
1121161_neurosketch,24,furniture,bench,255,49,1,70502.62,4,23,bench,0
1121161_neurosketch,24,furniture,bench,255,50,1,70502.62,4,23,bench,0
1121161_neurosketch,24,furniture,bench,256,51,1,76502.1,4,30,bench,1
1121161_neurosketch,24,furniture,bench,256,52,1,76502.1,4,30,bench,0
1121161_neurosketch,24,furniture,bench,256,53,1,76502.1,4,30,bench,0
1121161_neurosketch,24,furniture,bed,257,54,0,81001.81,4,37,bed,1
1121161_neurosketch,24,furniture,bed,257,55,0,81001.81,4,37,bed,0
1121161_neurosketch,24,furniture,bed,257,56,0,81001.81,4,37,bed,0
1121161_neurosketch,24,furniture,chair,258,57,1,85501.86,4,8,chair,1
1121161_neurosketch,24,furniture,chair,258,58,1,85501.86,4,8,chair,0
1121161_neurosketch,24,2,table,259,59,0,88502.06,4,8,bed,1
1121161_neurosketch,24,2,table,259,60,0,88502.06,4,8,bed,0
1121161_neurosketch,24,furniture,bed,260,61,0,91502.65,4,5,bed,1
1121161_neurosketch,24,furniture,bed,260,62,0,91502.65,4,5,bed,0
1121161_neurosketch,24,furniture,bed,260,63,0,91502.65,4,5,bed,0
1121161_neurosketch,24,furniture,chair,261,64,1,96001.77,4,39,chair,1
1121161_neurosketch,24,furniture,chair,261,65,1,96001.77,4,39,chair,0
1121161_neurosketch,24,furniture,chair,261,66,1,96001.77,4,39,chair,0
1121161_neurosketch,24,furniture,chair,261,67,1,96001.77,4,39,chair,0
1121161_neurosketch,24,furniture,bench,262,68,1,102001.85,4,33,,1
1121161_neurosketch,24,furniture,bench,262,69,1,102001.85,4,33,,0
1121161_neurosketch,24,furniture,bench,262,70,1,102001.85,4,33,,0
1121161_neurosketch,24,furniture,table,263,71,0,106503.38,4,30,table,1
1121161_neurosketch,24,furniture,table,263,72,0,106503.38,4,30,table,0
1121161_neurosketch,24,furniture,chair,264,73,1,109502.48,4,10,chair,1
1121161_neurosketch,24,furniture,chair,264,74,1,109502.48,4,10,chair,0
1121161_neurosketch,24,furniture,chair,264,75,1,109502.48,4,10,chair,0
1121161_neurosketch,24,furniture,table,265,76,0,114002.16,4,35,table,1
1121161_neurosketch,24,furniture,table,265,77,0,114002.16,4,35,table,0
1121161_neurosketch,24,furniture,bench,266,78,1,117002.46,4,3,,1
1121161_neurosketch,24,furniture,bench,266,79,1,117002.46,4,3,,0
1121161_neurosketch,24,furniture,bed,267,80,0,120002.26,4,12,bed,1
1121161_neurosketch,24,furniture,bed,267,81,0,120002.26,4,12,bed,0
1121161_neurosketch,24,furniture,bed,267,82,0,120002.26,4,12,bed,0
1121161_neurosketch,24,furniture,bed,268,83,0,124502.77,4,20,,1
1121161_neurosketch,24,furniture,bed,268,84,0,124502.77,4,20,,0
1121161_neurosketch,24,furniture,bed,268,85,0,124502.77,4,20,,0
1121161_neurosketch,24,furniture,bed,268,86,0,124502.77,4,20,,0
1121161_neurosketch,24,2,bench,269,87,1,130502.74,4,29,bench,1
1121161_neurosketch,24,2,bench,269,88,1,130502.74,4,29,bench,0
1121161_neurosketch,24,2,bench,269,89,1,130502.74,4,29,bench,0
1121161_neurosketch,24,furniture,chair,270,90,1,135002.74,4,34,,1
1121161_neurosketch,24,furniture,chair,270,91,1,135002.74,4,34,,0
1121161_neurosketch,24,furniture,chair,270,92,1,135002.74,4,34,,0
1121161_neurosketch,24,furniture,chair,270,93,1,135002.74,4,34,,0
1121161_neurosketch,24,furniture,table,271,94,0,141002.99,4,29,table,1
1121161_neurosketch,24,furniture,table,271,95,0,141002.99,4,29,table,0
1121161_neurosketch,24,furniture,table,271,96,0,141002.99,4,29,table,0
1121161_neurosketch,24,furniture,bed,272,97,0,145502.74,4,7,bed,1
1121161_neurosketch,24,furniture,bed,272,98,0,145502.74,4,7,bed,0
1121161_neurosketch,24,furniture,bed,272,99,0,145502.74,4,7,bed,0
1121161_neurosketch,24,furniture,bed,272,100,0,145502.74,4,7,bed,0
1121161_neurosketch,24,furniture,chair,273,101,1,151502.43,4,0,chair,1
1121161_neurosketch,24,furniture,chair,273,102,1,151502.43,4,0,chair,0
1121161_neurosketch,24,furniture,chair,273,103,1,151502.43,4,0,chair,0
1121161_neurosketch,24,furniture,chair,273,104,1,151502.43,4,0,chair,0
1121161_neurosketch,24,furniture,table,274,105,0,157502.48,4,36,table,1
1121161_neurosketch,24,furniture,table,274,106,0,157502.48,4,36,table,0
1121161_neurosketch,24,furniture,table,274,107,0,157502.48,4,36,table,0
1121161_neurosketch,24,furniture,bench,275,108,1,162002.24,4,10,,1
1121161_neurosketch,24,furniture,bench,275,109,1,162002.24,4,10,,0
1121161_neurosketch,24,furniture,bench,276,110,1,165002.61,4,28,bench,1
1121161_neurosketch,24,furniture,bench,276,111,1,165002.61,4,28,bench,0
1121161_neurosketch,24,furniture,table,277,112,0,168002.63,4,13,table,1
1121161_neurosketch,24,furniture,table,277,113,0,168002.63,4,13,table,0
1121161_neurosketch,24,furniture,table,277,114,0,168002.63,4,13,table,0
1121161_neurosketch,24,furniture,chair,278,115,1,172502.57,4,3,bench,1
1121161_neurosketch,24,furniture,chair,278,116,1,172502.57,4,3,bench,0
1121161_neurosketch,24,furniture,chair,278,117,1,172502.57,4,3,bench,0
1121161_neurosketch,24,2,bed,279,118,0,177003.14,4,30,bed,1
1121161_neurosketch,24,2,bed,279,119,0,177003.14,4,30,bed,0
1121161_neurosketch,24,furniture,chair,280,120,1,180002.72,4,37,,1
1121161_neurosketch,24,furniture,chair,280,121,1,180002.72,4,37,,0
1121161_neurosketch,24,furniture,bed,281,122,0,183003.47,4,8,bed,1
1121161_neurosketch,24,furniture,bed,281,123,0,183003.47,4,8,bed,0
1121161_neurosketch,24,furniture,bench,282,124,1,186002.11,4,24,,1
1121161_neurosketch,24,furniture,bench,282,125,1,186002.11,4,24,,0
1121161_neurosketch,24,furniture,bench,282,126,1,186002.11,4,24,,0
1121161_neurosketch,24,furniture,table,283,127,0,190502.52,4,24,,1
1121161_neurosketch,24,furniture,table,283,128,0,190502.52,4,24,,0
1121161_neurosketch,24,furniture,chair,284,129,1,193502.49,4,13,chair,1
1121161_neurosketch,24,furniture,chair,284,130,1,193502.49,4,13,chair,0
1121161_neurosketch,24,furniture,bed,285,131,0,196503.63,4,14,,1
1121161_neurosketch,24,furniture,bed,285,132,0,196503.63,4,14,,0
1121161_neurosketch,24,furniture,bench,286,133,1,199502.6,4,12,,1
1121161_neurosketch,24,furniture,bench,286,134,1,199502.6,4,12,,0
1121161_neurosketch,24,furniture,bench,286,135,1,199502.6,4,12,,0
1121161_neurosketch,24,furniture,table,287,136,0,204002.66,4,25,,1
1121161_neurosketch,24,furniture,table,287,137,0,204002.66,4,25,,0
1121161_neurosketch,24,furniture,table,287,138,0,204002.66,4,25,,0
1121161_neurosketch,24,furniture,bench,288,139,1,208502.94,4,36,bench,1
1121161_neurosketch,24,furniture,bench,288,140,1,208502.94,4,36,bench,0
1121161_neurosketch,24,2,table,289,141,0,211502.57,4,19,table,1
1121161_neurosketch,24,2,table,289,142,0,211502.57,4,19,table,0
1121161_neurosketch,24,furniture,bed,290,143,0,214502.79,4,32,bed,1
1121161_neurosketch,24,furniture,bed,290,144,0,214502.79,4,32,bed,0
1121161_neurosketch,24,furniture,bed,290,145,0,214502.79,4,32,bed,0
1121161_neurosketch,24,furniture,chair,291,146,1,219003.58,4,19,chair,1
1121161_neurosketch,24,furniture,chair,291,147,1,219003.58,4,19,chair,0
1121161_neurosketch,24,furniture,chair,291,148,1,219003.58,4,19,chair,0
1121161_neurosketch,24,furniture,bed,292,149,0,223504.5,4,28,bed,1
1121161_neurosketch,24,furniture,bed,292,150,0,223504.5,4,28,bed,0
1121161_neurosketch,24,furniture,bed,292,151,0,223504.5,4,28,bed,0
1121161_neurosketch,24,furniture,bed,292,152,0,223504.5,4,28,bed,0
1121161_neurosketch,24,furniture,bench,293,153,1,229502.89,4,35,bench,1
1121161_neurosketch,24,furniture,bench,293,154,1,229502.89,4,35,bench,0
1121161_neurosketch,24,furniture,table,294,155,0,232502.81,4,11,,1
1121161_neurosketch,24,furniture,table,294,156,0,232502.81,4,11,,0
1121161_neurosketch,24,furniture,table,294,157,0,232502.81,4,11,,0
1121161_neurosketch,24,furniture,table,294,158,0,232502.81,4,11,,0
1121161_neurosketch,24,furniture,chair,295,159,1,238503.49,4,6,chair,1
1121161_neurosketch,24,furniture,chair,295,160,1,238503.49,4,6,chair,0
1121161_neurosketch,24,furniture,chair,295,161,1,238503.49,4,6,chair,0
1121161_neurosketch,24,furniture,chair,295,162,1,238503.49,4,6,chair,0
1121161_neurosketch,24,furniture,bench,296,163,1,244502.41,4,34,,1
1121161_neurosketch,24,furniture,bench,296,164,1,244502.41,4,34,,0
1121161_neurosketch,24,furniture,bench,296,165,1,244502.41,4,34,,0
1121161_neurosketch,24,furniture,table,297,166,0,249004.04,4,3,,1
1121161_neurosketch,24,furniture,table,297,167,0,249004.04,4,3,,0
1121161_neurosketch,24,furniture,table,297,168,0,249004.04,4,3,,0
1121161_neurosketch,24,furniture,chair,298,169,1,253502.66,4,24,chair,1
1121161_neurosketch,24,furniture,chair,298,170,1,253502.66,4,24,chair,0
1121161_neurosketch,24,2,bed,299,171,0,256502.16,4,2,bed,1
1121161_neurosketch,24,2,bed,299,172,0,256502.16,4,2,bed,0
1121161_neurosketch,24,furniture,bench,300,173,1,259502.45,4,39,bench,1
1121161_neurosketch,24,furniture,bench,300,174,1,259502.45,4,39,bench,0
1121161_neurosketch,24,furniture,bench,300,175,1,259502.45,4,39,bench,0
1121161_neurosketch,24,furniture,chair,301,176,1,264002.94,4,31,,1
1121161_neurosketch,24,furniture,chair,301,177,1,264002.94,4,31,,0
1121161_neurosketch,24,furniture,chair,301,178,1,264002.94,4,31,,0
1121161_neurosketch,24,furniture,chair,301,179,1,264002.94,4,31,,0
1121161_neurosketch,24,furniture,table,302,180,0,270003.12,4,37,,1
1121161_neurosketch,24,furniture,table,302,181,0,270003.12,4,37,,0
1121161_neurosketch,24,furniture,table,302,182,0,270003.12,4,37,,0
1121161_neurosketch,24,furniture,bed,303,183,0,274502.8,4,39,bed,1
1121161_neurosketch,24,furniture,bed,303,184,0,274502.8,4,39,bed,0
1121161_neurosketch,24,furniture,table,304,185,0,277502.49,4,38,table,1
1121161_neurosketch,24,furniture,table,304,186,0,277502.49,4,38,table,0
1121161_neurosketch,24,furniture,table,304,187,0,277502.49,4,38,table,0
1121161_neurosketch,24,furniture,chair,305,188,1,282002.43,4,7,,1
1121161_neurosketch,24,furniture,chair,305,189,1,282002.43,4,7,,0
1121161_neurosketch,24,furniture,bed,306,190,0,285002.38,4,4,bed,1
1121161_neurosketch,24,furniture,bed,306,191,0,285002.38,4,4,bed,0
1121161_neurosketch,24,furniture,bench,307,192,1,288002.37,4,18,,1
1121161_neurosketch,24,furniture,bench,307,193,1,288002.37,4,18,,0
1121161_neurosketch,24,furniture,bench,307,194,1,288002.37,4,18,,0
1121161_neurosketch,24,furniture,chair,308,195,1,292502.59,4,22,chair,1
1121161_neurosketch,24,furniture,chair,308,196,1,292502.59,4,22,chair,0
1121161_neurosketch,24,furniture,chair,308,197,1,292502.59,4,22,chair,0
1121161_neurosketch,24,furniture,chair,308,198,1,292502.59,4,22,chair,0
1121161_neurosketch,24,2,table,309,199,0,298502.66,4,32,,1
1121161_neurosketch,24,2,table,309,200,0,298502.66,4,32,,0
1121161_neurosketch,24,2,table,309,201,0,298502.66,4,32,,0
1121161_neurosketch,24,furniture,bed,310,202,0,303002.78,4,25,,1
1121161_neurosketch,24,furniture,bed,310,203,0,303002.78,4,25,,0
1121161_neurosketch,24,furniture,bed,310,204,0,303002.78,4,25,,0
1121161_neurosketch,24,furniture,bed,310,205,0,303002.78,4,25,,0
1121161_neurosketch,24,furniture,bench,311,206,1,309002.8,4,16,,1
1121161_neurosketch,24,furniture,bench,311,207,1,309002.8,4,16,,0
1121161_neurosketch,24,furniture,bench,311,208,1,309002.8,4,16,,0
1121161_neurosketch,24,furniture,chair,312,209,1,313502.42,4,25,,1
1121161_neurosketch,24,furniture,chair,312,210,1,313502.42,4,25,,0
1121161_neurosketch,24,furniture,chair,312,211,1,313502.42,4,25,,0
1121161_neurosketch,24,furniture,chair,312,212,1,313502.42,4,25,,0
1121161_neurosketch,24,furniture,table,313,213,0,319502.47,4,15,table,1
1121161_neurosketch,24,furniture,table,313,214,0,319502.47,4,15,table,0
1121161_neurosketch,24,furniture,table,313,215,0,319502.47,4,15,table,0
1121161_neurosketch,24,furniture,table,313,216,0,319502.47,4,15,table,0
1121161_neurosketch,24,furniture,bench,314,217,1,325502.43,4,8,,1
1121161_neurosketch,24,furniture,bench,314,218,1,325502.43,4,8,,0
1121161_neurosketch,24,furniture,bench,314,219,1,325502.43,4,8,,0
1121161_neurosketch,24,furniture,bed,315,220,0,330002.64,4,10,bed,1
1121161_neurosketch,24,furniture,bed,315,221,0,330002.64,4,10,bed,0
1121161_neurosketch,24,furniture,bed,316,222,0,333002.5,4,6,table,1
1121161_neurosketch,24,furniture,bed,316,223,0,333002.5,4,6,table,0
1121161_neurosketch,24,furniture,bench,317,224,1,336002.72,4,21,bench,1
1121161_neurosketch,24,furniture,bench,317,225,1,336002.72,4,21,bench,0
1121161_neurosketch,24,furniture,bench,317,226,1,336002.72,4,21,bench,0
1121161_neurosketch,24,furniture,chair,318,227,1,340502.56,4,28,chair,1
1121161_neurosketch,24,furniture,chair,318,228,1,340502.56,4,28,chair,0
1121161_neurosketch,24,furniture,chair,318,229,1,340502.56,4,28,chair,0
1121161_neurosketch,24,2,table,319,230,0,345002.14,4,17,table,1
1121161_neurosketch,24,2,table,319,231,0,345002.14,4,17,table,0
1121161_neurosketch,24,2,table,319,232,0,345002.14,4,17,table,0
1121161_neurosketch,24,2,table,319,233,0,345002.14,4,17,table,0
1121161_neurosketch,24,2,table,319,234,0,345002.14,4,17,table,0
1121161_neurosketch,24,2,table,319,235,0,345002.14,4,17,table,0
1121161_neurosketch,24,2,table,319,236,0,345002.14,4,17,table,0
1121161_neurosketch,24,2,table,319,237,0,345002.14,4,17,table,0
1121161_neurosketch,24,2,table,319,238,0,345002.14,4,17,table,0
1121161_neurosketch,24,2,table,319,239,0,345002.14,4,17,table,0
1121161_neurosketch,24,furniture,table,360,0,-1,0.0,9,17,,0
1121161_neurosketch,24,furniture,table,360,1,-1,0.0,9,17,,0
1121161_neurosketch,24,furniture,table,360,2,-1,0.0,9,17,,0
1121161_neurosketch,24,furniture,table,360,3,-1,0.0,9,17,,0
1121161_neurosketch,24,furniture,table,360,4,-1,0.0,9,17,,0
1121161_neurosketch,24,furniture,table,360,5,-1,0.0,9,17,,0
1121161_neurosketch,24,furniture,table,360,6,-1,0.0,9,17,,0
1121161_neurosketch,24,furniture,table,360,7,-1,0.0,9,17,,0
1121161_neurosketch,24,furniture,table,360,8,0,12002.79,9,17,,1
1121161_neurosketch,24,furniture,table,360,9,0,12002.79,9,17,,0
1121161_neurosketch,24,furniture,chair,361,10,1,15001.56,9,28,chair,1
1121161_neurosketch,24,furniture,chair,361,11,1,15001.56,9,28,chair,0
1121161_neurosketch,24,furniture,bench,362,12,1,18001.62,9,21,bench,1
1121161_neurosketch,24,furniture,bench,362,13,1,18001.62,9,21,bench,0
1121161_neurosketch,24,furniture,bench,362,14,1,18001.62,9,21,bench,0
1121161_neurosketch,24,furniture,bed,363,15,0,22503.69,9,6,bed,1
1121161_neurosketch,24,furniture,bed,363,16,0,22503.69,9,6,bed,0
1121161_neurosketch,24,furniture,bed,364,17,0,25501.38,9,10,bed,1
1121161_neurosketch,24,furniture,bed,364,18,0,25501.38,9,10,bed,0
1121161_neurosketch,24,furniture,bench,365,19,1,28501.53,9,8,bench,1
1121161_neurosketch,24,furniture,bench,365,20,1,28501.53,9,8,bench,0
1121161_neurosketch,24,furniture,table,366,21,0,31502.12,9,15,table,1
1121161_neurosketch,24,furniture,table,366,22,0,31502.12,9,15,table,0
1121161_neurosketch,24,furniture,table,366,23,0,31502.12,9,15,table,0
1121161_neurosketch,24,furniture,chair,367,24,1,36001.87,9,25,chair,1
1121161_neurosketch,24,furniture,chair,367,25,1,36001.87,9,25,chair,0
1121161_neurosketch,24,furniture,chair,367,26,1,36001.87,9,25,chair,0
1121161_neurosketch,24,furniture,bench,368,27,1,40502.54,9,16,bench,1
1121161_neurosketch,24,furniture,bench,368,28,1,40502.54,9,16,bench,0
1121161_neurosketch,24,2,bed,369,29,0,43502.47,9,25,bed,1
1121161_neurosketch,24,2,bed,369,30,0,43502.47,9,25,bed,0
1121161_neurosketch,24,furniture,table,370,31,0,46502.47,9,32,table,1
1121161_neurosketch,24,furniture,table,370,32,0,46502.47,9,32,table,0
1121161_neurosketch,24,furniture,table,370,33,0,46502.47,9,32,table,0
1121161_neurosketch,24,furniture,chair,371,34,1,51001.94,9,22,chair,1
1121161_neurosketch,24,furniture,chair,371,35,1,51001.94,9,22,chair,0
1121161_neurosketch,24,furniture,chair,371,36,1,51001.94,9,22,chair,0
1121161_neurosketch,24,furniture,bench,372,37,1,55502.24,9,18,chair,1
1121161_neurosketch,24,furniture,bench,372,38,1,55502.24,9,18,chair,0
1121161_neurosketch,24,furniture,bench,372,39,1,55502.24,9,18,chair,0
1121161_neurosketch,24,furniture,bench,372,40,1,55502.24,9,18,chair,0
1121161_neurosketch,24,furniture,bed,373,41,0,61502.05,9,4,bed,1
1121161_neurosketch,24,furniture,bed,373,42,0,61502.05,9,4,bed,0
1121161_neurosketch,24,furniture,chair,374,43,1,64503.54,9,7,chair,1
1121161_neurosketch,24,furniture,chair,374,44,1,64503.54,9,7,chair,0
1121161_neurosketch,24,furniture,chair,374,45,1,64503.54,9,7,chair,0
1121161_neurosketch,24,furniture,chair,374,46,1,64503.54,9,7,chair,0
1121161_neurosketch,24,furniture,table,375,47,0,70502.58,9,38,table,1
1121161_neurosketch,24,furniture,table,375,48,0,70502.58,9,38,table,0
1121161_neurosketch,24,furniture,table,375,49,0,70502.58,9,38,table,0
1121161_neurosketch,24,furniture,table,375,50,0,70502.58,9,38,table,0
1121161_neurosketch,24,furniture,bed,376,51,0,76502.53,9,39,bed,1
1121161_neurosketch,24,furniture,bed,376,52,0,76502.53,9,39,bed,0
1121161_neurosketch,24,furniture,bed,376,53,0,76502.53,9,39,bed,0
1121161_neurosketch,24,furniture,table,377,54,0,81002.83,9,37,table,1
1121161_neurosketch,24,furniture,table,377,55,0,81002.83,9,37,table,0
1121161_neurosketch,24,furniture,table,377,56,0,81002.83,9,37,table,0
1121161_neurosketch,24,furniture,chair,378,57,1,85502.73,9,31,chair,1
1121161_neurosketch,24,furniture,chair,378,58,1,85502.73,9,31,chair,0
1121161_neurosketch,24,2,bench,379,59,1,88502.1,9,39,bench,1
1121161_neurosketch,24,2,bench,379,60,1,88502.1,9,39,bench,0
1121161_neurosketch,24,furniture,bed,380,61,0,91501.67,9,2,bed,1
1121161_neurosketch,24,furniture,bed,380,62,0,91501.67,9,2,bed,0
1121161_neurosketch,24,furniture,bed,380,63,0,91501.67,9,2,bed,0
1121161_neurosketch,24,furniture,chair,381,64,1,96002.39,9,24,chair,1
1121161_neurosketch,24,furniture,chair,381,65,1,96002.39,9,24,chair,0
1121161_neurosketch,24,furniture,chair,381,66,1,96002.39,9,24,chair,0
1121161_neurosketch,24,furniture,chair,381,67,1,96002.39,9,24,chair,0
1121161_neurosketch,24,furniture,table,382,68,0,102003.2,9,3,table,1
1121161_neurosketch,24,furniture,table,382,69,0,102003.2,9,3,table,0
1121161_neurosketch,24,furniture,table,382,70,0,102003.2,9,3,table,0
1121161_neurosketch,24,furniture,bench,383,71,1,106502.81,9,34,bench,1
1121161_neurosketch,24,furniture,bench,383,72,1,106502.81,9,34,bench,0
1121161_neurosketch,24,furniture,chair,384,73,1,109502.99,9,6,chair,1
1121161_neurosketch,24,furniture,chair,384,74,1,109502.99,9,6,chair,0
1121161_neurosketch,24,furniture,chair,384,75,1,109502.99,9,6,chair,0
1121161_neurosketch,24,furniture,table,385,76,0,114002.0,9,11,table,1
1121161_neurosketch,24,furniture,table,385,77,0,114002.0,9,11,table,0
1121161_neurosketch,24,furniture,bench,386,78,1,117002.44,9,35,bench,1
1121161_neurosketch,24,furniture,bench,386,79,1,117002.44,9,35,bench,0
1121161_neurosketch,24,furniture,bed,387,80,0,120003.21,9,28,bed,1
1121161_neurosketch,24,furniture,bed,387,81,0,120003.21,9,28,bed,0
1121161_neurosketch,24,furniture,bed,387,82,0,120003.21,9,28,bed,0
1121161_neurosketch,24,furniture,chair,388,83,1,124502.6,9,19,chair,1
1121161_neurosketch,24,furniture,chair,388,84,1,124502.6,9,19,chair,0
1121161_neurosketch,24,furniture,chair,388,85,1,124502.6,9,19,chair,0
1121161_neurosketch,24,furniture,chair,388,86,1,124502.6,9,19,chair,0
1121161_neurosketch,24,2,bed,389,87,0,130502.4,9,32,,1
1121161_neurosketch,24,2,bed,389,88,0,130502.4,9,32,,0
1121161_neurosketch,24,2,bed,389,89,0,130502.4,9,32,,0
1121161_neurosketch,24,furniture,table,390,90,0,135002.74,9,19,table,1
1121161_neurosketch,24,furniture,table,390,91,0,135002.74,9,19,table,0
1121161_neurosketch,24,furniture,table,390,92,0,135002.74,9,19,table,0
1121161_neurosketch,24,furniture,table,390,93,0,135002.74,9,19,table,0
1121161_neurosketch,24,furniture,bench,391,94,1,141002.85,9,36,bench,1
1121161_neurosketch,24,furniture,bench,391,95,1,141002.85,9,36,bench,0
1121161_neurosketch,24,furniture,bench,391,96,1,141002.85,9,36,bench,0
1121161_neurosketch,24,furniture,table,392,97,0,145502.08,9,25,table,1
1121161_neurosketch,24,furniture,table,392,98,0,145502.08,9,25,table,0
1121161_neurosketch,24,furniture,table,392,99,0,145502.08,9,25,table,0
1121161_neurosketch,24,furniture,table,392,100,0,145502.08,9,25,table,0
1121161_neurosketch,24,furniture,bench,393,101,1,151502.42,9,12,bench,1
1121161_neurosketch,24,furniture,bench,393,102,1,151502.42,9,12,bench,0
1121161_neurosketch,24,furniture,bench,393,103,1,151502.42,9,12,bench,0
1121161_neurosketch,24,furniture,bench,393,104,1,151502.42,9,12,bench,0
1121161_neurosketch,24,furniture,bed,394,105,0,157503.58,9,14,bed,1
1121161_neurosketch,24,furniture,bed,394,106,0,157503.58,9,14,bed,0
1121161_neurosketch,24,furniture,bed,394,107,0,157503.58,9,14,bed,0
1121161_neurosketch,24,furniture,chair,395,108,1,162002.76,9,13,chair,1
1121161_neurosketch,24,furniture,chair,395,109,1,162002.76,9,13,chair,0
1121161_neurosketch,24,furniture,table,396,110,0,165002.71,9,24,table,1
1121161_neurosketch,24,furniture,table,396,111,0,165002.71,9,24,table,0
1121161_neurosketch,24,furniture,bench,397,112,1,168002.82,9,24,bench,1
1121161_neurosketch,24,furniture,bench,397,113,1,168002.82,9,24,bench,0
1121161_neurosketch,24,furniture,bench,397,114,1,168002.82,9,24,bench,0
1121161_neurosketch,24,furniture,bed,398,115,0,172503.31,9,8,bed,1
1121161_neurosketch,24,furniture,bed,398,116,0,172503.31,9,8,bed,0
1121161_neurosketch,24,furniture,bed,398,117,0,172503.31,9,8,bed,0
1121161_neurosketch,24,2,chair,399,118,1,177002.64,9,37,chair,1
1121161_neurosketch,24,2,chair,399,119,1,177002.64,9,37,chair,0
1121161_neurosketch,24,furniture,bed,400,120,0,180002.79,9,30,bed,1
1121161_neurosketch,24,furniture,bed,400,121,0,180002.79,9,30,bed,0
1121161_neurosketch,24,furniture,chair,401,122,1,183002.97,9,3,chair,1
1121161_neurosketch,24,furniture,chair,401,123,1,183002.97,9,3,chair,0
1121161_neurosketch,24,furniture,table,402,124,0,186003.23,9,13,,1
1121161_neurosketch,24,furniture,table,402,125,0,186003.23,9,13,,0
1121161_neurosketch,24,furniture,table,402,126,0,186003.23,9,13,,0
1121161_neurosketch,24,furniture,bench,403,127,1,190502.14,9,28,bench,1
1121161_neurosketch,24,furniture,bench,403,128,1,190502.14,9,28,bench,0
1121161_neurosketch,24,furniture,bench,404,129,1,193502.76,9,10,bench,1
1121161_neurosketch,24,furniture,bench,404,130,1,193502.76,9,10,bench,0
1121161_neurosketch,24,furniture,table,405,131,0,196503.33,9,36,,1
1121161_neurosketch,24,furniture,table,405,132,0,196503.33,9,36,,0
1121161_neurosketch,24,furniture,chair,406,133,1,199502.41,9,0,chair,1
1121161_neurosketch,24,furniture,chair,406,134,1,199502.41,9,0,chair,0
1121161_neurosketch,24,furniture,chair,406,135,1,199502.41,9,0,chair,0
1121161_neurosketch,24,furniture,bed,407,136,0,204003.2,9,7,bed,1
1121161_neurosketch,24,furniture,bed,407,137,0,204003.2,9,7,bed,0
1121161_neurosketch,24,furniture,bed,407,138,0,204003.2,9,7,bed,0
1121161_neurosketch,24,furniture,table,408,139,0,208503.13,9,29,table,1
1121161_neurosketch,24,furniture,table,408,140,0,208503.13,9,29,table,0
1121161_neurosketch,24,2,chair,409,141,1,211502.29,9,34,chair,1
1121161_neurosketch,24,2,chair,409,142,1,211502.29,9,34,chair,0
1121161_neurosketch,24,furniture,bench,410,143,1,214502.79,9,29,bench,1
1121161_neurosketch,24,furniture,bench,410,144,1,214502.79,9,29,bench,0
1121161_neurosketch,24,furniture,bench,410,145,1,214502.79,9,29,bench,0
1121161_neurosketch,24,furniture,bed,411,146,0,219002.22,9,20,bed,1
1121161_neurosketch,24,furniture,bed,411,147,0,219002.22,9,20,bed,0
1121161_neurosketch,24,furniture,bed,411,148,0,219002.22,9,20,bed,0
1121161_neurosketch,24,furniture,bed,412,149,0,223502.29,9,12,bed,1
1121161_neurosketch,24,furniture,bed,412,150,0,223502.29,9,12,bed,0
1121161_neurosketch,24,furniture,bed,412,151,0,223502.29,9,12,bed,0
1121161_neurosketch,24,furniture,bed,412,152,0,223502.29,9,12,bed,0
1121161_neurosketch,24,furniture,bench,413,153,1,229502.73,9,3,bench,1
1121161_neurosketch,24,furniture,bench,413,154,1,229502.73,9,3,bench,0
1121161_neurosketch,24,furniture,table,414,155,0,232502.92,9,35,table,1
1121161_neurosketch,24,furniture,table,414,156,0,232502.92,9,35,table,0
1121161_neurosketch,24,furniture,table,414,157,0,232502.92,9,35,table,0
1121161_neurosketch,24,furniture,table,414,158,0,232502.92,9,35,table,0
1121161_neurosketch,24,furniture,chair,415,159,1,238502.78,9,10,chair,1
1121161_neurosketch,24,furniture,chair,415,160,1,238502.78,9,10,chair,0
1121161_neurosketch,24,furniture,chair,415,161,1,238502.78,9,10,chair,0
1121161_neurosketch,24,furniture,chair,415,162,1,238502.78,9,10,chair,0
1121161_neurosketch,24,furniture,table,416,163,0,244503.3,9,30,table,1
1121161_neurosketch,24,furniture,table,416,164,0,244503.3,9,30,table,0
1121161_neurosketch,24,furniture,table,416,165,0,244503.3,9,30,table,0
1121161_neurosketch,24,furniture,bench,417,166,1,249003.08,9,33,bench,1
1121161_neurosketch,24,furniture,bench,417,167,1,249003.08,9,33,bench,0
1121161_neurosketch,24,furniture,bench,417,168,1,249003.08,9,33,bench,0
1121161_neurosketch,24,furniture,chair,418,169,1,253502.13,9,39,chair,1
1121161_neurosketch,24,furniture,chair,418,170,1,253502.13,9,39,chair,0
1121161_neurosketch,24,2,bed,419,171,0,256502.6,9,5,bed,1
1121161_neurosketch,24,2,bed,419,172,0,256502.6,9,5,bed,0
1121161_neurosketch,24,furniture,table,420,173,0,259502.52,9,8,table,1
1121161_neurosketch,24,furniture,table,420,174,0,259502.52,9,8,table,0
1121161_neurosketch,24,furniture,table,420,175,0,259502.52,9,8,table,0
1121161_neurosketch,24,furniture,chair,421,176,1,264002.79,9,8,chair,1
1121161_neurosketch,24,furniture,chair,421,177,1,264002.79,9,8,chair,0
1121161_neurosketch,24,furniture,chair,421,178,1,264002.79,9,8,chair,0
1121161_neurosketch,24,furniture,chair,421,179,1,264002.79,9,8,chair,0
1121161_neurosketch,24,furniture,bed,422,180,0,270002.88,9,37,bed,1
1121161_neurosketch,24,furniture,bed,422,181,0,270002.88,9,37,bed,0
1121161_neurosketch,24,furniture,bed,422,182,0,270002.88,9,37,bed,0
1121161_neurosketch,24,furniture,bench,423,183,1,274502.92,9,30,bench,1
1121161_neurosketch,24,furniture,bench,423,184,1,274502.92,9,30,bench,0
1121161_neurosketch,24,furniture,bench,424,185,1,277502.98,9,23,bench,1
1121161_neurosketch,24,furniture,bench,424,186,1,277502.98,9,23,bench,0
1121161_neurosketch,24,furniture,bench,424,187,1,277502.98,9,23,bench,0
1121161_neurosketch,24,furniture,bed,425,188,0,282002.73,9,16,bed,1
1121161_neurosketch,24,furniture,bed,425,189,0,282002.73,9,16,bed,0
1121161_neurosketch,24,furniture,chair,426,190,1,285002.58,9,38,chair,1
1121161_neurosketch,24,furniture,chair,426,191,1,285002.58,9,38,chair,0
1121161_neurosketch,24,furniture,table,427,192,0,288002.96,9,10,table,1
1121161_neurosketch,24,furniture,table,427,193,0,288002.96,9,10,table,0
1121161_neurosketch,24,furniture,table,427,194,0,288002.96,9,10,table,0
1121161_neurosketch,24,furniture,chair,428,195,1,292502.8,9,26,chair,1
1121161_neurosketch,24,furniture,chair,428,196,1,292502.8,9,26,chair,0
1121161_neurosketch,24,furniture,chair,428,197,1,292502.8,9,26,chair,0
1121161_neurosketch,24,furniture,chair,428,198,1,292502.8,9,26,chair,0
1121161_neurosketch,24,2,bench,429,199,1,298502.85,9,20,bench,1
1121161_neurosketch,24,2,bench,429,200,1,298502.85,9,20,bench,0
1121161_neurosketch,24,2,bench,429,201,1,298502.85,9,20,bench,0
1121161_neurosketch,24,furniture,table,430,202,0,303002.31,9,21,table,1
1121161_neurosketch,24,furniture,table,430,203,0,303002.31,9,21,table,0
1121161_neurosketch,24,furniture,table,430,204,0,303002.31,9,21,table,0
1121161_neurosketch,24,furniture,table,430,205,0,303002.31,9,21,table,0
1121161_neurosketch,24,furniture,bed,431,206,0,309001.18,9,18,table,1
1121161_neurosketch,24,furniture,bed,431,207,0,309001.18,9,18,table,0
1121161_neurosketch,24,furniture,bed,431,208,0,309001.18,9,18,table,0
1121161_neurosketch,24,furniture,chair,432,209,1,313502.25,9,5,chair,1
1121161_neurosketch,24,furniture,chair,432,210,1,313502.25,9,5,chair,0
1121161_neurosketch,24,furniture,chair,432,211,1,313502.25,9,5,chair,0
1121161_neurosketch,24,furniture,chair,432,212,1,313502.25,9,5,chair,0
1121161_neurosketch,24,furniture,table,433,213,0,319502.49,9,16,table,1
1121161_neurosketch,24,furniture,table,433,214,0,319502.49,9,16,table,0
1121161_neurosketch,24,furniture,table,433,215,0,319502.49,9,16,table,0
1121161_neurosketch,24,furniture,table,433,216,0,319502.49,9,16,table,0
1121161_neurosketch,24,furniture,bed,434,217,0,325503.0,9,17,bed,1
1121161_neurosketch,24,furniture,bed,434,218,0,325503.0,9,17,bed,0
1121161_neurosketch,24,furniture,bed,434,219,0,325503.0,9,17,bed,0
1121161_neurosketch,24,furniture,bench,435,220,1,330003.17,9,27,bench,1
1121161_neurosketch,24,furniture,bench,435,221,1,330003.17,9,27,bench,0
1121161_neurosketch,24,furniture,chair,436,222,1,333002.89,9,11,,1
1121161_neurosketch,24,furniture,chair,436,223,1,333002.89,9,11,,0
1121161_neurosketch,24,furniture,bench,437,224,1,336003.09,9,31,bench,1
1121161_neurosketch,24,furniture,bench,437,225,1,336003.09,9,31,bench,0
1121161_neurosketch,24,furniture,bench,437,226,1,336003.09,9,31,bench,0
1121161_neurosketch,24,furniture,bed,438,227,0,340502.91,9,21,bed,1
1121161_neurosketch,24,furniture,bed,438,228,0,340502.91,9,21,bed,0
1121161_neurosketch,24,furniture,bed,438,229,0,340502.91,9,21,bed,0
1121161_neurosketch,24,2,table,439,230,0,345002.39,9,33,,1
1121161_neurosketch,24,2,table,439,231,0,345002.39,9,33,,0
1121161_neurosketch,24,2,table,439,232,0,345002.39,9,33,,0
1121161_neurosketch,24,2,table,439,233,0,345002.39,9,33,,0
1121161_neurosketch,24,2,table,439,234,0,345002.39,9,33,,0
1121161_neurosketch,24,2,table,439,235,0,345002.39,9,33,,0
1121161_neurosketch,24,2,table,439,236,0,345002.39,9,33,,0
1121161_neurosketch,24,2,table,439,237,0,345002.39,9,33,,0
1121161_neurosketch,24,2,table,439,238,0,345002.39,9,33,,0
1121161_neurosketch,24,2,table,439,239,0,345002.39,9,33,,0
1121161_neurosketch,24,furniture,chair,440,0,-1,0.0,10,29,chair,0
1121161_neurosketch,24,furniture,chair,440,1,-1,0.0,10,29,chair,0
1121161_neurosketch,24,furniture,chair,440,2,-1,0.0,10,29,chair,0
1121161_neurosketch,24,furniture,chair,440,3,-1,0.0,10,29,chair,0
1121161_neurosketch,24,furniture,chair,440,4,-1,0.0,10,29,chair,0
1121161_neurosketch,24,furniture,chair,440,5,-1,0.0,10,29,chair,0
1121161_neurosketch,24,furniture,chair,440,6,-1,0.0,10,29,chair,0
1121161_neurosketch,24,furniture,chair,440,7,-1,0.0,10,29,chair,0
1121161_neurosketch,24,furniture,chair,440,8,1,12001.46,10,29,chair,1
1121161_neurosketch,24,furniture,chair,440,9,1,12001.46,10,29,chair,0
1121161_neurosketch,24,furniture,table,441,10,0,15001.41,10,9,table,1
1121161_neurosketch,24,furniture,table,441,11,0,15001.41,10,9,table,0
1121161_neurosketch,24,furniture,bed,442,12,0,18001.41,10,24,bed,1
1121161_neurosketch,24,furniture,bed,442,13,0,18001.41,10,24,bed,0
1121161_neurosketch,24,furniture,bed,442,14,0,18001.41,10,24,bed,0
1121161_neurosketch,24,furniture,bench,443,15,1,22501.66,10,38,bench,1
1121161_neurosketch,24,furniture,bench,443,16,1,22501.66,10,38,bench,0
1121161_neurosketch,24,furniture,bed,444,17,0,25501.86,10,3,bed,1
1121161_neurosketch,24,furniture,bed,444,18,0,25501.86,10,3,bed,0
1121161_neurosketch,24,furniture,table,445,19,0,28502.22,10,2,table,1
1121161_neurosketch,24,furniture,table,445,20,0,28502.22,10,2,table,0
1121161_neurosketch,24,furniture,chair,446,21,1,31501.91,10,14,chair,1
1121161_neurosketch,24,furniture,chair,446,22,1,31501.91,10,14,chair,0
1121161_neurosketch,24,furniture,chair,446,23,1,31501.91,10,14,chair,0
1121161_neurosketch,24,furniture,bench,447,24,1,36001.61,10,15,bench,1
1121161_neurosketch,24,furniture,bench,447,25,1,36001.61,10,15,bench,0
1121161_neurosketch,24,furniture,bench,447,26,1,36001.61,10,15,bench,0
1121161_neurosketch,24,furniture,chair,448,27,1,40501.42,10,33,chair,1
1121161_neurosketch,24,furniture,chair,448,28,1,40501.42,10,33,chair,0
1121161_neurosketch,24,2,bench,449,29,1,43502.15,10,13,bench,1
1121161_neurosketch,24,2,bench,449,30,1,43502.15,10,13,bench,0
1121161_neurosketch,24,furniture,table,450,31,0,46501.35,10,7,table,1
1121161_neurosketch,24,furniture,table,450,32,0,46501.35,10,7,table,0
1121161_neurosketch,24,furniture,table,450,33,0,46501.35,10,7,table,0
1121161_neurosketch,24,furniture,bed,451,34,0,51002.56,10,33,,1
1121161_neurosketch,24,furniture,bed,451,35,0,51002.56,10,33,,0
1121161_neurosketch,24,furniture,bed,451,36,0,51002.56,10,33,,0
1121161_neurosketch,24,furniture,chair,452,37,1,55501.48,10,4,chair,1
1121161_neurosketch,24,furniture,chair,452,38,1,55501.48,10,4,chair,0
1121161_neurosketch,24,furniture,chair,452,39,1,55501.48,10,4,chair,0
1121161_neurosketch,24,furniture,chair,452,40,1,55501.48,10,4,chair,0
1121161_neurosketch,24,furniture,table,453,41,0,61502.07,10,5,table,1
1121161_neurosketch,24,furniture,table,453,42,0,61502.07,10,5,table,0
1121161_neurosketch,24,furniture,bed,454,43,0,64501.68,10,0,bed,1
1121161_neurosketch,24,furniture,bed,454,44,0,64501.68,10,0,bed,0
1121161_neurosketch,24,furniture,bed,454,45,0,64501.68,10,0,bed,0
1121161_neurosketch,24,furniture,bed,454,46,0,64501.68,10,0,bed,0
1121161_neurosketch,24,furniture,bench,455,47,1,70501.43,10,32,bench,1
1121161_neurosketch,24,furniture,bench,455,48,1,70501.43,10,32,bench,0
1121161_neurosketch,24,furniture,bench,455,49,1,70501.43,10,32,bench,0
1121161_neurosketch,24,furniture,bench,455,50,1,70501.43,10,32,bench,0
1121161_neurosketch,24,furniture,table,456,51,0,76502.31,10,14,table,1
1121161_neurosketch,24,furniture,table,456,52,0,76502.31,10,14,table,0
1121161_neurosketch,24,furniture,table,456,53,0,76502.31,10,14,table,0
1121161_neurosketch,24,furniture,bench,457,54,1,81001.55,10,0,bench,1
1121161_neurosketch,24,furniture,bench,457,55,1,81001.55,10,0,bench,0
1121161_neurosketch,24,furniture,bench,457,56,1,81001.55,10,0,bench,0
1121161_neurosketch,24,furniture,bed,458,57,0,85501.75,10,22,bed,1
1121161_neurosketch,24,furniture,bed,458,58,0,85501.75,10,22,bed,0
1121161_neurosketch,24,2,chair,459,59,1,88502.1,10,9,chair,1
1121161_neurosketch,24,2,chair,459,60,1,88502.1,10,9,chair,0
1121161_neurosketch,24,furniture,bed,460,61,0,91502.2,10,9,bed,1
1121161_neurosketch,24,furniture,bed,460,62,0,91502.2,10,9,bed,0
1121161_neurosketch,24,furniture,bed,460,63,0,91502.2,10,9,bed,0
1121161_neurosketch,24,furniture,table,461,64,0,96002.33,10,18,table,1
1121161_neurosketch,24,furniture,table,461,65,0,96002.33,10,18,table,0
1121161_neurosketch,24,furniture,table,461,66,0,96002.33,10,18,table,0
1121161_neurosketch,24,furniture,table,461,67,0,96002.33,10,18,table,0
1121161_neurosketch,24,furniture,bench,462,68,1,102002.17,10,9,bench,1
1121161_neurosketch,24,furniture,bench,462,69,1,102002.17,10,9,bench,0
1121161_neurosketch,24,furniture,bench,462,70,1,102002.17,10,9,bench,0
1121161_neurosketch,24,furniture,chair,463,71,1,106502.14,10,16,chair,1
1121161_neurosketch,24,furniture,chair,463,72,1,106502.14,10,16,chair,0
1121161_neurosketch,24,furniture,table,464,73,0,109502.42,10,4,table,1
1121161_neurosketch,24,furniture,table,464,74,0,109502.42,10,4,table,0
1121161_neurosketch,24,furniture,table,464,75,0,109502.42,10,4,table,0
1121161_neurosketch,24,furniture,chair,465,76,1,114003.12,10,17,chair,1
1121161_neurosketch,24,furniture,chair,465,77,1,114003.12,10,17,chair,0
1121161_neurosketch,24,furniture,bench,466,78,1,117002.83,10,6,bench,1
1121161_neurosketch,24,furniture,bench,466,79,1,117002.83,10,6,bench,0
1121161_neurosketch,24,furniture,bed,467,80,0,120001.65,10,13,bed,1
1121161_neurosketch,24,furniture,bed,467,81,0,120001.65,10,13,bed,0
1121161_neurosketch,24,furniture,bed,467,82,0,120001.65,10,13,bed,0
1121161_neurosketch,24,furniture,chair,468,83,1,124503.03,10,27,chair,1
1121161_neurosketch,24,furniture,chair,468,84,1,124503.03,10,27,chair,0
1121161_neurosketch,24,furniture,chair,468,85,1,124503.03,10,27,chair,0
1121161_neurosketch,24,furniture,chair,468,86,1,124503.03,10,27,chair,0
1121161_neurosketch,24,2,bed,469,87,0,130502.79,10,23,bed,1
1121161_neurosketch,24,2,bed,469,88,0,130502.79,10,23,bed,0
1121161_neurosketch,24,2,bed,469,89,0,130502.79,10,23,bed,0
1121161_neurosketch,24,furniture,table,470,90,0,135002.16,10,31,table,1
1121161_neurosketch,24,furniture,table,470,91,0,135002.16,10,31,table,0
1121161_neurosketch,24,furniture,table,470,92,0,135002.16,10,31,table,0
1121161_neurosketch,24,furniture,table,470,93,0,135002.16,10,31,table,0
1121161_neurosketch,24,furniture,bench,471,94,1,141002.07,10,37,bench,1
1121161_neurosketch,24,furniture,bench,471,95,1,141002.07,10,37,bench,0
1121161_neurosketch,24,furniture,bench,471,96,1,141002.07,10,37,bench,0
1121161_neurosketch,24,furniture,table,472,97,0,145502.36,10,1,table,1
1121161_neurosketch,24,furniture,table,472,98,0,145502.36,10,1,table,0
1121161_neurosketch,24,furniture,table,472,99,0,145502.36,10,1,table,0
1121161_neurosketch,24,furniture,table,472,100,0,145502.36,10,1,table,0
1121161_neurosketch,24,furniture,chair,473,101,1,151502.78,10,1,chair,1
1121161_neurosketch,24,furniture,chair,473,102,1,151502.78,10,1,chair,0
1121161_neurosketch,24,furniture,chair,473,103,1,151502.78,10,1,chair,0
1121161_neurosketch,24,furniture,chair,473,104,1,151502.78,10,1,chair,0
1121161_neurosketch,24,furniture,bed,474,105,0,157502.47,10,27,bed,1
1121161_neurosketch,24,furniture,bed,474,106,0,157502.47,10,27,bed,0
1121161_neurosketch,24,furniture,bed,474,107,0,157502.47,10,27,bed,0
1121161_neurosketch,24,furniture,bench,475,108,1,162002.82,10,22,bench,1
1121161_neurosketch,24,furniture,bench,475,109,1,162002.82,10,22,bench,0
1121161_neurosketch,24,furniture,table,476,110,0,165002.61,10,23,table,1
1121161_neurosketch,24,furniture,table,476,111,0,165002.61,10,23,table,0
1121161_neurosketch,24,furniture,chair,477,112,1,168002.55,10,12,chair,1
1121161_neurosketch,24,furniture,chair,477,113,1,168002.55,10,12,chair,0
1121161_neurosketch,24,furniture,chair,477,114,1,168002.55,10,12,chair,0
1121161_neurosketch,24,furniture,bench,478,115,1,172502.66,10,4,bench,1
1121161_neurosketch,24,furniture,bench,478,116,1,172502.66,10,4,bench,0
1121161_neurosketch,24,furniture,bench,478,117,1,172502.66,10,4,bench,0
1121161_neurosketch,24,2,bed,479,118,0,177002.32,10,35,bed,1
1121161_neurosketch,24,2,bed,479,119,0,177002.32,10,35,bed,0
1121161_neurosketch,24,furniture,table,480,120,0,180002.71,10,39,,1
1121161_neurosketch,24,furniture,table,480,121,0,180002.71,10,39,,0
1121161_neurosketch,24,furniture,chair,481,122,1,183002.26,10,18,chair,1
1121161_neurosketch,24,furniture,chair,481,123,1,183002.26,10,18,chair,0
1121161_neurosketch,24,furniture,bench,482,124,1,186002.92,10,14,bench,1
1121161_neurosketch,24,furniture,bench,482,125,1,186002.92,10,14,bench,0
1121161_neurosketch,24,furniture,bench,482,126,1,186002.92,10,14,bench,0
1121161_neurosketch,24,furniture,bed,483,127,0,190503.93,10,29,bed,1
1121161_neurosketch,24,furniture,bed,483,128,0,190503.93,10,29,bed,0
1121161_neurosketch,24,furniture,table,484,129,0,193502.86,10,12,bed,1
1121161_neurosketch,24,furniture,table,484,130,0,193502.86,10,12,bed,0
1121161_neurosketch,24,furniture,bed,485,131,0,196503.96,10,11,bed,1
1121161_neurosketch,24,furniture,bed,485,132,0,196503.96,10,11,bed,0
1121161_neurosketch,24,furniture,chair,486,133,1,199502.58,10,32,chair,1
1121161_neurosketch,24,furniture,chair,486,134,1,199502.58,10,32,chair,0
1121161_neurosketch,24,furniture,chair,486,135,1,199502.58,10,32,chair,0
1121161_neurosketch,24,furniture,bench,487,136,1,204002.51,10,1,bench,1
1121161_neurosketch,24,furniture,bench,487,137,1,204002.51,10,1,bench,0
1121161_neurosketch,24,furniture,bench,487,138,1,204002.51,10,1,bench,0
1121161_neurosketch,24,furniture,bed,488,139,0,208503.13,10,1,table,1
1121161_neurosketch,24,furniture,bed,488,140,0,208503.13,10,1,table,0
1121161_neurosketch,24,2,chair,489,141,1,211502.79,10,35,chair,1
1121161_neurosketch,24,2,chair,489,142,1,211502.79,10,35,chair,0
1121161_neurosketch,24,furniture,bench,490,143,1,214502.87,10,5,,1
1121161_neurosketch,24,furniture,bench,490,144,1,214502.87,10,5,,0
1121161_neurosketch,24,furniture,bench,490,145,1,214502.87,10,5,,0
1121161_neurosketch,24,furniture,table,491,146,0,219003.07,10,22,,1
1121161_neurosketch,24,furniture,table,491,147,0,219003.07,10,22,,0
1121161_neurosketch,24,furniture,table,491,148,0,219003.07,10,22,,0
1121161_neurosketch,24,furniture,bench,492,149,1,223502.63,10,2,,1
1121161_neurosketch,24,furniture,bench,492,150,1,223502.63,10,2,,0
1121161_neurosketch,24,furniture,bench,492,151,1,223502.63,10,2,,0
1121161_neurosketch,24,furniture,bench,492,152,1,223502.63,10,2,,0
1121161_neurosketch,24,furniture,chair,493,153,1,229502.96,10,23,chair,1
1121161_neurosketch,24,furniture,chair,493,154,1,229502.96,10,23,chair,0
1121161_neurosketch,24,furniture,table,494,155,0,232502.59,10,20,table,1
1121161_neurosketch,24,furniture,table,494,156,0,232502.59,10,20,table,0
1121161_neurosketch,24,furniture,table,494,157,0,232502.59,10,20,table,0
1121161_neurosketch,24,furniture,table,494,158,0,232502.59,10,20,table,0
1121161_neurosketch,24,furniture,bed,495,159,0,238502.75,10,34,table,1
1121161_neurosketch,24,furniture,bed,495,160,0,238502.75,10,34,table,0
1121161_neurosketch,24,furniture,bed,495,161,0,238502.75,10,34,table,0
1121161_neurosketch,24,furniture,bed,495,162,0,238502.75,10,34,table,0
1121161_neurosketch,24,furniture,chair,496,163,1,244502.85,10,30,chair,1
1121161_neurosketch,24,furniture,chair,496,164,1,244502.85,10,30,chair,0
1121161_neurosketch,24,furniture,chair,496,165,1,244502.85,10,30,chair,0
1121161_neurosketch,24,furniture,bed,497,166,0,249002.96,10,26,bed,1
1121161_neurosketch,24,furniture,bed,497,167,0,249002.96,10,26,bed,0
1121161_neurosketch,24,furniture,bed,497,168,0,249002.96,10,26,bed,0
1121161_neurosketch,24,furniture,bench,498,169,1,253503.04,10,11,chair,1
1121161_neurosketch,24,furniture,bench,498,170,1,253503.04,10,11,chair,0
1121161_neurosketch,24,2,table,499,171,0,256502.98,10,6,table,1
1121161_neurosketch,24,2,table,499,172,0,256502.98,10,6,table,0
1121161_neurosketch,24,furniture,chair,500,173,1,259502.23,10,15,chair,1
1121161_neurosketch,24,furniture,chair,500,174,1,259502.23,10,15,chair,0
1121161_neurosketch,24,furniture,chair,500,175,1,259502.23,10,15,chair,0
1121161_neurosketch,24,furniture,bed,501,176,0,264002.82,10,38,bed,1
1121161_neurosketch,24,furniture,bed,501,177,0,264002.82,10,38,bed,0
1121161_neurosketch,24,furniture,bed,501,178,0,264002.82,10,38,bed,0
1121161_neurosketch,24,furniture,bed,501,179,0,264002.82,10,38,bed,0
1121161_neurosketch,24,furniture,bench,502,180,1,270003.08,10,7,bench,1
1121161_neurosketch,24,furniture,bench,502,181,1,270003.08,10,7,bench,0
1121161_neurosketch,24,furniture,bench,502,182,1,270003.08,10,7,bench,0
1121161_neurosketch,24,furniture,table,503,183,0,274503.21,10,28,table,1
1121161_neurosketch,24,furniture,table,503,184,0,274503.21,10,28,table,0
1121161_neurosketch,24,furniture,chair,504,185,1,277502.89,10,21,chair,1
1121161_neurosketch,24,furniture,chair,504,186,1,277502.89,10,21,chair,0
1121161_neurosketch,24,furniture,chair,504,187,1,277502.89,10,21,chair,0
1121161_neurosketch,24,furniture,bench,505,188,1,282002.95,10,19,bench,1
1121161_neurosketch,24,furniture,bench,505,189,1,282002.95,10,19,bench,0
1121161_neurosketch,24,furniture,table,506,190,0,285003.07,10,27,table,1
1121161_neurosketch,24,furniture,table,506,191,0,285003.07,10,27,table,0
1121161_neurosketch,24,furniture,bed,507,192,0,288002.69,10,31,bed,1
1121161_neurosketch,24,furniture,bed,507,193,0,288002.69,10,31,bed,0
1121161_neurosketch,24,furniture,bed,507,194,0,288002.69,10,31,bed,0
1121161_neurosketch,24,furniture,bench,508,195,1,292502.82,10,25,bench,1
1121161_neurosketch,24,furniture,bench,508,196,1,292502.82,10,25,bench,0
1121161_neurosketch,24,furniture,bench,508,197,1,292502.82,10,25,bench,0
1121161_neurosketch,24,furniture,bench,508,198,1,292502.82,10,25,bench,0
1121161_neurosketch,24,2,bed,509,199,0,298501.34,10,19,bed,1
1121161_neurosketch,24,2,bed,509,200,0,298501.34,10,19,bed,0
1121161_neurosketch,24,2,bed,509,201,0,298501.34,10,19,bed,0
1121161_neurosketch,24,furniture,table,510,202,0,303002.79,10,26,table,1
1121161_neurosketch,24,furniture,table,510,203,0,303002.79,10,26,table,0
1121161_neurosketch,24,furniture,table,510,204,0,303002.79,10,26,table,0
1121161_neurosketch,24,furniture,table,510,205,0,303002.79,10,26,table,0
1121161_neurosketch,24,furniture,chair,511,206,1,309002.56,10,20,chair,1
1121161_neurosketch,24,furniture,chair,511,207,1,309002.56,10,20,chair,0
1121161_neurosketch,24,furniture,chair,511,208,1,309002.56,10,20,chair,0
1121161_neurosketch,24,furniture,table,512,209,0,313503.0,10,34,table,1
1121161_neurosketch,24,furniture,table,512,210,0,313503.0,10,34,table,0
1121161_neurosketch,24,furniture,table,512,211,0,313503.0,10,34,table,0
1121161_neurosketch,24,furniture,table,512,212,0,313503.0,10,34,table,0
1121161_neurosketch,24,furniture,bench,513,213,1,319502.85,10,26,bench,1
1121161_neurosketch,24,furniture,bench,513,214,1,319502.85,10,26,bench,0
1121161_neurosketch,24,furniture,bench,513,215,1,319502.85,10,26,bench,0
1121161_neurosketch,24,furniture,bench,513,216,1,319502.85,10,26,bench,0
1121161_neurosketch,24,furniture,bed,514,217,0,325502.58,10,15,bed,1
1121161_neurosketch,24,furniture,bed,514,218,0,325502.58,10,15,bed,0
1121161_neurosketch,24,furniture,bed,514,219,0,325502.58,10,15,bed,0
1121161_neurosketch,24,furniture,chair,515,220,1,330003.09,10,36,chair,1
1121161_neurosketch,24,furniture,chair,515,221,1,330003.09,10,36,chair,0
1121161_neurosketch,24,furniture,chair,516,222,1,333002.89,10,2,chair,1
1121161_neurosketch,24,furniture,chair,516,223,1,333002.89,10,2,chair,0
1121161_neurosketch,24,furniture,bench,517,224,1,336002.33,10,17,bench,1
1121161_neurosketch,24,furniture,bench,517,225,1,336002.33,10,17,bench,0
1121161_neurosketch,24,furniture,bench,517,226,1,336002.33,10,17,bench,0
1121161_neurosketch,24,furniture,table,518,227,0,340502.39,10,0,table,1
1121161_neurosketch,24,furniture,table,518,228,0,340502.39,10,0,table,0
1121161_neurosketch,24,furniture,table,518,229,0,340502.39,10,0,table,0
1121161_neurosketch,24,2,bed,519,230,0,345002.09,10,36,bed,1
1121161_neurosketch,24,2,bed,519,231,0,345002.09,10,36,bed,0
1121161_neurosketch,24,2,bed,519,232,0,345002.09,10,36,bed,0
1121161_neurosketch,24,2,bed,519,233,0,345002.09,10,36,bed,0
1121161_neurosketch,24,2,bed,519,234,0,345002.09,10,36,bed,0
1121161_neurosketch,24,2,bed,519,235,0,345002.09,10,36,bed,0
1121161_neurosketch,24,2,bed,519,236,0,345002.09,10,36,bed,0
1121161_neurosketch,24,2,bed,519,237,0,345002.09,10,36,bed,0
1121161_neurosketch,24,2,bed,519,238,0,345002.09,10,36,bed,0
1121161_neurosketch,24,2,bed,519,239,0,345002.09,10,36,bed,0
