wID,versionNum,category,object,trial,TRnum,condition,onset_time,run_num,viewpoint,response,onset
1130161_neurosketch,27,furniture,chair,0,0,-1,0.0,1,14,,0
1130161_neurosketch,27,furniture,chair,0,1,-1,0.0,1,14,,0
1130161_neurosketch,27,furniture,chair,0,2,-1,0.0,1,14,,0
1130161_neurosketch,27,furniture,chair,0,3,-1,0.0,1,14,,0
1130161_neurosketch,27,furniture,chair,0,4,-1,0.0,1,14,,0
1130161_neurosketch,27,furniture,chair,0,5,-1,0.0,1,14,,0
1130161_neurosketch,27,furniture,chair,0,6,-1,0.0,1,14,,0
1130161_neurosketch,27,furniture,chair,0,7,-1,0.0,1,14,,0
1130161_neurosketch,27,furniture,chair,0,8,0,12004.1,1,14,,1
1130161_neurosketch,27,furniture,chair,0,9,0,12004.1,1,14,,0
1130161_neurosketch,27,furniture,chair,0,10,0,12004.1,1,14,,0
1130161_neurosketch,27,furniture,chair,0,11,0,12004.1,1,14,,0
1130161_neurosketch,27,furniture,chair,0,12,0,12004.1,1,14,,0
1130161_neurosketch,27,furniture,table,1,13,1,19503.17,1,25,table,1
1130161_neurosketch,27,furniture,table,1,14,1,19503.17,1,25,table,0
1130161_neurosketch,27,furniture,table,1,15,1,19503.17,1,25,table,0
1130161_neurosketch,27,furniture,bed,2,16,1,24002.03,1,27,bed,1
1130161_neurosketch,27,furniture,bed,2,17,1,24002.03,1,27,bed,0
1130161_neurosketch,27,furniture,bench,3,18,0,27001.4,1,28,bench,1
1130161_neurosketch,27,furniture,bench,3,19,0,27001.4,1,28,bench,0
1130161_neurosketch,27,furniture,bench,3,20,0,27001.4,1,28,bench,0
1130161_neurosketch,27,furniture,bed,4,21,1,31503.96,1,35,bed,1
1130161_neurosketch,27,furniture,bed,4,22,1,31503.96,1,35,bed,0
1130161_neurosketch,27,furniture,bed,4,23,1,31503.96,1,35,bed,0
1130161_neurosketch,27,furniture,bench,5,24,0,36001.63,1,29,bench,1
1130161_neurosketch,27,furniture,bench,5,25,0,36001.63,1,29,bench,0
1130161_neurosketch,27,furniture,bench,5,26,0,36001.63,1,29,bench,0
1130161_neurosketch,27,furniture,chair,6,27,0,40501.98,1,36,chair,1
1130161_neurosketch,27,furniture,chair,6,28,0,40501.98,1,36,chair,0
1130161_neurosketch,27,furniture,chair,6,29,0,40501.98,1,36,chair,0
1130161_neurosketch,27,furniture,chair,6,30,0,40501.98,1,36,chair,0
1130161_neurosketch,27,furniture,table,7,31,1,46501.74,1,7,table,1
1130161_neurosketch,27,furniture,table,7,32,1,46501.74,1,7,table,0
1130161_neurosketch,27,furniture,table,7,33,1,46501.74,1,7,table,0
1130161_neurosketch,27,furniture,chair,8,34,0,51002.45,1,37,chair,1
1130161_neurosketch,27,furniture,chair,8,35,0,51002.45,1,37,chair,0
1130161_neurosketch,27,2,bench,9,36,0,54001.61,1,36,,1
1130161_neurosketch,27,2,bench,9,37,0,54001.61,1,36,,0
1130161_neurosketch,27,furniture,table,10,38,1,57001.78,1,21,table,1
1130161_neurosketch,27,furniture,table,10,39,1,57001.78,1,21,table,0
1130161_neurosketch,27,furniture,bed,11,40,1,60002.12,1,29,bed,1
1130161_neurosketch,27,furniture,bed,11,41,1,60002.12,1,29,bed,0
1130161_neurosketch,27,furniture,bench,12,42,0,63002.22,1,35,bench,1
1130161_neurosketch,27,furniture,bench,12,43,0,63002.22,1,35,bench,0
1130161_neurosketch,27,furniture,chair,13,44,0,66001.8,1,1,chair,1
1130161_neurosketch,27,furniture,chair,13,45,0,66001.8,1,1,chair,0
1130161_neurosketch,27,furniture,chair,13,46,0,66001.8,1,1,chair,0
1130161_neurosketch,27,furniture,table,14,47,1,70502.73,1,11,table,1
1130161_neurosketch,27,furniture,table,14,48,1,70502.73,1,11,table,0
1130161_neurosketch,27,furniture,bed,15,49,1,73502.19,1,2,bed,1
1130161_neurosketch,27,furniture,bed,15,50,1,73502.19,1,2,bed,0
1130161_neurosketch,27,furniture,bench,16,51,0,76502.8,1,15,bench,1
1130161_neurosketch,27,furniture,bench,16,52,0,76502.8,1,15,bench,0
1130161_neurosketch,27,furniture,bench,16,53,0,76502.8,1,15,bench,0
1130161_neurosketch,27,furniture,bed,17,54,1,81002.38,1,39,bed,1
1130161_neurosketch,27,furniture,bed,17,55,1,81002.38,1,39,bed,0
1130161_neurosketch,27,furniture,bed,17,56,1,81002.38,1,39,bed,0
1130161_neurosketch,27,furniture,table,18,57,1,85503.01,1,36,table,1
1130161_neurosketch,27,furniture,table,18,58,1,85503.01,1,36,table,0
1130161_neurosketch,27,2,chair,19,59,0,88502.66,1,23,chair,1
1130161_neurosketch,27,2,chair,19,60,0,88502.66,1,23,chair,0
1130161_neurosketch,27,2,chair,19,61,0,88502.66,1,23,chair,0
1130161_neurosketch,27,2,chair,19,62,0,88502.66,1,23,chair,0
1130161_neurosketch,27,furniture,chair,20,63,0,94502.0,1,35,chair,1
1130161_neurosketch,27,furniture,chair,20,64,0,94502.0,1,35,chair,0
1130161_neurosketch,27,furniture,chair,20,65,0,94502.0,1,35,chair,0
1130161_neurosketch,27,furniture,table,21,66,1,99002.2,1,35,table,1
1130161_neurosketch,27,furniture,table,21,67,1,99002.2,1,35,table,0
1130161_neurosketch,27,furniture,table,21,68,1,99002.2,1,35,table,0
1130161_neurosketch,27,furniture,bench,22,69,0,103502.28,1,19,bench,1
1130161_neurosketch,27,furniture,bench,22,70,0,103502.28,1,19,bench,0
1130161_neurosketch,27,furniture,bench,22,71,0,103502.28,1,19,bench,0
1130161_neurosketch,27,furniture,bed,23,72,1,108003.4,1,34,bed,1
1130161_neurosketch,27,furniture,bed,23,73,1,108003.4,1,34,bed,0
1130161_neurosketch,27,furniture,bed,23,74,1,108003.4,1,34,bed,0
1130161_neurosketch,27,furniture,bed,23,75,1,108003.4,1,34,bed,0
1130161_neurosketch,27,furniture,table,24,76,1,114002.0,1,8,table,1
1130161_neurosketch,27,furniture,table,24,77,1,114002.0,1,8,table,0
1130161_neurosketch,27,furniture,table,24,78,1,114002.0,1,8,table,0
1130161_neurosketch,27,furniture,table,24,79,1,114002.0,1,8,table,0
1130161_neurosketch,27,furniture,bed,25,80,1,120002.6,1,13,bed,1
1130161_neurosketch,27,furniture,bed,25,81,1,120002.6,1,13,bed,0
1130161_neurosketch,27,furniture,chair,26,82,0,123003.0,1,8,chair,1
1130161_neurosketch,27,furniture,chair,26,83,0,123003.0,1,8,chair,0
1130161_neurosketch,27,furniture,chair,26,84,0,123003.0,1,8,chair,0
1130161_neurosketch,27,furniture,chair,26,85,0,123003.0,1,8,chair,0
1130161_neurosketch,27,furniture,bench,27,86,0,129003.1,1,18,bench,1
1130161_neurosketch,27,furniture,bench,27,87,0,129003.1,1,18,bench,0
1130161_neurosketch,27,furniture,table,28,88,1,132002.93,1,5,table,1
1130161_neurosketch,27,furniture,table,28,89,1,132002.93,1,5,table,0
1130161_neurosketch,27,furniture,table,28,90,1,132002.93,1,5,table,0
1130161_neurosketch,27,2,chair,29,91,0,136503.1,1,3,chair,1
1130161_neurosketch,27,2,chair,29,92,0,136503.1,1,3,chair,0
1130161_neurosketch,27,furniture,bench,30,93,0,139502.55,1,13,bench,1
1130161_neurosketch,27,furniture,bench,30,94,0,139502.55,1,13,bench,0
1130161_neurosketch,27,furniture,bench,30,95,0,139502.55,1,13,bench,0
1130161_neurosketch,27,furniture,bed,31,96,1,144002.55,1,17,bed,1
1130161_neurosketch,27,furniture,bed,31,97,1,144002.55,1,17,bed,0
1130161_neurosketch,27,furniture,bed,31,98,1,144002.55,1,17,bed,0
1130161_neurosketch,27,furniture,bed,31,99,1,144002.55,1,17,bed,0
1130161_neurosketch,27,furniture,chair,32,100,0,150003.11,1,29,chair,1
1130161_neurosketch,27,furniture,chair,32,101,0,150003.11,1,29,chair,0
1130161_neurosketch,27,furniture,chair,32,102,0,150003.11,1,29,chair,0
1130161_neurosketch,27,furniture,bench,33,103,0,154502.57,1,38,bench,1
1130161_neurosketch,27,furniture,bench,33,104,0,154502.57,1,38,bench,0
1130161_neurosketch,27,furniture,bench,33,105,0,154502.57,1,38,bench,0
1130161_neurosketch,27,furniture,bench,33,106,0,154502.57,1,38,bench,0
1130161_neurosketch,27,furniture,table,34,107,1,160502.67,1,18,table,1
1130161_neurosketch,27,furniture,table,34,108,1,160502.67,1,18,table,0
1130161_neurosketch,27,furniture,bed,35,109,1,163502.66,1,15,bed,1
1130161_neurosketch,27,furniture,bed,35,110,1,163502.66,1,15,bed,0
1130161_neurosketch,27,furniture,chair,36,111,0,166503.0,1,19,chair,1
1130161_neurosketch,27,furniture,chair,36,112,0,166503.0,1,19,chair,0
1130161_neurosketch,27,furniture,table,37,113,1,169503.06,1,19,table,1
1130161_neurosketch,27,furniture,table,37,114,1,169503.06,1,19,table,0
1130161_neurosketch,27,furniture,table,37,115,1,169503.06,1,19,table,0
1130161_neurosketch,27,furniture,bed,38,116,1,174002.4,1,31,table,1
1130161_neurosketch,27,furniture,bed,38,117,1,174002.4,1,31,table,0
1130161_neurosketch,27,furniture,bed,38,118,1,174002.4,1,31,table,0
1130161_neurosketch,27,furniture,bed,38,119,1,174002.4,1,31,table,0
1130161_neurosketch,27,2,bench,39,120,0,180003.73,1,24,bench,1
1130161_neurosketch,27,2,bench,39,121,0,180003.73,1,24,bench,0
1130161_neurosketch,27,furniture,bench,40,122,0,183002.69,1,16,bench,1
1130161_neurosketch,27,furniture,bench,40,123,0,183002.69,1,16,bench,0
1130161_neurosketch,27,furniture,bench,40,124,0,183002.69,1,16,bench,0
1130161_neurosketch,27,furniture,chair,41,125,0,187502.35,1,24,,1
1130161_neurosketch,27,furniture,chair,41,126,0,187502.35,1,24,,0
1130161_neurosketch,27,furniture,chair,41,127,0,187502.35,1,24,,0
1130161_neurosketch,27,furniture,table,42,128,1,192003.6,1,26,table,1
1130161_neurosketch,27,furniture,table,42,129,1,192003.6,1,26,table,0
1130161_neurosketch,27,furniture,bed,43,130,1,195003.46,1,5,table,1
1130161_neurosketch,27,furniture,bed,43,131,1,195003.46,1,5,table,0
1130161_neurosketch,27,furniture,bed,43,132,1,195003.46,1,5,table,0
1130161_neurosketch,27,furniture,table,44,133,1,199503.43,1,13,table,1
1130161_neurosketch,27,furniture,table,44,134,1,199503.43,1,13,table,0
1130161_neurosketch,27,furniture,table,44,135,1,199503.43,1,13,table,0
1130161_neurosketch,27,furniture,bed,45,136,1,204002.94,1,1,bed,1
1130161_neurosketch,27,furniture,bed,45,137,1,204002.94,1,1,bed,0
1130161_neurosketch,27,furniture,bed,45,138,1,204002.94,1,1,bed,0
1130161_neurosketch,27,furniture,bench,46,139,0,208502.62,1,5,bench,1
1130161_neurosketch,27,furniture,bench,46,140,0,208502.62,1,5,bench,0
1130161_neurosketch,27,furniture,bench,46,141,0,208502.62,1,5,bench,0
1130161_neurosketch,27,furniture,bench,46,142,0,208502.62,1,5,bench,0
1130161_neurosketch,27,furniture,chair,47,143,0,214503.81,1,20,chair,1
1130161_neurosketch,27,furniture,chair,47,144,0,214503.81,1,20,chair,0
1130161_neurosketch,27,furniture,chair,47,145,0,214503.81,1,20,chair,0
1130161_neurosketch,27,furniture,chair,48,146,0,219002.82,1,33,chair,1
1130161_neurosketch,27,furniture,chair,48,147,0,219002.82,1,33,chair,0
1130161_neurosketch,27,2,bed,49,148,1,222002.73,1,12,bed,1
1130161_neurosketch,27,2,bed,49,149,1,222002.73,1,12,bed,0
1130161_neurosketch,27,furniture,bench,50,150,0,225003.54,1,0,bench,1
1130161_neurosketch,27,furniture,bench,50,151,0,225003.54,1,0,bench,0
1130161_neurosketch,27,furniture,table,51,152,1,228002.73,1,39,table,1
1130161_neurosketch,27,furniture,table,51,153,1,228002.73,1,39,table,0
1130161_neurosketch,27,furniture,bed,52,154,1,231002.27,1,30,bed,1
1130161_neurosketch,27,furniture,bed,52,155,1,231002.27,1,30,bed,0
1130161_neurosketch,27,furniture,table,53,156,1,234003.27,1,31,table,1
1130161_neurosketch,27,furniture,table,53,157,1,234003.27,1,31,table,0
1130161_neurosketch,27,furniture,table,53,158,1,234003.27,1,31,table,0
1130161_neurosketch,27,furniture,chair,54,159,0,238502.84,1,38,chair,1
1130161_neurosketch,27,furniture,chair,54,160,0,238502.84,1,38,chair,0
1130161_neurosketch,27,furniture,bench,55,161,0,241503.06,1,3,bench,1
1130161_neurosketch,27,furniture,bench,55,162,0,241503.06,1,3,bench,0
1130161_neurosketch,27,furniture,table,56,163,1,244502.39,1,32,table,1
1130161_neurosketch,27,furniture,table,56,164,1,244502.39,1,32,table,0
1130161_neurosketch,27,furniture,table,56,165,1,244502.39,1,32,table,0
1130161_neurosketch,27,furniture,bench,57,166,0,249002.4,1,23,bench,1
1130161_neurosketch,27,furniture,bench,57,167,0,249002.4,1,23,bench,0
1130161_neurosketch,27,furniture,bench,57,168,0,249002.4,1,23,bench,0
1130161_neurosketch,27,furniture,bed,58,169,1,253502.3,1,11,bed,1
1130161_neurosketch,27,furniture,bed,58,170,1,253502.3,1,11,bed,0
1130161_neurosketch,27,2,chair,59,171,0,256502.31,1,2,chair,1
1130161_neurosketch,27,2,chair,59,172,0,256502.31,1,2,chair,0
1130161_neurosketch,27,2,chair,59,173,0,256502.31,1,2,chair,0
1130161_neurosketch,27,2,chair,59,174,0,256502.31,1,2,chair,0
1130161_neurosketch,27,furniture,bed,60,175,1,262502.71,1,26,bed,1
1130161_neurosketch,27,furniture,bed,60,176,1,262502.71,1,26,bed,0
1130161_neurosketch,27,furniture,bed,60,177,1,262502.71,1,26,bed,0
1130161_neurosketch,27,furniture,table,61,178,1,267002.68,1,4,table,1
1130161_neurosketch,27,furniture,table,61,179,1,267002.68,1,4,table,0
1130161_neurosketch,27,furniture,table,61,180,1,267002.68,1,4,table,0
1130161_neurosketch,27,furniture,bench,62,181,0,271502.83,1,9,bench,1
1130161_neurosketch,27,furniture,bench,62,182,0,271502.83,1,9,bench,0
1130161_neurosketch,27,furniture,bench,62,183,0,271502.83,1,9,bench,0
1130161_neurosketch,27,furniture,chair,63,184,0,276003.43,1,11,chair,1
1130161_neurosketch,27,furniture,chair,63,185,0,276003.43,1,11,chair,0
1130161_neurosketch,27,furniture,chair,63,186,0,276003.43,1,11,chair,0
1130161_neurosketch,27,furniture,chair,63,187,0,276003.43,1,11,chair,0
1130161_neurosketch,27,furniture,bench,64,188,0,282003.16,1,8,bench,1
1130161_neurosketch,27,furniture,bench,64,189,0,282003.16,1,8,bench,0
1130161_neurosketch,27,furniture,bench,64,190,0,282003.16,1,8,bench,0
1130161_neurosketch,27,furniture,bench,64,191,0,282003.16,1,8,bench,0
1130161_neurosketch,27,furniture,chair,65,192,0,288003.55,1,39,chair,1
1130161_neurosketch,27,furniture,chair,65,193,0,288003.55,1,39,chair,0
1130161_neurosketch,27,furniture,table,66,194,1,291003.58,1,23,,1
1130161_neurosketch,27,furniture,table,66,195,1,291003.58,1,23,,0
1130161_neurosketch,27,furniture,table,66,196,1,291003.58,1,23,,0
1130161_neurosketch,27,furniture,table,66,197,1,291003.58,1,23,,0
1130161_neurosketch,27,furniture,bed,67,198,1,297002.97,1,18,bed,1
1130161_neurosketch,27,furniture,bed,67,199,1,297002.97,1,18,bed,0
1130161_neurosketch,27,furniture,bench,68,200,0,300003.33,1,2,bench,1
1130161_neurosketch,27,furniture,bench,68,201,0,300003.33,1,2,bench,0
1130161_neurosketch,27,furniture,bench,68,202,0,300003.33,1,2,bench,0
1130161_neurosketch,27,2,table,69,203,1,304503.73,1,22,table,1
1130161_neurosketch,27,2,table,69,204,1,304503.73,1,22,table,0
1130161_neurosketch,27,furniture,bed,70,205,1,307503.12,1,36,bed,1
1130161_neurosketch,27,furniture,bed,70,206,1,307503.12,1,36,bed,0
1130161_neurosketch,27,furniture,bed,70,207,1,307503.12,1,36,bed,0
1130161_neurosketch,27,furniture,chair,71,208,0,312003.25,1,22,chair,1
1130161_neurosketch,27,furniture,chair,71,209,0,312003.25,1,22,chair,0
1130161_neurosketch,27,furniture,chair,71,210,0,312003.25,1,22,chair,0
1130161_neurosketch,27,furniture,chair,71,211,0,312003.25,1,22,chair,0
1130161_neurosketch,27,furniture,chair,72,212,0,318002.15,1,31,chair,1
1130161_neurosketch,27,furniture,chair,72,213,0,318002.15,1,31,chair,0
1130161_neurosketch,27,furniture,chair,72,214,0,318002.15,1,31,chair,0
1130161_neurosketch,27,furniture,bed,73,215,1,322502.3,1,6,bed,1
1130161_neurosketch,27,furniture,bed,73,216,1,322502.3,1,6,bed,0
1130161_neurosketch,27,furniture,bed,73,217,1,322502.3,1,6,bed,0
1130161_neurosketch,27,furniture,bed,73,218,1,322502.3,1,6,bed,0
1130161_neurosketch,27,furniture,table,74,219,1,328502.39,1,17,table,1
1130161_neurosketch,27,furniture,table,74,220,1,328502.39,1,17,table,0
1130161_neurosketch,27,furniture,bench,75,221,0,331502.56,1,14,bench,1
1130161_neurosketch,27,furniture,bench,75,222,0,331502.56,1,14,bench,0
1130161_neurosketch,27,furniture,chair,76,223,0,334501.94,1,18,,1
1130161_neurosketch,27,furniture,chair,76,224,0,334501.94,1,18,,0
1130161_neurosketch,27,furniture,bed,77,225,1,337501.6,1,3,,1
1130161_neurosketch,27,furniture,bed,77,226,1,337501.6,1,3,,0
1130161_neurosketch,27,furniture,bed,77,227,1,337501.6,1,3,,0
1130161_neurosketch,27,furniture,table,78,228,1,342003.83,1,16,table,1
1130161_neurosketch,27,furniture,table,78,229,1,342003.83,1,16,table,0
1130161_neurosketch,27,furniture,table,78,230,1,342003.83,1,16,table,0
1130161_neurosketch,27,furniture,table,78,231,1,342003.83,1,16,table,0
1130161_neurosketch,27,2,bench,79,232,0,348003.32,1,20,bench,1
1130161_neurosketch,27,2,bench,79,233,0,348003.32,1,20,bench,0
1130161_neurosketch,27,2,bench,79,234,0,348003.32,1,20,bench,0
1130161_neurosketch,27,2,bench,79,235,0,348003.32,1,20,bench,0
1130161_neurosketch,27,2,bench,79,236,0,348003.32,1,20,bench,0
1130161_neurosketch,27,2,bench,79,237,0,348003.32,1,20,bench,0
1130161_neurosketch,27,2,bench,79,238,0,348003.32,1,20,bench,0
1130161_neurosketch,27,2,bench,79,239,0,348003.32,1,20,bench,0
1130161_neurosketch,27,furniture,bed,80,0,-1,0.0,2,28,,0
1130161_neurosketch,27,furniture,bed,80,1,-1,0.0,2,28,,0
1130161_neurosketch,27,furniture,bed,80,2,-1,0.0,2,28,,0
1130161_neurosketch,27,furniture,bed,80,3,-1,0.0,2,28,,0
1130161_neurosketch,27,furniture,bed,80,4,-1,0.0,2,28,,0
1130161_neurosketch,27,furniture,bed,80,5,-1,0.0,2,28,,0
1130161_neurosketch,27,furniture,bed,80,6,-1,0.0,2,28,,0
1130161_neurosketch,27,furniture,bed,80,7,-1,0.0,2,28,,0
1130161_neurosketch,27,furniture,bed,80,8,1,12001.31,2,28,,1
1130161_neurosketch,27,furniture,bed,80,9,1,12001.31,2,28,,0
1130161_neurosketch,27,furniture,bed,80,10,1,12001.31,2,28,,0
1130161_neurosketch,27,furniture,table,81,11,1,16502.68,2,3,table,1
1130161_neurosketch,27,furniture,table,81,12,1,16502.68,2,3,table,0
1130161_neurosketch,27,furniture,table,81,13,1,16502.68,2,3,table,0
1130161_neurosketch,27,furniture,bench,82,14,0,21002.35,2,10,bench,1
1130161_neurosketch,27,furniture,bench,82,15,0,21002.35,2,10,bench,0
1130161_neurosketch,27,furniture,chair,83,16,0,24002.19,2,0,chair,1
1130161_neurosketch,27,furniture,chair,83,17,0,24002.19,2,0,chair,0
1130161_neurosketch,27,furniture,chair,83,18,0,24002.19,2,0,chair,0
1130161_neurosketch,27,furniture,bed,84,19,1,28501.56,2,4,bed,1
1130161_neurosketch,27,furniture,bed,84,20,1,28501.56,2,4,bed,0
1130161_neurosketch,27,furniture,bed,84,21,1,28501.56,2,4,bed,0
1130161_neurosketch,27,furniture,table,85,22,1,33002.46,2,15,table,1
1130161_neurosketch,27,furniture,table,85,23,1,33002.46,2,15,table,0
1130161_neurosketch,27,furniture,table,85,24,1,33002.46,2,15,table,0
1130161_neurosketch,27,furniture,bench,86,25,0,37502.59,2,32,bench,1
1130161_neurosketch,27,furniture,bench,86,26,0,37502.59,2,32,bench,0
1130161_neurosketch,27,furniture,bench,86,27,0,37502.59,2,32,bench,0
1130161_neurosketch,27,furniture,bench,86,28,0,37502.59,2,32,bench,0
1130161_neurosketch,27,furniture,chair,87,29,0,43502.51,2,26,chair,1
1130161_neurosketch,27,furniture,chair,87,30,0,43502.51,2,26,chair,0
1130161_neurosketch,27,furniture,chair,87,31,0,43502.51,2,26,chair,0
1130161_neurosketch,27,furniture,chair,88,32,0,48002.54,2,34,chair,1
1130161_neurosketch,27,furniture,chair,88,33,0,48002.54,2,34,chair,0
1130161_neurosketch,27,2,bed,89,34,1,51002.15,2,20,bed,1
1130161_neurosketch,27,2,bed,89,35,1,51002.15,2,20,bed,0
1130161_neurosketch,27,furniture,bench,90,36,0,54002.11,2,11,bench,1
1130161_neurosketch,27,furniture,bench,90,37,0,54002.11,2,11,bench,0
1130161_neurosketch,27,furniture,table,91,38,1,57002.49,2,10,table,1
1130161_neurosketch,27,furniture,table,91,39,1,57002.49,2,10,table,0
1130161_neurosketch,27,furniture,chair,92,40,0,60002.3,2,25,chair,1
1130161_neurosketch,27,furniture,chair,92,41,0,60002.3,2,25,chair,0
1130161_neurosketch,27,furniture,bench,93,42,0,63001.96,2,1,bench,1
1130161_neurosketch,27,furniture,bench,93,43,0,63001.96,2,1,bench,0
1130161_neurosketch,27,furniture,bench,93,44,0,63001.96,2,1,bench,0
1130161_neurosketch,27,furniture,table,94,45,1,67501.96,2,33,table,1
1130161_neurosketch,27,furniture,table,94,46,1,67501.96,2,33,table,0
1130161_neurosketch,27,furniture,bed,95,47,1,70502.57,2,23,bed,1
1130161_neurosketch,27,furniture,bed,95,48,1,70502.57,2,23,bed,0
1130161_neurosketch,27,furniture,bed,96,49,1,73502.34,2,14,bed,1
1130161_neurosketch,27,furniture,bed,96,50,1,73502.34,2,14,bed,0
1130161_neurosketch,27,furniture,bed,96,51,1,73502.34,2,14,bed,0
1130161_neurosketch,27,furniture,table,97,52,1,78001.77,2,12,table,1
1130161_neurosketch,27,furniture,table,97,53,1,78001.77,2,12,table,0
1130161_neurosketch,27,furniture,table,97,54,1,78001.77,2,12,table,0
1130161_neurosketch,27,furniture,chair,98,55,0,82502.41,2,6,chair,1
1130161_neurosketch,27,furniture,chair,98,56,0,82502.41,2,6,chair,0
1130161_neurosketch,27,2,bench,99,57,0,85502.05,2,12,bench,1
1130161_neurosketch,27,2,bench,99,58,0,85502.05,2,12,bench,0
1130161_neurosketch,27,2,bench,99,59,0,85502.05,2,12,bench,0
1130161_neurosketch,27,2,bench,99,60,0,85502.05,2,12,bench,0
1130161_neurosketch,27,furniture,bench,100,61,0,91502.2,2,27,bench,1
1130161_neurosketch,27,furniture,bench,100,62,0,91502.2,2,27,bench,0
1130161_neurosketch,27,furniture,bench,100,63,0,91502.2,2,27,bench,0
1130161_neurosketch,27,furniture,table,101,64,1,96004.08,2,38,table,1
1130161_neurosketch,27,furniture,table,101,65,1,96004.08,2,38,table,0
1130161_neurosketch,27,furniture,table,101,66,1,96004.08,2,38,table,0
1130161_neurosketch,27,furniture,bed,102,67,1,100502.9,2,25,bed,1
1130161_neurosketch,27,furniture,bed,102,68,1,100502.9,2,25,bed,0
1130161_neurosketch,27,furniture,bed,102,69,1,100502.9,2,25,bed,0
1130161_neurosketch,27,furniture,chair,103,70,0,105002.48,2,17,chair,1
1130161_neurosketch,27,furniture,chair,103,71,0,105002.48,2,17,chair,0
1130161_neurosketch,27,furniture,chair,103,72,0,105002.48,2,17,chair,0
1130161_neurosketch,27,furniture,chair,103,73,0,105002.48,2,17,chair,0
1130161_neurosketch,27,furniture,bed,104,74,1,111002.32,2,32,bed,1
1130161_neurosketch,27,furniture,bed,104,75,1,111002.32,2,32,bed,0
1130161_neurosketch,27,furniture,bed,104,76,1,111002.32,2,32,bed,0
1130161_neurosketch,27,furniture,bed,104,77,1,111002.32,2,32,bed,0
1130161_neurosketch,27,furniture,bench,105,78,0,117002.47,2,37,bench,1
1130161_neurosketch,27,furniture,bench,105,79,0,117002.47,2,37,bench,0
1130161_neurosketch,27,furniture,chair,106,80,0,120004.57,2,4,chair,1
1130161_neurosketch,27,furniture,chair,106,81,0,120004.57,2,4,chair,0
1130161_neurosketch,27,furniture,chair,106,82,0,120004.57,2,4,chair,0
1130161_neurosketch,27,furniture,chair,106,83,0,120004.57,2,4,chair,0
1130161_neurosketch,27,furniture,table,107,84,1,126003.68,2,6,bed,1
1130161_neurosketch,27,furniture,table,107,85,1,126003.68,2,6,bed,0
1130161_neurosketch,27,furniture,bed,108,86,1,129002.43,2,37,bed,1
1130161_neurosketch,27,furniture,bed,108,87,1,129002.43,2,37,bed,0
1130161_neurosketch,27,furniture,bed,108,88,1,129002.43,2,37,bed,0
1130161_neurosketch,27,2,chair,109,89,0,133502.93,2,12,chair,1
1130161_neurosketch,27,2,chair,109,90,0,133502.93,2,12,chair,0
1130161_neurosketch,27,furniture,table,110,91,1,136502.31,2,2,table,1
1130161_neurosketch,27,furniture,table,110,92,1,136502.31,2,2,table,0
1130161_neurosketch,27,furniture,table,110,93,1,136502.31,2,2,table,0
1130161_neurosketch,27,furniture,bench,111,94,0,141002.4,2,34,bench,1
1130161_neurosketch,27,furniture,bench,111,95,0,141002.4,2,34,bench,0
1130161_neurosketch,27,furniture,bench,111,96,0,141002.4,2,34,bench,0
1130161_neurosketch,27,furniture,bench,111,97,0,141002.4,2,34,bench,0
1130161_neurosketch,27,furniture,bed,112,98,1,147002.97,2,22,bed,1
1130161_neurosketch,27,furniture,bed,112,99,1,147002.97,2,22,bed,0
1130161_neurosketch,27,furniture,bed,112,100,1,147002.97,2,22,bed,0
1130161_neurosketch,27,furniture,chair,113,101,0,151502.48,2,21,chair,1
1130161_neurosketch,27,furniture,chair,113,102,0,151502.48,2,21,chair,0
1130161_neurosketch,27,furniture,chair,113,103,0,151502.48,2,21,chair,0
1130161_neurosketch,27,furniture,chair,113,104,0,151502.48,2,21,chair,0
1130161_neurosketch,27,furniture,bench,114,105,0,157502.36,2,17,bench,1
1130161_neurosketch,27,furniture,bench,114,106,0,157502.36,2,17,bench,0
1130161_neurosketch,27,furniture,table,115,107,1,160502.92,2,37,table,1
1130161_neurosketch,27,furniture,table,115,108,1,160502.92,2,37,table,0
1130161_neurosketch,27,furniture,chair,116,109,0,163502.38,2,28,chair,1
1130161_neurosketch,27,furniture,chair,116,110,0,163502.38,2,28,chair,0
1130161_neurosketch,27,furniture,bench,117,111,0,166502.13,2,22,bench,1
1130161_neurosketch,27,furniture,bench,117,112,0,166502.13,2,22,bench,0
1130161_neurosketch,27,furniture,bench,117,113,0,166502.13,2,22,bench,0
1130161_neurosketch,27,furniture,table,118,114,1,171002.46,2,9,table,1
1130161_neurosketch,27,furniture,table,118,115,1,171002.46,2,9,table,0
1130161_neurosketch,27,furniture,table,118,116,1,171002.46,2,9,table,0
1130161_neurosketch,27,furniture,table,118,117,1,171002.46,2,9,table,0
1130161_neurosketch,27,2,bed,119,118,1,177002.45,2,19,bed,1
1130161_neurosketch,27,2,bed,119,119,1,177002.45,2,19,bed,0
1130161_neurosketch,27,furniture,bed,120,120,1,180002.97,2,24,,1
1130161_neurosketch,27,furniture,bed,120,121,1,180002.97,2,24,,0
1130161_neurosketch,27,furniture,bed,120,122,1,180002.97,2,24,,0
1130161_neurosketch,27,furniture,bench,121,123,0,184502.73,2,4,bench,1
1130161_neurosketch,27,furniture,bench,121,124,0,184502.73,2,4,bench,0
1130161_neurosketch,27,furniture,bench,121,125,0,184502.73,2,4,bench,0
1130161_neurosketch,27,furniture,table,122,126,1,189002.42,2,14,table,1
1130161_neurosketch,27,furniture,table,122,127,1,189002.42,2,14,table,0
1130161_neurosketch,27,furniture,chair,123,128,0,192002.59,2,27,chair,1
1130161_neurosketch,27,furniture,chair,123,129,0,192002.59,2,27,chair,0
1130161_neurosketch,27,furniture,chair,123,130,0,192002.59,2,27,chair,0
1130161_neurosketch,27,furniture,table,124,131,1,196502.6,2,28,table,1
1130161_neurosketch,27,furniture,table,124,132,1,196502.6,2,28,table,0
1130161_neurosketch,27,furniture,table,124,133,1,196502.6,2,28,table,0
1130161_neurosketch,27,furniture,bench,125,134,0,201002.28,2,31,bench,1
1130161_neurosketch,27,furniture,bench,125,135,0,201002.28,2,31,bench,0
1130161_neurosketch,27,furniture,bench,125,136,0,201002.28,2,31,bench,0
1130161_neurosketch,27,furniture,bed,126,137,1,205501.68,2,7,bed,1
1130161_neurosketch,27,furniture,bed,126,138,1,205501.68,2,7,bed,0
1130161_neurosketch,27,furniture,bed,126,139,1,205501.68,2,7,bed,0
1130161_neurosketch,27,furniture,bed,126,140,1,205501.68,2,7,bed,0
1130161_neurosketch,27,furniture,chair,127,141,0,211502.93,2,10,chair,1
1130161_neurosketch,27,furniture,chair,127,142,0,211502.93,2,10,chair,0
1130161_neurosketch,27,furniture,chair,127,143,0,211502.93,2,10,chair,0
1130161_neurosketch,27,furniture,chair,128,144,0,216002.6,2,5,chair,1
1130161_neurosketch,27,furniture,chair,128,145,0,216002.6,2,5,chair,0
1130161_neurosketch,27,2,bench,129,146,0,219002.49,2,6,bench,1
1130161_neurosketch,27,2,bench,129,147,0,219002.49,2,6,bench,0
1130161_neurosketch,27,furniture,table,130,148,1,222002.28,2,0,table,1
1130161_neurosketch,27,furniture,table,130,149,1,222002.28,2,0,table,0
1130161_neurosketch,27,furniture,bed,131,150,1,225003.22,2,0,,1
1130161_neurosketch,27,furniture,bed,131,151,1,225003.22,2,0,,0
1130161_neurosketch,27,furniture,table,132,152,1,228002.94,2,20,table,1
1130161_neurosketch,27,furniture,table,132,153,1,228002.94,2,20,table,0
1130161_neurosketch,27,furniture,chair,133,154,0,231001.18,2,30,chair,1
1130161_neurosketch,27,furniture,chair,133,155,0,231001.18,2,30,chair,0
1130161_neurosketch,27,furniture,chair,133,156,0,231001.18,2,30,chair,0
1130161_neurosketch,27,furniture,bed,134,157,1,235502.09,2,8,bed,1
1130161_neurosketch,27,furniture,bed,134,158,1,235502.09,2,8,bed,0
1130161_neurosketch,27,furniture,bench,135,159,0,238502.33,2,39,bench,1
1130161_neurosketch,27,furniture,bench,135,160,0,238502.33,2,39,bench,0
1130161_neurosketch,27,furniture,bench,136,161,0,241503.03,2,26,bench,1
1130161_neurosketch,27,furniture,bench,136,162,0,241503.03,2,26,bench,0
1130161_neurosketch,27,furniture,bench,136,163,0,241503.03,2,26,bench,0
1130161_neurosketch,27,furniture,table,137,164,1,246002.16,2,29,table,1
1130161_neurosketch,27,furniture,table,137,165,1,246002.16,2,29,table,0
1130161_neurosketch,27,furniture,table,137,166,1,246002.16,2,29,table,0
1130161_neurosketch,27,furniture,chair,138,167,0,250502.36,2,7,chair,1
1130161_neurosketch,27,furniture,chair,138,168,0,250502.36,2,7,chair,0
1130161_neurosketch,27,2,bed,139,169,1,253502.84,2,38,bed,1
1130161_neurosketch,27,2,bed,139,170,1,253502.84,2,38,bed,0
1130161_neurosketch,27,2,bed,139,171,1,253502.84,2,38,bed,0
1130161_neurosketch,27,2,bed,139,172,1,253502.84,2,38,bed,0
1130161_neurosketch,27,furniture,chair,140,173,0,259502.35,2,16,chair,1
1130161_neurosketch,27,furniture,chair,140,174,0,259502.35,2,16,chair,0
1130161_neurosketch,27,furniture,chair,140,175,0,259502.35,2,16,chair,0
1130161_neurosketch,27,furniture,bench,141,176,0,264002.47,2,21,bench,1
1130161_neurosketch,27,furniture,bench,141,177,0,264002.47,2,21,bench,0
1130161_neurosketch,27,furniture,bench,141,178,0,264002.47,2,21,bench,0
1130161_neurosketch,27,furniture,table,142,179,1,268502.2,2,24,table,1
1130161_neurosketch,27,furniture,table,142,180,1,268502.2,2,24,table,0
1130161_neurosketch,27,furniture,table,142,181,1,268502.2,2,24,table,0
1130161_neurosketch,27,furniture,bed,143,182,1,273002.59,2,9,bed,1
1130161_neurosketch,27,furniture,bed,143,183,1,273002.59,2,9,bed,0
1130161_neurosketch,27,furniture,bed,143,184,1,273002.59,2,9,bed,0
1130161_neurosketch,27,furniture,bed,143,185,1,273002.59,2,9,bed,0
1130161_neurosketch,27,furniture,chair,144,186,0,279003.16,2,32,chair,1
1130161_neurosketch,27,furniture,chair,144,187,0,279003.16,2,32,chair,0
1130161_neurosketch,27,furniture,chair,144,188,0,279003.16,2,32,chair,0
1130161_neurosketch,27,furniture,chair,144,189,0,279003.16,2,32,chair,0
1130161_neurosketch,27,furniture,bed,145,190,1,285002.47,2,33,table,1
1130161_neurosketch,27,furniture,bed,145,191,1,285002.47,2,33,table,0
1130161_neurosketch,27,furniture,bench,146,192,0,288002.63,2,25,bench,1
1130161_neurosketch,27,furniture,bench,146,193,0,288002.63,2,25,bench,0
1130161_neurosketch,27,furniture,bench,146,194,0,288002.63,2,25,bench,0
1130161_neurosketch,27,furniture,bench,146,195,0,288002.63,2,25,bench,0
1130161_neurosketch,27,furniture,table,147,196,1,294003.08,2,30,,1
1130161_neurosketch,27,furniture,table,147,197,1,294003.08,2,30,,0
1130161_neurosketch,27,furniture,chair,148,198,0,297002.71,2,15,chair,1
1130161_neurosketch,27,furniture,chair,148,199,0,297002.71,2,15,chair,0
1130161_neurosketch,27,furniture,chair,148,200,0,297002.71,2,15,chair,0
1130161_neurosketch,27,2,bench,149,201,0,301502.34,2,30,bench,1
1130161_neurosketch,27,2,bench,149,202,0,301502.34,2,30,bench,0
1130161_neurosketch,27,furniture,table,150,203,1,304502.26,2,34,table,1
1130161_neurosketch,27,furniture,table,150,204,1,304502.26,2,34,table,0
1130161_neurosketch,27,furniture,table,150,205,1,304502.26,2,34,table,0
1130161_neurosketch,27,furniture,bed,151,206,1,309002.4,2,16,bed,1
1130161_neurosketch,27,furniture,bed,151,207,1,309002.4,2,16,bed,0
1130161_neurosketch,27,furniture,bed,151,208,1,309002.4,2,16,bed,0
1130161_neurosketch,27,furniture,bed,151,209,1,309002.4,2,16,bed,0
1130161_neurosketch,27,furniture,bed,152,210,1,315002.24,2,10,,1
1130161_neurosketch,27,furniture,bed,152,211,1,315002.24,2,10,,0
1130161_neurosketch,27,furniture,bed,152,212,1,315002.24,2,10,,0
1130161_neurosketch,27,furniture,bench,153,213,0,319502.51,2,7,bench,1
1130161_neurosketch,27,furniture,bench,153,214,0,319502.51,2,7,bench,0
1130161_neurosketch,27,furniture,bench,153,215,0,319502.51,2,7,bench,0
1130161_neurosketch,27,furniture,bench,153,216,0,319502.51,2,7,bench,0
1130161_neurosketch,27,furniture,chair,154,217,0,325503.07,2,13,chair,1
1130161_neurosketch,27,furniture,chair,154,218,0,325503.07,2,13,chair,0
1130161_neurosketch,27,furniture,table,155,219,1,328502.17,2,27,table,1
1130161_neurosketch,27,furniture,table,155,220,1,328502.17,2,27,table,0
1130161_neurosketch,27,furniture,bed,156,221,1,331502.44,2,21,bed,1
1130161_neurosketch,27,furniture,bed,156,222,1,331502.44,2,21,bed,0
1130161_neurosketch,27,furniture,table,157,223,1,334502.34,2,1,table,1
1130161_neurosketch,27,furniture,table,157,224,1,334502.34,2,1,table,0
1130161_neurosketch,27,furniture,table,157,225,1,334502.34,2,1,table,0
1130161_neurosketch,27,furniture,chair,158,226,0,339003.08,2,9,chair,1
1130161_neurosketch,27,furniture,chair,158,227,0,339003.08,2,9,chair,0
1130161_neurosketch,27,furniture,chair,158,228,0,339003.08,2,9,chair,0
1130161_neurosketch,27,furniture,chair,158,229,0,339003.08,2,9,chair,0
1130161_neurosketch,27,2,bench,159,230,0,345003.27,2,33,bench,1
1130161_neurosketch,27,2,bench,159,231,0,345003.27,2,33,bench,0
1130161_neurosketch,27,2,bench,159,232,0,345003.27,2,33,bench,0
1130161_neurosketch,27,2,bench,159,233,0,345003.27,2,33,bench,0
1130161_neurosketch,27,2,bench,159,234,0,345003.27,2,33,bench,0
1130161_neurosketch,27,2,bench,159,235,0,345003.27,2,33,bench,0
1130161_neurosketch,27,2,bench,159,236,0,345003.27,2,33,bench,0
1130161_neurosketch,27,2,bench,159,237,0,345003.27,2,33,bench,0
1130161_neurosketch,27,2,bench,159,238,0,345003.27,2,33,bench,0
1130161_neurosketch,27,2,bench,159,239,0,345003.27,2,33,bench,0
1130161_neurosketch,27,furniture,bench,160,0,-1,0.0,3,33,bench,0
1130161_neurosketch,27,furniture,bench,160,1,-1,0.0,3,33,bench,0
1130161_neurosketch,27,furniture,bench,160,2,-1,0.0,3,33,bench,0
1130161_neurosketch,27,furniture,bench,160,3,-1,0.0,3,33,bench,0
1130161_neurosketch,27,furniture,bench,160,4,-1,0.0,3,33,bench,0
1130161_neurosketch,27,furniture,bench,160,5,-1,0.0,3,33,bench,0
1130161_neurosketch,27,furniture,bench,160,6,-1,0.0,3,33,bench,0
1130161_neurosketch,27,furniture,bench,160,7,-1,0.0,3,33,bench,0
1130161_neurosketch,27,furniture,bench,160,8,0,12005.68,3,33,bench,1
1130161_neurosketch,27,furniture,bench,160,9,0,12005.68,3,33,bench,0
1130161_neurosketch,27,furniture,bench,160,10,0,12005.68,3,33,bench,0
1130161_neurosketch,27,furniture,chair,161,11,0,16502.11,3,9,chair,1
1130161_neurosketch,27,furniture,chair,161,12,0,16502.11,3,9,chair,0
1130161_neurosketch,27,furniture,chair,161,13,0,16502.11,3,9,chair,0
1130161_neurosketch,27,furniture,table,162,14,1,21002.82,3,1,table,1
1130161_neurosketch,27,furniture,table,162,15,1,21002.82,3,1,table,0
1130161_neurosketch,27,furniture,bed,163,16,1,24001.79,3,21,bed,1
1130161_neurosketch,27,furniture,bed,163,17,1,24001.79,3,21,bed,0
1130161_neurosketch,27,furniture,bed,163,18,1,24001.79,3,21,bed,0
1130161_neurosketch,27,furniture,table,164,19,1,28502.49,3,27,table,1
1130161_neurosketch,27,furniture,table,164,20,1,28502.49,3,27,table,0
1130161_neurosketch,27,furniture,table,164,21,1,28502.49,3,27,table,0
1130161_neurosketch,27,furniture,chair,165,22,0,33003.06,3,13,chair,1
1130161_neurosketch,27,furniture,chair,165,23,0,33003.06,3,13,chair,0
1130161_neurosketch,27,furniture,chair,165,24,0,33003.06,3,13,chair,0
1130161_neurosketch,27,furniture,bench,166,25,0,37501.77,3,7,bench,1
1130161_neurosketch,27,furniture,bench,166,26,0,37501.77,3,7,bench,0
1130161_neurosketch,27,furniture,bench,166,27,0,37501.77,3,7,bench,0
1130161_neurosketch,27,furniture,bench,166,28,0,37501.77,3,7,bench,0
1130161_neurosketch,27,furniture,bed,167,29,1,43501.94,3,10,bed,1
1130161_neurosketch,27,furniture,bed,167,30,1,43501.94,3,10,bed,0
1130161_neurosketch,27,furniture,bed,167,31,1,43501.94,3,10,bed,0
1130161_neurosketch,27,furniture,bed,168,32,1,48002.27,3,16,bed,1
1130161_neurosketch,27,furniture,bed,168,33,1,48002.27,3,16,bed,0
1130161_neurosketch,27,2,table,169,34,1,51002.11,3,34,table,1
1130161_neurosketch,27,2,table,169,35,1,51002.11,3,34,table,0
1130161_neurosketch,27,furniture,bench,170,36,0,54002.06,3,30,bench,1
1130161_neurosketch,27,furniture,bench,170,37,0,54002.06,3,30,bench,0
1130161_neurosketch,27,furniture,chair,171,38,0,57002.24,3,15,chair,1
1130161_neurosketch,27,furniture,chair,171,39,0,57002.24,3,15,chair,0
1130161_neurosketch,27,furniture,table,172,40,1,60002.0,3,30,table,1
1130161_neurosketch,27,furniture,table,172,41,1,60002.0,3,30,table,0
1130161_neurosketch,27,furniture,bench,173,42,0,63001.9,3,25,bench,1
1130161_neurosketch,27,furniture,bench,173,43,0,63001.9,3,25,bench,0
1130161_neurosketch,27,furniture,bench,173,44,0,63001.9,3,25,bench,0
1130161_neurosketch,27,furniture,bed,174,45,1,67502.27,3,33,bed,1
1130161_neurosketch,27,furniture,bed,174,46,1,67502.27,3,33,bed,0
1130161_neurosketch,27,furniture,chair,175,47,0,70502.2,3,32,chair,1
1130161_neurosketch,27,furniture,chair,175,48,0,70502.2,3,32,chair,0
1130161_neurosketch,27,furniture,bed,176,49,1,73502.94,3,9,bed,1
1130161_neurosketch,27,furniture,bed,176,50,1,73502.94,3,9,bed,0
1130161_neurosketch,27,furniture,bed,176,51,1,73502.94,3,9,bed,0
1130161_neurosketch,27,furniture,table,177,52,1,78002.55,3,24,,1
1130161_neurosketch,27,furniture,table,177,53,1,78002.55,3,24,,0
1130161_neurosketch,27,furniture,table,177,54,1,78002.55,3,24,,0
1130161_neurosketch,27,furniture,bench,178,55,0,82502.44,3,21,bench,1
1130161_neurosketch,27,furniture,bench,178,56,0,82502.44,3,21,bench,0
1130161_neurosketch,27,2,chair,179,57,0,85502.48,3,16,chair,1
1130161_neurosketch,27,2,chair,179,58,0,85502.48,3,16,chair,0
1130161_neurosketch,27,2,chair,179,59,0,85502.48,3,16,chair,0
1130161_neurosketch,27,2,chair,179,60,0,85502.48,3,16,chair,0
1130161_neurosketch,27,furniture,bed,180,61,1,91502.3,3,38,bed,1
1130161_neurosketch,27,furniture,bed,180,62,1,91502.3,3,38,bed,0
1130161_neurosketch,27,furniture,bed,180,63,1,91502.3,3,38,bed,0
1130161_neurosketch,27,furniture,chair,181,64,0,96002.55,3,7,chair,1
1130161_neurosketch,27,furniture,chair,181,65,0,96002.55,3,7,chair,0
1130161_neurosketch,27,furniture,chair,181,66,0,96002.55,3,7,chair,0
1130161_neurosketch,27,furniture,table,182,67,1,100502.76,3,29,table,1
1130161_neurosketch,27,furniture,table,182,68,1,100502.76,3,29,table,0
1130161_neurosketch,27,furniture,table,182,69,1,100502.76,3,29,table,0
1130161_neurosketch,27,furniture,bench,183,70,0,105001.9,3,26,bench,1
1130161_neurosketch,27,furniture,bench,183,71,0,105001.9,3,26,bench,0
1130161_neurosketch,27,furniture,bench,183,72,0,105001.9,3,26,bench,0
1130161_neurosketch,27,furniture,bench,183,73,0,105001.9,3,26,bench,0
1130161_neurosketch,27,furniture,bench,184,74,0,111002.15,3,39,bench,1
1130161_neurosketch,27,furniture,bench,184,75,0,111002.15,3,39,bench,0
1130161_neurosketch,27,furniture,bench,184,76,0,111002.15,3,39,bench,0
1130161_neurosketch,27,furniture,bench,184,77,0,111002.15,3,39,bench,0
1130161_neurosketch,27,furniture,bed,185,78,1,117002.87,3,8,bed,1
1130161_neurosketch,27,furniture,bed,185,79,1,117002.87,3,8,bed,0
1130161_neurosketch,27,furniture,chair,186,80,0,120002.62,3,30,chair,1
1130161_neurosketch,27,furniture,chair,186,81,0,120002.62,3,30,chair,0
1130161_neurosketch,27,furniture,chair,186,82,0,120002.62,3,30,chair,0
1130161_neurosketch,27,furniture,chair,186,83,0,120002.62,3,30,chair,0
1130161_neurosketch,27,furniture,table,187,84,1,126002.48,3,20,bed,1
1130161_neurosketch,27,furniture,table,187,85,1,126002.48,3,20,bed,0
1130161_neurosketch,27,furniture,bed,188,86,1,129001.97,3,0,bed,1
1130161_neurosketch,27,furniture,bed,188,87,1,129001.97,3,0,bed,0
1130161_neurosketch,27,furniture,bed,188,88,1,129001.97,3,0,bed,0
1130161_neurosketch,27,2,table,189,89,1,133503.05,3,0,table,1
1130161_neurosketch,27,2,table,189,90,1,133503.05,3,0,table,0
1130161_neurosketch,27,furniture,bench,190,91,0,136502.07,3,6,bench,1
1130161_neurosketch,27,furniture,bench,190,92,0,136502.07,3,6,bench,0
1130161_neurosketch,27,furniture,bench,190,93,0,136502.07,3,6,bench,0
1130161_neurosketch,27,furniture,chair,191,94,0,141002.63,3,5,chair,1
1130161_neurosketch,27,furniture,chair,191,95,0,141002.63,3,5,chair,0
1130161_neurosketch,27,furniture,chair,191,96,0,141002.63,3,5,chair,0
1130161_neurosketch,27,furniture,chair,191,97,0,141002.63,3,5,chair,0
1130161_neurosketch,27,furniture,chair,192,98,0,147002.75,3,10,chair,1
1130161_neurosketch,27,furniture,chair,192,99,0,147002.75,3,10,chair,0
1130161_neurosketch,27,furniture,chair,192,100,0,147002.75,3,10,chair,0
1130161_neurosketch,27,furniture,bed,193,101,1,151502.24,3,7,bed,1
1130161_neurosketch,27,furniture,bed,193,102,1,151502.24,3,7,bed,0
1130161_neurosketch,27,furniture,bed,193,103,1,151502.24,3,7,bed,0
1130161_neurosketch,27,furniture,bed,193,104,1,151502.24,3,7,bed,0
1130161_neurosketch,27,furniture,bench,194,105,0,157502.44,3,31,bench,1
1130161_neurosketch,27,furniture,bench,194,106,0,157502.44,3,31,bench,0
1130161_neurosketch,27,furniture,table,195,107,1,160502.91,3,28,table,1
1130161_neurosketch,27,furniture,table,195,108,1,160502.91,3,28,table,0
1130161_neurosketch,27,furniture,chair,196,109,0,163503.25,3,27,chair,1
1130161_neurosketch,27,furniture,chair,196,110,0,163503.25,3,27,chair,0
1130161_neurosketch,27,furniture,table,197,111,1,166502.35,3,14,table,1
1130161_neurosketch,27,furniture,table,197,112,1,166502.35,3,14,table,0
1130161_neurosketch,27,furniture,table,197,113,1,166502.35,3,14,table,0
1130161_neurosketch,27,furniture,bench,198,114,0,171003.02,3,4,bench,1
1130161_neurosketch,27,furniture,bench,198,115,0,171003.02,3,4,bench,0
1130161_neurosketch,27,furniture,bench,198,116,0,171003.02,3,4,bench,0
1130161_neurosketch,27,furniture,bench,198,117,0,171003.02,3,4,bench,0
1130161_neurosketch,27,2,bed,199,118,1,177002.78,3,24,bed,1
1130161_neurosketch,27,2,bed,199,119,1,177002.78,3,24,bed,0
1130161_neurosketch,27,furniture,bed,200,120,1,180002.98,3,19,bed,1
1130161_neurosketch,27,furniture,bed,200,121,1,180002.98,3,19,bed,0
1130161_neurosketch,27,furniture,bed,200,122,1,180002.98,3,19,bed,0
1130161_neurosketch,27,furniture,table,201,123,1,184503.03,3,9,,1
1130161_neurosketch,27,furniture,table,201,124,1,184503.03,3,9,,0
1130161_neurosketch,27,furniture,table,201,125,1,184503.03,3,9,,0
1130161_neurosketch,27,furniture,bench,202,126,0,189003.08,3,22,bench,1
1130161_neurosketch,27,furniture,bench,202,127,0,189003.08,3,22,bench,0
1130161_neurosketch,27,furniture,chair,203,128,0,192002.76,3,28,chair,1
1130161_neurosketch,27,furniture,chair,203,129,0,192002.76,3,28,chair,0
1130161_neurosketch,27,furniture,chair,203,130,0,192002.76,3,28,chair,0
1130161_neurosketch,27,furniture,table,204,131,1,196502.37,3,37,table,1
1130161_neurosketch,27,furniture,table,204,132,1,196502.37,3,37,table,0
1130161_neurosketch,27,furniture,table,204,133,1,196502.37,3,37,table,0
1130161_neurosketch,27,furniture,bench,205,134,0,201002.65,3,17,bench,1
1130161_neurosketch,27,furniture,bench,205,135,0,201002.65,3,17,bench,0
1130161_neurosketch,27,furniture,bench,205,136,0,201002.65,3,17,bench,0
1130161_neurosketch,27,furniture,chair,206,137,0,205502.43,3,21,chair,1
1130161_neurosketch,27,furniture,chair,206,138,0,205502.43,3,21,chair,0
1130161_neurosketch,27,furniture,chair,206,139,0,205502.43,3,21,chair,0
1130161_neurosketch,27,furniture,chair,206,140,0,205502.43,3,21,chair,0
1130161_neurosketch,27,furniture,bed,207,141,1,211502.44,3,22,bed,1
1130161_neurosketch,27,furniture,bed,207,142,1,211502.44,3,22,bed,0
1130161_neurosketch,27,furniture,bed,207,143,1,211502.44,3,22,bed,0
1130161_neurosketch,27,furniture,bench,208,144,0,216002.8,3,34,bench,1
1130161_neurosketch,27,furniture,bench,208,145,0,216002.8,3,34,bench,0
1130161_neurosketch,27,2,table,209,146,1,219002.44,3,2,table,1
1130161_neurosketch,27,2,table,209,147,1,219002.44,3,2,table,0
1130161_neurosketch,27,furniture,chair,210,148,0,222002.49,3,12,chair,1
1130161_neurosketch,27,furniture,chair,210,149,0,222002.49,3,12,chair,0
1130161_neurosketch,27,furniture,bed,211,150,1,225002.82,3,37,,1
1130161_neurosketch,27,furniture,bed,211,151,1,225002.82,3,37,,0
1130161_neurosketch,27,furniture,table,212,152,1,228002.72,3,6,table,1
1130161_neurosketch,27,furniture,table,212,153,1,228002.72,3,6,table,0
1130161_neurosketch,27,furniture,chair,213,154,0,231003.03,3,4,chair,1
1130161_neurosketch,27,furniture,chair,213,155,0,231003.03,3,4,chair,0
1130161_neurosketch,27,furniture,chair,213,156,0,231003.03,3,4,chair,0
1130161_neurosketch,27,furniture,bench,214,157,0,235502.58,3,37,bench,1
1130161_neurosketch,27,furniture,bench,214,158,0,235502.58,3,37,bench,0
1130161_neurosketch,27,furniture,bed,215,159,1,238502.93,3,32,bed,1
1130161_neurosketch,27,furniture,bed,215,160,1,238502.93,3,32,bed,0
1130161_neurosketch,27,furniture,chair,216,161,0,241503.22,3,17,chair,1
1130161_neurosketch,27,furniture,chair,216,162,0,241503.22,3,17,chair,0
1130161_neurosketch,27,furniture,chair,216,163,0,241503.22,3,17,chair,0
1130161_neurosketch,27,furniture,bed,217,164,1,246002.85,3,25,bed,1
1130161_neurosketch,27,furniture,bed,217,165,1,246002.85,3,25,bed,0
1130161_neurosketch,27,furniture,bed,217,166,1,246002.85,3,25,bed,0
1130161_neurosketch,27,furniture,table,218,167,1,250502.99,3,38,table,1
1130161_neurosketch,27,furniture,table,218,168,1,250502.99,3,38,table,0
1130161_neurosketch,27,2,bench,219,169,0,253502.98,3,27,bench,1
1130161_neurosketch,27,2,bench,219,170,0,253502.98,3,27,bench,0
1130161_neurosketch,27,2,bench,219,171,0,253502.98,3,27,bench,0
1130161_neurosketch,27,2,bench,219,172,0,253502.98,3,27,bench,0
1130161_neurosketch,27,furniture,bench,220,173,0,259502.84,3,12,bench,1
1130161_neurosketch,27,furniture,bench,220,174,0,259502.84,3,12,bench,0
1130161_neurosketch,27,furniture,bench,220,175,0,259502.84,3,12,bench,0
1130161_neurosketch,27,furniture,chair,221,176,0,264004.2,3,6,bench,1
1130161_neurosketch,27,furniture,chair,221,177,0,264004.2,3,6,bench,0
1130161_neurosketch,27,furniture,chair,221,178,0,264004.2,3,6,bench,0
1130161_neurosketch,27,furniture,table,222,179,1,268503.65,3,12,table,1
1130161_neurosketch,27,furniture,table,222,180,1,268503.65,3,12,table,0
1130161_neurosketch,27,furniture,table,222,181,1,268503.65,3,12,table,0
1130161_neurosketch,27,furniture,bed,223,182,1,273002.98,3,14,bed,1
1130161_neurosketch,27,furniture,bed,223,183,1,273002.98,3,14,bed,0
1130161_neurosketch,27,furniture,bed,223,184,1,273002.98,3,14,bed,0
1130161_neurosketch,27,furniture,bed,223,185,1,273002.98,3,14,bed,0
1130161_neurosketch,27,furniture,bed,224,186,1,279003.54,3,23,bed,1
1130161_neurosketch,27,furniture,bed,224,187,1,279003.54,3,23,bed,0
1130161_neurosketch,27,furniture,bed,224,188,1,279003.54,3,23,bed,0
1130161_neurosketch,27,furniture,bed,224,189,1,279003.54,3,23,bed,0
1130161_neurosketch,27,furniture,table,225,190,1,285002.3,3,33,table,1
1130161_neurosketch,27,furniture,table,225,191,1,285002.3,3,33,table,0
1130161_neurosketch,27,furniture,bench,226,192,0,288003.94,3,1,,1
1130161_neurosketch,27,furniture,bench,226,193,0,288003.94,3,1,,0
1130161_neurosketch,27,furniture,bench,226,194,0,288003.94,3,1,,0
1130161_neurosketch,27,furniture,bench,226,195,0,288003.94,3,1,,0
1130161_neurosketch,27,furniture,chair,227,196,0,294002.73,3,25,chair,1
1130161_neurosketch,27,furniture,chair,227,197,0,294002.73,3,25,chair,0
1130161_neurosketch,27,furniture,table,228,198,1,297002.12,3,10,,1
1130161_neurosketch,27,furniture,table,228,199,1,297002.12,3,10,,0
1130161_neurosketch,27,furniture,table,228,200,1,297002.12,3,10,,0
1130161_neurosketch,27,2,bench,229,201,0,301502.75,3,11,bench,1
1130161_neurosketch,27,2,bench,229,202,0,301502.75,3,11,bench,0
1130161_neurosketch,27,furniture,bed,230,203,1,304503.5,3,20,bed,1
1130161_neurosketch,27,furniture,bed,230,204,1,304503.5,3,20,bed,0
1130161_neurosketch,27,furniture,bed,230,205,1,304503.5,3,20,bed,0
1130161_neurosketch,27,furniture,chair,231,206,0,309003.35,3,34,chair,1
1130161_neurosketch,27,furniture,chair,231,207,0,309003.35,3,34,chair,0
1130161_neurosketch,27,furniture,chair,231,208,0,309003.35,3,34,chair,0
1130161_neurosketch,27,furniture,chair,231,209,0,309003.35,3,34,chair,0
1130161_neurosketch,27,furniture,chair,232,210,0,315002.44,3,26,chair,1
1130161_neurosketch,27,furniture,chair,232,211,0,315002.44,3,26,chair,0
1130161_neurosketch,27,furniture,chair,232,212,0,315002.44,3,26,chair,0
1130161_neurosketch,27,furniture,bench,233,213,0,319504.24,3,32,bench,1
1130161_neurosketch,27,furniture,bench,233,214,0,319504.24,3,32,bench,0
1130161_neurosketch,27,furniture,bench,233,215,0,319504.24,3,32,bench,0
1130161_neurosketch,27,furniture,bench,233,216,0,319504.24,3,32,bench,0
1130161_neurosketch,27,furniture,table,234,217,1,325502.41,3,15,table,1
1130161_neurosketch,27,furniture,table,234,218,1,325502.41,3,15,table,0
1130161_neurosketch,27,furniture,bed,235,219,1,328502.4,3,4,bed,1
1130161_neurosketch,27,furniture,bed,235,220,1,328502.4,3,4,bed,0
1130161_neurosketch,27,furniture,chair,236,221,0,331502.4,3,0,chair,1
1130161_neurosketch,27,furniture,chair,236,222,0,331502.4,3,0,chair,0
1130161_neurosketch,27,furniture,bench,237,223,0,334502.89,3,10,bench,1
1130161_neurosketch,27,furniture,bench,237,224,0,334502.89,3,10,bench,0
1130161_neurosketch,27,furniture,bench,237,225,0,334502.89,3,10,bench,0
1130161_neurosketch,27,furniture,table,238,226,1,339003.03,3,3,bed,1
1130161_neurosketch,27,furniture,table,238,227,1,339003.03,3,3,bed,0
1130161_neurosketch,27,furniture,table,238,228,1,339003.03,3,3,bed,0
1130161_neurosketch,27,furniture,table,238,229,1,339003.03,3,3,bed,0
1130161_neurosketch,27,2,bed,239,230,1,345002.81,3,28,bed,1
1130161_neurosketch,27,2,bed,239,231,1,345002.81,3,28,bed,0
1130161_neurosketch,27,2,bed,239,232,1,345002.81,3,28,bed,0
1130161_neurosketch,27,2,bed,239,233,1,345002.81,3,28,bed,0
1130161_neurosketch,27,2,bed,239,234,1,345002.81,3,28,bed,0
1130161_neurosketch,27,2,bed,239,235,1,345002.81,3,28,bed,0
1130161_neurosketch,27,2,bed,239,236,1,345002.81,3,28,bed,0
1130161_neurosketch,27,2,bed,239,237,1,345002.81,3,28,bed,0
1130161_neurosketch,27,2,bed,239,238,1,345002.81,3,28,bed,0
1130161_neurosketch,27,2,bed,239,239,1,345002.81,3,28,bed,0
1130161_neurosketch,27,furniture,bench,240,0,-1,0.0,4,20,bench,0
1130161_neurosketch,27,furniture,bench,240,1,-1,0.0,4,20,bench,0
1130161_neurosketch,27,furniture,bench,240,2,-1,0.0,4,20,bench,0
1130161_neurosketch,27,furniture,bench,240,3,-1,0.0,4,20,bench,0
1130161_neurosketch,27,furniture,bench,240,4,-1,0.0,4,20,bench,0
1130161_neurosketch,27,furniture,bench,240,5,-1,0.0,4,20,bench,0
1130161_neurosketch,27,furniture,bench,240,6,-1,0.0,4,20,bench,0
1130161_neurosketch,27,furniture,bench,240,7,-1,0.0,4,20,bench,0
1130161_neurosketch,27,furniture,bench,240,8,0,12002.62,4,20,bench,1
1130161_neurosketch,27,furniture,bench,240,9,0,12002.62,4,20,bench,0
1130161_neurosketch,27,furniture,bench,240,10,0,12002.62,4,20,bench,0
1130161_neurosketch,27,furniture,table,241,11,1,16501.98,4,16,table,1
1130161_neurosketch,27,furniture,table,241,12,1,16501.98,4,16,table,0
1130161_neurosketch,27,furniture,table,241,13,1,16501.98,4,16,table,0
1130161_neurosketch,27,furniture,bed,242,14,1,21001.91,4,3,bed,1
1130161_neurosketch,27,furniture,bed,242,15,1,21001.91,4,3,bed,0
1130161_neurosketch,27,furniture,chair,243,16,0,24001.17,4,18,chair,1
1130161_neurosketch,27,furniture,chair,243,17,0,24001.17,4,18,chair,0
1130161_neurosketch,27,furniture,chair,243,18,0,24001.17,4,18,chair,0
1130161_neurosketch,27,furniture,bench,244,19,0,28501.98,4,14,bench,1
1130161_neurosketch,27,furniture,bench,244,20,0,28501.98,4,14,bench,0
1130161_neurosketch,27,furniture,bench,244,21,0,28501.98,4,14,bench,0
1130161_neurosketch,27,furniture,table,245,22,1,33001.94,4,17,bed,1
1130161_neurosketch,27,furniture,table,245,23,1,33001.94,4,17,bed,0
1130161_neurosketch,27,furniture,table,245,24,1,33001.94,4,17,bed,0
1130161_neurosketch,27,furniture,bed,246,25,1,37502.11,4,6,bed,1
1130161_neurosketch,27,furniture,bed,246,26,1,37502.11,4,6,bed,0
1130161_neurosketch,27,furniture,bed,246,27,1,37502.11,4,6,bed,0
1130161_neurosketch,27,furniture,bed,246,28,1,37502.11,4,6,bed,0
1130161_neurosketch,27,furniture,chair,247,29,0,43502.28,4,31,chair,1
1130161_neurosketch,27,furniture,chair,247,30,0,43502.28,4,31,chair,0
1130161_neurosketch,27,furniture,chair,247,31,0,43502.28,4,31,chair,0
1130161_neurosketch,27,furniture,chair,248,32,0,48003.39,4,22,chair,1
1130161_neurosketch,27,furniture,chair,248,33,0,48003.39,4,22,chair,0
1130161_neurosketch,27,2,bed,249,34,1,51001.9,4,36,bed,1
1130161_neurosketch,27,2,bed,249,35,1,51001.9,4,36,bed,0
1130161_neurosketch,27,furniture,table,250,36,1,54002.59,4,22,table,1
1130161_neurosketch,27,furniture,table,250,37,1,54002.59,4,22,table,0
1130161_neurosketch,27,furniture,bench,251,38,0,57001.85,4,2,bench,1
1130161_neurosketch,27,furniture,bench,251,39,0,57001.85,4,2,bench,0
1130161_neurosketch,27,furniture,bed,252,40,1,60001.46,4,18,table,1
1130161_neurosketch,27,furniture,bed,252,41,1,60001.46,4,18,table,0
1130161_neurosketch,27,furniture,table,253,42,1,63001.36,4,23,bed,1
1130161_neurosketch,27,furniture,table,253,43,1,63001.36,4,23,bed,0
1130161_neurosketch,27,furniture,table,253,44,1,63001.36,4,23,bed,0
1130161_neurosketch,27,furniture,chair,254,45,0,67502.52,4,39,chair,1
1130161_neurosketch,27,furniture,chair,254,46,0,67502.52,4,39,chair,0
1130161_neurosketch,27,furniture,bench,255,47,0,70502.43,4,8,bench,1
1130161_neurosketch,27,furniture,bench,255,48,0,70502.43,4,8,bench,0
1130161_neurosketch,27,furniture,chair,256,49,0,73502.64,4,11,chair,1
1130161_neurosketch,27,furniture,chair,256,50,0,73502.64,4,11,chair,0
1130161_neurosketch,27,furniture,chair,256,51,0,73502.64,4,11,chair,0
1130161_neurosketch,27,furniture,bench,257,52,0,78002.01,4,9,bench,1
1130161_neurosketch,27,furniture,bench,257,53,0,78002.01,4,9,bench,0
1130161_neurosketch,27,furniture,bench,257,54,0,78002.01,4,9,bench,0
1130161_neurosketch,27,furniture,table,258,55,1,82501.48,4,4,table,1
1130161_neurosketch,27,furniture,table,258,56,1,82501.48,4,4,table,0
1130161_neurosketch,27,2,bed,259,57,1,85502.46,4,26,,1
1130161_neurosketch,27,2,bed,259,58,1,85502.46,4,26,,0
1130161_neurosketch,27,2,bed,259,59,1,85502.46,4,26,,0
1130161_neurosketch,27,2,bed,259,60,1,85502.46,4,26,,0
1130161_neurosketch,27,furniture,chair,260,61,0,91502.78,4,2,chair,1
1130161_neurosketch,27,furniture,chair,260,62,0,91502.78,4,2,chair,0
1130161_neurosketch,27,furniture,chair,260,63,0,91502.78,4,2,chair,0
1130161_neurosketch,27,furniture,bed,261,64,1,96002.72,4,11,bed,1
1130161_neurosketch,27,furniture,bed,261,65,1,96002.72,4,11,bed,0
1130161_neurosketch,27,furniture,bed,261,66,1,96002.72,4,11,bed,0
1130161_neurosketch,27,furniture,bench,262,67,0,100502.41,4,23,bench,1
1130161_neurosketch,27,furniture,bench,262,68,0,100502.41,4,23,bench,0
1130161_neurosketch,27,furniture,bench,262,69,0,100502.41,4,23,bench,0
1130161_neurosketch,27,furniture,table,263,70,1,105002.46,4,32,table,1
1130161_neurosketch,27,furniture,table,263,71,1,105002.46,4,32,table,0
1130161_neurosketch,27,furniture,table,263,72,1,105002.46,4,32,table,0
1130161_neurosketch,27,furniture,table,263,73,1,105002.46,4,32,table,0
1130161_neurosketch,27,furniture,bench,264,74,0,111002.76,4,3,bench,1
1130161_neurosketch,27,furniture,bench,264,75,0,111002.76,4,3,bench,0
1130161_neurosketch,27,furniture,bench,264,76,0,111002.76,4,3,bench,0
1130161_neurosketch,27,furniture,bench,264,77,0,111002.76,4,3,bench,0
1130161_neurosketch,27,furniture,chair,265,78,0,117001.96,4,38,,1
1130161_neurosketch,27,furniture,chair,265,79,0,117001.96,4,38,,0
1130161_neurosketch,27,furniture,table,266,80,1,120002.7,4,31,table,1
1130161_neurosketch,27,furniture,table,266,81,1,120002.7,4,31,table,0
1130161_neurosketch,27,furniture,table,266,82,1,120002.7,4,31,table,0
1130161_neurosketch,27,furniture,table,266,83,1,120002.7,4,31,table,0
1130161_neurosketch,27,furniture,bed,267,84,1,126003.0,4,30,bed,1
1130161_neurosketch,27,furniture,bed,267,85,1,126003.0,4,30,bed,0
1130161_neurosketch,27,furniture,table,268,86,1,129002.28,4,39,table,1
1130161_neurosketch,27,furniture,table,268,87,1,129002.28,4,39,table,0
1130161_neurosketch,27,furniture,table,268,88,1,129002.28,4,39,table,0
1130161_neurosketch,27,2,bench,269,89,0,133502.71,4,0,bench,1
1130161_neurosketch,27,2,bench,269,90,0,133502.71,4,0,bench,0
1130161_neurosketch,27,furniture,bed,270,91,1,136502.45,4,12,bed,1
1130161_neurosketch,27,furniture,bed,270,92,1,136502.45,4,12,bed,0
1130161_neurosketch,27,furniture,bed,270,93,1,136502.45,4,12,bed,0
1130161_neurosketch,27,furniture,chair,271,94,0,141002.1,4,33,chair,1
1130161_neurosketch,27,furniture,chair,271,95,0,141002.1,4,33,chair,0
1130161_neurosketch,27,furniture,chair,271,96,0,141002.1,4,33,chair,0
1130161_neurosketch,27,furniture,chair,271,97,0,141002.1,4,33,chair,0
1130161_neurosketch,27,furniture,chair,272,98,0,147002.93,4,20,chair,1
1130161_neurosketch,27,furniture,chair,272,99,0,147002.93,4,20,chair,0
1130161_neurosketch,27,furniture,chair,272,100,0,147002.93,4,20,chair,0
1130161_neurosketch,27,furniture,bench,273,101,0,151502.93,4,5,bench,1
1130161_neurosketch,27,furniture,bench,273,102,0,151502.93,4,5,bench,0
1130161_neurosketch,27,furniture,bench,273,103,0,151502.93,4,5,bench,0
1130161_neurosketch,27,furniture,bench,273,104,0,151502.93,4,5,bench,0
1130161_neurosketch,27,furniture,bed,274,105,1,157502.73,4,1,bed,1
1130161_neurosketch,27,furniture,bed,274,106,1,157502.73,4,1,bed,0
1130161_neurosketch,27,furniture,table,275,107,1,160502.2,4,13,table,1
1130161_neurosketch,27,furniture,table,275,108,1,160502.2,4,13,table,0
1130161_neurosketch,27,furniture,bed,276,109,1,163502.22,4,5,bed,1
1130161_neurosketch,27,furniture,bed,276,110,1,163502.22,4,5,bed,0
1130161_neurosketch,27,furniture,table,277,111,1,166502.57,4,26,bed,1
1130161_neurosketch,27,furniture,table,277,112,1,166502.57,4,26,bed,0
1130161_neurosketch,27,furniture,table,277,113,1,166502.57,4,26,bed,0
1130161_neurosketch,27,furniture,chair,278,114,0,171003.22,4,24,chair,1
1130161_neurosketch,27,furniture,chair,278,115,0,171003.22,4,24,chair,0
1130161_neurosketch,27,furniture,chair,278,116,0,171003.22,4,24,chair,0
1130161_neurosketch,27,furniture,chair,278,117,0,171003.22,4,24,chair,0
1130161_neurosketch,27,2,bench,279,118,0,177003.13,4,16,bench,1
1130161_neurosketch,27,2,bench,279,119,0,177003.13,4,16,bench,0
1130161_neurosketch,27,furniture,bench,280,120,0,180002.84,4,24,bench,1
1130161_neurosketch,27,furniture,bench,280,121,0,180002.84,4,24,bench,0
1130161_neurosketch,27,furniture,bench,280,122,0,180002.84,4,24,bench,0
1130161_neurosketch,27,furniture,bed,281,123,1,184502.66,4,31,bed,1
1130161_neurosketch,27,furniture,bed,281,124,1,184502.66,4,31,bed,0
1130161_neurosketch,27,furniture,bed,281,125,1,184502.66,4,31,bed,0
1130161_neurosketch,27,furniture,table,282,126,1,189004.16,4,19,table,1
1130161_neurosketch,27,furniture,table,282,127,1,189004.16,4,19,table,0
1130161_neurosketch,27,furniture,chair,283,128,0,192002.96,4,19,chair,1
1130161_neurosketch,27,furniture,chair,283,129,0,192002.96,4,19,chair,0
1130161_neurosketch,27,furniture,chair,283,130,0,192002.96,4,19,chair,0
1130161_neurosketch,27,furniture,bed,284,131,1,196502.29,4,15,bed,1
1130161_neurosketch,27,furniture,bed,284,132,1,196502.29,4,15,bed,0
1130161_neurosketch,27,furniture,bed,284,133,1,196502.29,4,15,bed,0
1130161_neurosketch,27,furniture,table,285,134,1,201002.99,4,18,table,1
1130161_neurosketch,27,furniture,table,285,135,1,201002.99,4,18,table,0
1130161_neurosketch,27,furniture,table,285,136,1,201002.99,4,18,table,0
1130161_neurosketch,27,furniture,bench,286,137,0,205502.92,4,38,bench,1
1130161_neurosketch,27,furniture,bench,286,138,0,205502.92,4,38,bench,0
1130161_neurosketch,27,furniture,bench,286,139,0,205502.92,4,38,bench,0
1130161_neurosketch,27,furniture,bench,286,140,0,205502.92,4,38,bench,0
1130161_neurosketch,27,furniture,chair,287,141,0,211504.05,4,29,chair,1
1130161_neurosketch,27,furniture,chair,287,142,0,211504.05,4,29,chair,0
1130161_neurosketch,27,furniture,chair,287,143,0,211504.05,4,29,chair,0
1130161_neurosketch,27,furniture,bed,288,144,1,216003.36,4,17,bed,1
1130161_neurosketch,27,furniture,bed,288,145,1,216003.36,4,17,bed,0
1130161_neurosketch,27,2,bench,289,146,0,219002.86,4,13,bench,1
1130161_neurosketch,27,2,bench,289,147,0,219002.86,4,13,bench,0
1130161_neurosketch,27,furniture,chair,290,148,0,222002.84,4,3,chair,1
1130161_neurosketch,27,furniture,chair,290,149,0,222002.84,4,3,chair,0
1130161_neurosketch,27,furniture,table,291,150,1,225002.63,4,5,table,1
1130161_neurosketch,27,furniture,table,291,151,1,225002.63,4,5,table,0
1130161_neurosketch,27,furniture,bench,292,152,0,228002.62,4,18,bench,1
1130161_neurosketch,27,furniture,bench,292,153,0,228002.62,4,18,bench,0
1130161_neurosketch,27,furniture,chair,293,154,0,231002.69,4,8,,1
1130161_neurosketch,27,furniture,chair,293,155,0,231002.69,4,8,,0
1130161_neurosketch,27,furniture,chair,293,156,0,231002.69,4,8,,0
1130161_neurosketch,27,furniture,bed,294,157,1,235502.91,4,13,bed,1
1130161_neurosketch,27,furniture,bed,294,158,1,235502.91,4,13,bed,0
1130161_neurosketch,27,furniture,table,295,159,1,238503.06,4,8,table,1
1130161_neurosketch,27,furniture,table,295,160,1,238503.06,4,8,table,0
1130161_neurosketch,27,furniture,bed,296,161,1,241502.11,4,34,bed,1
1130161_neurosketch,27,furniture,bed,296,162,1,241502.11,4,34,bed,0
1130161_neurosketch,27,furniture,bed,296,163,1,241502.11,4,34,bed,0
1130161_neurosketch,27,furniture,bench,297,164,0,246002.33,4,19,bench,1
1130161_neurosketch,27,furniture,bench,297,165,0,246002.33,4,19,bench,0
1130161_neurosketch,27,furniture,bench,297,166,0,246002.33,4,19,bench,0
1130161_neurosketch,27,furniture,table,298,167,1,250502.77,4,35,table,1
1130161_neurosketch,27,furniture,table,298,168,1,250502.77,4,35,table,0
1130161_neurosketch,27,2,chair,299,169,0,253502.21,4,35,chair,1
1130161_neurosketch,27,2,chair,299,170,0,253502.21,4,35,chair,0
1130161_neurosketch,27,2,chair,299,171,0,253502.21,4,35,chair,0
1130161_neurosketch,27,2,chair,299,172,0,253502.21,4,35,chair,0
1130161_neurosketch,27,furniture,chair,300,173,0,259502.81,4,23,chair,1
1130161_neurosketch,27,furniture,chair,300,174,0,259502.81,4,23,chair,0
1130161_neurosketch,27,furniture,chair,300,175,0,259502.81,4,23,chair,0
1130161_neurosketch,27,furniture,table,301,176,1,264002.37,4,36,table,1
1130161_neurosketch,27,furniture,table,301,177,1,264002.37,4,36,table,0
1130161_neurosketch,27,furniture,table,301,178,1,264002.37,4,36,table,0
1130161_neurosketch,27,furniture,bed,302,179,1,268502.12,4,39,bed,1
1130161_neurosketch,27,furniture,bed,302,180,1,268502.12,4,39,bed,0
1130161_neurosketch,27,furniture,bed,302,181,1,268502.12,4,39,bed,0
1130161_neurosketch,27,furniture,bench,303,182,0,273002.18,4,15,bench,1
1130161_neurosketch,27,furniture,bench,303,183,0,273002.18,4,15,bench,0
1130161_neurosketch,27,furniture,bench,303,184,0,273002.18,4,15,bench,0
1130161_neurosketch,27,furniture,bench,303,185,0,273002.18,4,15,bench,0
1130161_neurosketch,27,furniture,bed,304,186,1,279002.75,4,2,bed,1
1130161_neurosketch,27,furniture,bed,304,187,1,279002.75,4,2,bed,0
1130161_neurosketch,27,furniture,bed,304,188,1,279002.75,4,2,bed,0
1130161_neurosketch,27,furniture,bed,304,189,1,279002.75,4,2,bed,0
1130161_neurosketch,27,furniture,table,305,190,1,285002.61,4,11,table,1
1130161_neurosketch,27,furniture,table,305,191,1,285002.61,4,11,table,0
1130161_neurosketch,27,furniture,chair,306,192,0,288001.82,4,1,chair,1
1130161_neurosketch,27,furniture,chair,306,193,0,288001.82,4,1,chair,0
1130161_neurosketch,27,furniture,chair,306,194,0,288001.82,4,1,chair,0
1130161_neurosketch,27,furniture,chair,306,195,0,288001.82,4,1,chair,0
1130161_neurosketch,27,furniture,bench,307,196,0,294003.39,4,35,bench,1
1130161_neurosketch,27,furniture,bench,307,197,0,294003.39,4,35,bench,0
1130161_neurosketch,27,furniture,bed,308,198,1,297002.67,4,29,bed,1
1130161_neurosketch,27,furniture,bed,308,199,1,297002.67,4,29,bed,0
1130161_neurosketch,27,furniture,bed,308,200,1,297002.67,4,29,bed,0
1130161_neurosketch,27,2,table,309,201,1,301503.02,4,21,table,1
1130161_neurosketch,27,2,table,309,202,1,301503.02,4,21,table,0
1130161_neurosketch,27,furniture,bench,310,203,0,304502.63,4,36,bench,1
1130161_neurosketch,27,furniture,bench,310,204,0,304502.63,4,36,bench,0
1130161_neurosketch,27,furniture,bench,310,205,0,304502.63,4,36,bench,0
1130161_neurosketch,27,furniture,chair,311,206,0,309002.84,4,37,bench,1
1130161_neurosketch,27,furniture,chair,311,207,0,309002.84,4,37,bench,0
1130161_neurosketch,27,furniture,chair,311,208,0,309002.84,4,37,bench,0
1130161_neurosketch,27,furniture,chair,311,209,0,309002.84,4,37,bench,0
1130161_neurosketch,27,furniture,table,312,210,1,315002.27,4,7,table,1
1130161_neurosketch,27,furniture,table,312,211,1,315002.27,4,7,table,0
1130161_neurosketch,27,furniture,table,312,212,1,315002.27,4,7,table,0
1130161_neurosketch,27,furniture,chair,313,213,0,319502.72,4,36,bench,1
1130161_neurosketch,27,furniture,chair,313,214,0,319502.72,4,36,bench,0
1130161_neurosketch,27,furniture,chair,313,215,0,319502.72,4,36,bench,0
1130161_neurosketch,27,furniture,chair,313,216,0,319502.72,4,36,bench,0
1130161_neurosketch,27,furniture,bench,314,217,0,325503.23,4,29,bench,1
1130161_neurosketch,27,furniture,bench,314,218,0,325503.23,4,29,bench,0
1130161_neurosketch,27,furniture,bed,315,219,1,328503.4,4,35,bed,1
1130161_neurosketch,27,furniture,bed,315,220,1,328503.4,4,35,bed,0
1130161_neurosketch,27,furniture,bench,316,221,0,331503.25,4,28,bench,1
1130161_neurosketch,27,furniture,bench,316,222,0,331503.25,4,28,bench,0
1130161_neurosketch,27,furniture,bed,317,223,1,334502.61,4,27,bed,1
1130161_neurosketch,27,furniture,bed,317,224,1,334502.61,4,27,bed,0
1130161_neurosketch,27,furniture,bed,317,225,1,334502.61,4,27,bed,0
1130161_neurosketch,27,furniture,table,318,226,1,339001.6,4,25,table,1
1130161_neurosketch,27,furniture,table,318,227,1,339001.6,4,25,table,0
1130161_neurosketch,27,furniture,table,318,228,1,339001.6,4,25,table,0
1130161_neurosketch,27,furniture,table,318,229,1,339001.6,4,25,table,0
1130161_neurosketch,27,2,chair,319,230,0,345002.84,4,14,chair,1
1130161_neurosketch,27,2,chair,319,231,0,345002.84,4,14,chair,0
1130161_neurosketch,27,2,chair,319,232,0,345002.84,4,14,chair,0
1130161_neurosketch,27,2,chair,319,233,0,345002.84,4,14,chair,0
1130161_neurosketch,27,2,chair,319,234,0,345002.84,4,14,chair,0
1130161_neurosketch,27,2,chair,319,235,0,345002.84,4,14,chair,0
1130161_neurosketch,27,2,chair,319,236,0,345002.84,4,14,chair,0
1130161_neurosketch,27,2,chair,319,237,0,345002.84,4,14,chair,0
1130161_neurosketch,27,2,chair,319,238,0,345002.84,4,14,chair,0
1130161_neurosketch,27,2,chair,319,239,0,345002.84,4,14,chair,0
1130161_neurosketch,27,furniture,chair,360,0,-1,0.0,9,14,,0
1130161_neurosketch,27,furniture,chair,360,1,-1,0.0,9,14,,0
1130161_neurosketch,27,furniture,chair,360,2,-1,0.0,9,14,,0
1130161_neurosketch,27,furniture,chair,360,3,-1,0.0,9,14,,0
1130161_neurosketch,27,furniture,chair,360,4,-1,0.0,9,14,,0
1130161_neurosketch,27,furniture,chair,360,5,-1,0.0,9,14,,0
1130161_neurosketch,27,furniture,chair,360,6,-1,0.0,9,14,,0
1130161_neurosketch,27,furniture,chair,360,7,-1,0.0,9,14,,0
1130161_neurosketch,27,furniture,chair,360,8,0,12002.85,9,14,,1
1130161_neurosketch,27,furniture,chair,360,9,0,12002.85,9,14,,0
1130161_neurosketch,27,furniture,chair,360,10,0,12002.85,9,14,,0
1130161_neurosketch,27,furniture,table,361,11,1,16502.16,9,25,table,1
1130161_neurosketch,27,furniture,table,361,12,1,16502.16,9,25,table,0
1130161_neurosketch,27,furniture,table,361,13,1,16502.16,9,25,table,0
1130161_neurosketch,27,furniture,bed,362,14,1,21001.68,9,27,bed,1
1130161_neurosketch,27,furniture,bed,362,15,1,21001.68,9,27,bed,0
1130161_neurosketch,27,furniture,bench,363,16,0,24002.57,9,28,bench,1
1130161_neurosketch,27,furniture,bench,363,17,0,24002.57,9,28,bench,0
1130161_neurosketch,27,furniture,bench,363,18,0,24002.57,9,28,bench,0
1130161_neurosketch,27,furniture,bed,364,19,1,28501.48,9,35,bed,1
1130161_neurosketch,27,furniture,bed,364,20,1,28501.48,9,35,bed,0
1130161_neurosketch,27,furniture,bed,364,21,1,28501.48,9,35,bed,0
1130161_neurosketch,27,furniture,bench,365,22,0,33001.78,9,29,bench,1
1130161_neurosketch,27,furniture,bench,365,23,0,33001.78,9,29,bench,0
1130161_neurosketch,27,furniture,bench,365,24,0,33001.78,9,29,bench,0
1130161_neurosketch,27,furniture,chair,366,25,0,37502.32,9,36,chair,1
1130161_neurosketch,27,furniture,chair,366,26,0,37502.32,9,36,chair,0
1130161_neurosketch,27,furniture,chair,366,27,0,37502.32,9,36,chair,0
1130161_neurosketch,27,furniture,chair,366,28,0,37502.32,9,36,chair,0
1130161_neurosketch,27,furniture,table,367,29,1,43502.49,9,7,table,1
1130161_neurosketch,27,furniture,table,367,30,1,43502.49,9,7,table,0
1130161_neurosketch,27,furniture,table,367,31,1,43502.49,9,7,table,0
1130161_neurosketch,27,furniture,chair,368,32,0,48003.17,9,37,chair,1
1130161_neurosketch,27,furniture,chair,368,33,0,48003.17,9,37,chair,0
1130161_neurosketch,27,2,bench,369,34,0,51002.81,9,36,bench,1
1130161_neurosketch,27,2,bench,369,35,0,51002.81,9,36,bench,0
1130161_neurosketch,27,furniture,table,370,36,1,54003.06,9,21,table,1
1130161_neurosketch,27,furniture,table,370,37,1,54003.06,9,21,table,0
1130161_neurosketch,27,furniture,bed,371,38,1,57002.89,9,29,bed,1
1130161_neurosketch,27,furniture,bed,371,39,1,57002.89,9,29,bed,0
1130161_neurosketch,27,furniture,bench,372,40,0,60003.18,9,35,bench,1
1130161_neurosketch,27,furniture,bench,372,41,0,60003.18,9,35,bench,0
1130161_neurosketch,27,furniture,chair,373,42,0,63002.51,9,1,chair,1
1130161_neurosketch,27,furniture,chair,373,43,0,63002.51,9,1,chair,0
1130161_neurosketch,27,furniture,chair,373,44,0,63002.51,9,1,chair,0
1130161_neurosketch,27,furniture,table,374,45,1,67501.59,9,11,table,1
1130161_neurosketch,27,furniture,table,374,46,1,67501.59,9,11,table,0
1130161_neurosketch,27,furniture,bed,375,47,1,70501.78,9,2,bed,1
1130161_neurosketch,27,furniture,bed,375,48,1,70501.78,9,2,bed,0
1130161_neurosketch,27,furniture,bench,376,49,0,73502.37,9,15,bench,1
1130161_neurosketch,27,furniture,bench,376,50,0,73502.37,9,15,bench,0
1130161_neurosketch,27,furniture,bench,376,51,0,73502.37,9,15,bench,0
1130161_neurosketch,27,furniture,bed,377,52,1,78002.67,9,39,bed,1
1130161_neurosketch,27,furniture,bed,377,53,1,78002.67,9,39,bed,0
1130161_neurosketch,27,furniture,bed,377,54,1,78002.67,9,39,bed,0
1130161_neurosketch,27,furniture,table,378,55,1,82501.97,9,36,bed,1
1130161_neurosketch,27,furniture,table,378,56,1,82501.97,9,36,bed,0
1130161_neurosketch,27,2,chair,379,57,0,85503.03,9,23,chair,1
1130161_neurosketch,27,2,chair,379,58,0,85503.03,9,23,chair,0
1130161_neurosketch,27,2,chair,379,59,0,85503.03,9,23,chair,0
1130161_neurosketch,27,2,chair,379,60,0,85503.03,9,23,chair,0
1130161_neurosketch,27,furniture,chair,380,61,0,91502.47,9,35,chair,1
1130161_neurosketch,27,furniture,chair,380,62,0,91502.47,9,35,chair,0
1130161_neurosketch,27,furniture,chair,380,63,0,91502.47,9,35,chair,0
1130161_neurosketch,27,furniture,table,381,64,1,96002.38,9,35,table,1
1130161_neurosketch,27,furniture,table,381,65,1,96002.38,9,35,table,0
1130161_neurosketch,27,furniture,table,381,66,1,96002.38,9,35,table,0
1130161_neurosketch,27,furniture,bench,382,67,0,100502.21,9,19,bench,1
1130161_neurosketch,27,furniture,bench,382,68,0,100502.21,9,19,bench,0
1130161_neurosketch,27,furniture,bench,382,69,0,100502.21,9,19,bench,0
1130161_neurosketch,27,furniture,bed,383,70,1,105002.51,9,34,bed,1
1130161_neurosketch,27,furniture,bed,383,71,1,105002.51,9,34,bed,0
1130161_neurosketch,27,furniture,bed,383,72,1,105002.51,9,34,bed,0
1130161_neurosketch,27,furniture,bed,383,73,1,105002.51,9,34,bed,0
1130161_neurosketch,27,furniture,table,384,74,1,111003.01,9,8,table,1
1130161_neurosketch,27,furniture,table,384,75,1,111003.01,9,8,table,0
1130161_neurosketch,27,furniture,table,384,76,1,111003.01,9,8,table,0
1130161_neurosketch,27,furniture,table,384,77,1,111003.01,9,8,table,0
1130161_neurosketch,27,furniture,bed,385,78,1,117002.76,9,13,bed,1
1130161_neurosketch,27,furniture,bed,385,79,1,117002.76,9,13,bed,0
1130161_neurosketch,27,furniture,chair,386,80,0,120002.21,9,8,chair,1
1130161_neurosketch,27,furniture,chair,386,81,0,120002.21,9,8,chair,0
1130161_neurosketch,27,furniture,chair,386,82,0,120002.21,9,8,chair,0
1130161_neurosketch,27,furniture,chair,386,83,0,120002.21,9,8,chair,0
1130161_neurosketch,27,furniture,bench,387,84,0,126002.67,9,18,bench,1
1130161_neurosketch,27,furniture,bench,387,85,0,126002.67,9,18,bench,0
1130161_neurosketch,27,furniture,table,388,86,1,129002.69,9,5,table,1
1130161_neurosketch,27,furniture,table,388,87,1,129002.69,9,5,table,0
1130161_neurosketch,27,furniture,table,388,88,1,129002.69,9,5,table,0
1130161_neurosketch,27,2,chair,389,89,0,133502.38,9,3,chair,1
1130161_neurosketch,27,2,chair,389,90,0,133502.38,9,3,chair,0
1130161_neurosketch,27,furniture,bench,390,91,0,136502.67,9,13,bench,1
1130161_neurosketch,27,furniture,bench,390,92,0,136502.67,9,13,bench,0
1130161_neurosketch,27,furniture,bench,390,93,0,136502.67,9,13,bench,0
1130161_neurosketch,27,furniture,bed,391,94,1,141002.59,9,17,,1
1130161_neurosketch,27,furniture,bed,391,95,1,141002.59,9,17,,0
1130161_neurosketch,27,furniture,bed,391,96,1,141002.59,9,17,,0
1130161_neurosketch,27,furniture,bed,391,97,1,141002.59,9,17,,0
1130161_neurosketch,27,furniture,chair,392,98,0,147002.67,9,29,chair,1
1130161_neurosketch,27,furniture,chair,392,99,0,147002.67,9,29,chair,0
1130161_neurosketch,27,furniture,chair,392,100,0,147002.67,9,29,chair,0
1130161_neurosketch,27,furniture,bench,393,101,0,151502.85,9,38,bench,1
1130161_neurosketch,27,furniture,bench,393,102,0,151502.85,9,38,bench,0
1130161_neurosketch,27,furniture,bench,393,103,0,151502.85,9,38,bench,0
1130161_neurosketch,27,furniture,bench,393,104,0,151502.85,9,38,bench,0
1130161_neurosketch,27,furniture,table,394,105,1,157502.32,9,18,table,1
1130161_neurosketch,27,furniture,table,394,106,1,157502.32,9,18,table,0
1130161_neurosketch,27,furniture,bed,395,107,1,160502.22,9,15,,1
1130161_neurosketch,27,furniture,bed,395,108,1,160502.22,9,15,,0
1130161_neurosketch,27,furniture,chair,396,109,0,163501.89,9,19,chair,1
1130161_neurosketch,27,furniture,chair,396,110,0,163501.89,9,19,chair,0
1130161_neurosketch,27,furniture,table,397,111,1,166502.16,9,19,table,1
1130161_neurosketch,27,furniture,table,397,112,1,166502.16,9,19,table,0
1130161_neurosketch,27,furniture,table,397,113,1,166502.16,9,19,table,0
1130161_neurosketch,27,furniture,bed,398,114,1,171002.27,9,31,bed,1
1130161_neurosketch,27,furniture,bed,398,115,1,171002.27,9,31,bed,0
1130161_neurosketch,27,furniture,bed,398,116,1,171002.27,9,31,bed,0
1130161_neurosketch,27,furniture,bed,398,117,1,171002.27,9,31,bed,0
1130161_neurosketch,27,2,bench,399,118,0,177002.85,9,24,bench,1
1130161_neurosketch,27,2,bench,399,119,0,177002.85,9,24,bench,0
1130161_neurosketch,27,furniture,bench,400,120,0,180002.75,9,16,bench,1
1130161_neurosketch,27,furniture,bench,400,121,0,180002.75,9,16,bench,0
1130161_neurosketch,27,furniture,bench,400,122,0,180002.75,9,16,bench,0
1130161_neurosketch,27,furniture,chair,401,123,0,184502.39,9,24,chair,1
1130161_neurosketch,27,furniture,chair,401,124,0,184502.39,9,24,chair,0
1130161_neurosketch,27,furniture,chair,401,125,0,184502.39,9,24,chair,0
1130161_neurosketch,27,furniture,table,402,126,1,189002.44,9,26,table,1
1130161_neurosketch,27,furniture,table,402,127,1,189002.44,9,26,table,0
1130161_neurosketch,27,furniture,bed,403,128,1,192002.36,9,5,bed,1
1130161_neurosketch,27,furniture,bed,403,129,1,192002.36,9,5,bed,0
1130161_neurosketch,27,furniture,bed,403,130,1,192002.36,9,5,bed,0
1130161_neurosketch,27,furniture,table,404,131,1,196502.51,9,13,table,1
1130161_neurosketch,27,furniture,table,404,132,1,196502.51,9,13,table,0
1130161_neurosketch,27,furniture,table,404,133,1,196502.51,9,13,table,0
1130161_neurosketch,27,furniture,bed,405,134,1,201002.87,9,1,bed,1
1130161_neurosketch,27,furniture,bed,405,135,1,201002.87,9,1,bed,0
1130161_neurosketch,27,furniture,bed,405,136,1,201002.87,9,1,bed,0
1130161_neurosketch,27,furniture,bench,406,137,0,205502.44,9,5,bench,1
1130161_neurosketch,27,furniture,bench,406,138,0,205502.44,9,5,bench,0
1130161_neurosketch,27,furniture,bench,406,139,0,205502.44,9,5,bench,0
1130161_neurosketch,27,furniture,bench,406,140,0,205502.44,9,5,bench,0
1130161_neurosketch,27,furniture,chair,407,141,0,211502.17,9,20,chair,1
1130161_neurosketch,27,furniture,chair,407,142,0,211502.17,9,20,chair,0
1130161_neurosketch,27,furniture,chair,407,143,0,211502.17,9,20,chair,0
1130161_neurosketch,27,furniture,chair,408,144,0,216002.42,9,33,chair,1
1130161_neurosketch,27,furniture,chair,408,145,0,216002.42,9,33,chair,0
1130161_neurosketch,27,2,bed,409,146,1,219002.42,9,12,bed,1
1130161_neurosketch,27,2,bed,409,147,1,219002.42,9,12,bed,0
1130161_neurosketch,27,furniture,bench,410,148,0,222002.6,9,0,bench,1
1130161_neurosketch,27,furniture,bench,410,149,0,222002.6,9,0,bench,0
1130161_neurosketch,27,furniture,table,411,150,1,225002.51,9,39,table,1
1130161_neurosketch,27,furniture,table,411,151,1,225002.51,9,39,table,0
1130161_neurosketch,27,furniture,bed,412,152,1,228002.98,9,30,bed,1
1130161_neurosketch,27,furniture,bed,412,153,1,228002.98,9,30,bed,0
1130161_neurosketch,27,furniture,table,413,154,1,231002.55,9,31,table,1
1130161_neurosketch,27,furniture,table,413,155,1,231002.55,9,31,table,0
1130161_neurosketch,27,furniture,table,413,156,1,231002.55,9,31,table,0
1130161_neurosketch,27,furniture,chair,414,157,0,235502.28,9,38,chair,1
1130161_neurosketch,27,furniture,chair,414,158,0,235502.28,9,38,chair,0
1130161_neurosketch,27,furniture,bench,415,159,0,238502.93,9,3,bench,1
1130161_neurosketch,27,furniture,bench,415,160,0,238502.93,9,3,bench,0
1130161_neurosketch,27,furniture,table,416,161,1,241502.09,9,32,table,1
1130161_neurosketch,27,furniture,table,416,162,1,241502.09,9,32,table,0
1130161_neurosketch,27,furniture,table,416,163,1,241502.09,9,32,table,0
1130161_neurosketch,27,furniture,bench,417,164,0,246004.53,9,23,bench,1
1130161_neurosketch,27,furniture,bench,417,165,0,246004.53,9,23,bench,0
1130161_neurosketch,27,furniture,bench,417,166,0,246004.53,9,23,bench,0
1130161_neurosketch,27,furniture,bed,418,167,1,250502.67,9,11,bed,1
1130161_neurosketch,27,furniture,bed,418,168,1,250502.67,9,11,bed,0
1130161_neurosketch,27,2,chair,419,169,0,253502.43,9,2,chair,1
1130161_neurosketch,27,2,chair,419,170,0,253502.43,9,2,chair,0
1130161_neurosketch,27,2,chair,419,171,0,253502.43,9,2,chair,0
1130161_neurosketch,27,2,chair,419,172,0,253502.43,9,2,chair,0
1130161_neurosketch,27,furniture,bed,420,173,1,259502.64,9,26,bed,1
1130161_neurosketch,27,furniture,bed,420,174,1,259502.64,9,26,bed,0
1130161_neurosketch,27,furniture,bed,420,175,1,259502.64,9,26,bed,0
1130161_neurosketch,27,furniture,table,421,176,1,264003.03,9,4,table,1
1130161_neurosketch,27,furniture,table,421,177,1,264003.03,9,4,table,0
1130161_neurosketch,27,furniture,table,421,178,1,264003.03,9,4,table,0
1130161_neurosketch,27,furniture,bench,422,179,0,268504.04,9,9,bench,1
1130161_neurosketch,27,furniture,bench,422,180,0,268504.04,9,9,bench,0
1130161_neurosketch,27,furniture,bench,422,181,0,268504.04,9,9,bench,0
1130161_neurosketch,27,furniture,chair,423,182,0,273002.63,9,11,chair,1
1130161_neurosketch,27,furniture,chair,423,183,0,273002.63,9,11,chair,0
1130161_neurosketch,27,furniture,chair,423,184,0,273002.63,9,11,chair,0
1130161_neurosketch,27,furniture,chair,423,185,0,273002.63,9,11,chair,0
1130161_neurosketch,27,furniture,bench,424,186,0,279003.11,9,8,bench,1
1130161_neurosketch,27,furniture,bench,424,187,0,279003.11,9,8,bench,0
1130161_neurosketch,27,furniture,bench,424,188,0,279003.11,9,8,bench,0
1130161_neurosketch,27,furniture,bench,424,189,0,279003.11,9,8,bench,0
1130161_neurosketch,27,furniture,chair,425,190,0,285002.74,9,39,chair,1
1130161_neurosketch,27,furniture,chair,425,191,0,285002.74,9,39,chair,0
1130161_neurosketch,27,furniture,table,426,192,1,288002.48,9,23,,1
1130161_neurosketch,27,furniture,table,426,193,1,288002.48,9,23,,0
1130161_neurosketch,27,furniture,table,426,194,1,288002.48,9,23,,0
1130161_neurosketch,27,furniture,table,426,195,1,288002.48,9,23,,0
1130161_neurosketch,27,furniture,bed,427,196,1,294002.11,9,18,bed,1
1130161_neurosketch,27,furniture,bed,427,197,1,294002.11,9,18,bed,0
1130161_neurosketch,27,furniture,bench,428,198,0,297002.69,9,2,,1
1130161_neurosketch,27,furniture,bench,428,199,0,297002.69,9,2,,0
1130161_neurosketch,27,furniture,bench,428,200,0,297002.69,9,2,,0
1130161_neurosketch,27,2,table,429,201,1,301502.32,9,22,table,1
1130161_neurosketch,27,2,table,429,202,1,301502.32,9,22,table,0
1130161_neurosketch,27,furniture,bed,430,203,1,304502.42,9,36,,1
1130161_neurosketch,27,furniture,bed,430,204,1,304502.42,9,36,,0
1130161_neurosketch,27,furniture,bed,430,205,1,304502.42,9,36,,0
1130161_neurosketch,27,furniture,chair,431,206,0,309003.29,9,22,chair,1
1130161_neurosketch,27,furniture,chair,431,207,0,309003.29,9,22,chair,0
1130161_neurosketch,27,furniture,chair,431,208,0,309003.29,9,22,chair,0
1130161_neurosketch,27,furniture,chair,431,209,0,309003.29,9,22,chair,0
1130161_neurosketch,27,furniture,chair,432,210,0,315003.38,9,31,,1
1130161_neurosketch,27,furniture,chair,432,211,0,315003.38,9,31,,0
1130161_neurosketch,27,furniture,chair,432,212,0,315003.38,9,31,,0
1130161_neurosketch,27,furniture,bed,433,213,1,319502.73,9,6,bed,1
1130161_neurosketch,27,furniture,bed,433,214,1,319502.73,9,6,bed,0
1130161_neurosketch,27,furniture,bed,433,215,1,319502.73,9,6,bed,0
1130161_neurosketch,27,furniture,bed,433,216,1,319502.73,9,6,bed,0
1130161_neurosketch,27,furniture,table,434,217,1,325502.16,9,17,table,1
1130161_neurosketch,27,furniture,table,434,218,1,325502.16,9,17,table,0
1130161_neurosketch,27,furniture,bench,435,219,0,328501.15,9,14,bench,1
1130161_neurosketch,27,furniture,bench,435,220,0,328501.15,9,14,bench,0
1130161_neurosketch,27,furniture,chair,436,221,0,331501.19,9,18,chair,1
1130161_neurosketch,27,furniture,chair,436,222,0,331501.19,9,18,chair,0
1130161_neurosketch,27,furniture,bed,437,223,1,334502.26,9,3,bed,1
1130161_neurosketch,27,furniture,bed,437,224,1,334502.26,9,3,bed,0
1130161_neurosketch,27,furniture,bed,437,225,1,334502.26,9,3,bed,0
1130161_neurosketch,27,furniture,table,438,226,1,339002.46,9,16,bed,1
1130161_neurosketch,27,furniture,table,438,227,1,339002.46,9,16,bed,0
1130161_neurosketch,27,furniture,table,438,228,1,339002.46,9,16,bed,0
1130161_neurosketch,27,furniture,table,438,229,1,339002.46,9,16,bed,0
1130161_neurosketch,27,2,bench,439,230,0,345002.71,9,20,bench,1
1130161_neurosketch,27,2,bench,439,231,0,345002.71,9,20,bench,0
1130161_neurosketch,27,2,bench,439,232,0,345002.71,9,20,bench,0
1130161_neurosketch,27,2,bench,439,233,0,345002.71,9,20,bench,0
1130161_neurosketch,27,2,bench,439,234,0,345002.71,9,20,bench,0
1130161_neurosketch,27,2,bench,439,235,0,345002.71,9,20,bench,0
1130161_neurosketch,27,2,bench,439,236,0,345002.71,9,20,bench,0
1130161_neurosketch,27,2,bench,439,237,0,345002.71,9,20,bench,0
1130161_neurosketch,27,2,bench,439,238,0,345002.71,9,20,bench,0
1130161_neurosketch,27,2,bench,439,239,0,345002.71,9,20,bench,0
1130161_neurosketch,27,furniture,bed,440,0,-1,0.0,10,28,bed,0
1130161_neurosketch,27,furniture,bed,440,1,-1,0.0,10,28,bed,0
1130161_neurosketch,27,furniture,bed,440,2,-1,0.0,10,28,bed,0
1130161_neurosketch,27,furniture,bed,440,3,-1,0.0,10,28,bed,0
1130161_neurosketch,27,furniture,bed,440,4,-1,0.0,10,28,bed,0
1130161_neurosketch,27,furniture,bed,440,5,-1,0.0,10,28,bed,0
1130161_neurosketch,27,furniture,bed,440,6,-1,0.0,10,28,bed,0
1130161_neurosketch,27,furniture,bed,440,7,-1,0.0,10,28,bed,0
1130161_neurosketch,27,furniture,bed,440,8,1,12001.4,10,28,bed,1
1130161_neurosketch,27,furniture,bed,440,9,1,12001.4,10,28,bed,0
1130161_neurosketch,27,furniture,bed,440,10,1,12001.4,10,28,bed,0
1130161_neurosketch,27,furniture,table,441,11,1,16501.75,10,3,table,1
1130161_neurosketch,27,furniture,table,441,12,1,16501.75,10,3,table,0
1130161_neurosketch,27,furniture,table,441,13,1,16501.75,10,3,table,0
1130161_neurosketch,27,furniture,bench,442,14,0,21001.44,10,10,bench,1
1130161_neurosketch,27,furniture,bench,442,15,0,21001.44,10,10,bench,0
1130161_neurosketch,27,furniture,chair,443,16,0,24002.19,10,0,bench,1
1130161_neurosketch,27,furniture,chair,443,17,0,24002.19,10,0,bench,0
1130161_neurosketch,27,furniture,chair,443,18,0,24002.19,10,0,bench,0
1130161_neurosketch,27,furniture,bed,444,19,1,28501.56,10,4,bed,1
1130161_neurosketch,27,furniture,bed,444,20,1,28501.56,10,4,bed,0
1130161_neurosketch,27,furniture,bed,444,21,1,28501.56,10,4,bed,0
1130161_neurosketch,27,furniture,table,445,22,1,33001.36,10,15,table,1
1130161_neurosketch,27,furniture,table,445,23,1,33001.36,10,15,table,0
1130161_neurosketch,27,furniture,table,445,24,1,33001.36,10,15,table,0
1130161_neurosketch,27,furniture,bench,446,25,0,37502.43,10,32,bench,1
1130161_neurosketch,27,furniture,bench,446,26,0,37502.43,10,32,bench,0
1130161_neurosketch,27,furniture,bench,446,27,0,37502.43,10,32,bench,0
1130161_neurosketch,27,furniture,bench,446,28,0,37502.43,10,32,bench,0
1130161_neurosketch,27,furniture,chair,447,29,0,43502.19,10,26,chair,1
1130161_neurosketch,27,furniture,chair,447,30,0,43502.19,10,26,chair,0
1130161_neurosketch,27,furniture,chair,447,31,0,43502.19,10,26,chair,0
1130161_neurosketch,27,furniture,chair,448,32,0,48001.46,10,34,chair,1
1130161_neurosketch,27,furniture,chair,448,33,0,48001.46,10,34,chair,0
1130161_neurosketch,27,2,bed,449,34,1,51001.55,10,20,bed,1
1130161_neurosketch,27,2,bed,449,35,1,51001.55,10,20,bed,0
1130161_neurosketch,27,2,bed,449,36,1,51001.55,10,20,bed,0
1130161_neurosketch,27,furniture,bench,450,37,0,54960.17,10,11,,1
1130161_neurosketch,27,furniture,table,451,38,1,57001.98,10,10,table,1
1130161_neurosketch,27,furniture,table,451,39,1,57001.98,10,10,table,0
1130161_neurosketch,27,furniture,chair,452,40,0,60001.5,10,25,chair,1
1130161_neurosketch,27,furniture,chair,452,41,0,60001.5,10,25,chair,0
1130161_neurosketch,27,furniture,bench,453,42,0,63002.42,10,1,bench,1
1130161_neurosketch,27,furniture,bench,453,43,0,63002.42,10,1,bench,0
1130161_neurosketch,27,furniture,bench,453,44,0,63002.42,10,1,bench,0
1130161_neurosketch,27,furniture,table,454,45,1,67501.75,10,33,table,1
1130161_neurosketch,27,furniture,table,454,46,1,67501.75,10,33,table,0
1130161_neurosketch,27,furniture,bed,455,47,1,70501.59,10,23,bed,1
1130161_neurosketch,27,furniture,bed,455,48,1,70501.59,10,23,bed,0
1130161_neurosketch,27,furniture,bed,456,49,1,73504.29,10,14,bed,1
1130161_neurosketch,27,furniture,bed,456,50,1,73504.29,10,14,bed,0
1130161_neurosketch,27,furniture,bed,456,51,1,73504.29,10,14,bed,0
1130161_neurosketch,27,furniture,table,457,52,1,78001.84,10,12,table,1
1130161_neurosketch,27,furniture,table,457,53,1,78001.84,10,12,table,0
1130161_neurosketch,27,furniture,table,457,54,1,78001.84,10,12,table,0
1130161_neurosketch,27,furniture,chair,458,55,0,82502.49,10,6,chair,1
1130161_neurosketch,27,furniture,chair,458,56,0,82502.49,10,6,chair,0
1130161_neurosketch,27,2,bench,459,57,0,85502.75,10,12,bench,1
1130161_neurosketch,27,2,bench,459,58,0,85502.75,10,12,bench,0
1130161_neurosketch,27,2,bench,459,59,0,85502.75,10,12,bench,0
1130161_neurosketch,27,2,bench,459,60,0,85502.75,10,12,bench,0
1130161_neurosketch,27,furniture,bench,460,61,0,91501.64,10,27,bench,1
1130161_neurosketch,27,furniture,bench,460,62,0,91501.64,10,27,bench,0
1130161_neurosketch,27,furniture,bench,460,63,0,91501.64,10,27,bench,0
1130161_neurosketch,27,furniture,table,461,64,1,96002.38,10,38,table,1
1130161_neurosketch,27,furniture,table,461,65,1,96002.38,10,38,table,0
1130161_neurosketch,27,furniture,table,461,66,1,96002.38,10,38,table,0
1130161_neurosketch,27,furniture,bed,462,67,1,100501.81,10,25,bed,1
1130161_neurosketch,27,furniture,bed,462,68,1,100501.81,10,25,bed,0
1130161_neurosketch,27,furniture,bed,462,69,1,100501.81,10,25,bed,0
1130161_neurosketch,27,furniture,chair,463,70,0,105001.94,10,17,chair,1
1130161_neurosketch,27,furniture,chair,463,71,0,105001.94,10,17,chair,0
1130161_neurosketch,27,furniture,chair,463,72,0,105001.94,10,17,chair,0
1130161_neurosketch,27,furniture,chair,463,73,0,105001.94,10,17,chair,0
1130161_neurosketch,27,furniture,bed,464,74,1,111001.84,10,32,bed,1
1130161_neurosketch,27,furniture,bed,464,75,1,111001.84,10,32,bed,0
1130161_neurosketch,27,furniture,bed,464,76,1,111001.84,10,32,bed,0
1130161_neurosketch,27,furniture,bed,464,77,1,111001.84,10,32,bed,0
1130161_neurosketch,27,furniture,bench,465,78,0,117001.76,10,37,bench,1
1130161_neurosketch,27,furniture,bench,465,79,0,117001.76,10,37,bench,0
1130161_neurosketch,27,furniture,chair,466,80,0,120002.48,10,4,bench,1
1130161_neurosketch,27,furniture,chair,466,81,0,120002.48,10,4,bench,0
1130161_neurosketch,27,furniture,chair,466,82,0,120002.48,10,4,bench,0
1130161_neurosketch,27,furniture,chair,466,83,0,120002.48,10,4,bench,0
1130161_neurosketch,27,furniture,table,467,84,1,126002.37,10,6,table,1
1130161_neurosketch,27,furniture,table,467,85,1,126002.37,10,6,table,0
1130161_neurosketch,27,furniture,bed,468,86,1,129003.15,10,37,bed,1
1130161_neurosketch,27,furniture,bed,468,87,1,129003.15,10,37,bed,0
1130161_neurosketch,27,furniture,bed,468,88,1,129003.15,10,37,bed,0
1130161_neurosketch,27,2,chair,469,89,0,133502.83,10,12,chair,1
1130161_neurosketch,27,2,chair,469,90,0,133502.83,10,12,chair,0
1130161_neurosketch,27,furniture,table,470,91,1,136502.65,10,2,table,1
1130161_neurosketch,27,furniture,table,470,92,1,136502.65,10,2,table,0
1130161_neurosketch,27,furniture,table,470,93,1,136502.65,10,2,table,0
1130161_neurosketch,27,furniture,bench,471,94,0,141003.04,10,34,bench,1
1130161_neurosketch,27,furniture,bench,471,95,0,141003.04,10,34,bench,0
1130161_neurosketch,27,furniture,bench,471,96,0,141003.04,10,34,bench,0
1130161_neurosketch,27,furniture,bench,471,97,0,141003.04,10,34,bench,0
1130161_neurosketch,27,furniture,bed,472,98,1,147002.8,10,22,bed,1
1130161_neurosketch,27,furniture,bed,472,99,1,147002.8,10,22,bed,0
1130161_neurosketch,27,furniture,bed,472,100,1,147002.8,10,22,bed,0
1130161_neurosketch,27,furniture,chair,473,101,0,151502.96,10,21,chair,1
1130161_neurosketch,27,furniture,chair,473,102,0,151502.96,10,21,chair,0
1130161_neurosketch,27,furniture,chair,473,103,0,151502.96,10,21,chair,0
1130161_neurosketch,27,furniture,chair,473,104,0,151502.96,10,21,chair,0
1130161_neurosketch,27,furniture,bench,474,105,0,157502.5,10,17,bench,1
1130161_neurosketch,27,furniture,bench,474,106,0,157502.5,10,17,bench,0
1130161_neurosketch,27,furniture,table,475,107,1,160502.17,10,37,bed,1
1130161_neurosketch,27,furniture,table,475,108,1,160502.17,10,37,bed,0
1130161_neurosketch,27,furniture,chair,476,109,0,163503.13,10,28,chair,1
1130161_neurosketch,27,furniture,chair,476,110,0,163503.13,10,28,chair,0
1130161_neurosketch,27,furniture,bench,477,111,0,166502.45,10,22,bench,1
1130161_neurosketch,27,furniture,bench,477,112,0,166502.45,10,22,bench,0
1130161_neurosketch,27,furniture,bench,477,113,0,166502.45,10,22,bench,0
1130161_neurosketch,27,furniture,table,478,114,1,171002.35,10,9,table,1
1130161_neurosketch,27,furniture,table,478,115,1,171002.35,10,9,table,0
1130161_neurosketch,27,furniture,table,478,116,1,171002.35,10,9,table,0
1130161_neurosketch,27,furniture,table,478,117,1,171002.35,10,9,table,0
1130161_neurosketch,27,2,bed,479,118,1,177004.14,10,19,bed,1
1130161_neurosketch,27,2,bed,479,119,1,177004.14,10,19,bed,0
1130161_neurosketch,27,furniture,bed,480,120,1,180003.03,10,24,bed,1
1130161_neurosketch,27,furniture,bed,480,121,1,180003.03,10,24,bed,0
1130161_neurosketch,27,furniture,bed,480,122,1,180003.03,10,24,bed,0
1130161_neurosketch,27,furniture,bench,481,123,0,184503.07,10,4,bench,1
1130161_neurosketch,27,furniture,bench,481,124,0,184503.07,10,4,bench,0
1130161_neurosketch,27,furniture,bench,481,125,0,184503.07,10,4,bench,0
1130161_neurosketch,27,furniture,table,482,126,1,189002.47,10,14,table,1
1130161_neurosketch,27,furniture,table,482,127,1,189002.47,10,14,table,0
1130161_neurosketch,27,furniture,chair,483,128,0,192002.87,10,27,chair,1
1130161_neurosketch,27,furniture,chair,483,129,0,192002.87,10,27,chair,0
1130161_neurosketch,27,furniture,chair,483,130,0,192002.87,10,27,chair,0
1130161_neurosketch,27,furniture,table,484,131,1,196503.52,10,28,table,1
1130161_neurosketch,27,furniture,table,484,132,1,196503.52,10,28,table,0
1130161_neurosketch,27,furniture,table,484,133,1,196503.52,10,28,table,0
1130161_neurosketch,27,furniture,bench,485,134,0,201003.07,10,31,bench,1
1130161_neurosketch,27,furniture,bench,485,135,0,201003.07,10,31,bench,0
1130161_neurosketch,27,furniture,bench,485,136,0,201003.07,10,31,bench,0
1130161_neurosketch,27,furniture,bed,486,137,1,205502.83,10,7,,1
1130161_neurosketch,27,furniture,bed,486,138,1,205502.83,10,7,,0
1130161_neurosketch,27,furniture,bed,486,139,1,205502.83,10,7,,0
1130161_neurosketch,27,furniture,bed,486,140,1,205502.83,10,7,,0
1130161_neurosketch,27,furniture,chair,487,141,0,211502.57,10,10,chair,1
1130161_neurosketch,27,furniture,chair,487,142,0,211502.57,10,10,chair,0
1130161_neurosketch,27,furniture,chair,487,143,0,211502.57,10,10,chair,0
1130161_neurosketch,27,furniture,chair,488,144,0,216001.87,10,5,chair,1
1130161_neurosketch,27,furniture,chair,488,145,0,216001.87,10,5,chair,0
1130161_neurosketch,27,2,bench,489,146,0,219002.41,10,6,bench,1
1130161_neurosketch,27,2,bench,489,147,0,219002.41,10,6,bench,0
1130161_neurosketch,27,furniture,table,490,148,1,222002.78,10,0,table,1
1130161_neurosketch,27,furniture,table,490,149,1,222002.78,10,0,table,0
1130161_neurosketch,27,furniture,bed,491,150,1,225002.45,10,0,bed,1
1130161_neurosketch,27,furniture,bed,491,151,1,225002.45,10,0,bed,0
1130161_neurosketch,27,furniture,table,492,152,1,228002.55,10,20,table,1
1130161_neurosketch,27,furniture,table,492,153,1,228002.55,10,20,table,0
1130161_neurosketch,27,furniture,chair,493,154,0,231002.81,10,30,chair,1
1130161_neurosketch,27,furniture,chair,493,155,0,231002.81,10,30,chair,0
1130161_neurosketch,27,furniture,chair,493,156,0,231002.81,10,30,chair,0
1130161_neurosketch,27,furniture,bed,494,157,1,235502.65,10,8,bed,1
1130161_neurosketch,27,furniture,bed,494,158,1,235502.65,10,8,bed,0
1130161_neurosketch,27,furniture,bench,495,159,0,238502.64,10,39,,1
1130161_neurosketch,27,furniture,bench,495,160,0,238502.64,10,39,,0
1130161_neurosketch,27,furniture,bench,496,161,0,241503.14,10,26,bench,1
1130161_neurosketch,27,furniture,bench,496,162,0,241503.14,10,26,bench,0
1130161_neurosketch,27,furniture,bench,496,163,0,241503.14,10,26,bench,0
1130161_neurosketch,27,furniture,table,497,164,1,246002.97,10,29,table,1
1130161_neurosketch,27,furniture,table,497,165,1,246002.97,10,29,table,0
1130161_neurosketch,27,furniture,table,497,166,1,246002.97,10,29,table,0
1130161_neurosketch,27,furniture,chair,498,167,0,250502.34,10,7,chair,1
1130161_neurosketch,27,furniture,chair,498,168,0,250502.34,10,7,chair,0
1130161_neurosketch,27,2,bed,499,169,1,253503.03,10,38,bed,1
1130161_neurosketch,27,2,bed,499,170,1,253503.03,10,38,bed,0
1130161_neurosketch,27,2,bed,499,171,1,253503.03,10,38,bed,0
1130161_neurosketch,27,2,bed,499,172,1,253503.03,10,38,bed,0
1130161_neurosketch,27,furniture,chair,500,173,0,259503.21,10,16,chair,1
1130161_neurosketch,27,furniture,chair,500,174,0,259503.21,10,16,chair,0
1130161_neurosketch,27,furniture,chair,500,175,0,259503.21,10,16,chair,0
1130161_neurosketch,27,furniture,bench,501,176,0,264002.17,10,21,,1
1130161_neurosketch,27,furniture,bench,501,177,0,264002.17,10,21,,0
1130161_neurosketch,27,furniture,bench,501,178,0,264002.17,10,21,,0
1130161_neurosketch,27,furniture,table,502,179,1,268502.88,10,24,table,1
1130161_neurosketch,27,furniture,table,502,180,1,268502.88,10,24,table,0
1130161_neurosketch,27,furniture,table,502,181,1,268502.88,10,24,table,0
1130161_neurosketch,27,furniture,bed,503,182,1,273002.41,10,9,bed,1
1130161_neurosketch,27,furniture,bed,503,183,1,273002.41,10,9,bed,0
1130161_neurosketch,27,furniture,bed,503,184,1,273002.41,10,9,bed,0
1130161_neurosketch,27,furniture,bed,503,185,1,273002.41,10,9,bed,0
1130161_neurosketch,27,furniture,chair,504,186,0,279002.83,10,32,chair,1
1130161_neurosketch,27,furniture,chair,504,187,0,279002.83,10,32,chair,0
1130161_neurosketch,27,furniture,chair,504,188,0,279002.83,10,32,chair,0
1130161_neurosketch,27,furniture,chair,504,189,0,279002.83,10,32,chair,0
1130161_neurosketch,27,furniture,bed,505,190,1,285002.67,10,33,bed,1
1130161_neurosketch,27,furniture,bed,505,191,1,285002.67,10,33,bed,0
1130161_neurosketch,27,furniture,bench,506,192,0,288002.03,10,25,bench,1
1130161_neurosketch,27,furniture,bench,506,193,0,288002.03,10,25,bench,0
1130161_neurosketch,27,furniture,bench,506,194,0,288002.03,10,25,bench,0
1130161_neurosketch,27,furniture,bench,506,195,0,288002.03,10,25,bench,0
1130161_neurosketch,27,furniture,table,507,196,1,294002.23,10,30,table,1
1130161_neurosketch,27,furniture,table,507,197,1,294002.23,10,30,table,0
1130161_neurosketch,27,furniture,chair,508,198,0,297002.82,10,15,chair,1
1130161_neurosketch,27,furniture,chair,508,199,0,297002.82,10,15,chair,0
1130161_neurosketch,27,furniture,chair,508,200,0,297002.82,10,15,chair,0
1130161_neurosketch,27,2,bench,509,201,0,301503.07,10,30,bench,1
1130161_neurosketch,27,2,bench,509,202,0,301503.07,10,30,bench,0
1130161_neurosketch,27,furniture,table,510,203,1,304502.7,10,34,table,1
1130161_neurosketch,27,furniture,table,510,204,1,304502.7,10,34,table,0
1130161_neurosketch,27,furniture,table,510,205,1,304502.7,10,34,table,0
1130161_neurosketch,27,furniture,bed,511,206,1,309002.65,10,16,bed,1
1130161_neurosketch,27,furniture,bed,511,207,1,309002.65,10,16,bed,0
1130161_neurosketch,27,furniture,bed,511,208,1,309002.65,10,16,bed,0
1130161_neurosketch,27,furniture,bed,511,209,1,309002.65,10,16,bed,0
1130161_neurosketch,27,furniture,bed,512,210,1,315003.05,10,10,bed,1
1130161_neurosketch,27,furniture,bed,512,211,1,315003.05,10,10,bed,0
1130161_neurosketch,27,furniture,bed,512,212,1,315003.05,10,10,bed,0
1130161_neurosketch,27,furniture,bench,513,213,0,319502.58,10,7,,1
1130161_neurosketch,27,furniture,bench,513,214,0,319502.58,10,7,,0
1130161_neurosketch,27,furniture,bench,513,215,0,319502.58,10,7,,0
1130161_neurosketch,27,furniture,bench,513,216,0,319502.58,10,7,,0
1130161_neurosketch,27,furniture,chair,514,217,0,325502.83,10,13,chair,1
1130161_neurosketch,27,furniture,chair,514,218,0,325502.83,10,13,chair,0
1130161_neurosketch,27,furniture,table,515,219,1,328503.82,10,27,table,1
1130161_neurosketch,27,furniture,table,515,220,1,328503.82,10,27,table,0
1130161_neurosketch,27,furniture,bed,516,221,1,331503.46,10,21,bed,1
1130161_neurosketch,27,furniture,bed,516,222,1,331503.46,10,21,bed,0
1130161_neurosketch,27,furniture,table,517,223,1,334503.56,10,1,table,1
1130161_neurosketch,27,furniture,table,517,224,1,334503.56,10,1,table,0
1130161_neurosketch,27,furniture,table,517,225,1,334503.56,10,1,table,0
1130161_neurosketch,27,furniture,chair,518,226,0,339002.01,10,9,chair,1
1130161_neurosketch,27,furniture,chair,518,227,0,339002.01,10,9,chair,0
1130161_neurosketch,27,furniture,chair,518,228,0,339002.01,10,9,chair,0
1130161_neurosketch,27,furniture,chair,518,229,0,339002.01,10,9,chair,0
1130161_neurosketch,27,2,bench,519,230,0,345001.46,10,33,bench,1
1130161_neurosketch,27,2,bench,519,231,0,345001.46,10,33,bench,0
1130161_neurosketch,27,2,bench,519,232,0,345001.46,10,33,bench,0
1130161_neurosketch,27,2,bench,519,233,0,345001.46,10,33,bench,0
1130161_neurosketch,27,2,bench,519,234,0,345001.46,10,33,bench,0
1130161_neurosketch,27,2,bench,519,235,0,345001.46,10,33,bench,0
1130161_neurosketch,27,2,bench,519,236,0,345001.46,10,33,bench,0
1130161_neurosketch,27,2,bench,519,237,0,345001.46,10,33,bench,0
1130161_neurosketch,27,2,bench,519,238,0,345001.46,10,33,bench,0
1130161_neurosketch,27,2,bench,519,239,0,345001.46,10,33,bench,0
