wID,versionNum,category,object,trial,TRnum,condition,onset_time,run_num,viewpoint,response,onset
1202161_neurosketch,21,furniture,chair,0,0,-1,0.0,1,0,,0
1202161_neurosketch,21,furniture,chair,0,1,-1,0.0,1,0,,0
1202161_neurosketch,21,furniture,chair,0,2,-1,0.0,1,0,,0
1202161_neurosketch,21,furniture,chair,0,3,-1,0.0,1,0,,0
1202161_neurosketch,21,furniture,chair,0,4,-1,0.0,1,0,,0
1202161_neurosketch,21,furniture,chair,0,5,-1,0.0,1,0,,0
1202161_neurosketch,21,furniture,chair,0,6,-1,0.0,1,0,,0
1202161_neurosketch,21,furniture,chair,0,7,-1,0.0,1,0,,0
1202161_neurosketch,21,furniture,chair,0,8,0,12004.29,1,0,,1
1202161_neurosketch,21,furniture,chair,0,9,0,12004.29,1,0,,0
1202161_neurosketch,21,furniture,chair,0,10,0,12004.29,1,0,,0
1202161_neurosketch,21,furniture,chair,0,11,0,12004.29,1,0,,0
1202161_neurosketch,21,furniture,chair,0,12,0,12004.29,1,0,,0
1202161_neurosketch,21,furniture,chair,0,13,0,12004.29,1,0,,0
1202161_neurosketch,21,furniture,table,1,14,1,21003.21,1,37,,1
1202161_neurosketch,21,furniture,table,1,15,1,21003.21,1,37,,0
1202161_neurosketch,21,furniture,table,1,16,1,21003.21,1,37,,0
1202161_neurosketch,21,furniture,table,1,17,1,21003.21,1,37,,0
1202161_neurosketch,21,furniture,bed,2,18,0,27001.81,1,23,bed,1
1202161_neurosketch,21,furniture,bed,2,19,0,27001.81,1,23,bed,0
1202161_neurosketch,21,furniture,bed,2,20,0,27001.81,1,23,bed,0
1202161_neurosketch,21,furniture,bench,3,21,1,31502.23,1,31,bench,1
1202161_neurosketch,21,furniture,bench,3,22,1,31502.23,1,31,bench,0
1202161_neurosketch,21,furniture,bench,3,23,1,31502.23,1,31,bench,0
1202161_neurosketch,21,furniture,chair,4,24,0,36003.57,1,16,chair,1
1202161_neurosketch,21,furniture,chair,4,25,0,36003.57,1,16,chair,0
1202161_neurosketch,21,furniture,bed,5,26,0,39001.34,1,9,bed,1
1202161_neurosketch,21,furniture,bed,5,27,0,39001.34,1,9,bed,0
1202161_neurosketch,21,furniture,bed,5,28,0,39001.34,1,9,bed,0
1202161_neurosketch,21,furniture,table,6,29,1,43502.52,1,20,table,1
1202161_neurosketch,21,furniture,table,6,30,1,43502.52,1,20,table,0
1202161_neurosketch,21,furniture,bench,7,31,1,46502.28,1,29,bench,1
1202161_neurosketch,21,furniture,bench,7,32,1,46502.28,1,29,bench,0
1202161_neurosketch,21,furniture,table,8,33,1,49502.71,1,35,table,1
1202161_neurosketch,21,furniture,table,8,34,1,49502.71,1,35,table,0
1202161_neurosketch,21,furniture,table,8,35,1,49502.71,1,35,table,0
1202161_neurosketch,21,2,chair,9,36,0,54002.76,1,19,chair,1
1202161_neurosketch,21,2,chair,9,37,0,54002.76,1,19,chair,0
1202161_neurosketch,21,2,chair,9,38,0,54002.76,1,19,chair,0
1202161_neurosketch,21,furniture,bench,10,39,1,58501.95,1,38,bench,1
1202161_neurosketch,21,furniture,bench,10,40,1,58501.95,1,38,bench,0
1202161_neurosketch,21,furniture,bench,10,41,1,58501.95,1,38,bench,0
1202161_neurosketch,21,furniture,bench,10,42,1,58501.95,1,38,bench,0
1202161_neurosketch,21,furniture,bed,11,43,0,64503.1,1,33,bed,1
1202161_neurosketch,21,furniture,bed,11,44,0,64503.1,1,33,bed,0
1202161_neurosketch,21,furniture,bed,11,45,0,64503.1,1,33,bed,0
1202161_neurosketch,21,furniture,bed,11,46,0,64503.1,1,33,bed,0
1202161_neurosketch,21,furniture,bench,12,47,1,70502.28,1,26,,1
1202161_neurosketch,21,furniture,bench,12,48,1,70502.28,1,26,,0
1202161_neurosketch,21,furniture,bench,12,49,1,70502.28,1,26,,0
1202161_neurosketch,21,furniture,bench,12,50,1,70502.28,1,26,,0
1202161_neurosketch,21,furniture,chair,13,51,0,76502.36,1,13,chair,1
1202161_neurosketch,21,furniture,chair,13,52,0,76502.36,1,13,chair,0
1202161_neurosketch,21,furniture,chair,13,53,0,76502.36,1,13,chair,0
1202161_neurosketch,21,furniture,chair,13,54,0,76502.36,1,13,chair,0
1202161_neurosketch,21,furniture,table,14,55,1,82504.11,1,27,table,1
1202161_neurosketch,21,furniture,table,14,56,1,82504.11,1,27,table,0
1202161_neurosketch,21,furniture,bed,15,57,0,85502.51,1,26,bed,1
1202161_neurosketch,21,furniture,bed,15,58,0,85502.51,1,26,bed,0
1202161_neurosketch,21,furniture,chair,16,59,0,88503.1,1,25,chair,1
1202161_neurosketch,21,furniture,chair,16,60,0,88503.1,1,25,chair,0
1202161_neurosketch,21,furniture,chair,16,61,0,88503.1,1,25,chair,0
1202161_neurosketch,21,furniture,bench,17,62,1,93001.95,1,39,bench,1
1202161_neurosketch,21,furniture,bench,17,63,1,93001.95,1,39,bench,0
1202161_neurosketch,21,furniture,table,18,64,1,96002.74,1,14,,1
1202161_neurosketch,21,furniture,table,18,65,1,96002.74,1,14,,0
1202161_neurosketch,21,furniture,table,18,66,1,96002.74,1,14,,0
1202161_neurosketch,21,2,bed,19,67,0,100502.05,1,21,bed,1
1202161_neurosketch,21,2,bed,19,68,0,100502.05,1,21,bed,0
1202161_neurosketch,21,furniture,chair,20,69,0,103502.41,1,21,chair,1
1202161_neurosketch,21,furniture,chair,20,70,0,103502.41,1,21,chair,0
1202161_neurosketch,21,furniture,bench,21,71,1,106502.71,1,21,bench,1
1202161_neurosketch,21,furniture,bench,21,72,1,106502.71,1,21,bench,0
1202161_neurosketch,21,furniture,table,22,73,1,109503.06,1,12,table,1
1202161_neurosketch,21,furniture,table,22,74,1,109503.06,1,12,table,0
1202161_neurosketch,21,furniture,bed,23,75,0,112504.72,1,1,bed,1
1202161_neurosketch,21,furniture,bed,23,76,0,112504.72,1,1,bed,0
1202161_neurosketch,21,furniture,bed,24,77,0,115502.99,1,13,bed,1
1202161_neurosketch,21,furniture,bed,24,78,0,115502.99,1,13,bed,0
1202161_neurosketch,21,furniture,bed,24,79,0,115502.99,1,13,bed,0
1202161_neurosketch,21,furniture,bench,25,80,1,120002.53,1,4,bench,1
1202161_neurosketch,21,furniture,bench,25,81,1,120002.53,1,4,bench,0
1202161_neurosketch,21,furniture,bench,25,82,1,120002.53,1,4,bench,0
1202161_neurosketch,21,furniture,chair,26,83,0,124502.86,1,38,chair,1
1202161_neurosketch,21,furniture,chair,26,84,0,124502.86,1,38,chair,0
1202161_neurosketch,21,furniture,chair,26,85,0,124502.86,1,38,chair,0
1202161_neurosketch,21,furniture,table,27,86,1,129003.89,1,10,table,1
1202161_neurosketch,21,furniture,table,27,87,1,129003.89,1,10,table,0
1202161_neurosketch,21,furniture,table,27,88,1,129003.89,1,10,table,0
1202161_neurosketch,21,furniture,bed,28,89,0,133502.29,1,27,bed,1
1202161_neurosketch,21,furniture,bed,28,90,0,133502.29,1,27,bed,0
1202161_neurosketch,21,furniture,bed,28,91,0,133502.29,1,27,bed,0
1202161_neurosketch,21,2,chair,29,92,0,138002.25,1,6,chair,1
1202161_neurosketch,21,2,chair,29,93,0,138002.25,1,6,chair,0
1202161_neurosketch,21,2,chair,29,94,0,138002.25,1,6,chair,0
1202161_neurosketch,21,2,chair,29,95,0,138002.25,1,6,chair,0
1202161_neurosketch,21,furniture,bench,30,96,1,144002.47,1,30,bench,1
1202161_neurosketch,21,furniture,bench,30,97,1,144002.47,1,30,bench,0
1202161_neurosketch,21,furniture,table,31,98,1,147002.17,1,24,,1
1202161_neurosketch,21,furniture,table,31,99,1,147002.17,1,24,,0
1202161_neurosketch,21,furniture,table,31,100,1,147002.17,1,24,,0
1202161_neurosketch,21,furniture,chair,32,101,0,151504.71,1,15,chair,1
1202161_neurosketch,21,furniture,chair,32,102,0,151504.71,1,15,chair,0
1202161_neurosketch,21,furniture,bench,33,103,1,154503.29,1,14,bench,1
1202161_neurosketch,21,furniture,bench,33,104,1,154503.29,1,14,bench,0
1202161_neurosketch,21,furniture,table,34,105,1,157503.03,1,2,table,1
1202161_neurosketch,21,furniture,table,34,106,1,157503.03,1,2,table,0
1202161_neurosketch,21,furniture,table,34,107,1,157503.03,1,2,table,0
1202161_neurosketch,21,furniture,bed,35,108,0,162002.24,1,29,bed,1
1202161_neurosketch,21,furniture,bed,35,109,0,162002.24,1,29,bed,0
1202161_neurosketch,21,furniture,bed,35,110,0,162002.24,1,29,bed,0
1202161_neurosketch,21,furniture,bed,35,111,0,162002.24,1,29,bed,0
1202161_neurosketch,21,furniture,bench,36,112,1,168002.52,1,25,bench,1
1202161_neurosketch,21,furniture,bench,36,113,1,168002.52,1,25,bench,0
1202161_neurosketch,21,furniture,bench,36,114,1,168002.52,1,25,bench,0
1202161_neurosketch,21,furniture,bed,37,115,0,172502.84,1,2,bed,1
1202161_neurosketch,21,furniture,bed,37,116,0,172502.84,1,2,bed,0
1202161_neurosketch,21,furniture,bed,37,117,0,172502.84,1,2,bed,0
1202161_neurosketch,21,furniture,chair,38,118,0,177002.1,1,33,chair,1
1202161_neurosketch,21,furniture,chair,38,119,0,177002.1,1,33,chair,0
1202161_neurosketch,21,2,table,39,120,1,180003.04,1,16,,1
1202161_neurosketch,21,2,table,39,121,1,180003.04,1,16,,0
1202161_neurosketch,21,furniture,chair,40,122,0,183002.26,1,30,,1
1202161_neurosketch,21,furniture,chair,40,123,0,183002.26,1,30,,0
1202161_neurosketch,21,furniture,chair,40,124,0,183002.26,1,30,,0
1202161_neurosketch,21,furniture,chair,40,125,0,183002.26,1,30,,0
1202161_neurosketch,21,furniture,table,41,126,1,189003.16,1,38,table,1
1202161_neurosketch,21,furniture,table,41,127,1,189003.16,1,38,table,0
1202161_neurosketch,21,furniture,table,41,128,1,189003.16,1,38,table,0
1202161_neurosketch,21,furniture,table,41,129,1,189003.16,1,38,table,0
1202161_neurosketch,21,furniture,bed,42,130,0,195002.83,1,17,bed,1
1202161_neurosketch,21,furniture,bed,42,131,0,195002.83,1,17,bed,0
1202161_neurosketch,21,furniture,bed,42,132,0,195002.83,1,17,bed,0
1202161_neurosketch,21,furniture,bench,43,133,1,199502.46,1,12,,1
1202161_neurosketch,21,furniture,bench,43,134,1,199502.46,1,12,,0
1202161_neurosketch,21,furniture,bench,43,135,1,199502.46,1,12,,0
1202161_neurosketch,21,furniture,chair,44,136,0,204003.5,1,28,chair,1
1202161_neurosketch,21,furniture,chair,44,137,0,204003.5,1,28,chair,0
1202161_neurosketch,21,furniture,table,45,138,1,207003.51,1,36,table,1
1202161_neurosketch,21,furniture,table,45,139,1,207003.51,1,36,table,0
1202161_neurosketch,21,furniture,table,45,140,1,207003.51,1,36,table,0
1202161_neurosketch,21,furniture,bench,46,141,1,211503.75,1,16,bench,1
1202161_neurosketch,21,furniture,bench,46,142,1,211503.75,1,16,bench,0
1202161_neurosketch,21,furniture,bed,47,143,0,214502.92,1,36,bed,1
1202161_neurosketch,21,furniture,bed,47,144,0,214502.92,1,36,bed,0
1202161_neurosketch,21,furniture,bed,48,145,0,217502.42,1,14,bed,1
1202161_neurosketch,21,furniture,bed,48,146,0,217502.42,1,14,bed,0
1202161_neurosketch,21,furniture,bed,48,147,0,217502.42,1,14,bed,0
1202161_neurosketch,21,2,table,49,148,1,222002.89,1,15,table,1
1202161_neurosketch,21,2,table,49,149,1,222002.89,1,15,table,0
1202161_neurosketch,21,2,table,49,150,1,222002.89,1,15,table,0
1202161_neurosketch,21,furniture,chair,50,151,0,226503.0,1,2,chair,1
1202161_neurosketch,21,furniture,chair,50,152,0,226503.0,1,2,chair,0
1202161_neurosketch,21,furniture,chair,50,153,0,226503.0,1,2,chair,0
1202161_neurosketch,21,furniture,chair,50,154,0,226503.0,1,2,chair,0
1202161_neurosketch,21,furniture,bench,51,155,1,232502.41,1,17,bench,1
1202161_neurosketch,21,furniture,bench,51,156,1,232502.41,1,17,bench,0
1202161_neurosketch,21,furniture,bench,51,157,1,232502.41,1,17,bench,0
1202161_neurosketch,21,furniture,bench,51,158,1,232502.41,1,17,bench,0
1202161_neurosketch,21,furniture,chair,52,159,0,238502.65,1,32,chair,1
1202161_neurosketch,21,furniture,chair,52,160,0,238502.65,1,32,chair,0
1202161_neurosketch,21,furniture,chair,52,161,0,238502.65,1,32,chair,0
1202161_neurosketch,21,furniture,chair,52,162,0,238502.65,1,32,chair,0
1202161_neurosketch,21,furniture,bench,53,163,1,244502.96,1,6,bench,1
1202161_neurosketch,21,furniture,bench,53,164,1,244502.96,1,6,bench,0
1202161_neurosketch,21,furniture,bench,53,165,1,244502.96,1,6,bench,0
1202161_neurosketch,21,furniture,bench,53,166,1,244502.96,1,6,bench,0
1202161_neurosketch,21,furniture,table,54,167,1,250502.87,1,17,table,1
1202161_neurosketch,21,furniture,table,54,168,1,250502.87,1,17,table,0
1202161_neurosketch,21,furniture,bed,55,169,0,253502.44,1,5,bed,1
1202161_neurosketch,21,furniture,bed,55,170,0,253502.44,1,5,bed,0
1202161_neurosketch,21,furniture,chair,56,171,0,256501.58,1,12,chair,1
1202161_neurosketch,21,furniture,chair,56,172,0,256501.58,1,12,chair,0
1202161_neurosketch,21,furniture,chair,56,173,0,256501.58,1,12,chair,0
1202161_neurosketch,21,furniture,bench,57,174,1,261002.42,1,22,bench,1
1202161_neurosketch,21,furniture,bench,57,175,1,261002.42,1,22,bench,0
1202161_neurosketch,21,furniture,bed,58,176,0,264002.69,1,7,bed,1
1202161_neurosketch,21,furniture,bed,58,177,0,264002.69,1,7,bed,0
1202161_neurosketch,21,furniture,bed,58,178,0,264002.69,1,7,bed,0
1202161_neurosketch,21,2,table,59,179,1,268501.64,1,5,table,1
1202161_neurosketch,21,2,table,59,180,1,268501.64,1,5,table,0
1202161_neurosketch,21,furniture,table,60,181,1,271503.11,1,4,table,1
1202161_neurosketch,21,furniture,table,60,182,1,271503.11,1,4,table,0
1202161_neurosketch,21,furniture,bench,61,183,1,274502.74,1,37,bench,1
1202161_neurosketch,21,furniture,bench,61,184,1,274502.74,1,37,bench,0
1202161_neurosketch,21,furniture,chair,62,185,0,277503.39,1,29,bed,1
1202161_neurosketch,21,furniture,chair,62,186,0,277503.39,1,29,bed,0
1202161_neurosketch,21,furniture,bed,63,187,0,280502.33,1,28,bed,1
1202161_neurosketch,21,furniture,bed,63,188,0,280502.33,1,28,bed,0
1202161_neurosketch,21,furniture,table,64,189,1,283503.47,1,25,table,1
1202161_neurosketch,21,furniture,table,64,190,1,283503.47,1,25,table,0
1202161_neurosketch,21,furniture,table,64,191,1,283503.47,1,25,table,0
1202161_neurosketch,21,furniture,bench,65,192,1,288003.21,1,27,bench,1
1202161_neurosketch,21,furniture,bench,65,193,1,288003.21,1,27,bench,0
1202161_neurosketch,21,furniture,bench,65,194,1,288003.21,1,27,bench,0
1202161_neurosketch,21,furniture,bed,66,195,0,292503.76,1,34,bed,1
1202161_neurosketch,21,furniture,bed,66,196,0,292503.76,1,34,bed,0
1202161_neurosketch,21,furniture,bed,66,197,0,292503.76,1,34,bed,0
1202161_neurosketch,21,furniture,chair,67,198,0,297003.43,1,1,chair,1
1202161_neurosketch,21,furniture,chair,67,199,0,297003.43,1,1,chair,0
1202161_neurosketch,21,furniture,chair,67,200,0,297003.43,1,1,chair,0
1202161_neurosketch,21,furniture,bed,68,201,0,301503.39,1,11,bed,1
1202161_neurosketch,21,furniture,bed,68,202,0,301503.39,1,11,bed,0
1202161_neurosketch,21,furniture,bed,68,203,0,301503.39,1,11,bed,0
1202161_neurosketch,21,2,bench,69,204,1,306003.23,1,32,bench,1
1202161_neurosketch,21,2,bench,69,205,1,306003.23,1,32,bench,0
1202161_neurosketch,21,2,bench,69,206,1,306003.23,1,32,bench,0
1202161_neurosketch,21,2,bench,69,207,1,306003.23,1,32,bench,0
1202161_neurosketch,21,furniture,chair,70,208,0,312003.0,1,34,chair,1
1202161_neurosketch,21,furniture,chair,70,209,0,312003.0,1,34,chair,0
1202161_neurosketch,21,furniture,table,71,210,1,315002.71,1,8,table,1
1202161_neurosketch,21,furniture,table,71,211,1,315002.71,1,8,table,0
1202161_neurosketch,21,furniture,table,71,212,1,315002.71,1,8,table,0
1202161_neurosketch,21,furniture,chair,72,213,0,319502.38,1,39,chair,1
1202161_neurosketch,21,furniture,chair,72,214,0,319502.38,1,39,chair,0
1202161_neurosketch,21,furniture,bench,73,215,1,322502.59,1,9,,1
1202161_neurosketch,21,furniture,bench,73,216,1,322502.59,1,9,,0
1202161_neurosketch,21,furniture,bed,74,217,0,325502.1,1,30,,1
1202161_neurosketch,21,furniture,bed,74,218,0,325502.1,1,30,,0
1202161_neurosketch,21,furniture,bed,74,219,0,325502.1,1,30,,0
1202161_neurosketch,21,furniture,table,75,220,1,330002.49,1,13,table,1
1202161_neurosketch,21,furniture,table,75,221,1,330002.49,1,13,table,0
1202161_neurosketch,21,furniture,table,75,222,1,330002.49,1,13,table,0
1202161_neurosketch,21,furniture,table,75,223,1,330002.49,1,13,table,0
1202161_neurosketch,21,furniture,bed,76,224,0,336001.94,1,31,bed,1
1202161_neurosketch,21,furniture,bed,76,225,0,336001.94,1,31,bed,0
1202161_neurosketch,21,furniture,bed,76,226,0,336001.94,1,31,bed,0
1202161_neurosketch,21,furniture,bench,77,227,1,340502.48,1,3,bench,1
1202161_neurosketch,21,furniture,bench,77,228,1,340502.48,1,3,bench,0
1202161_neurosketch,21,furniture,bench,77,229,1,340502.48,1,3,bench,0
1202161_neurosketch,21,furniture,table,78,230,1,345003.2,1,9,table,1
1202161_neurosketch,21,furniture,table,78,231,1,345003.2,1,9,table,0
1202161_neurosketch,21,2,chair,79,232,0,348003.35,1,31,chair,1
1202161_neurosketch,21,2,chair,79,233,0,348003.35,1,31,chair,0
1202161_neurosketch,21,2,chair,79,234,0,348003.35,1,31,chair,0
1202161_neurosketch,21,2,chair,79,235,0,348003.35,1,31,chair,0
1202161_neurosketch,21,2,chair,79,236,0,348003.35,1,31,chair,0
1202161_neurosketch,21,2,chair,79,237,0,348003.35,1,31,chair,0
1202161_neurosketch,21,2,chair,79,238,0,348003.35,1,31,chair,0
1202161_neurosketch,21,2,chair,79,239,0,348003.35,1,31,chair,0
1202161_neurosketch,21,furniture,chair,80,0,-1,0.0,2,9,chair,0
1202161_neurosketch,21,furniture,chair,80,1,-1,0.0,2,9,chair,0
1202161_neurosketch,21,furniture,chair,80,2,-1,0.0,2,9,chair,0
1202161_neurosketch,21,furniture,chair,80,3,-1,0.0,2,9,chair,0
1202161_neurosketch,21,furniture,chair,80,4,-1,0.0,2,9,chair,0
1202161_neurosketch,21,furniture,chair,80,5,-1,0.0,2,9,chair,0
1202161_neurosketch,21,furniture,chair,80,6,-1,0.0,2,9,chair,0
1202161_neurosketch,21,furniture,chair,80,7,-1,0.0,2,9,chair,0
1202161_neurosketch,21,furniture,chair,80,8,0,12001.7,2,9,chair,1
1202161_neurosketch,21,furniture,chair,80,9,0,12001.7,2,9,chair,0
1202161_neurosketch,21,furniture,chair,80,10,0,12001.7,2,9,chair,0
1202161_neurosketch,21,furniture,chair,80,11,0,12001.7,2,9,chair,0
1202161_neurosketch,21,furniture,bench,81,12,1,18001.42,2,15,bench,1
1202161_neurosketch,21,furniture,bench,81,13,1,18001.42,2,15,bench,0
1202161_neurosketch,21,furniture,bench,81,14,1,18001.42,2,15,bench,0
1202161_neurosketch,21,furniture,bench,81,15,1,18001.42,2,15,bench,0
1202161_neurosketch,21,furniture,table,82,16,1,24001.59,2,6,table,1
1202161_neurosketch,21,furniture,table,82,17,1,24001.59,2,6,table,0
1202161_neurosketch,21,furniture,table,82,18,1,24001.59,2,6,table,0
1202161_neurosketch,21,furniture,bed,83,19,0,28501.96,2,10,bed,1
1202161_neurosketch,21,furniture,bed,83,20,0,28501.96,2,10,bed,0
1202161_neurosketch,21,furniture,bed,83,21,0,28501.96,2,10,bed,0
1202161_neurosketch,21,furniture,chair,84,22,0,33001.82,2,27,chair,1
1202161_neurosketch,21,furniture,chair,84,23,0,33001.82,2,27,chair,0
1202161_neurosketch,21,furniture,table,85,24,1,36002.33,2,11,,1
1202161_neurosketch,21,furniture,table,85,25,1,36002.33,2,11,,0
1202161_neurosketch,21,furniture,table,85,26,1,36002.33,2,11,,0
1202161_neurosketch,21,furniture,bench,86,27,1,40502.08,2,8,bench,1
1202161_neurosketch,21,furniture,bench,86,28,1,40502.08,2,8,bench,0
1202161_neurosketch,21,furniture,bed,87,29,0,43502.73,2,18,bed,1
1202161_neurosketch,21,furniture,bed,87,30,0,43502.73,2,18,bed,0
1202161_neurosketch,21,furniture,chair,88,31,0,46502.08,2,3,chair,1
1202161_neurosketch,21,furniture,chair,88,32,0,46502.08,2,3,chair,0
1202161_neurosketch,21,furniture,chair,88,33,0,46502.08,2,3,chair,0
1202161_neurosketch,21,2,bench,89,34,1,51001.63,2,35,bench,1
1202161_neurosketch,21,2,bench,89,35,1,51001.63,2,35,bench,0
1202161_neurosketch,21,2,bench,89,36,1,51001.63,2,35,bench,0
1202161_neurosketch,21,furniture,bed,90,37,0,55501.78,2,39,bed,1
1202161_neurosketch,21,furniture,bed,90,38,0,55501.78,2,39,bed,0
1202161_neurosketch,21,furniture,bed,90,39,0,55501.78,2,39,bed,0
1202161_neurosketch,21,furniture,bed,90,40,0,55501.78,2,39,bed,0
1202161_neurosketch,21,furniture,table,91,41,1,61501.63,2,18,table,1
1202161_neurosketch,21,furniture,table,91,42,1,61501.63,2,18,table,0
1202161_neurosketch,21,furniture,table,91,43,1,61501.63,2,18,table,0
1202161_neurosketch,21,furniture,table,91,44,1,61501.63,2,18,table,0
1202161_neurosketch,21,furniture,chair,92,45,0,67502.09,2,37,chair,1
1202161_neurosketch,21,furniture,chair,92,46,0,67502.09,2,37,chair,0
1202161_neurosketch,21,furniture,chair,92,47,0,67502.09,2,37,chair,0
1202161_neurosketch,21,furniture,chair,92,48,0,67502.09,2,37,chair,0
1202161_neurosketch,21,furniture,table,93,49,1,73502.22,2,19,table,1
1202161_neurosketch,21,furniture,table,93,50,1,73502.22,2,19,table,0
1202161_neurosketch,21,furniture,table,93,51,1,73502.22,2,19,table,0
1202161_neurosketch,21,furniture,table,93,52,1,73502.22,2,19,table,0
1202161_neurosketch,21,furniture,bed,94,53,0,79503.5,2,3,bed,1
1202161_neurosketch,21,furniture,bed,94,54,0,79503.5,2,3,bed,0
1202161_neurosketch,21,furniture,bench,95,55,1,82502.44,2,33,bench,1
1202161_neurosketch,21,furniture,bench,95,56,1,82502.44,2,33,bench,0
1202161_neurosketch,21,furniture,bed,96,57,0,85502.37,2,15,bed,1
1202161_neurosketch,21,furniture,bed,96,58,0,85502.37,2,15,bed,0
1202161_neurosketch,21,furniture,bed,96,59,0,85502.37,2,15,bed,0
1202161_neurosketch,21,furniture,chair,97,60,0,90001.78,2,11,chair,1
1202161_neurosketch,21,furniture,chair,97,61,0,90001.78,2,11,chair,0
1202161_neurosketch,21,furniture,table,98,62,1,93002.0,2,32,table,1
1202161_neurosketch,21,furniture,table,98,63,1,93002.0,2,32,table,0
1202161_neurosketch,21,furniture,table,98,64,1,93002.0,2,32,table,0
1202161_neurosketch,21,2,bench,99,65,1,97501.78,2,7,bench,1
1202161_neurosketch,21,2,bench,99,66,1,97501.78,2,7,bench,0
1202161_neurosketch,21,furniture,chair,100,67,0,100502.39,2,10,chair,1
1202161_neurosketch,21,furniture,chair,100,68,0,100502.39,2,10,chair,0
1202161_neurosketch,21,furniture,table,101,69,1,103502.35,2,33,table,1
1202161_neurosketch,21,furniture,table,101,70,1,103502.35,2,33,table,0
1202161_neurosketch,21,furniture,bench,102,71,1,106502.66,2,24,bench,1
1202161_neurosketch,21,furniture,bench,102,72,1,106502.66,2,24,bench,0
1202161_neurosketch,21,furniture,bed,103,73,0,109502.51,2,25,bed,1
1202161_neurosketch,21,furniture,bed,103,74,0,109502.51,2,25,bed,0
1202161_neurosketch,21,furniture,bed,104,75,0,112502.26,2,38,bed,1
1202161_neurosketch,21,furniture,bed,104,76,0,112502.26,2,38,bed,0
1202161_neurosketch,21,furniture,bed,104,77,0,112502.26,2,38,bed,0
1202161_neurosketch,21,furniture,bench,105,78,1,117002.8,2,1,bench,1
1202161_neurosketch,21,furniture,bench,105,79,1,117002.8,2,1,bench,0
1202161_neurosketch,21,furniture,bench,105,80,1,117002.8,2,1,bench,0
1202161_neurosketch,21,furniture,table,106,81,1,121502.75,2,30,bench,1
1202161_neurosketch,21,furniture,table,106,82,1,121502.75,2,30,bench,0
1202161_neurosketch,21,furniture,table,106,83,1,121502.75,2,30,bench,0
1202161_neurosketch,21,furniture,chair,107,84,0,126002.43,2,35,chair,1
1202161_neurosketch,21,furniture,chair,107,85,0,126002.43,2,35,chair,0
1202161_neurosketch,21,furniture,chair,107,86,0,126002.43,2,35,chair,0
1202161_neurosketch,21,furniture,chair,108,87,0,130503.0,2,4,chair,1
1202161_neurosketch,21,furniture,chair,108,88,0,130503.0,2,4,chair,0
1202161_neurosketch,21,furniture,chair,108,89,0,130503.0,2,4,chair,0
1202161_neurosketch,21,2,bed,109,90,0,135003.87,2,22,bed,1
1202161_neurosketch,21,2,bed,109,91,0,135003.87,2,22,bed,0
1202161_neurosketch,21,2,bed,109,92,0,135003.87,2,22,bed,0
1202161_neurosketch,21,2,bed,109,93,0,135003.87,2,22,bed,0
1202161_neurosketch,21,furniture,table,110,94,1,141002.45,2,21,table,1
1202161_neurosketch,21,furniture,table,110,95,1,141002.45,2,21,table,0
1202161_neurosketch,21,furniture,bench,111,96,1,144002.5,2,19,bench,1
1202161_neurosketch,21,furniture,bench,111,97,1,144002.5,2,19,bench,0
1202161_neurosketch,21,furniture,bench,111,98,1,144002.5,2,19,bench,0
1202161_neurosketch,21,furniture,table,112,99,1,148502.5,2,22,table,1
1202161_neurosketch,21,furniture,table,112,100,1,148502.5,2,22,table,0
1202161_neurosketch,21,furniture,bench,113,101,1,151502.6,2,13,bench,1
1202161_neurosketch,21,furniture,bench,113,102,1,151502.6,2,13,bench,0
1202161_neurosketch,21,furniture,chair,114,103,0,154503.04,2,8,chair,1
1202161_neurosketch,21,furniture,chair,114,104,0,154503.04,2,8,chair,0
1202161_neurosketch,21,furniture,chair,114,105,0,154503.04,2,8,chair,0
1202161_neurosketch,21,furniture,bed,115,106,0,159002.86,2,37,bed,1
1202161_neurosketch,21,furniture,bed,115,107,0,159002.86,2,37,bed,0
1202161_neurosketch,21,furniture,bed,115,108,0,159002.86,2,37,bed,0
1202161_neurosketch,21,furniture,bed,115,109,0,159002.86,2,37,bed,0
1202161_neurosketch,21,furniture,bench,116,110,1,165002.37,2,36,bench,1
1202161_neurosketch,21,furniture,bench,116,111,1,165002.37,2,36,bench,0
1202161_neurosketch,21,furniture,bench,116,112,1,165002.37,2,36,bench,0
1202161_neurosketch,21,furniture,bed,117,113,0,169502.86,2,4,bed,1
1202161_neurosketch,21,furniture,bed,117,114,0,169502.86,2,4,bed,0
1202161_neurosketch,21,furniture,bed,117,115,0,169502.86,2,4,bed,0
1202161_neurosketch,21,furniture,chair,118,116,0,174003.64,2,20,chair,1
1202161_neurosketch,21,furniture,chair,118,117,0,174003.64,2,20,chair,0
1202161_neurosketch,21,2,table,119,118,1,177002.39,2,3,table,1
1202161_neurosketch,21,2,table,119,119,1,177002.39,2,3,table,0
1202161_neurosketch,21,furniture,table,120,120,1,180003.36,2,31,table,1
1202161_neurosketch,21,furniture,table,120,121,1,180003.36,2,31,table,0
1202161_neurosketch,21,furniture,table,120,122,1,180003.36,2,31,table,0
1202161_neurosketch,21,furniture,table,120,123,1,180003.36,2,31,table,0
1202161_neurosketch,21,furniture,bed,121,124,0,186001.38,2,8,bed,1
1202161_neurosketch,21,furniture,bed,121,125,0,186001.38,2,8,bed,0
1202161_neurosketch,21,furniture,bed,121,126,0,186001.38,2,8,bed,0
1202161_neurosketch,21,furniture,bed,121,127,0,186001.38,2,8,bed,0
1202161_neurosketch,21,furniture,chair,122,128,0,192002.91,2,7,chair,1
1202161_neurosketch,21,furniture,chair,122,129,0,192002.91,2,7,chair,0
1202161_neurosketch,21,furniture,chair,122,130,0,192002.91,2,7,chair,0
1202161_neurosketch,21,furniture,bench,123,131,1,196504.67,2,11,bench,1
1202161_neurosketch,21,furniture,bench,123,132,1,196504.67,2,11,bench,0
1202161_neurosketch,21,furniture,bench,123,133,1,196504.67,2,11,bench,0
1202161_neurosketch,21,furniture,bed,124,134,0,201002.5,2,24,bed,1
1202161_neurosketch,21,furniture,bed,124,135,0,201002.5,2,24,bed,0
1202161_neurosketch,21,furniture,table,125,136,1,204002.54,2,26,table,1
1202161_neurosketch,21,furniture,table,125,137,1,204002.54,2,26,table,0
1202161_neurosketch,21,furniture,table,125,138,1,204002.54,2,26,table,0
1202161_neurosketch,21,furniture,bench,126,139,1,208503.16,2,10,bench,1
1202161_neurosketch,21,furniture,bench,126,140,1,208503.16,2,10,bench,0
1202161_neurosketch,21,furniture,chair,127,141,0,211503.01,2,18,chair,1
1202161_neurosketch,21,furniture,chair,127,142,0,211503.01,2,18,chair,0
1202161_neurosketch,21,furniture,bed,128,143,0,214502.67,2,12,bed,1
1202161_neurosketch,21,furniture,bed,128,144,0,214502.67,2,12,bed,0
1202161_neurosketch,21,furniture,bed,128,145,0,214502.67,2,12,bed,0
1202161_neurosketch,21,2,chair,129,146,0,219002.82,2,14,chair,1
1202161_neurosketch,21,2,chair,129,147,0,219002.82,2,14,chair,0
1202161_neurosketch,21,2,chair,129,148,0,219002.82,2,14,chair,0
1202161_neurosketch,21,furniture,bench,130,149,1,223502.42,2,20,bench,1
1202161_neurosketch,21,furniture,bench,130,150,1,223502.42,2,20,bench,0
1202161_neurosketch,21,furniture,bench,130,151,1,223502.42,2,20,bench,0
1202161_neurosketch,21,furniture,bench,130,152,1,223502.42,2,20,bench,0
1202161_neurosketch,21,furniture,table,131,153,1,229502.89,2,34,table,1
1202161_neurosketch,21,furniture,table,131,154,1,229502.89,2,34,table,0
1202161_neurosketch,21,furniture,table,131,155,1,229502.89,2,34,table,0
1202161_neurosketch,21,furniture,table,131,156,1,229502.89,2,34,table,0
1202161_neurosketch,21,furniture,bed,132,157,0,235502.86,2,6,bed,1
1202161_neurosketch,21,furniture,bed,132,158,0,235502.86,2,6,bed,0
1202161_neurosketch,21,furniture,bed,132,159,0,235502.86,2,6,bed,0
1202161_neurosketch,21,furniture,bed,132,160,0,235502.86,2,6,bed,0
1202161_neurosketch,21,furniture,table,133,161,1,241502.8,2,29,table,1
1202161_neurosketch,21,furniture,table,133,162,1,241502.8,2,29,table,0
1202161_neurosketch,21,furniture,table,133,163,1,241502.8,2,29,table,0
1202161_neurosketch,21,furniture,table,133,164,1,241502.8,2,29,table,0
1202161_neurosketch,21,furniture,bench,134,165,1,247504.63,2,28,bench,1
1202161_neurosketch,21,furniture,bench,134,166,1,247504.63,2,28,bench,0
1202161_neurosketch,21,furniture,chair,135,167,0,250503.37,2,26,chair,1
1202161_neurosketch,21,furniture,chair,135,168,0,250503.37,2,26,chair,0
1202161_neurosketch,21,furniture,bed,136,169,0,253502.94,2,35,,1
1202161_neurosketch,21,furniture,bed,136,170,0,253502.94,2,35,,0
1202161_neurosketch,21,furniture,bed,136,171,0,253502.94,2,35,,0
1202161_neurosketch,21,furniture,chair,137,172,0,258003.36,2,36,chair,1
1202161_neurosketch,21,furniture,chair,137,173,0,258003.36,2,36,chair,0
1202161_neurosketch,21,furniture,bench,138,174,1,261002.89,2,18,bench,1
1202161_neurosketch,21,furniture,bench,138,175,1,261002.89,2,18,bench,0
1202161_neurosketch,21,furniture,bench,138,176,1,261002.89,2,18,bench,0
1202161_neurosketch,21,2,table,139,177,1,265502.53,2,39,table,1
1202161_neurosketch,21,2,table,139,178,1,265502.53,2,39,table,0
1202161_neurosketch,21,furniture,chair,140,179,0,268503.04,2,22,chair,1
1202161_neurosketch,21,furniture,chair,140,180,0,268503.04,2,22,chair,0
1202161_neurosketch,21,furniture,table,141,181,1,271502.52,2,28,table,1
1202161_neurosketch,21,furniture,table,141,182,1,271502.52,2,28,table,0
1202161_neurosketch,21,furniture,bench,142,183,1,274503.0,2,0,bench,1
1202161_neurosketch,21,furniture,bench,142,184,1,274503.0,2,0,bench,0
1202161_neurosketch,21,furniture,bed,143,185,0,277502.65,2,32,bed,1
1202161_neurosketch,21,furniture,bed,143,186,0,277502.65,2,32,bed,0
1202161_neurosketch,21,furniture,bench,144,187,1,280503.19,2,34,bench,1
1202161_neurosketch,21,furniture,bench,144,188,1,280503.19,2,34,bench,0
1202161_neurosketch,21,furniture,bench,144,189,1,280503.19,2,34,bench,0
1202161_neurosketch,21,furniture,bed,145,190,0,285002.33,2,0,bed,1
1202161_neurosketch,21,furniture,bed,145,191,0,285002.33,2,0,bed,0
1202161_neurosketch,21,furniture,bed,145,192,0,285002.33,2,0,bed,0
1202161_neurosketch,21,furniture,chair,146,193,0,289502.37,2,23,chair,1
1202161_neurosketch,21,furniture,chair,146,194,0,289502.37,2,23,chair,0
1202161_neurosketch,21,furniture,chair,146,195,0,289502.37,2,23,chair,0
1202161_neurosketch,21,furniture,table,147,196,1,294002.93,2,23,table,1
1202161_neurosketch,21,furniture,table,147,197,1,294002.93,2,23,table,0
1202161_neurosketch,21,furniture,table,147,198,1,294002.93,2,23,table,0
1202161_neurosketch,21,furniture,bed,148,199,0,298502.98,2,20,bed,1
1202161_neurosketch,21,furniture,bed,148,200,0,298502.98,2,20,bed,0
1202161_neurosketch,21,furniture,bed,148,201,0,298502.98,2,20,bed,0
1202161_neurosketch,21,2,table,149,202,1,303002.86,2,1,table,1
1202161_neurosketch,21,2,table,149,203,1,303002.86,2,1,table,0
1202161_neurosketch,21,2,table,149,204,1,303002.86,2,1,table,0
1202161_neurosketch,21,2,table,149,205,1,303002.86,2,1,table,0
1202161_neurosketch,21,furniture,chair,150,206,0,309002.61,2,24,,1
1202161_neurosketch,21,furniture,chair,150,207,0,309002.61,2,24,,0
1202161_neurosketch,21,furniture,bench,151,208,1,312003.47,2,2,bench,1
1202161_neurosketch,21,furniture,bench,151,209,1,312003.47,2,2,bench,0
1202161_neurosketch,21,furniture,bench,151,210,1,312003.47,2,2,bench,0
1202161_neurosketch,21,furniture,bed,152,211,0,316502.75,2,19,bed,1
1202161_neurosketch,21,furniture,bed,152,212,0,316502.75,2,19,bed,0
1202161_neurosketch,21,furniture,bench,153,213,1,319502.36,2,23,bench,1
1202161_neurosketch,21,furniture,bench,153,214,1,319502.36,2,23,bench,0
1202161_neurosketch,21,furniture,chair,154,215,0,322502.39,2,17,,1
1202161_neurosketch,21,furniture,chair,154,216,0,322502.39,2,17,,0
1202161_neurosketch,21,furniture,chair,154,217,0,322502.39,2,17,,0
1202161_neurosketch,21,furniture,table,155,218,1,327002.13,2,7,,1
1202161_neurosketch,21,furniture,table,155,219,1,327002.13,2,7,,0
1202161_neurosketch,21,furniture,table,155,220,1,327002.13,2,7,,0
1202161_neurosketch,21,furniture,table,155,221,1,327002.13,2,7,,0
1202161_neurosketch,21,furniture,bench,156,222,1,333002.47,2,5,bench,1
1202161_neurosketch,21,furniture,bench,156,223,1,333002.47,2,5,bench,0
1202161_neurosketch,21,furniture,bench,156,224,1,333002.47,2,5,bench,0
1202161_neurosketch,21,furniture,table,157,225,1,337502.45,2,0,table,1
1202161_neurosketch,21,furniture,table,157,226,1,337502.45,2,0,table,0
1202161_neurosketch,21,furniture,table,157,227,1,337502.45,2,0,table,0
1202161_neurosketch,21,furniture,bed,158,228,0,342002.26,2,16,bed,1
1202161_neurosketch,21,furniture,bed,158,229,0,342002.26,2,16,bed,0
1202161_neurosketch,21,2,chair,159,230,0,345002.46,2,5,chair,1
1202161_neurosketch,21,2,chair,159,231,0,345002.46,2,5,chair,0
1202161_neurosketch,21,2,chair,159,232,0,345002.46,2,5,chair,0
1202161_neurosketch,21,2,chair,159,233,0,345002.46,2,5,chair,0
1202161_neurosketch,21,2,chair,159,234,0,345002.46,2,5,chair,0
1202161_neurosketch,21,2,chair,159,235,0,345002.46,2,5,chair,0
1202161_neurosketch,21,2,chair,159,236,0,345002.46,2,5,chair,0
1202161_neurosketch,21,2,chair,159,237,0,345002.46,2,5,chair,0
1202161_neurosketch,21,2,chair,159,238,0,345002.46,2,5,chair,0
1202161_neurosketch,21,2,chair,159,239,0,345002.46,2,5,chair,0
1202161_neurosketch,21,furniture,chair,160,0,-1,0.0,3,5,chair,0
1202161_neurosketch,21,furniture,chair,160,1,-1,0.0,3,5,chair,0
1202161_neurosketch,21,furniture,chair,160,2,-1,0.0,3,5,chair,0
1202161_neurosketch,21,furniture,chair,160,3,-1,0.0,3,5,chair,0
1202161_neurosketch,21,furniture,chair,160,4,-1,0.0,3,5,chair,0
1202161_neurosketch,21,furniture,chair,160,5,-1,0.0,3,5,chair,0
1202161_neurosketch,21,furniture,chair,160,6,-1,0.0,3,5,chair,0
1202161_neurosketch,21,furniture,chair,160,7,-1,0.0,3,5,chair,0
1202161_neurosketch,21,furniture,chair,160,8,0,12002.5,3,5,chair,1
1202161_neurosketch,21,furniture,chair,160,9,0,12002.5,3,5,chair,0
1202161_neurosketch,21,furniture,chair,160,10,0,12002.5,3,5,chair,0
1202161_neurosketch,21,furniture,chair,160,11,0,12002.5,3,5,chair,0
1202161_neurosketch,21,furniture,bed,161,12,0,18001.61,3,16,bed,1
1202161_neurosketch,21,furniture,bed,161,13,0,18001.61,3,16,bed,0
1202161_neurosketch,21,furniture,bed,161,14,0,18001.61,3,16,bed,0
1202161_neurosketch,21,furniture,bed,161,15,0,18001.61,3,16,bed,0
1202161_neurosketch,21,furniture,table,162,16,1,24001.64,3,0,table,1
1202161_neurosketch,21,furniture,table,162,17,1,24001.64,3,0,table,0
1202161_neurosketch,21,furniture,table,162,18,1,24001.64,3,0,table,0
1202161_neurosketch,21,furniture,bench,163,19,1,28501.64,3,5,bench,1
1202161_neurosketch,21,furniture,bench,163,20,1,28501.64,3,5,bench,0
1202161_neurosketch,21,furniture,bench,163,21,1,28501.64,3,5,bench,0
1202161_neurosketch,21,furniture,table,164,22,1,33002.47,3,7,table,1
1202161_neurosketch,21,furniture,table,164,23,1,33002.47,3,7,table,0
1202161_neurosketch,21,furniture,chair,165,24,0,36002.08,3,17,chair,1
1202161_neurosketch,21,furniture,chair,165,25,0,36002.08,3,17,chair,0
1202161_neurosketch,21,furniture,chair,165,26,0,36002.08,3,17,chair,0
1202161_neurosketch,21,furniture,bench,166,27,1,40502.33,3,23,bench,1
1202161_neurosketch,21,furniture,bench,166,28,1,40502.33,3,23,bench,0
1202161_neurosketch,21,furniture,bed,167,29,0,43502.36,3,19,bed,1
1202161_neurosketch,21,furniture,bed,167,30,0,43502.36,3,19,bed,0
1202161_neurosketch,21,furniture,bench,168,31,1,46502.44,3,2,bench,1
1202161_neurosketch,21,furniture,bench,168,32,1,46502.44,3,2,bench,0
1202161_neurosketch,21,furniture,bench,168,33,1,46502.44,3,2,bench,0
1202161_neurosketch,21,2,chair,169,34,0,51002.6,3,24,chair,1
1202161_neurosketch,21,2,chair,169,35,0,51002.6,3,24,chair,0
1202161_neurosketch,21,2,chair,169,36,0,51002.6,3,24,chair,0
1202161_neurosketch,21,furniture,table,170,37,1,55502.78,3,1,table,1
1202161_neurosketch,21,furniture,table,170,38,1,55502.78,3,1,table,0
1202161_neurosketch,21,furniture,table,170,39,1,55502.78,3,1,table,0
1202161_neurosketch,21,furniture,table,170,40,1,55502.78,3,1,table,0
1202161_neurosketch,21,furniture,bed,171,41,0,61502.63,3,20,bed,1
1202161_neurosketch,21,furniture,bed,171,42,0,61502.63,3,20,bed,0
1202161_neurosketch,21,furniture,bed,171,43,0,61502.63,3,20,bed,0
1202161_neurosketch,21,furniture,bed,171,44,0,61502.63,3,20,bed,0
1202161_neurosketch,21,furniture,table,172,45,1,67502.17,3,23,table,1
1202161_neurosketch,21,furniture,table,172,46,1,67502.17,3,23,table,0
1202161_neurosketch,21,furniture,table,172,47,1,67502.17,3,23,table,0
1202161_neurosketch,21,furniture,table,172,48,1,67502.17,3,23,table,0
1202161_neurosketch,21,furniture,chair,173,49,0,73502.75,3,23,chair,1
1202161_neurosketch,21,furniture,chair,173,50,0,73502.75,3,23,chair,0
1202161_neurosketch,21,furniture,chair,173,51,0,73502.75,3,23,chair,0
1202161_neurosketch,21,furniture,chair,173,52,0,73502.75,3,23,chair,0
1202161_neurosketch,21,furniture,bed,174,53,0,79502.19,3,0,bed,1
1202161_neurosketch,21,furniture,bed,174,54,0,79502.19,3,0,bed,0
1202161_neurosketch,21,furniture,bench,175,55,1,82502.71,3,34,bench,1
1202161_neurosketch,21,furniture,bench,175,56,1,82502.71,3,34,bench,0
1202161_neurosketch,21,furniture,bed,176,57,0,85502.02,3,32,,1
1202161_neurosketch,21,furniture,bed,176,58,0,85502.02,3,32,,0
1202161_neurosketch,21,furniture,bed,176,59,0,85502.02,3,32,,0
1202161_neurosketch,21,furniture,bench,177,60,1,90002.05,3,0,bench,1
1202161_neurosketch,21,furniture,bench,177,61,1,90002.05,3,0,bench,0
1202161_neurosketch,21,furniture,table,178,62,1,93002.74,3,28,bench,1
1202161_neurosketch,21,furniture,table,178,63,1,93002.74,3,28,bench,0
1202161_neurosketch,21,furniture,table,178,64,1,93002.74,3,28,bench,0
1202161_neurosketch,21,2,chair,179,65,0,97501.94,3,22,chair,1
1202161_neurosketch,21,2,chair,179,66,0,97501.94,3,22,chair,0
1202161_neurosketch,21,furniture,table,180,67,1,100502.51,3,39,table,1
1202161_neurosketch,21,furniture,table,180,68,1,100502.51,3,39,table,0
1202161_neurosketch,21,furniture,bench,181,69,1,103502.73,3,18,bench,1
1202161_neurosketch,21,furniture,bench,181,70,1,103502.73,3,18,bench,0
1202161_neurosketch,21,furniture,chair,182,71,0,106501.74,3,36,chair,1
1202161_neurosketch,21,furniture,chair,182,72,0,106501.74,3,36,chair,0
1202161_neurosketch,21,furniture,bed,183,73,0,109502.94,3,35,bed,1
1202161_neurosketch,21,furniture,bed,183,74,0,109502.94,3,35,bed,0
1202161_neurosketch,21,furniture,chair,184,75,0,112502.22,3,26,chair,1
1202161_neurosketch,21,furniture,chair,184,76,0,112502.22,3,26,chair,0
1202161_neurosketch,21,furniture,chair,184,77,0,112502.22,3,26,chair,0
1202161_neurosketch,21,furniture,bench,185,78,1,117002.5,3,28,bench,1
1202161_neurosketch,21,furniture,bench,185,79,1,117002.5,3,28,bench,0
1202161_neurosketch,21,furniture,bench,185,80,1,117002.5,3,28,bench,0
1202161_neurosketch,21,furniture,table,186,81,1,121503.48,3,29,table,1
1202161_neurosketch,21,furniture,table,186,82,1,121503.48,3,29,table,0
1202161_neurosketch,21,furniture,table,186,83,1,121503.48,3,29,table,0
1202161_neurosketch,21,furniture,bed,187,84,0,126002.35,3,6,bed,1
1202161_neurosketch,21,furniture,bed,187,85,0,126002.35,3,6,bed,0
1202161_neurosketch,21,furniture,bed,187,86,0,126002.35,3,6,bed,0
1202161_neurosketch,21,furniture,table,188,87,1,130503.79,3,34,table,1
1202161_neurosketch,21,furniture,table,188,88,1,130503.79,3,34,table,0
1202161_neurosketch,21,furniture,table,188,89,1,130503.79,3,34,table,0
1202161_neurosketch,21,2,bench,189,90,1,135002.92,3,20,bench,1
1202161_neurosketch,21,2,bench,189,91,1,135002.92,3,20,bench,0
1202161_neurosketch,21,2,bench,189,92,1,135002.92,3,20,bench,0
1202161_neurosketch,21,2,bench,189,93,1,135002.92,3,20,bench,0
1202161_neurosketch,21,furniture,chair,190,94,0,141003.1,3,14,chair,1
1202161_neurosketch,21,furniture,chair,190,95,0,141003.1,3,14,chair,0
1202161_neurosketch,21,furniture,bed,191,96,0,144002.57,3,12,,1
1202161_neurosketch,21,furniture,bed,191,97,0,144002.57,3,12,,0
1202161_neurosketch,21,furniture,bed,191,98,0,144002.57,3,12,,0
1202161_neurosketch,21,furniture,chair,192,99,0,148502.24,3,18,chair,1
1202161_neurosketch,21,furniture,chair,192,100,0,148502.24,3,18,chair,0
1202161_neurosketch,21,furniture,bench,193,101,1,151503.43,3,10,bench,1
1202161_neurosketch,21,furniture,bench,193,102,1,151503.43,3,10,bench,0
1202161_neurosketch,21,furniture,table,194,103,1,154502.54,3,26,table,1
1202161_neurosketch,21,furniture,table,194,104,1,154502.54,3,26,table,0
1202161_neurosketch,21,furniture,table,194,105,1,154502.54,3,26,table,0
1202161_neurosketch,21,furniture,bed,195,106,0,159002.34,3,24,bed,1
1202161_neurosketch,21,furniture,bed,195,107,0,159002.34,3,24,bed,0
1202161_neurosketch,21,furniture,bed,195,108,0,159002.34,3,24,bed,0
1202161_neurosketch,21,furniture,bed,195,109,0,159002.34,3,24,bed,0
1202161_neurosketch,21,furniture,bench,196,110,1,165003.14,3,11,,1
1202161_neurosketch,21,furniture,bench,196,111,1,165003.14,3,11,,0
1202161_neurosketch,21,furniture,bench,196,112,1,165003.14,3,11,,0
1202161_neurosketch,21,furniture,chair,197,113,0,169503.3,3,7,chair,1
1202161_neurosketch,21,furniture,chair,197,114,0,169503.3,3,7,chair,0
1202161_neurosketch,21,furniture,chair,197,115,0,169503.3,3,7,chair,0
1202161_neurosketch,21,furniture,bed,198,116,0,174002.8,3,8,bed,1
1202161_neurosketch,21,furniture,bed,198,117,0,174002.8,3,8,bed,0
1202161_neurosketch,21,2,table,199,118,1,177002.59,3,31,table,1
1202161_neurosketch,21,2,table,199,119,1,177002.59,3,31,table,0
1202161_neurosketch,21,furniture,table,200,120,1,180003.02,3,3,table,1
1202161_neurosketch,21,furniture,table,200,121,1,180003.02,3,3,table,0
1202161_neurosketch,21,furniture,table,200,122,1,180003.02,3,3,table,0
1202161_neurosketch,21,furniture,table,200,123,1,180003.02,3,3,table,0
1202161_neurosketch,21,furniture,chair,201,124,0,186003.14,3,20,chair,1
1202161_neurosketch,21,furniture,chair,201,125,0,186003.14,3,20,chair,0
1202161_neurosketch,21,furniture,chair,201,126,0,186003.14,3,20,chair,0
1202161_neurosketch,21,furniture,chair,201,127,0,186003.14,3,20,chair,0
1202161_neurosketch,21,furniture,bed,202,128,0,192003.08,3,4,bed,1
1202161_neurosketch,21,furniture,bed,202,129,0,192003.08,3,4,bed,0
1202161_neurosketch,21,furniture,bed,202,130,0,192003.08,3,4,bed,0
1202161_neurosketch,21,furniture,bench,203,131,1,196502.86,3,36,bench,1
1202161_neurosketch,21,furniture,bench,203,132,1,196502.86,3,36,bench,0
1202161_neurosketch,21,furniture,bench,203,133,1,196502.86,3,36,bench,0
1202161_neurosketch,21,furniture,bed,204,134,0,201002.88,3,37,bed,1
1202161_neurosketch,21,furniture,bed,204,135,0,201002.88,3,37,bed,0
1202161_neurosketch,21,furniture,chair,205,136,0,204003.02,3,8,,1
1202161_neurosketch,21,furniture,chair,205,137,0,204003.02,3,8,,0
1202161_neurosketch,21,furniture,chair,205,138,0,204003.02,3,8,,0
1202161_neurosketch,21,furniture,bench,206,139,1,208502.18,3,13,bench,1
1202161_neurosketch,21,furniture,bench,206,140,1,208502.18,3,13,bench,0
1202161_neurosketch,21,furniture,table,207,141,1,211503.28,3,22,table,1
1202161_neurosketch,21,furniture,table,207,142,1,211503.28,3,22,table,0
1202161_neurosketch,21,furniture,bench,208,143,1,214502.35,3,19,bench,1
1202161_neurosketch,21,furniture,bench,208,144,1,214502.35,3,19,bench,0
1202161_neurosketch,21,furniture,bench,208,145,1,214502.35,3,19,bench,0
1202161_neurosketch,21,2,table,209,146,1,219002.39,3,21,table,1
1202161_neurosketch,21,2,table,209,147,1,219002.39,3,21,table,0
1202161_neurosketch,21,2,table,209,148,1,219002.39,3,21,table,0
1202161_neurosketch,21,furniture,bed,210,149,0,223502.52,3,22,bed,1
1202161_neurosketch,21,furniture,bed,210,150,0,223502.52,3,22,bed,0
1202161_neurosketch,21,furniture,bed,210,151,0,223502.52,3,22,bed,0
1202161_neurosketch,21,furniture,bed,210,152,0,223502.52,3,22,bed,0
1202161_neurosketch,21,furniture,chair,211,153,0,229502.62,3,4,chair,1
1202161_neurosketch,21,furniture,chair,211,154,0,229502.62,3,4,chair,0
1202161_neurosketch,21,furniture,chair,211,155,0,229502.62,3,4,chair,0
1202161_neurosketch,21,furniture,chair,211,156,0,229502.62,3,4,chair,0
1202161_neurosketch,21,furniture,chair,212,157,0,235502.96,3,35,chair,1
1202161_neurosketch,21,furniture,chair,212,158,0,235502.96,3,35,chair,0
1202161_neurosketch,21,furniture,chair,212,159,0,235502.96,3,35,chair,0
1202161_neurosketch,21,furniture,chair,212,160,0,235502.96,3,35,chair,0
1202161_neurosketch,21,furniture,table,213,161,1,241502.9,3,30,table,1
1202161_neurosketch,21,furniture,table,213,162,1,241502.9,3,30,table,0
1202161_neurosketch,21,furniture,table,213,163,1,241502.9,3,30,table,0
1202161_neurosketch,21,furniture,table,213,164,1,241502.9,3,30,table,0
1202161_neurosketch,21,furniture,bench,214,165,1,247503.09,3,1,bench,1
1202161_neurosketch,21,furniture,bench,214,166,1,247503.09,3,1,bench,0
1202161_neurosketch,21,furniture,bed,215,167,0,250502.4,3,38,chair,1
1202161_neurosketch,21,furniture,bed,215,168,0,250502.4,3,38,chair,0
1202161_neurosketch,21,furniture,bed,216,169,0,253502.63,3,25,bed,1
1202161_neurosketch,21,furniture,bed,216,170,0,253502.63,3,25,bed,0
1202161_neurosketch,21,furniture,bed,216,171,0,253502.63,3,25,bed,0
1202161_neurosketch,21,furniture,bench,217,172,1,258002.7,3,24,bench,1
1202161_neurosketch,21,furniture,bench,217,173,1,258002.7,3,24,bench,0
1202161_neurosketch,21,furniture,table,218,174,1,261002.6,3,33,table,1
1202161_neurosketch,21,furniture,table,218,175,1,261002.6,3,33,table,0
1202161_neurosketch,21,furniture,table,218,176,1,261002.6,3,33,table,0
1202161_neurosketch,21,2,chair,219,177,0,265502.83,3,10,chair,1
1202161_neurosketch,21,2,chair,219,178,0,265502.83,3,10,chair,0
1202161_neurosketch,21,furniture,bench,220,179,1,268502.69,3,7,bench,1
1202161_neurosketch,21,furniture,bench,220,180,1,268502.69,3,7,bench,0
1202161_neurosketch,21,furniture,table,221,181,1,271502.28,3,32,table,1
1202161_neurosketch,21,furniture,table,221,182,1,271502.28,3,32,table,0
1202161_neurosketch,21,furniture,chair,222,183,0,274502.53,3,11,chair,1
1202161_neurosketch,21,furniture,chair,222,184,0,274502.53,3,11,chair,0
1202161_neurosketch,21,furniture,bed,223,185,0,277502.98,3,15,bed,1
1202161_neurosketch,21,furniture,bed,223,186,0,277502.98,3,15,bed,0
1202161_neurosketch,21,furniture,bench,224,187,1,280502.46,3,33,bench,1
1202161_neurosketch,21,furniture,bench,224,188,1,280502.46,3,33,bench,0
1202161_neurosketch,21,furniture,bench,224,189,1,280502.46,3,33,bench,0
1202161_neurosketch,21,furniture,bed,225,190,0,285002.57,3,3,bed,1
1202161_neurosketch,21,furniture,bed,225,191,0,285002.57,3,3,bed,0
1202161_neurosketch,21,furniture,bed,225,192,0,285002.57,3,3,bed,0
1202161_neurosketch,21,furniture,table,226,193,1,289503.0,3,19,table,1
1202161_neurosketch,21,furniture,table,226,194,1,289503.0,3,19,table,0
1202161_neurosketch,21,furniture,table,226,195,1,289503.0,3,19,table,0
1202161_neurosketch,21,furniture,chair,227,196,0,294002.83,3,37,chair,1
1202161_neurosketch,21,furniture,chair,227,197,0,294002.83,3,37,chair,0
1202161_neurosketch,21,furniture,chair,227,198,0,294002.83,3,37,chair,0
1202161_neurosketch,21,furniture,table,228,199,1,298502.39,3,18,table,1
1202161_neurosketch,21,furniture,table,228,200,1,298502.39,3,18,table,0
1202161_neurosketch,21,furniture,table,228,201,1,298502.39,3,18,table,0
1202161_neurosketch,21,2,bed,229,202,0,303003.4,3,39,bed,1
1202161_neurosketch,21,2,bed,229,203,0,303003.4,3,39,bed,0
1202161_neurosketch,21,2,bed,229,204,0,303003.4,3,39,bed,0
1202161_neurosketch,21,2,bed,229,205,0,303003.4,3,39,bed,0
1202161_neurosketch,21,furniture,bench,230,206,1,309002.65,3,35,bench,1
1202161_neurosketch,21,furniture,bench,230,207,1,309002.65,3,35,bench,0
1202161_neurosketch,21,furniture,chair,231,208,0,312003.08,3,3,,1
1202161_neurosketch,21,furniture,chair,231,209,0,312003.08,3,3,,0
1202161_neurosketch,21,furniture,chair,231,210,0,312003.08,3,3,,0
1202161_neurosketch,21,furniture,bed,232,211,0,316502.85,3,18,,1
1202161_neurosketch,21,furniture,bed,232,212,0,316502.85,3,18,,0
1202161_neurosketch,21,furniture,bench,233,213,1,319503.07,3,8,bench,1
1202161_neurosketch,21,furniture,bench,233,214,1,319503.07,3,8,bench,0
1202161_neurosketch,21,furniture,table,234,215,1,322502.79,3,11,table,1
1202161_neurosketch,21,furniture,table,234,216,1,322502.79,3,11,table,0
1202161_neurosketch,21,furniture,table,234,217,1,322502.79,3,11,table,0
1202161_neurosketch,21,furniture,chair,235,218,0,327002.46,3,27,chair,1
1202161_neurosketch,21,furniture,chair,235,219,0,327002.46,3,27,chair,0
1202161_neurosketch,21,furniture,chair,235,220,0,327002.46,3,27,chair,0
1202161_neurosketch,21,furniture,chair,235,221,0,327002.46,3,27,chair,0
1202161_neurosketch,21,furniture,bed,236,222,0,333003.26,3,10,bed,1
1202161_neurosketch,21,furniture,bed,236,223,0,333003.26,3,10,bed,0
1202161_neurosketch,21,furniture,bed,236,224,0,333003.26,3,10,bed,0
1202161_neurosketch,21,furniture,table,237,225,1,337502.46,3,6,table,1
1202161_neurosketch,21,furniture,table,237,226,1,337502.46,3,6,table,0
1202161_neurosketch,21,furniture,table,237,227,1,337502.46,3,6,table,0
1202161_neurosketch,21,furniture,bench,238,228,1,342003.01,3,15,bench,1
1202161_neurosketch,21,furniture,bench,238,229,1,342003.01,3,15,bench,0
1202161_neurosketch,21,2,chair,239,230,0,345002.6,3,9,bed,1
1202161_neurosketch,21,2,chair,239,231,0,345002.6,3,9,bed,0
1202161_neurosketch,21,2,chair,239,232,0,345002.6,3,9,bed,0
1202161_neurosketch,21,2,chair,239,233,0,345002.6,3,9,bed,0
1202161_neurosketch,21,2,chair,239,234,0,345002.6,3,9,bed,0
1202161_neurosketch,21,2,chair,239,235,0,345002.6,3,9,bed,0
1202161_neurosketch,21,2,chair,239,236,0,345002.6,3,9,bed,0
1202161_neurosketch,21,2,chair,239,237,0,345002.6,3,9,bed,0
1202161_neurosketch,21,2,chair,239,238,0,345002.6,3,9,bed,0
1202161_neurosketch,21,2,chair,239,239,0,345002.6,3,9,bed,0
1202161_neurosketch,21,furniture,chair,240,0,-1,0.0,4,31,chair,0
1202161_neurosketch,21,furniture,chair,240,1,-1,0.0,4,31,chair,0
1202161_neurosketch,21,furniture,chair,240,2,-1,0.0,4,31,chair,0
1202161_neurosketch,21,furniture,chair,240,3,-1,0.0,4,31,chair,0
1202161_neurosketch,21,furniture,chair,240,4,-1,0.0,4,31,chair,0
1202161_neurosketch,21,furniture,chair,240,5,-1,0.0,4,31,chair,0
1202161_neurosketch,21,furniture,chair,240,6,-1,0.0,4,31,chair,0
1202161_neurosketch,21,furniture,chair,240,7,-1,0.0,4,31,chair,0
1202161_neurosketch,21,furniture,chair,240,8,0,12002.76,4,31,chair,1
1202161_neurosketch,21,furniture,chair,240,9,0,12002.76,4,31,chair,0
1202161_neurosketch,21,furniture,chair,240,10,0,12002.76,4,31,chair,0
1202161_neurosketch,21,furniture,chair,240,11,0,12002.76,4,31,chair,0
1202161_neurosketch,21,furniture,table,241,12,1,18001.0,4,9,table,1
1202161_neurosketch,21,furniture,table,241,13,1,18001.0,4,9,table,0
1202161_neurosketch,21,furniture,table,241,14,1,18001.0,4,9,table,0
1202161_neurosketch,21,furniture,table,241,15,1,18001.0,4,9,table,0
1202161_neurosketch,21,furniture,bench,242,16,1,24001.74,4,3,bench,1
1202161_neurosketch,21,furniture,bench,242,17,1,24001.74,4,3,bench,0
1202161_neurosketch,21,furniture,bench,242,18,1,24001.74,4,3,bench,0
1202161_neurosketch,21,furniture,bed,243,19,0,28502.34,4,31,bed,1
1202161_neurosketch,21,furniture,bed,243,20,0,28502.34,4,31,bed,0
1202161_neurosketch,21,furniture,bed,243,21,0,28502.34,4,31,bed,0
1202161_neurosketch,21,furniture,table,244,22,1,33003.26,4,13,table,1
1202161_neurosketch,21,furniture,table,244,23,1,33003.26,4,13,table,0
1202161_neurosketch,21,furniture,bed,245,24,0,36003.92,4,30,bed,1
1202161_neurosketch,21,furniture,bed,245,25,0,36003.92,4,30,bed,0
1202161_neurosketch,21,furniture,bed,245,26,0,36003.92,4,30,bed,0
1202161_neurosketch,21,furniture,bench,246,27,1,40501.58,4,9,bench,1
1202161_neurosketch,21,furniture,bench,246,28,1,40501.58,4,9,bench,0
1202161_neurosketch,21,furniture,chair,247,29,0,43501.78,4,39,chair,1
1202161_neurosketch,21,furniture,chair,247,30,0,43501.78,4,39,chair,0
1202161_neurosketch,21,furniture,table,248,31,1,46502.3,4,8,table,1
1202161_neurosketch,21,furniture,table,248,32,1,46502.3,4,8,table,0
1202161_neurosketch,21,furniture,table,248,33,1,46502.3,4,8,table,0
1202161_neurosketch,21,2,chair,249,34,0,51002.51,4,34,chair,1
1202161_neurosketch,21,2,chair,249,35,0,51002.51,4,34,chair,0
1202161_neurosketch,21,2,chair,249,36,0,51002.51,4,34,chair,0
1202161_neurosketch,21,furniture,bench,250,37,1,55501.86,4,32,bench,1
1202161_neurosketch,21,furniture,bench,250,38,1,55501.86,4,32,bench,0
1202161_neurosketch,21,furniture,bench,250,39,1,55501.86,4,32,bench,0
1202161_neurosketch,21,furniture,bench,250,40,1,55501.86,4,32,bench,0
1202161_neurosketch,21,furniture,bed,251,41,0,61501.71,4,11,bed,1
1202161_neurosketch,21,furniture,bed,251,42,0,61501.71,4,11,bed,0
1202161_neurosketch,21,furniture,bed,251,43,0,61501.71,4,11,bed,0
1202161_neurosketch,21,furniture,bed,251,44,0,61501.71,4,11,bed,0
1202161_neurosketch,21,furniture,chair,252,45,0,67501.58,4,1,chair,1
1202161_neurosketch,21,furniture,chair,252,46,0,67501.58,4,1,chair,0
1202161_neurosketch,21,furniture,chair,252,47,0,67501.58,4,1,chair,0
1202161_neurosketch,21,furniture,chair,252,48,0,67501.58,4,1,chair,0
1202161_neurosketch,21,furniture,bed,253,49,0,73502.27,4,34,,1
1202161_neurosketch,21,furniture,bed,253,50,0,73502.27,4,34,,0
1202161_neurosketch,21,furniture,bed,253,51,0,73502.27,4,34,,0
1202161_neurosketch,21,furniture,bed,253,52,0,73502.27,4,34,,0
1202161_neurosketch,21,furniture,bench,254,53,1,79501.66,4,27,bench,1
1202161_neurosketch,21,furniture,bench,254,54,1,79501.66,4,27,bench,0
1202161_neurosketch,21,furniture,table,255,55,1,82502.12,4,25,table,1
1202161_neurosketch,21,furniture,table,255,56,1,82502.12,4,25,table,0
1202161_neurosketch,21,furniture,bed,256,57,0,85502.58,4,28,bed,1
1202161_neurosketch,21,furniture,bed,256,58,0,85502.58,4,28,bed,0
1202161_neurosketch,21,furniture,bed,256,59,0,85502.58,4,28,bed,0
1202161_neurosketch,21,furniture,chair,257,60,0,90001.85,4,29,chair,1
1202161_neurosketch,21,furniture,chair,257,61,0,90001.85,4,29,chair,0
1202161_neurosketch,21,furniture,bench,258,62,1,93002.66,4,37,,1
1202161_neurosketch,21,furniture,bench,258,63,1,93002.66,4,37,,0
1202161_neurosketch,21,furniture,bench,258,64,1,93002.66,4,37,,0
1202161_neurosketch,21,2,table,259,65,1,97502.82,4,4,table,1
1202161_neurosketch,21,2,table,259,66,1,97502.82,4,4,table,0
1202161_neurosketch,21,furniture,table,260,67,1,100502.04,4,5,table,1
1202161_neurosketch,21,furniture,table,260,68,1,100502.04,4,5,table,0
1202161_neurosketch,21,furniture,bed,261,69,0,103502.46,4,7,bed,1
1202161_neurosketch,21,furniture,bed,261,70,0,103502.46,4,7,bed,0
1202161_neurosketch,21,furniture,bench,262,71,1,106502.67,4,22,bench,1
1202161_neurosketch,21,furniture,bench,262,72,1,106502.67,4,22,bench,0
1202161_neurosketch,21,furniture,chair,263,73,0,109502.41,4,12,chair,1
1202161_neurosketch,21,furniture,chair,263,74,0,109502.41,4,12,chair,0
1202161_neurosketch,21,furniture,bed,264,75,0,112501.88,4,5,bed,1
1202161_neurosketch,21,furniture,bed,264,76,0,112501.88,4,5,bed,0
1202161_neurosketch,21,furniture,bed,264,77,0,112501.88,4,5,bed,0
1202161_neurosketch,21,furniture,table,265,78,1,117002.2,4,17,table,1
1202161_neurosketch,21,furniture,table,265,79,1,117002.2,4,17,table,0
1202161_neurosketch,21,furniture,table,265,80,1,117002.2,4,17,table,0
1202161_neurosketch,21,furniture,bench,266,81,1,121502.19,4,6,bench,1
1202161_neurosketch,21,furniture,bench,266,82,1,121502.19,4,6,bench,0
1202161_neurosketch,21,furniture,bench,266,83,1,121502.19,4,6,bench,0
1202161_neurosketch,21,furniture,chair,267,84,0,126001.92,4,32,chair,1
1202161_neurosketch,21,furniture,chair,267,85,0,126001.92,4,32,chair,0
1202161_neurosketch,21,furniture,chair,267,86,0,126001.92,4,32,chair,0
1202161_neurosketch,21,furniture,bench,268,87,1,130502.79,4,17,bench,1
1202161_neurosketch,21,furniture,bench,268,88,1,130502.79,4,17,bench,0
1202161_neurosketch,21,furniture,bench,268,89,1,130502.79,4,17,bench,0
1202161_neurosketch,21,2,chair,269,90,0,135002.97,4,2,chair,1
1202161_neurosketch,21,2,chair,269,91,0,135002.97,4,2,chair,0
1202161_neurosketch,21,2,chair,269,92,0,135002.97,4,2,chair,0
1202161_neurosketch,21,2,chair,269,93,0,135002.97,4,2,chair,0
1202161_neurosketch,21,furniture,table,270,94,1,141002.91,4,15,table,1
1202161_neurosketch,21,furniture,table,270,95,1,141002.91,4,15,table,0
1202161_neurosketch,21,furniture,bed,271,96,0,144002.84,4,14,bed,1
1202161_neurosketch,21,furniture,bed,271,97,0,144002.84,4,14,bed,0
1202161_neurosketch,21,furniture,bed,271,98,0,144002.84,4,14,bed,0
1202161_neurosketch,21,furniture,bed,272,99,0,148502.28,4,36,bed,1
1202161_neurosketch,21,furniture,bed,272,100,0,148502.28,4,36,bed,0
1202161_neurosketch,21,furniture,bench,273,101,1,151501.8,4,16,bench,1
1202161_neurosketch,21,furniture,bench,273,102,1,151501.8,4,16,bench,0
1202161_neurosketch,21,furniture,table,274,103,1,154502.34,4,36,table,1
1202161_neurosketch,21,furniture,table,274,104,1,154502.34,4,36,table,0
1202161_neurosketch,21,furniture,table,274,105,1,154502.34,4,36,table,0
1202161_neurosketch,21,furniture,chair,275,106,0,159002.77,4,28,chair,1
1202161_neurosketch,21,furniture,chair,275,107,0,159002.77,4,28,chair,0
1202161_neurosketch,21,furniture,chair,275,108,0,159002.77,4,28,chair,0
1202161_neurosketch,21,furniture,chair,275,109,0,159002.77,4,28,chair,0
1202161_neurosketch,21,furniture,bench,276,110,1,165002.23,4,12,,1
1202161_neurosketch,21,furniture,bench,276,111,1,165002.23,4,12,,0
1202161_neurosketch,21,furniture,bench,276,112,1,165002.23,4,12,,0
1202161_neurosketch,21,furniture,bed,277,113,0,169502.87,4,17,bed,1
1202161_neurosketch,21,furniture,bed,277,114,0,169502.87,4,17,bed,0
1202161_neurosketch,21,furniture,bed,277,115,0,169502.87,4,17,bed,0
1202161_neurosketch,21,furniture,table,278,116,1,174002.48,4,38,table,1
1202161_neurosketch,21,furniture,table,278,117,1,174002.48,4,38,table,0
1202161_neurosketch,21,2,chair,279,118,0,177002.51,4,30,chair,1
1202161_neurosketch,21,2,chair,279,119,0,177002.51,4,30,chair,0
1202161_neurosketch,21,furniture,table,280,120,1,180002.12,4,16,table,1
1202161_neurosketch,21,furniture,table,280,121,1,180002.12,4,16,table,0
1202161_neurosketch,21,furniture,table,280,122,1,180002.12,4,16,table,0
1202161_neurosketch,21,furniture,table,280,123,1,180002.12,4,16,table,0
1202161_neurosketch,21,furniture,chair,281,124,0,186002.53,4,33,chair,1
1202161_neurosketch,21,furniture,chair,281,125,0,186002.53,4,33,chair,0
1202161_neurosketch,21,furniture,chair,281,126,0,186002.53,4,33,chair,0
1202161_neurosketch,21,furniture,chair,281,127,0,186002.53,4,33,chair,0
1202161_neurosketch,21,furniture,bed,282,128,0,192002.79,4,2,bed,1
1202161_neurosketch,21,furniture,bed,282,129,0,192002.79,4,2,bed,0
1202161_neurosketch,21,furniture,bed,282,130,0,192002.79,4,2,bed,0
1202161_neurosketch,21,furniture,bench,283,131,1,196502.94,4,25,bench,1
1202161_neurosketch,21,furniture,bench,283,132,1,196502.94,4,25,bench,0
1202161_neurosketch,21,furniture,bench,283,133,1,196502.94,4,25,bench,0
1202161_neurosketch,21,furniture,bed,284,134,0,201003.1,4,29,bed,1
1202161_neurosketch,21,furniture,bed,284,135,0,201003.1,4,29,bed,0
1202161_neurosketch,21,furniture,table,285,136,1,204002.47,4,2,table,1
1202161_neurosketch,21,furniture,table,285,137,1,204002.47,4,2,table,0
1202161_neurosketch,21,furniture,table,285,138,1,204002.47,4,2,table,0
1202161_neurosketch,21,furniture,bench,286,139,1,208502.58,4,14,bench,1
1202161_neurosketch,21,furniture,bench,286,140,1,208502.58,4,14,bench,0
1202161_neurosketch,21,furniture,chair,287,141,0,211503.14,4,15,,1
1202161_neurosketch,21,furniture,chair,287,142,0,211503.14,4,15,,0
1202161_neurosketch,21,furniture,table,288,143,1,214503.05,4,24,table,1
1202161_neurosketch,21,furniture,table,288,144,1,214503.05,4,24,table,0
1202161_neurosketch,21,furniture,table,288,145,1,214503.05,4,24,table,0
1202161_neurosketch,21,2,bench,289,146,1,219002.9,4,30,bench,1
1202161_neurosketch,21,2,bench,289,147,1,219002.9,4,30,bench,0
1202161_neurosketch,21,2,bench,289,148,1,219002.9,4,30,bench,0
1202161_neurosketch,21,furniture,chair,290,149,0,223502.28,4,6,chair,1
1202161_neurosketch,21,furniture,chair,290,150,0,223502.28,4,6,chair,0
1202161_neurosketch,21,furniture,chair,290,151,0,223502.28,4,6,chair,0
1202161_neurosketch,21,furniture,chair,290,152,0,223502.28,4,6,chair,0
1202161_neurosketch,21,furniture,bed,291,153,0,229502.19,4,27,bed,1
1202161_neurosketch,21,furniture,bed,291,154,0,229502.19,4,27,bed,0
1202161_neurosketch,21,furniture,bed,291,155,0,229502.19,4,27,bed,0
1202161_neurosketch,21,furniture,bed,291,156,0,229502.19,4,27,bed,0
1202161_neurosketch,21,furniture,table,292,157,1,235503.47,4,10,table,1
1202161_neurosketch,21,furniture,table,292,158,1,235503.47,4,10,table,0
1202161_neurosketch,21,furniture,table,292,159,1,235503.47,4,10,table,0
1202161_neurosketch,21,furniture,table,292,160,1,235503.47,4,10,table,0
1202161_neurosketch,21,furniture,chair,293,161,0,241502.85,4,38,chair,1
1202161_neurosketch,21,furniture,chair,293,162,0,241502.85,4,38,chair,0
1202161_neurosketch,21,furniture,chair,293,163,0,241502.85,4,38,chair,0
1202161_neurosketch,21,furniture,chair,293,164,0,241502.85,4,38,chair,0
1202161_neurosketch,21,furniture,bench,294,165,1,247503.07,4,4,bench,1
1202161_neurosketch,21,furniture,bench,294,166,1,247503.07,4,4,bench,0
1202161_neurosketch,21,furniture,bed,295,167,0,250502.89,4,13,chair,1
1202161_neurosketch,21,furniture,bed,295,168,0,250502.89,4,13,chair,0
1202161_neurosketch,21,furniture,bed,296,169,0,253502.62,4,1,bed,1
1202161_neurosketch,21,furniture,bed,296,170,0,253502.62,4,1,bed,0
1202161_neurosketch,21,furniture,bed,296,171,0,253502.62,4,1,bed,0
1202161_neurosketch,21,furniture,table,297,172,1,258003.58,4,12,table,1
1202161_neurosketch,21,furniture,table,297,173,1,258003.58,4,12,table,0
1202161_neurosketch,21,furniture,bench,298,174,1,261002.78,4,21,bench,1
1202161_neurosketch,21,furniture,bench,298,175,1,261002.78,4,21,bench,0
1202161_neurosketch,21,furniture,bench,298,176,1,261002.78,4,21,bench,0
1202161_neurosketch,21,2,chair,299,177,0,265502.16,4,21,chair,1
1202161_neurosketch,21,2,chair,299,178,0,265502.16,4,21,chair,0
1202161_neurosketch,21,furniture,bed,300,179,0,268502.78,4,21,bed,1
1202161_neurosketch,21,furniture,bed,300,180,0,268502.78,4,21,bed,0
1202161_neurosketch,21,furniture,table,301,181,1,271502.61,4,14,table,1
1202161_neurosketch,21,furniture,table,301,182,1,271502.61,4,14,table,0
1202161_neurosketch,21,furniture,bench,302,183,1,274502.19,4,39,bench,1
1202161_neurosketch,21,furniture,bench,302,184,1,274502.19,4,39,bench,0
1202161_neurosketch,21,furniture,chair,303,185,0,277502.46,4,25,chair,1
1202161_neurosketch,21,furniture,chair,303,186,0,277502.46,4,25,chair,0
1202161_neurosketch,21,furniture,bed,304,187,0,280502.81,4,26,bed,1
1202161_neurosketch,21,furniture,bed,304,188,0,280502.81,4,26,bed,0
1202161_neurosketch,21,furniture,bed,304,189,0,280502.81,4,26,bed,0
1202161_neurosketch,21,furniture,table,305,190,1,285002.26,4,27,table,1
1202161_neurosketch,21,furniture,table,305,191,1,285002.26,4,27,table,0
1202161_neurosketch,21,furniture,table,305,192,1,285002.26,4,27,table,0
1202161_neurosketch,21,furniture,chair,306,193,0,289502.07,4,13,,1
1202161_neurosketch,21,furniture,chair,306,194,0,289502.07,4,13,,0
1202161_neurosketch,21,furniture,chair,306,195,0,289502.07,4,13,,0
1202161_neurosketch,21,furniture,bench,307,196,1,294002.37,4,26,,1
1202161_neurosketch,21,furniture,bench,307,197,1,294002.37,4,26,,0
1202161_neurosketch,21,furniture,bench,307,198,1,294002.37,4,26,,0
1202161_neurosketch,21,furniture,bed,308,199,0,298503.1,4,33,bed,1
1202161_neurosketch,21,furniture,bed,308,200,0,298503.1,4,33,bed,0
1202161_neurosketch,21,furniture,bed,308,201,0,298503.1,4,33,bed,0
1202161_neurosketch,21,2,bench,309,202,1,303002.26,4,38,bench,1
1202161_neurosketch,21,2,bench,309,203,1,303002.26,4,38,bench,0
1202161_neurosketch,21,2,bench,309,204,1,303002.26,4,38,bench,0
1202161_neurosketch,21,2,bench,309,205,1,303002.26,4,38,bench,0
1202161_neurosketch,21,furniture,chair,310,206,0,309002.91,4,19,chair,1
1202161_neurosketch,21,furniture,chair,310,207,0,309002.91,4,19,chair,0
1202161_neurosketch,21,furniture,table,311,208,1,312002.91,4,35,table,1
1202161_neurosketch,21,furniture,table,311,209,1,312002.91,4,35,table,0
1202161_neurosketch,21,furniture,table,311,210,1,312002.91,4,35,table,0
1202161_neurosketch,21,furniture,bench,312,211,1,316502.93,4,29,bench,1
1202161_neurosketch,21,furniture,bench,312,212,1,316502.93,4,29,bench,0
1202161_neurosketch,21,furniture,table,313,213,1,319502.21,4,20,table,1
1202161_neurosketch,21,furniture,table,313,214,1,319502.21,4,20,table,0
1202161_neurosketch,21,furniture,bed,314,215,0,322502.51,4,9,bed,1
1202161_neurosketch,21,furniture,bed,314,216,0,322502.51,4,9,bed,0
1202161_neurosketch,21,furniture,bed,314,217,0,322502.51,4,9,bed,0
1202161_neurosketch,21,furniture,chair,315,218,0,327002.78,4,16,chair,1
1202161_neurosketch,21,furniture,chair,315,219,0,327002.78,4,16,chair,0
1202161_neurosketch,21,furniture,chair,315,220,0,327002.78,4,16,chair,0
1202161_neurosketch,21,furniture,chair,315,221,0,327002.78,4,16,chair,0
1202161_neurosketch,21,furniture,bench,316,222,1,333002.7,4,31,bench,1
1202161_neurosketch,21,furniture,bench,316,223,1,333002.7,4,31,bench,0
1202161_neurosketch,21,furniture,bench,316,224,1,333002.7,4,31,bench,0
1202161_neurosketch,21,furniture,bed,317,225,0,337502.88,4,23,,1
1202161_neurosketch,21,furniture,bed,317,226,0,337502.88,4,23,,0
1202161_neurosketch,21,furniture,bed,317,227,0,337502.88,4,23,,0
1202161_neurosketch,21,furniture,table,318,228,1,342002.27,4,37,table,1
1202161_neurosketch,21,furniture,table,318,229,1,342002.27,4,37,table,0
1202161_neurosketch,21,2,chair,319,230,0,345002.84,4,0,chair,1
1202161_neurosketch,21,2,chair,319,231,0,345002.84,4,0,chair,0
1202161_neurosketch,21,2,chair,319,232,0,345002.84,4,0,chair,0
1202161_neurosketch,21,2,chair,319,233,0,345002.84,4,0,chair,0
1202161_neurosketch,21,2,chair,319,234,0,345002.84,4,0,chair,0
1202161_neurosketch,21,2,chair,319,235,0,345002.84,4,0,chair,0
1202161_neurosketch,21,2,chair,319,236,0,345002.84,4,0,chair,0
1202161_neurosketch,21,2,chair,319,237,0,345002.84,4,0,chair,0
1202161_neurosketch,21,2,chair,319,238,0,345002.84,4,0,chair,0
1202161_neurosketch,21,2,chair,319,239,0,345002.84,4,0,chair,0
1202161_neurosketch,21,furniture,chair,360,0,-1,0.0,9,0,,0
1202161_neurosketch,21,furniture,chair,360,1,-1,0.0,9,0,,0
1202161_neurosketch,21,furniture,chair,360,2,-1,0.0,9,0,,0
1202161_neurosketch,21,furniture,chair,360,3,-1,0.0,9,0,,0
1202161_neurosketch,21,furniture,chair,360,4,-1,0.0,9,0,,0
1202161_neurosketch,21,furniture,chair,360,5,-1,0.0,9,0,,0
1202161_neurosketch,21,furniture,chair,360,6,-1,0.0,9,0,,0
1202161_neurosketch,21,furniture,chair,360,7,-1,0.0,9,0,,0
1202161_neurosketch,21,furniture,chair,360,8,0,12003.94,9,0,,1
1202161_neurosketch,21,furniture,chair,360,9,0,12003.94,9,0,,0
1202161_neurosketch,21,furniture,chair,360,10,0,12003.94,9,0,,0
1202161_neurosketch,21,furniture,chair,360,11,0,12003.94,9,0,,0
1202161_neurosketch,21,furniture,table,361,12,1,18001.74,9,37,,1
1202161_neurosketch,21,furniture,table,361,13,1,18001.74,9,37,,0
1202161_neurosketch,21,furniture,table,361,14,1,18001.74,9,37,,0
1202161_neurosketch,21,furniture,table,361,15,1,18001.74,9,37,,0
1202161_neurosketch,21,furniture,bed,362,16,0,24001.81,9,23,bed,1
1202161_neurosketch,21,furniture,bed,362,17,0,24001.81,9,23,bed,0
1202161_neurosketch,21,furniture,bed,362,18,0,24001.81,9,23,bed,0
1202161_neurosketch,21,furniture,bench,363,19,1,28502.24,9,31,bench,1
1202161_neurosketch,21,furniture,bench,363,20,1,28502.24,9,31,bench,0
1202161_neurosketch,21,furniture,bench,363,21,1,28502.24,9,31,bench,0
1202161_neurosketch,21,furniture,chair,364,22,0,33004.79,9,16,chair,1
1202161_neurosketch,21,furniture,chair,364,23,0,33004.79,9,16,chair,0
1202161_neurosketch,21,furniture,bed,365,24,0,36002.11,9,9,bed,1
1202161_neurosketch,21,furniture,bed,365,25,0,36002.11,9,9,bed,0
1202161_neurosketch,21,furniture,bed,365,26,0,36002.11,9,9,bed,0
1202161_neurosketch,21,furniture,table,366,27,1,40501.95,9,20,table,1
1202161_neurosketch,21,furniture,table,366,28,1,40501.95,9,20,table,0
1202161_neurosketch,21,furniture,bench,367,29,1,43502.37,9,29,table,1
1202161_neurosketch,21,furniture,bench,367,30,1,43502.37,9,29,table,0
1202161_neurosketch,21,furniture,table,368,31,1,46501.97,9,35,table,1
1202161_neurosketch,21,furniture,table,368,32,1,46501.97,9,35,table,0
1202161_neurosketch,21,furniture,table,368,33,1,46501.97,9,35,table,0
1202161_neurosketch,21,2,chair,369,34,0,51002.68,9,19,chair,1
1202161_neurosketch,21,2,chair,369,35,0,51002.68,9,19,chair,0
1202161_neurosketch,21,2,chair,369,36,0,51002.68,9,19,chair,0
1202161_neurosketch,21,furniture,bench,370,37,1,55502.07,9,38,bench,1
1202161_neurosketch,21,furniture,bench,370,38,1,55502.07,9,38,bench,0
1202161_neurosketch,21,furniture,bench,370,39,1,55502.07,9,38,bench,0
1202161_neurosketch,21,furniture,bench,370,40,1,55502.07,9,38,bench,0
1202161_neurosketch,21,furniture,bed,371,41,0,61503.01,9,33,bed,1
1202161_neurosketch,21,furniture,bed,371,42,0,61503.01,9,33,bed,0
1202161_neurosketch,21,furniture,bed,371,43,0,61503.01,9,33,bed,0
1202161_neurosketch,21,furniture,bed,371,44,0,61503.01,9,33,bed,0
1202161_neurosketch,21,furniture,bench,372,45,1,67502.0,9,26,bench,1
1202161_neurosketch,21,furniture,bench,372,46,1,67502.0,9,26,bench,0
1202161_neurosketch,21,furniture,bench,372,47,1,67502.0,9,26,bench,0
1202161_neurosketch,21,furniture,bench,372,48,1,67502.0,9,26,bench,0
1202161_neurosketch,21,furniture,chair,373,49,0,73501.8,9,13,chair,1
1202161_neurosketch,21,furniture,chair,373,50,0,73501.8,9,13,chair,0
1202161_neurosketch,21,furniture,chair,373,51,0,73501.8,9,13,chair,0
1202161_neurosketch,21,furniture,chair,373,52,0,73501.8,9,13,chair,0
1202161_neurosketch,21,furniture,table,374,53,1,79502.38,9,27,table,1
1202161_neurosketch,21,furniture,table,374,54,1,79502.38,9,27,table,0
1202161_neurosketch,21,furniture,bed,375,55,0,82502.96,9,26,bed,1
1202161_neurosketch,21,furniture,bed,375,56,0,82502.96,9,26,bed,0
1202161_neurosketch,21,furniture,chair,376,57,0,85503.45,9,25,chair,1
1202161_neurosketch,21,furniture,chair,376,58,0,85503.45,9,25,chair,0
1202161_neurosketch,21,furniture,chair,376,59,0,85503.45,9,25,chair,0
1202161_neurosketch,21,furniture,bench,377,60,1,90002.98,9,39,bench,1
1202161_neurosketch,21,furniture,bench,377,61,1,90002.98,9,39,bench,0
1202161_neurosketch,21,furniture,table,378,62,1,93001.96,9,14,table,1
1202161_neurosketch,21,furniture,table,378,63,1,93001.96,9,14,table,0
1202161_neurosketch,21,furniture,table,378,64,1,93001.96,9,14,table,0
1202161_neurosketch,21,2,bed,379,65,0,97502.93,9,21,bed,1
1202161_neurosketch,21,2,bed,379,66,0,97502.93,9,21,bed,0
1202161_neurosketch,21,furniture,chair,380,67,0,100502.96,9,21,chair,1
1202161_neurosketch,21,furniture,chair,380,68,0,100502.96,9,21,chair,0
1202161_neurosketch,21,furniture,bench,381,69,1,103502.23,9,21,bench,1
1202161_neurosketch,21,furniture,bench,381,70,1,103502.23,9,21,bench,0
1202161_neurosketch,21,furniture,table,382,71,1,106503.04,9,12,table,1
1202161_neurosketch,21,furniture,table,382,72,1,106503.04,9,12,table,0
1202161_neurosketch,21,furniture,bed,383,73,0,109502.84,9,1,bed,1
1202161_neurosketch,21,furniture,bed,383,74,0,109502.84,9,1,bed,0
1202161_neurosketch,21,furniture,bed,384,75,0,112502.99,9,13,bed,1
1202161_neurosketch,21,furniture,bed,384,76,0,112502.99,9,13,bed,0
1202161_neurosketch,21,furniture,bed,384,77,0,112502.99,9,13,bed,0
1202161_neurosketch,21,furniture,bench,385,78,1,117002.42,9,4,bench,1
1202161_neurosketch,21,furniture,bench,385,79,1,117002.42,9,4,bench,0
1202161_neurosketch,21,furniture,bench,385,80,1,117002.42,9,4,bench,0
1202161_neurosketch,21,furniture,chair,386,81,0,121503.25,9,38,chair,1
1202161_neurosketch,21,furniture,chair,386,82,0,121503.25,9,38,chair,0
1202161_neurosketch,21,furniture,chair,386,83,0,121503.25,9,38,chair,0
1202161_neurosketch,21,furniture,table,387,84,1,126002.43,9,10,table,1
1202161_neurosketch,21,furniture,table,387,85,1,126002.43,9,10,table,0
1202161_neurosketch,21,furniture,table,387,86,1,126002.43,9,10,table,0
1202161_neurosketch,21,furniture,bed,388,87,0,130502.56,9,27,bed,1
1202161_neurosketch,21,furniture,bed,388,88,0,130502.56,9,27,bed,0
1202161_neurosketch,21,furniture,bed,388,89,0,130502.56,9,27,bed,0
1202161_neurosketch,21,2,chair,389,90,0,135002.93,9,6,chair,1
1202161_neurosketch,21,2,chair,389,91,0,135002.93,9,6,chair,0
1202161_neurosketch,21,2,chair,389,92,0,135002.93,9,6,chair,0
1202161_neurosketch,21,2,chair,389,93,0,135002.93,9,6,chair,0
1202161_neurosketch,21,furniture,bench,390,94,1,141002.78,9,30,bench,1
1202161_neurosketch,21,furniture,bench,390,95,1,141002.78,9,30,bench,0
1202161_neurosketch,21,furniture,table,391,96,1,144002.37,9,24,table,1
1202161_neurosketch,21,furniture,table,391,97,1,144002.37,9,24,table,0
1202161_neurosketch,21,furniture,table,391,98,1,144002.37,9,24,table,0
1202161_neurosketch,21,furniture,chair,392,99,0,148502.6,9,15,chair,1
1202161_neurosketch,21,furniture,chair,392,100,0,148502.6,9,15,chair,0
1202161_neurosketch,21,furniture,bench,393,101,1,151502.69,9,14,bench,1
1202161_neurosketch,21,furniture,bench,393,102,1,151502.69,9,14,bench,0
1202161_neurosketch,21,furniture,table,394,103,1,154502.99,9,2,table,1
1202161_neurosketch,21,furniture,table,394,104,1,154502.99,9,2,table,0
1202161_neurosketch,21,furniture,table,394,105,1,154502.99,9,2,table,0
1202161_neurosketch,21,furniture,bed,395,106,0,159002.69,9,29,bed,1
1202161_neurosketch,21,furniture,bed,395,107,0,159002.69,9,29,bed,0
1202161_neurosketch,21,furniture,bed,395,108,0,159002.69,9,29,bed,0
1202161_neurosketch,21,furniture,bed,395,109,0,159002.69,9,29,bed,0
1202161_neurosketch,21,furniture,bench,396,110,1,165002.18,9,25,bench,1
1202161_neurosketch,21,furniture,bench,396,111,1,165002.18,9,25,bench,0
1202161_neurosketch,21,furniture,bench,396,112,1,165002.18,9,25,bench,0
1202161_neurosketch,21,furniture,bed,397,113,0,169502.54,9,2,bed,1
1202161_neurosketch,21,furniture,bed,397,114,0,169502.54,9,2,bed,0
1202161_neurosketch,21,furniture,bed,397,115,0,169502.54,9,2,bed,0
1202161_neurosketch,21,furniture,chair,398,116,0,174003.27,9,33,chair,1
1202161_neurosketch,21,furniture,chair,398,117,0,174003.27,9,33,chair,0
1202161_neurosketch,21,2,table,399,118,1,177003.08,9,16,table,1
1202161_neurosketch,21,2,table,399,119,1,177003.08,9,16,table,0
1202161_neurosketch,21,furniture,chair,400,120,0,180002.12,9,30,chair,1
1202161_neurosketch,21,furniture,chair,400,121,0,180002.12,9,30,chair,0
1202161_neurosketch,21,furniture,chair,400,122,0,180002.12,9,30,chair,0
1202161_neurosketch,21,furniture,chair,400,123,0,180002.12,9,30,chair,0
1202161_neurosketch,21,furniture,table,401,124,1,186002.38,9,38,table,1
1202161_neurosketch,21,furniture,table,401,125,1,186002.38,9,38,table,0
1202161_neurosketch,21,furniture,table,401,126,1,186002.38,9,38,table,0
1202161_neurosketch,21,furniture,table,401,127,1,186002.38,9,38,table,0
1202161_neurosketch,21,furniture,bed,402,128,0,192003.29,9,17,bed,1
1202161_neurosketch,21,furniture,bed,402,129,0,192003.29,9,17,bed,0
1202161_neurosketch,21,furniture,bed,402,130,0,192003.29,9,17,bed,0
1202161_neurosketch,21,furniture,bench,403,131,1,196502.55,9,12,bench,1
1202161_neurosketch,21,furniture,bench,403,132,1,196502.55,9,12,bench,0
1202161_neurosketch,21,furniture,bench,403,133,1,196502.55,9,12,bench,0
1202161_neurosketch,21,furniture,chair,404,134,0,201002.79,9,28,chair,1
1202161_neurosketch,21,furniture,chair,404,135,0,201002.79,9,28,chair,0
1202161_neurosketch,21,furniture,table,405,136,1,204002.88,9,36,,1
1202161_neurosketch,21,furniture,table,405,137,1,204002.88,9,36,,0
1202161_neurosketch,21,furniture,table,405,138,1,204002.88,9,36,,0
1202161_neurosketch,21,furniture,bench,406,139,1,208502.83,9,16,bench,1
1202161_neurosketch,21,furniture,bench,406,140,1,208502.83,9,16,bench,0
1202161_neurosketch,21,furniture,bed,407,141,0,211501.66,9,36,bed,1
1202161_neurosketch,21,furniture,bed,407,142,0,211501.66,9,36,bed,0
1202161_neurosketch,21,furniture,bed,408,143,0,214501.66,9,14,bed,1
1202161_neurosketch,21,furniture,bed,408,144,0,214501.66,9,14,bed,0
1202161_neurosketch,21,furniture,bed,408,145,0,214501.66,9,14,bed,0
1202161_neurosketch,21,2,table,409,146,1,219002.86,9,15,table,1
1202161_neurosketch,21,2,table,409,147,1,219002.86,9,15,table,0
1202161_neurosketch,21,2,table,409,148,1,219002.86,9,15,table,0
1202161_neurosketch,21,furniture,chair,410,149,0,223502.64,9,2,chair,1
1202161_neurosketch,21,furniture,chair,410,150,0,223502.64,9,2,chair,0
1202161_neurosketch,21,furniture,chair,410,151,0,223502.64,9,2,chair,0
1202161_neurosketch,21,furniture,chair,410,152,0,223502.64,9,2,chair,0
1202161_neurosketch,21,furniture,bench,411,153,1,229502.98,9,17,bench,1
1202161_neurosketch,21,furniture,bench,411,154,1,229502.98,9,17,bench,0
1202161_neurosketch,21,furniture,bench,411,155,1,229502.98,9,17,bench,0
1202161_neurosketch,21,furniture,bench,411,156,1,229502.98,9,17,bench,0
1202161_neurosketch,21,furniture,chair,412,157,0,235501.48,9,32,chair,1
1202161_neurosketch,21,furniture,chair,412,158,0,235501.48,9,32,chair,0
1202161_neurosketch,21,furniture,chair,412,159,0,235501.48,9,32,chair,0
1202161_neurosketch,21,furniture,chair,412,160,0,235501.48,9,32,chair,0
1202161_neurosketch,21,furniture,bench,413,161,1,241501.71,9,6,bench,1
1202161_neurosketch,21,furniture,bench,413,162,1,241501.71,9,6,bench,0
1202161_neurosketch,21,furniture,bench,413,163,1,241501.71,9,6,bench,0
1202161_neurosketch,21,furniture,bench,413,164,1,241501.71,9,6,bench,0
1202161_neurosketch,21,furniture,table,414,165,1,247501.82,9,17,table,1
1202161_neurosketch,21,furniture,table,414,166,1,247501.82,9,17,table,0
1202161_neurosketch,21,furniture,bed,415,167,0,250502.46,9,5,bed,1
1202161_neurosketch,21,furniture,bed,415,168,0,250502.46,9,5,bed,0
1202161_neurosketch,21,furniture,chair,416,169,0,253503.06,9,12,chair,1
1202161_neurosketch,21,furniture,chair,416,170,0,253503.06,9,12,chair,0
1202161_neurosketch,21,furniture,chair,416,171,0,253503.06,9,12,chair,0
1202161_neurosketch,21,furniture,bench,417,172,1,258001.47,9,22,bench,1
1202161_neurosketch,21,furniture,bench,417,173,1,258001.47,9,22,bench,0
1202161_neurosketch,21,furniture,bed,418,174,0,261004.06,9,7,bed,1
1202161_neurosketch,21,furniture,bed,418,175,0,261004.06,9,7,bed,0
1202161_neurosketch,21,furniture,bed,418,176,0,261004.06,9,7,bed,0
1202161_neurosketch,21,2,table,419,177,1,265502.62,9,5,table,1
1202161_neurosketch,21,2,table,419,178,1,265502.62,9,5,table,0
1202161_neurosketch,21,furniture,table,420,179,1,268502.54,9,4,table,1
1202161_neurosketch,21,furniture,table,420,180,1,268502.54,9,4,table,0
1202161_neurosketch,21,furniture,bench,421,181,1,271502.43,9,37,bench,1
1202161_neurosketch,21,furniture,bench,421,182,1,271502.43,9,37,bench,0
1202161_neurosketch,21,furniture,chair,422,183,0,274502.71,9,29,,1
1202161_neurosketch,21,furniture,chair,422,184,0,274502.71,9,29,,0
1202161_neurosketch,21,furniture,bed,423,185,0,277502.67,9,28,bed,1
1202161_neurosketch,21,furniture,bed,423,186,0,277502.67,9,28,bed,0
1202161_neurosketch,21,furniture,table,424,187,1,280502.81,9,25,table,1
1202161_neurosketch,21,furniture,table,424,188,1,280502.81,9,25,table,0
1202161_neurosketch,21,furniture,table,424,189,1,280502.81,9,25,table,0
1202161_neurosketch,21,furniture,bench,425,190,1,285002.77,9,27,bench,1
1202161_neurosketch,21,furniture,bench,425,191,1,285002.77,9,27,bench,0
1202161_neurosketch,21,furniture,bench,425,192,1,285002.77,9,27,bench,0
1202161_neurosketch,21,furniture,bed,426,193,0,289502.12,9,34,bed,1
1202161_neurosketch,21,furniture,bed,426,194,0,289502.12,9,34,bed,0
1202161_neurosketch,21,furniture,bed,426,195,0,289502.12,9,34,bed,0
1202161_neurosketch,21,furniture,chair,427,196,0,294003.01,9,1,chair,1
1202161_neurosketch,21,furniture,chair,427,197,0,294003.01,9,1,chair,0
1202161_neurosketch,21,furniture,chair,427,198,0,294003.01,9,1,chair,0
1202161_neurosketch,21,furniture,bed,428,199,0,298503.45,9,11,bed,1
1202161_neurosketch,21,furniture,bed,428,200,0,298503.45,9,11,bed,0
1202161_neurosketch,21,furniture,bed,428,201,0,298503.45,9,11,bed,0
1202161_neurosketch,21,2,bench,429,202,1,303002.77,9,32,bench,1
1202161_neurosketch,21,2,bench,429,203,1,303002.77,9,32,bench,0
1202161_neurosketch,21,2,bench,429,204,1,303002.77,9,32,bench,0
1202161_neurosketch,21,2,bench,429,205,1,303002.77,9,32,bench,0
1202161_neurosketch,21,furniture,chair,430,206,0,309002.47,9,34,chair,1
1202161_neurosketch,21,furniture,chair,430,207,0,309002.47,9,34,chair,0
1202161_neurosketch,21,furniture,table,431,208,1,312003.95,9,8,,1
1202161_neurosketch,21,furniture,table,431,209,1,312003.95,9,8,,0
1202161_neurosketch,21,furniture,table,431,210,1,312003.95,9,8,,0
1202161_neurosketch,21,furniture,chair,432,211,0,316502.23,9,39,chair,1
1202161_neurosketch,21,furniture,chair,432,212,0,316502.23,9,39,chair,0
1202161_neurosketch,21,furniture,bench,433,213,1,319502.79,9,9,bench,1
1202161_neurosketch,21,furniture,bench,433,214,1,319502.79,9,9,bench,0
1202161_neurosketch,21,furniture,bed,434,215,0,322502.77,9,30,bed,1
1202161_neurosketch,21,furniture,bed,434,216,0,322502.77,9,30,bed,0
1202161_neurosketch,21,furniture,bed,434,217,0,322502.77,9,30,bed,0
1202161_neurosketch,21,furniture,table,435,218,1,327003.38,9,13,table,1
1202161_neurosketch,21,furniture,table,435,219,1,327003.38,9,13,table,0
1202161_neurosketch,21,furniture,table,435,220,1,327003.38,9,13,table,0
1202161_neurosketch,21,furniture,table,435,221,1,327003.38,9,13,table,0
1202161_neurosketch,21,furniture,bed,436,222,0,333003.52,9,31,bed,1
1202161_neurosketch,21,furniture,bed,436,223,0,333003.52,9,31,bed,0
1202161_neurosketch,21,furniture,bed,436,224,0,333003.52,9,31,bed,0
1202161_neurosketch,21,furniture,bench,437,225,1,337503.37,9,3,bench,1
1202161_neurosketch,21,furniture,bench,437,226,1,337503.37,9,3,bench,0
1202161_neurosketch,21,furniture,bench,437,227,1,337503.37,9,3,bench,0
1202161_neurosketch,21,furniture,table,438,228,1,342002.86,9,9,table,1
1202161_neurosketch,21,furniture,table,438,229,1,342002.86,9,9,table,0
1202161_neurosketch,21,2,chair,439,230,0,345002.78,9,31,chair,1
1202161_neurosketch,21,2,chair,439,231,0,345002.78,9,31,chair,0
1202161_neurosketch,21,2,chair,439,232,0,345002.78,9,31,chair,0
1202161_neurosketch,21,2,chair,439,233,0,345002.78,9,31,chair,0
1202161_neurosketch,21,2,chair,439,234,0,345002.78,9,31,chair,0
1202161_neurosketch,21,2,chair,439,235,0,345002.78,9,31,chair,0
1202161_neurosketch,21,2,chair,439,236,0,345002.78,9,31,chair,0
1202161_neurosketch,21,2,chair,439,237,0,345002.78,9,31,chair,0
1202161_neurosketch,21,2,chair,439,238,0,345002.78,9,31,chair,0
1202161_neurosketch,21,2,chair,439,239,0,345002.78,9,31,chair,0
1202161_neurosketch,21,furniture,chair,440,0,-1,0.0,10,9,chair,0
1202161_neurosketch,21,furniture,chair,440,1,-1,0.0,10,9,chair,0
1202161_neurosketch,21,furniture,chair,440,2,-1,0.0,10,9,chair,0
1202161_neurosketch,21,furniture,chair,440,3,-1,0.0,10,9,chair,0
1202161_neurosketch,21,furniture,chair,440,4,-1,0.0,10,9,chair,0
1202161_neurosketch,21,furniture,chair,440,5,-1,0.0,10,9,chair,0
1202161_neurosketch,21,furniture,chair,440,6,-1,0.0,10,9,chair,0
1202161_neurosketch,21,furniture,chair,440,7,-1,0.0,10,9,chair,0
1202161_neurosketch,21,furniture,chair,440,8,0,12002.1,10,9,chair,1
1202161_neurosketch,21,furniture,chair,440,9,0,12002.1,10,9,chair,0
1202161_neurosketch,21,furniture,chair,440,10,0,12002.1,10,9,chair,0
1202161_neurosketch,21,furniture,chair,440,11,0,12002.1,10,9,chair,0
1202161_neurosketch,21,furniture,bench,441,12,1,18002.21,10,15,bench,1
1202161_neurosketch,21,furniture,bench,441,13,1,18002.21,10,15,bench,0
1202161_neurosketch,21,furniture,bench,441,14,1,18002.21,10,15,bench,0
1202161_neurosketch,21,furniture,bench,441,15,1,18002.21,10,15,bench,0
1202161_neurosketch,21,furniture,table,442,16,1,24002.29,10,6,table,1
1202161_neurosketch,21,furniture,table,442,17,1,24002.29,10,6,table,0
1202161_neurosketch,21,furniture,table,442,18,1,24002.29,10,6,table,0
1202161_neurosketch,21,furniture,bed,443,19,0,28502.63,10,10,bed,1
1202161_neurosketch,21,furniture,bed,443,20,0,28502.63,10,10,bed,0
1202161_neurosketch,21,furniture,bed,443,21,0,28502.63,10,10,bed,0
1202161_neurosketch,21,furniture,chair,444,22,0,33001.57,10,27,chair,1
1202161_neurosketch,21,furniture,chair,444,23,0,33001.57,10,27,chair,0
1202161_neurosketch,21,furniture,table,445,24,1,36001.68,10,11,table,1
1202161_neurosketch,21,furniture,table,445,25,1,36001.68,10,11,table,0
1202161_neurosketch,21,furniture,table,445,26,1,36001.68,10,11,table,0
1202161_neurosketch,21,furniture,bench,446,27,1,40502.01,10,8,bench,1
1202161_neurosketch,21,furniture,bench,446,28,1,40502.01,10,8,bench,0
1202161_neurosketch,21,furniture,bed,447,29,0,43502.44,10,18,bed,1
1202161_neurosketch,21,furniture,bed,447,30,0,43502.44,10,18,bed,0
1202161_neurosketch,21,furniture,chair,448,31,0,46501.5,10,3,chair,1
1202161_neurosketch,21,furniture,chair,448,32,0,46501.5,10,3,chair,0
1202161_neurosketch,21,furniture,chair,448,33,0,46501.5,10,3,chair,0
1202161_neurosketch,21,2,bench,449,34,1,51001.76,10,35,,1
1202161_neurosketch,21,2,bench,449,35,1,51001.76,10,35,,0
1202161_neurosketch,21,2,bench,449,36,1,51001.76,10,35,,0
1202161_neurosketch,21,furniture,bed,450,37,0,55501.88,10,39,bed,1
1202161_neurosketch,21,furniture,bed,450,38,0,55501.88,10,39,bed,0
1202161_neurosketch,21,furniture,bed,450,39,0,55501.88,10,39,bed,0
1202161_neurosketch,21,furniture,bed,450,40,0,55501.88,10,39,bed,0
1202161_neurosketch,21,furniture,table,451,41,1,61502.05,10,18,,1
1202161_neurosketch,21,furniture,table,451,42,1,61502.05,10,18,,0
1202161_neurosketch,21,furniture,table,451,43,1,61502.05,10,18,,0
1202161_neurosketch,21,furniture,table,451,44,1,61502.05,10,18,,0
1202161_neurosketch,21,furniture,chair,452,45,0,67502.97,10,37,chair,1
1202161_neurosketch,21,furniture,chair,452,46,0,67502.97,10,37,chair,0
1202161_neurosketch,21,furniture,chair,452,47,0,67502.97,10,37,chair,0
1202161_neurosketch,21,furniture,chair,452,48,0,67502.97,10,37,chair,0
1202161_neurosketch,21,furniture,table,453,49,1,73502.17,10,19,table,1
1202161_neurosketch,21,furniture,table,453,50,1,73502.17,10,19,table,0
1202161_neurosketch,21,furniture,table,453,51,1,73502.17,10,19,table,0
1202161_neurosketch,21,furniture,table,453,52,1,73502.17,10,19,table,0
1202161_neurosketch,21,furniture,bed,454,53,0,79502.46,10,3,bed,1
1202161_neurosketch,21,furniture,bed,454,54,0,79502.46,10,3,bed,0
1202161_neurosketch,21,furniture,bench,455,55,1,82502.98,10,33,bench,1
1202161_neurosketch,21,furniture,bench,455,56,1,82502.98,10,33,bench,0
1202161_neurosketch,21,furniture,bed,456,57,0,85502.05,10,15,bed,1
1202161_neurosketch,21,furniture,bed,456,58,0,85502.05,10,15,bed,0
1202161_neurosketch,21,furniture,bed,456,59,0,85502.05,10,15,bed,0
1202161_neurosketch,21,furniture,chair,457,60,0,90001.6,10,11,chair,1
1202161_neurosketch,21,furniture,chair,457,61,0,90001.6,10,11,chair,0
1202161_neurosketch,21,furniture,table,458,62,1,93002.68,10,32,table,1
1202161_neurosketch,21,furniture,table,458,63,1,93002.68,10,32,table,0
1202161_neurosketch,21,furniture,table,458,64,1,93002.68,10,32,table,0
1202161_neurosketch,21,2,bench,459,65,1,97502.43,10,7,bench,1
1202161_neurosketch,21,2,bench,459,66,1,97502.43,10,7,bench,0
1202161_neurosketch,21,furniture,chair,460,67,0,100501.67,10,10,chair,1
1202161_neurosketch,21,furniture,chair,460,68,0,100501.67,10,10,chair,0
1202161_neurosketch,21,furniture,table,461,69,1,103502.23,10,33,table,1
1202161_neurosketch,21,furniture,table,461,70,1,103502.23,10,33,table,0
1202161_neurosketch,21,furniture,bench,462,71,1,106501.88,10,24,bench,1
1202161_neurosketch,21,furniture,bench,462,72,1,106501.88,10,24,bench,0
1202161_neurosketch,21,furniture,bed,463,73,0,109502.62,10,25,bed,1
1202161_neurosketch,21,furniture,bed,463,74,0,109502.62,10,25,bed,0
1202161_neurosketch,21,furniture,bed,464,75,0,112502.53,10,38,bed,1
1202161_neurosketch,21,furniture,bed,464,76,0,112502.53,10,38,bed,0
1202161_neurosketch,21,furniture,bed,464,77,0,112502.53,10,38,bed,0
1202161_neurosketch,21,furniture,bench,465,78,1,117001.98,10,1,bench,1
1202161_neurosketch,21,furniture,bench,465,79,1,117001.98,10,1,bench,0
1202161_neurosketch,21,furniture,bench,465,80,1,117001.98,10,1,bench,0
1202161_neurosketch,21,furniture,table,466,81,1,121502.54,10,30,table,1
1202161_neurosketch,21,furniture,table,466,82,1,121502.54,10,30,table,0
1202161_neurosketch,21,furniture,table,466,83,1,121502.54,10,30,table,0
1202161_neurosketch,21,furniture,chair,467,84,0,126002.58,10,35,chair,1
1202161_neurosketch,21,furniture,chair,467,85,0,126002.58,10,35,chair,0
1202161_neurosketch,21,furniture,chair,467,86,0,126002.58,10,35,chair,0
1202161_neurosketch,21,furniture,chair,468,87,0,130502.46,10,4,chair,1
1202161_neurosketch,21,furniture,chair,468,88,0,130502.46,10,4,chair,0
1202161_neurosketch,21,furniture,chair,468,89,0,130502.46,10,4,chair,0
1202161_neurosketch,21,2,bed,469,90,0,135002.56,10,22,bed,1
1202161_neurosketch,21,2,bed,469,91,0,135002.56,10,22,bed,0
1202161_neurosketch,21,2,bed,469,92,0,135002.56,10,22,bed,0
1202161_neurosketch,21,2,bed,469,93,0,135002.56,10,22,bed,0
1202161_neurosketch,21,furniture,table,470,94,1,141002.61,10,21,,1
1202161_neurosketch,21,furniture,table,470,95,1,141002.61,10,21,,0
1202161_neurosketch,21,furniture,bench,471,96,1,144003.09,10,19,bench,1
1202161_neurosketch,21,furniture,bench,471,97,1,144003.09,10,19,bench,0
1202161_neurosketch,21,furniture,bench,471,98,1,144003.09,10,19,bench,0
1202161_neurosketch,21,furniture,table,472,99,1,148502.74,10,22,table,1
1202161_neurosketch,21,furniture,table,472,100,1,148502.74,10,22,table,0
1202161_neurosketch,21,furniture,bench,473,101,1,151502.13,10,13,bench,1
1202161_neurosketch,21,furniture,bench,473,102,1,151502.13,10,13,bench,0
1202161_neurosketch,21,furniture,chair,474,103,0,154502.76,10,8,chair,1
1202161_neurosketch,21,furniture,chair,474,104,0,154502.76,10,8,chair,0
1202161_neurosketch,21,furniture,chair,474,105,0,154502.76,10,8,chair,0
1202161_neurosketch,21,furniture,bed,475,106,0,159002.86,10,37,bed,1
1202161_neurosketch,21,furniture,bed,475,107,0,159002.86,10,37,bed,0
1202161_neurosketch,21,furniture,bed,475,108,0,159002.86,10,37,bed,0
1202161_neurosketch,21,furniture,bed,475,109,0,159002.86,10,37,bed,0
1202161_neurosketch,21,furniture,bench,476,110,1,165002.11,10,36,bench,1
1202161_neurosketch,21,furniture,bench,476,111,1,165002.11,10,36,bench,0
1202161_neurosketch,21,furniture,bench,476,112,1,165002.11,10,36,bench,0
1202161_neurosketch,21,furniture,bed,477,113,0,169502.68,10,4,bed,1
1202161_neurosketch,21,furniture,bed,477,114,0,169502.68,10,4,bed,0
1202161_neurosketch,21,furniture,bed,477,115,0,169502.68,10,4,bed,0
1202161_neurosketch,21,furniture,chair,478,116,0,174002.31,10,20,chair,1
1202161_neurosketch,21,furniture,chair,478,117,0,174002.31,10,20,chair,0
1202161_neurosketch,21,2,table,479,118,1,177002.33,10,3,,1
1202161_neurosketch,21,2,table,479,119,1,177002.33,10,3,,0
1202161_neurosketch,21,furniture,table,480,120,1,180002.77,10,31,,1
1202161_neurosketch,21,furniture,table,480,121,1,180002.77,10,31,,0
1202161_neurosketch,21,furniture,table,480,122,1,180002.77,10,31,,0
1202161_neurosketch,21,furniture,table,480,123,1,180002.77,10,31,,0
1202161_neurosketch,21,furniture,bed,481,124,0,186002.38,10,8,bed,1
1202161_neurosketch,21,furniture,bed,481,125,0,186002.38,10,8,bed,0
1202161_neurosketch,21,furniture,bed,481,126,0,186002.38,10,8,bed,0
1202161_neurosketch,21,furniture,bed,481,127,0,186002.38,10,8,bed,0
1202161_neurosketch,21,furniture,chair,482,128,0,192002.82,10,7,chair,1
1202161_neurosketch,21,furniture,chair,482,129,0,192002.82,10,7,chair,0
1202161_neurosketch,21,furniture,chair,482,130,0,192002.82,10,7,chair,0
1202161_neurosketch,21,furniture,bench,483,131,1,196503.04,10,11,bench,1
1202161_neurosketch,21,furniture,bench,483,132,1,196503.04,10,11,bench,0
1202161_neurosketch,21,furniture,bench,483,133,1,196503.04,10,11,bench,0
1202161_neurosketch,21,furniture,bed,484,134,0,201002.89,10,24,bed,1
1202161_neurosketch,21,furniture,bed,484,135,0,201002.89,10,24,bed,0
1202161_neurosketch,21,furniture,table,485,136,1,204002.51,10,26,table,1
1202161_neurosketch,21,furniture,table,485,137,1,204002.51,10,26,table,0
1202161_neurosketch,21,furniture,table,485,138,1,204002.51,10,26,table,0
1202161_neurosketch,21,furniture,bench,486,139,1,208502.97,10,10,bench,1
1202161_neurosketch,21,furniture,bench,486,140,1,208502.97,10,10,bench,0
1202161_neurosketch,21,furniture,chair,487,141,0,211502.54,10,18,chair,1
1202161_neurosketch,21,furniture,chair,487,142,0,211502.54,10,18,chair,0
1202161_neurosketch,21,furniture,bed,488,143,0,214502.68,10,12,bed,1
1202161_neurosketch,21,furniture,bed,488,144,0,214502.68,10,12,bed,0
1202161_neurosketch,21,furniture,bed,488,145,0,214502.68,10,12,bed,0
1202161_neurosketch,21,2,chair,489,146,0,219002.69,10,14,chair,1
1202161_neurosketch,21,2,chair,489,147,0,219002.69,10,14,chair,0
1202161_neurosketch,21,2,chair,489,148,0,219002.69,10,14,chair,0
1202161_neurosketch,21,furniture,bench,490,149,1,223503.88,10,20,,1
1202161_neurosketch,21,furniture,bench,490,150,1,223503.88,10,20,,0
1202161_neurosketch,21,furniture,bench,490,151,1,223503.88,10,20,,0
1202161_neurosketch,21,furniture,bench,490,152,1,223503.88,10,20,,0
1202161_neurosketch,21,furniture,table,491,153,1,229502.79,10,34,table,1
1202161_neurosketch,21,furniture,table,491,154,1,229502.79,10,34,table,0
1202161_neurosketch,21,furniture,table,491,155,1,229502.79,10,34,table,0
1202161_neurosketch,21,furniture,table,491,156,1,229502.79,10,34,table,0
1202161_neurosketch,21,furniture,bed,492,157,0,235502.72,10,6,bed,1
1202161_neurosketch,21,furniture,bed,492,158,0,235502.72,10,6,bed,0
1202161_neurosketch,21,furniture,bed,492,159,0,235502.72,10,6,bed,0
1202161_neurosketch,21,furniture,bed,492,160,0,235502.72,10,6,bed,0
1202161_neurosketch,21,furniture,table,493,161,1,241502.77,10,29,,1
1202161_neurosketch,21,furniture,table,493,162,1,241502.77,10,29,,0
1202161_neurosketch,21,furniture,table,493,163,1,241502.77,10,29,,0
1202161_neurosketch,21,furniture,table,493,164,1,241502.77,10,29,,0
1202161_neurosketch,21,furniture,bench,494,165,1,247502.57,10,28,bench,1
1202161_neurosketch,21,furniture,bench,494,166,1,247502.57,10,28,bench,0
1202161_neurosketch,21,furniture,chair,495,167,0,250502.99,10,26,chair,1
1202161_neurosketch,21,furniture,chair,495,168,0,250502.99,10,26,chair,0
1202161_neurosketch,21,furniture,bed,496,169,0,253502.41,10,35,bed,1
1202161_neurosketch,21,furniture,bed,496,170,0,253502.41,10,35,bed,0
1202161_neurosketch,21,furniture,bed,496,171,0,253502.41,10,35,bed,0
1202161_neurosketch,21,furniture,chair,497,172,0,258003.82,10,36,chair,1
1202161_neurosketch,21,furniture,chair,497,173,0,258003.82,10,36,chair,0
1202161_neurosketch,21,furniture,bench,498,174,1,261002.64,10,18,bench,1
1202161_neurosketch,21,furniture,bench,498,175,1,261002.64,10,18,bench,0
1202161_neurosketch,21,furniture,bench,498,176,1,261002.64,10,18,bench,0
1202161_neurosketch,21,2,table,499,177,1,265503.03,10,39,table,1
1202161_neurosketch,21,2,table,499,178,1,265503.03,10,39,table,0
1202161_neurosketch,21,furniture,chair,500,179,0,268502.2,10,22,chair,1
1202161_neurosketch,21,furniture,chair,500,180,0,268502.2,10,22,chair,0
1202161_neurosketch,21,furniture,table,501,181,1,271502.33,10,28,table,1
1202161_neurosketch,21,furniture,table,501,182,1,271502.33,10,28,table,0
1202161_neurosketch,21,furniture,bench,502,183,1,274502.37,10,0,bench,1
1202161_neurosketch,21,furniture,bench,502,184,1,274502.37,10,0,bench,0
1202161_neurosketch,21,furniture,bed,503,185,0,277502.36,10,32,bed,1
1202161_neurosketch,21,furniture,bed,503,186,0,277502.36,10,32,bed,0
1202161_neurosketch,21,furniture,bench,504,187,1,280503.01,10,34,bench,1
1202161_neurosketch,21,furniture,bench,504,188,1,280503.01,10,34,bench,0
1202161_neurosketch,21,furniture,bench,504,189,1,280503.01,10,34,bench,0
1202161_neurosketch,21,furniture,bed,505,190,0,285002.21,10,0,bed,1
1202161_neurosketch,21,furniture,bed,505,191,0,285002.21,10,0,bed,0
1202161_neurosketch,21,furniture,bed,505,192,0,285002.21,10,0,bed,0
1202161_neurosketch,21,furniture,chair,506,193,0,289502.34,10,23,chair,1
1202161_neurosketch,21,furniture,chair,506,194,0,289502.34,10,23,chair,0
1202161_neurosketch,21,furniture,chair,506,195,0,289502.34,10,23,chair,0
1202161_neurosketch,21,furniture,table,507,196,1,294002.88,10,23,table,1
1202161_neurosketch,21,furniture,table,507,197,1,294002.88,10,23,table,0
1202161_neurosketch,21,furniture,table,507,198,1,294002.88,10,23,table,0
1202161_neurosketch,21,furniture,bed,508,199,0,298502.91,10,20,,1
1202161_neurosketch,21,furniture,bed,508,200,0,298502.91,10,20,,0
1202161_neurosketch,21,furniture,bed,508,201,0,298502.91,10,20,,0
1202161_neurosketch,21,2,table,509,202,1,303002.62,10,1,,1
1202161_neurosketch,21,2,table,509,203,1,303002.62,10,1,,0
1202161_neurosketch,21,2,table,509,204,1,303002.62,10,1,,0
1202161_neurosketch,21,2,table,509,205,1,303002.62,10,1,,0
1202161_neurosketch,21,furniture,chair,510,206,0,309002.81,10,24,chair,1
1202161_neurosketch,21,furniture,chair,510,207,0,309002.81,10,24,chair,0
1202161_neurosketch,21,furniture,bench,511,208,1,312003.08,10,2,bench,1
1202161_neurosketch,21,furniture,bench,511,209,1,312003.08,10,2,bench,0
1202161_neurosketch,21,furniture,bench,511,210,1,312003.08,10,2,bench,0
1202161_neurosketch,21,furniture,bed,512,211,0,316503.76,10,19,bed,1
1202161_neurosketch,21,furniture,bed,512,212,0,316503.76,10,19,bed,0
1202161_neurosketch,21,furniture,bench,513,213,1,319502.57,10,23,bench,1
1202161_neurosketch,21,furniture,bench,513,214,1,319502.57,10,23,bench,0
1202161_neurosketch,21,furniture,chair,514,215,0,322502.27,10,17,chair,1
1202161_neurosketch,21,furniture,chair,514,216,0,322502.27,10,17,chair,0
1202161_neurosketch,21,furniture,chair,514,217,0,322502.27,10,17,chair,0
1202161_neurosketch,21,furniture,table,515,218,1,327003.4,10,7,table,1
1202161_neurosketch,21,furniture,table,515,219,1,327003.4,10,7,table,0
1202161_neurosketch,21,furniture,table,515,220,1,327003.4,10,7,table,0
1202161_neurosketch,21,furniture,table,515,221,1,327003.4,10,7,table,0
1202161_neurosketch,21,furniture,bench,516,222,1,333002.48,10,5,bench,1
1202161_neurosketch,21,furniture,bench,516,223,1,333002.48,10,5,bench,0
1202161_neurosketch,21,furniture,bench,516,224,1,333002.48,10,5,bench,0
1202161_neurosketch,21,furniture,table,517,225,1,337504.04,10,0,table,1
1202161_neurosketch,21,furniture,table,517,226,1,337504.04,10,0,table,0
1202161_neurosketch,21,furniture,table,517,227,1,337504.04,10,0,table,0
1202161_neurosketch,21,furniture,bed,518,228,0,342002.72,10,16,bed,1
1202161_neurosketch,21,furniture,bed,518,229,0,342002.72,10,16,bed,0
1202161_neurosketch,21,2,chair,519,230,0,345002.41,10,5,chair,1
1202161_neurosketch,21,2,chair,519,231,0,345002.41,10,5,chair,0
1202161_neurosketch,21,2,chair,519,232,0,345002.41,10,5,chair,0
1202161_neurosketch,21,2,chair,519,233,0,345002.41,10,5,chair,0
1202161_neurosketch,21,2,chair,519,234,0,345002.41,10,5,chair,0
1202161_neurosketch,21,2,chair,519,235,0,345002.41,10,5,chair,0
1202161_neurosketch,21,2,chair,519,236,0,345002.41,10,5,chair,0
1202161_neurosketch,21,2,chair,519,237,0,345002.41,10,5,chair,0
1202161_neurosketch,21,2,chair,519,238,0,345002.41,10,5,chair,0
1202161_neurosketch,21,2,chair,519,239,0,345002.41,10,5,chair,0
