wID,versionNum,category,object,trial,TRnum,condition,onset_time,run_num,viewpoint,response,onset
1203161_neurosketch,33,furniture,bench,0,0,-1,0.0,1,32,,0
1203161_neurosketch,33,furniture,bench,0,1,-1,0.0,1,32,,0
1203161_neurosketch,33,furniture,bench,0,2,-1,0.0,1,32,,0
1203161_neurosketch,33,furniture,bench,0,3,-1,0.0,1,32,,0
1203161_neurosketch,33,furniture,bench,0,4,-1,0.0,1,32,,0
1203161_neurosketch,33,furniture,bench,0,5,-1,0.0,1,32,,0
1203161_neurosketch,33,furniture,bench,0,6,-1,0.0,1,32,,0
1203161_neurosketch,33,furniture,bench,0,7,-1,0.0,1,32,,0
1203161_neurosketch,33,furniture,bench,0,8,1,12004.32,1,32,,1
1203161_neurosketch,33,furniture,bench,0,9,1,12004.32,1,32,,0
1203161_neurosketch,33,furniture,bench,0,10,1,12004.32,1,32,,0
1203161_neurosketch,33,furniture,bench,0,11,1,12004.32,1,32,,0
1203161_neurosketch,33,furniture,bench,0,12,1,12004.32,1,32,,0
1203161_neurosketch,33,furniture,bench,0,13,1,12004.32,1,32,,0
1203161_neurosketch,33,furniture,chair,1,14,0,21003.67,1,15,chair,1
1203161_neurosketch,33,furniture,chair,1,15,0,21003.67,1,15,chair,0
1203161_neurosketch,33,furniture,bed,2,16,1,24002.3,1,5,bed,1
1203161_neurosketch,33,furniture,bed,2,17,1,24002.3,1,5,bed,0
1203161_neurosketch,33,furniture,table,3,18,0,27001.82,1,8,table,1
1203161_neurosketch,33,furniture,table,3,19,0,27001.82,1,8,table,0
1203161_neurosketch,33,furniture,table,3,20,0,27001.82,1,8,table,0
1203161_neurosketch,33,furniture,bed,4,21,1,31504.0,1,27,bed,1
1203161_neurosketch,33,furniture,bed,4,22,1,31504.0,1,27,bed,0
1203161_neurosketch,33,furniture,bed,4,23,1,31504.0,1,27,bed,0
1203161_neurosketch,33,furniture,bed,4,24,1,31504.0,1,27,bed,0
1203161_neurosketch,33,furniture,table,5,25,0,37502.77,1,9,table,1
1203161_neurosketch,33,furniture,table,5,26,0,37502.77,1,9,table,0
1203161_neurosketch,33,furniture,table,5,27,0,37502.77,1,9,table,0
1203161_neurosketch,33,furniture,bench,6,28,1,42002.18,1,7,bench,1
1203161_neurosketch,33,furniture,bench,6,29,1,42002.18,1,7,bench,0
1203161_neurosketch,33,furniture,bench,6,30,1,42002.18,1,7,bench,0
1203161_neurosketch,33,furniture,bench,6,31,1,42002.18,1,7,bench,0
1203161_neurosketch,33,furniture,chair,7,32,0,48002.06,1,16,chair,1
1203161_neurosketch,33,furniture,chair,7,33,0,48002.06,1,16,chair,0
1203161_neurosketch,33,furniture,chair,7,34,0,48002.06,1,16,chair,0
1203161_neurosketch,33,furniture,bench,8,35,1,52501.97,1,5,bench,1
1203161_neurosketch,33,furniture,bench,8,36,1,52501.97,1,5,bench,0
1203161_neurosketch,33,2,table,9,37,0,55501.79,1,36,table,1
1203161_neurosketch,33,2,table,9,38,0,55501.79,1,36,table,0
1203161_neurosketch,33,2,table,9,39,0,55501.79,1,36,table,0
1203161_neurosketch,33,furniture,chair,10,40,0,60002.48,1,34,chair,1
1203161_neurosketch,33,furniture,chair,10,41,0,60002.48,1,34,chair,0
1203161_neurosketch,33,furniture,chair,10,42,0,60002.48,1,34,chair,0
1203161_neurosketch,33,furniture,chair,10,43,0,60002.48,1,34,chair,0
1203161_neurosketch,33,furniture,bed,11,44,1,66001.77,1,24,bed,1
1203161_neurosketch,33,furniture,bed,11,45,1,66001.77,1,24,bed,0
1203161_neurosketch,33,furniture,bed,11,46,1,66001.77,1,24,bed,0
1203161_neurosketch,33,furniture,bed,12,47,1,70502.13,1,13,bed,1
1203161_neurosketch,33,furniture,bed,12,48,1,70502.13,1,13,bed,0
1203161_neurosketch,33,furniture,bench,13,49,1,73502.13,1,29,,1
1203161_neurosketch,33,furniture,bench,13,50,1,73502.13,1,29,,0
1203161_neurosketch,33,furniture,bench,13,51,1,73502.13,1,29,,0
1203161_neurosketch,33,furniture,table,14,52,0,78002.7,1,3,table,1
1203161_neurosketch,33,furniture,table,14,53,0,78002.7,1,3,table,0
1203161_neurosketch,33,furniture,table,14,54,0,78002.7,1,3,table,0
1203161_neurosketch,33,furniture,chair,15,55,0,82501.87,1,3,chair,1
1203161_neurosketch,33,furniture,chair,15,56,0,82501.87,1,3,chair,0
1203161_neurosketch,33,furniture,table,16,57,0,85502.43,1,23,table,1
1203161_neurosketch,33,furniture,table,16,58,0,85502.43,1,23,table,0
1203161_neurosketch,33,furniture,table,16,59,0,85502.43,1,23,table,0
1203161_neurosketch,33,furniture,bench,17,60,1,90001.97,1,2,bench,1
1203161_neurosketch,33,furniture,bench,17,61,1,90001.97,1,2,bench,0
1203161_neurosketch,33,furniture,bed,18,62,1,93003.12,1,21,bed,1
1203161_neurosketch,33,furniture,bed,18,63,1,93003.12,1,21,bed,0
1203161_neurosketch,33,furniture,bed,18,64,1,93003.12,1,21,bed,0
1203161_neurosketch,33,2,chair,19,65,0,97502.49,1,23,chair,1
1203161_neurosketch,33,2,chair,19,66,0,97502.49,1,23,chair,0
1203161_neurosketch,33,furniture,table,20,67,0,100502.73,1,19,table,1
1203161_neurosketch,33,furniture,table,20,68,0,100502.73,1,19,table,0
1203161_neurosketch,33,furniture,bench,21,69,1,103502.59,1,13,bench,1
1203161_neurosketch,33,furniture,bench,21,70,1,103502.59,1,13,bench,0
1203161_neurosketch,33,furniture,bench,21,71,1,103502.59,1,13,bench,0
1203161_neurosketch,33,furniture,bed,22,72,1,108001.7,1,37,bed,1
1203161_neurosketch,33,furniture,bed,22,73,1,108001.7,1,37,bed,0
1203161_neurosketch,33,furniture,bed,22,74,1,108001.7,1,37,bed,0
1203161_neurosketch,33,furniture,bed,22,75,1,108001.7,1,37,bed,0
1203161_neurosketch,33,furniture,chair,23,76,0,114001.51,1,10,chair,1
1203161_neurosketch,33,furniture,chair,23,77,0,114001.51,1,10,chair,0
1203161_neurosketch,33,furniture,chair,24,78,0,117002.84,1,17,chair,1
1203161_neurosketch,33,furniture,chair,24,79,0,117002.84,1,17,chair,0
1203161_neurosketch,33,furniture,chair,24,80,0,117002.84,1,17,chair,0
1203161_neurosketch,33,furniture,chair,24,81,0,117002.84,1,17,chair,0
1203161_neurosketch,33,furniture,bed,25,82,1,123002.37,1,18,bed,1
1203161_neurosketch,33,furniture,bed,25,83,1,123002.37,1,18,bed,0
1203161_neurosketch,33,furniture,bench,26,84,1,126002.03,1,4,bench,1
1203161_neurosketch,33,furniture,bench,26,85,1,126002.03,1,4,bench,0
1203161_neurosketch,33,furniture,table,27,86,0,129002.37,1,25,table,1
1203161_neurosketch,33,furniture,table,27,87,0,129002.37,1,25,table,0
1203161_neurosketch,33,furniture,chair,28,88,0,132002.25,1,30,chair,1
1203161_neurosketch,33,furniture,chair,28,89,0,132002.25,1,30,chair,0
1203161_neurosketch,33,furniture,chair,28,90,0,132002.25,1,30,chair,0
1203161_neurosketch,33,furniture,chair,28,91,0,132002.25,1,30,chair,0
1203161_neurosketch,33,2,table,29,92,0,138002.5,1,28,table,1
1203161_neurosketch,33,2,table,29,93,0,138002.5,1,28,table,0
1203161_neurosketch,33,furniture,bench,30,94,1,141002.83,1,1,bench,1
1203161_neurosketch,33,furniture,bench,30,95,1,141002.83,1,1,bench,0
1203161_neurosketch,33,furniture,bench,30,96,1,141002.83,1,1,bench,0
1203161_neurosketch,33,furniture,bed,31,97,1,145501.64,1,14,bed,1
1203161_neurosketch,33,furniture,bed,31,98,1,145501.64,1,14,bed,0
1203161_neurosketch,33,furniture,bed,31,99,1,145501.64,1,14,bed,0
1203161_neurosketch,33,furniture,chair,32,100,0,150002.94,1,38,chair,1
1203161_neurosketch,33,furniture,chair,32,101,0,150002.94,1,38,chair,0
1203161_neurosketch,33,furniture,bench,33,102,1,153003.19,1,6,bench,1
1203161_neurosketch,33,furniture,bench,33,103,1,153003.19,1,6,bench,0
1203161_neurosketch,33,furniture,bed,34,104,1,156002.69,1,16,bed,1
1203161_neurosketch,33,furniture,bed,34,105,1,156002.69,1,16,bed,0
1203161_neurosketch,33,furniture,bed,34,106,1,156002.69,1,16,bed,0
1203161_neurosketch,33,furniture,table,35,107,0,160502.95,1,33,table,1
1203161_neurosketch,33,furniture,table,35,108,0,160502.95,1,33,table,0
1203161_neurosketch,33,furniture,table,35,109,0,160502.95,1,33,table,0
1203161_neurosketch,33,furniture,bed,36,110,1,165002.18,1,26,bed,1
1203161_neurosketch,33,furniture,bed,36,111,1,165002.18,1,26,bed,0
1203161_neurosketch,33,furniture,table,37,112,0,168004.49,1,18,table,1
1203161_neurosketch,33,furniture,table,37,113,0,168004.49,1,18,table,0
1203161_neurosketch,33,furniture,table,37,114,0,168004.49,1,18,table,0
1203161_neurosketch,33,furniture,table,37,115,0,168004.49,1,18,table,0
1203161_neurosketch,33,furniture,bench,38,116,1,174002.61,1,35,bench,1
1203161_neurosketch,33,furniture,bench,38,117,1,174002.61,1,35,bench,0
1203161_neurosketch,33,furniture,bench,38,118,1,174002.61,1,35,bench,0
1203161_neurosketch,33,furniture,bench,38,119,1,174002.61,1,35,bench,0
1203161_neurosketch,33,2,chair,39,120,0,180004.38,1,1,chair,1
1203161_neurosketch,33,2,chair,39,121,0,180004.38,1,1,chair,0
1203161_neurosketch,33,2,chair,39,122,0,180004.38,1,1,chair,0
1203161_neurosketch,33,furniture,table,40,123,0,184502.81,1,31,table,1
1203161_neurosketch,33,furniture,table,40,124,0,184502.81,1,31,table,0
1203161_neurosketch,33,furniture,table,40,125,0,184502.81,1,31,table,0
1203161_neurosketch,33,furniture,bench,41,126,1,189002.54,1,11,bench,1
1203161_neurosketch,33,furniture,bench,41,127,1,189002.54,1,11,bench,0
1203161_neurosketch,33,furniture,chair,42,128,0,192002.98,1,18,chair,1
1203161_neurosketch,33,furniture,chair,42,129,0,192002.98,1,18,chair,0
1203161_neurosketch,33,furniture,bed,43,130,1,195002.29,1,28,bed,1
1203161_neurosketch,33,furniture,bed,43,131,1,195002.29,1,28,bed,0
1203161_neurosketch,33,furniture,bed,43,132,1,195002.29,1,28,bed,0
1203161_neurosketch,33,furniture,bed,44,133,1,199502.52,1,29,bed,1
1203161_neurosketch,33,furniture,bed,44,134,1,199502.52,1,29,bed,0
1203161_neurosketch,33,furniture,bed,44,135,1,199502.52,1,29,bed,0
1203161_neurosketch,33,furniture,bed,44,136,1,199502.52,1,29,bed,0
1203161_neurosketch,33,furniture,table,45,137,0,205502.53,1,24,table,1
1203161_neurosketch,33,furniture,table,45,138,0,205502.53,1,24,table,0
1203161_neurosketch,33,furniture,table,45,139,0,205502.53,1,24,table,0
1203161_neurosketch,33,furniture,bench,46,140,1,210003.03,1,15,bench,1
1203161_neurosketch,33,furniture,bench,46,141,1,210003.03,1,15,bench,0
1203161_neurosketch,33,furniture,bench,46,142,1,210003.03,1,15,bench,0
1203161_neurosketch,33,furniture,bench,46,143,1,210003.03,1,15,bench,0
1203161_neurosketch,33,furniture,chair,47,144,0,216002.52,1,5,chair,1
1203161_neurosketch,33,furniture,chair,47,145,0,216002.52,1,5,chair,0
1203161_neurosketch,33,furniture,chair,47,146,0,216002.52,1,5,chair,0
1203161_neurosketch,33,furniture,chair,48,147,0,220503.06,1,19,chair,1
1203161_neurosketch,33,furniture,chair,48,148,0,220503.06,1,19,chair,0
1203161_neurosketch,33,2,bench,49,149,1,223503.29,1,39,bench,1
1203161_neurosketch,33,2,bench,49,150,1,223503.29,1,39,bench,0
1203161_neurosketch,33,2,bench,49,151,1,223503.29,1,39,bench,0
1203161_neurosketch,33,furniture,bed,50,152,1,228002.54,1,23,bed,1
1203161_neurosketch,33,furniture,bed,50,153,1,228002.54,1,23,bed,0
1203161_neurosketch,33,furniture,bed,50,154,1,228002.54,1,23,bed,0
1203161_neurosketch,33,furniture,bed,50,155,1,228002.54,1,23,bed,0
1203161_neurosketch,33,furniture,table,51,156,0,234002.4,1,2,table,1
1203161_neurosketch,33,furniture,table,51,157,0,234002.4,1,2,table,0
1203161_neurosketch,33,furniture,table,51,158,0,234002.4,1,2,table,0
1203161_neurosketch,33,furniture,bench,52,159,1,238502.35,1,16,bench,1
1203161_neurosketch,33,furniture,bench,52,160,1,238502.35,1,16,bench,0
1203161_neurosketch,33,furniture,table,53,161,0,241502.47,1,1,table,1
1203161_neurosketch,33,furniture,table,53,162,0,241502.47,1,1,table,0
1203161_neurosketch,33,furniture,table,53,163,0,241502.47,1,1,table,0
1203161_neurosketch,33,furniture,chair,54,164,0,246002.22,1,8,chair,1
1203161_neurosketch,33,furniture,chair,54,165,0,246002.22,1,8,chair,0
1203161_neurosketch,33,furniture,chair,54,166,0,246002.22,1,8,chair,0
1203161_neurosketch,33,furniture,bed,55,167,1,250502.37,1,19,bed,1
1203161_neurosketch,33,furniture,bed,55,168,1,250502.37,1,19,bed,0
1203161_neurosketch,33,furniture,table,56,169,0,253502.5,1,32,table,1
1203161_neurosketch,33,furniture,table,56,170,0,253502.5,1,32,table,0
1203161_neurosketch,33,furniture,table,56,171,0,253502.5,1,32,table,0
1203161_neurosketch,33,furniture,bed,57,172,1,258003.78,1,15,bed,1
1203161_neurosketch,33,furniture,bed,57,173,1,258003.78,1,15,bed,0
1203161_neurosketch,33,furniture,bench,58,174,1,261002.73,1,17,bench,1
1203161_neurosketch,33,furniture,bench,58,175,1,261002.73,1,17,bench,0
1203161_neurosketch,33,furniture,bench,58,176,1,261002.73,1,17,bench,0
1203161_neurosketch,33,2,chair,59,177,0,265502.18,1,31,chair,1
1203161_neurosketch,33,2,chair,59,178,0,265502.18,1,31,chair,0
1203161_neurosketch,33,furniture,bed,60,179,1,268502.88,1,9,bed,1
1203161_neurosketch,33,furniture,bed,60,180,1,268502.88,1,9,bed,0
1203161_neurosketch,33,furniture,table,61,181,0,271503.52,1,39,table,1
1203161_neurosketch,33,furniture,table,61,182,0,271503.52,1,39,table,0
1203161_neurosketch,33,furniture,table,61,183,0,271503.52,1,39,table,0
1203161_neurosketch,33,furniture,bench,62,184,1,276003.17,1,8,bench,1
1203161_neurosketch,33,furniture,bench,62,185,1,276003.17,1,8,bench,0
1203161_neurosketch,33,furniture,bench,62,186,1,276003.17,1,8,bench,0
1203161_neurosketch,33,furniture,bench,62,187,1,276003.17,1,8,bench,0
1203161_neurosketch,33,furniture,chair,63,188,0,282003.57,1,35,chair,1
1203161_neurosketch,33,furniture,chair,63,189,0,282003.57,1,35,chair,0
1203161_neurosketch,33,furniture,bed,64,190,1,285003.37,1,20,bench,1
1203161_neurosketch,33,furniture,bed,64,191,1,285003.37,1,20,bench,0
1203161_neurosketch,33,furniture,bed,64,192,1,285003.37,1,20,bench,0
1203161_neurosketch,33,furniture,bed,64,193,1,285003.37,1,20,bench,0
1203161_neurosketch,33,furniture,bench,65,194,1,291003.21,1,27,bench,1
1203161_neurosketch,33,furniture,bench,65,195,1,291003.21,1,27,bench,0
1203161_neurosketch,33,furniture,chair,66,196,0,294002.79,1,13,chair,1
1203161_neurosketch,33,furniture,chair,66,197,0,294002.79,1,13,chair,0
1203161_neurosketch,33,furniture,table,67,198,0,297002.81,1,15,table,1
1203161_neurosketch,33,furniture,table,67,199,0,297002.81,1,15,table,0
1203161_neurosketch,33,furniture,bench,68,200,1,300002.91,1,30,bench,1
1203161_neurosketch,33,furniture,bench,68,201,1,300002.91,1,30,bench,0
1203161_neurosketch,33,furniture,bench,68,202,1,300002.91,1,30,bench,0
1203161_neurosketch,33,furniture,bench,68,203,1,300002.91,1,30,bench,0
1203161_neurosketch,33,2,bed,69,204,1,306002.82,1,35,bed,1
1203161_neurosketch,33,2,bed,69,205,1,306002.82,1,35,bed,0
1203161_neurosketch,33,furniture,chair,70,206,0,309002.85,1,24,chair,1
1203161_neurosketch,33,furniture,chair,70,207,0,309002.85,1,24,chair,0
1203161_neurosketch,33,furniture,chair,70,208,0,309002.85,1,24,chair,0
1203161_neurosketch,33,furniture,table,71,209,0,313502.11,1,20,table,1
1203161_neurosketch,33,furniture,table,71,210,0,313502.11,1,20,table,0
1203161_neurosketch,33,furniture,table,71,211,0,313502.11,1,20,table,0
1203161_neurosketch,33,furniture,table,72,212,0,318001.98,1,17,table,1
1203161_neurosketch,33,furniture,table,72,213,0,318001.98,1,17,table,0
1203161_neurosketch,33,furniture,bed,73,214,1,321001.96,1,38,bed,1
1203161_neurosketch,33,furniture,bed,73,215,1,321001.96,1,38,bed,0
1203161_neurosketch,33,furniture,bench,74,216,1,324002.0,1,12,bench,1
1203161_neurosketch,33,furniture,bench,74,217,1,324002.0,1,12,bench,0
1203161_neurosketch,33,furniture,bench,74,218,1,324002.0,1,12,bench,0
1203161_neurosketch,33,furniture,chair,75,219,0,328502.19,1,0,chair,1
1203161_neurosketch,33,furniture,chair,75,220,0,328502.19,1,0,chair,0
1203161_neurosketch,33,furniture,chair,75,221,0,328502.19,1,0,chair,0
1203161_neurosketch,33,furniture,bench,76,222,1,333002.94,1,0,bench,1
1203161_neurosketch,33,furniture,bench,76,223,1,333002.94,1,0,bench,0
1203161_neurosketch,33,furniture,chair,77,224,0,336001.79,1,4,chair,1
1203161_neurosketch,33,furniture,chair,77,225,0,336001.79,1,4,chair,0
1203161_neurosketch,33,furniture,chair,77,226,0,336001.79,1,4,chair,0
1203161_neurosketch,33,furniture,chair,77,227,0,336001.79,1,4,chair,0
1203161_neurosketch,33,furniture,bed,78,228,1,342003.5,1,8,bed,1
1203161_neurosketch,33,furniture,bed,78,229,1,342003.5,1,8,bed,0
1203161_neurosketch,33,furniture,bed,78,230,1,342003.5,1,8,bed,0
1203161_neurosketch,33,furniture,bed,78,231,1,342003.5,1,8,bed,0
1203161_neurosketch,33,2,table,79,232,0,348001.39,1,6,table,1
1203161_neurosketch,33,2,table,79,233,0,348001.39,1,6,table,0
1203161_neurosketch,33,2,table,79,234,0,348001.39,1,6,table,0
1203161_neurosketch,33,2,table,79,235,0,348001.39,1,6,table,0
1203161_neurosketch,33,2,table,79,236,0,348001.39,1,6,table,0
1203161_neurosketch,33,2,table,79,237,0,348001.39,1,6,table,0
1203161_neurosketch,33,2,table,79,238,0,348001.39,1,6,table,0
1203161_neurosketch,33,2,table,79,239,0,348001.39,1,6,table,0
1203161_neurosketch,33,furniture,bench,80,0,-1,0.0,2,36,bench,0
1203161_neurosketch,33,furniture,bench,80,1,-1,0.0,2,36,bench,0
1203161_neurosketch,33,furniture,bench,80,2,-1,0.0,2,36,bench,0
1203161_neurosketch,33,furniture,bench,80,3,-1,0.0,2,36,bench,0
1203161_neurosketch,33,furniture,bench,80,4,-1,0.0,2,36,bench,0
1203161_neurosketch,33,furniture,bench,80,5,-1,0.0,2,36,bench,0
1203161_neurosketch,33,furniture,bench,80,6,-1,0.0,2,36,bench,0
1203161_neurosketch,33,furniture,bench,80,7,-1,0.0,2,36,bench,0
1203161_neurosketch,33,furniture,bench,80,8,1,12001.37,2,36,bench,1
1203161_neurosketch,33,furniture,bench,80,9,1,12001.37,2,36,bench,0
1203161_neurosketch,33,furniture,bench,80,10,1,12001.37,2,36,bench,0
1203161_neurosketch,33,furniture,chair,81,11,0,16502.28,2,37,chair,1
1203161_neurosketch,33,furniture,chair,81,12,0,16502.28,2,37,chair,0
1203161_neurosketch,33,furniture,table,82,13,0,19501.58,2,13,table,1
1203161_neurosketch,33,furniture,table,82,14,0,19501.58,2,13,table,0
1203161_neurosketch,33,furniture,bed,83,15,1,22501.8,2,1,bed,1
1203161_neurosketch,33,furniture,bed,83,16,1,22501.8,2,1,bed,0
1203161_neurosketch,33,furniture,bed,83,17,1,22501.8,2,1,bed,0
1203161_neurosketch,33,furniture,table,84,18,0,27001.89,2,10,table,1
1203161_neurosketch,33,furniture,table,84,19,0,27001.89,2,10,table,0
1203161_neurosketch,33,furniture,table,84,20,0,27001.89,2,10,table,0
1203161_neurosketch,33,furniture,table,84,21,0,27001.89,2,10,table,0
1203161_neurosketch,33,furniture,bench,85,22,1,33001.51,2,34,bench,1
1203161_neurosketch,33,furniture,bench,85,23,1,33001.51,2,34,bench,0
1203161_neurosketch,33,furniture,bench,85,24,1,33001.51,2,34,bench,0
1203161_neurosketch,33,furniture,bed,86,25,1,37502.33,2,2,bed,1
1203161_neurosketch,33,furniture,bed,86,26,1,37502.33,2,2,bed,0
1203161_neurosketch,33,furniture,bed,86,27,1,37502.33,2,2,bed,0
1203161_neurosketch,33,furniture,bed,86,28,1,37502.33,2,2,bed,0
1203161_neurosketch,33,furniture,chair,87,29,0,43501.71,2,26,chair,1
1203161_neurosketch,33,furniture,chair,87,30,0,43501.71,2,26,chair,0
1203161_neurosketch,33,furniture,chair,87,31,0,43501.71,2,26,chair,0
1203161_neurosketch,33,furniture,table,88,32,0,48001.86,2,4,table,1
1203161_neurosketch,33,furniture,table,88,33,0,48001.86,2,4,table,0
1203161_neurosketch,33,2,chair,89,34,0,51002.19,2,11,chair,1
1203161_neurosketch,33,2,chair,89,35,0,51002.19,2,11,chair,0
1203161_neurosketch,33,2,chair,89,36,0,51002.19,2,11,chair,0
1203161_neurosketch,33,furniture,bench,90,37,1,55502.78,2,19,bench,1
1203161_neurosketch,33,furniture,bench,90,38,1,55502.78,2,19,bench,0
1203161_neurosketch,33,furniture,bench,90,39,1,55502.78,2,19,bench,0
1203161_neurosketch,33,furniture,bench,90,40,1,55502.78,2,19,bench,0
1203161_neurosketch,33,furniture,bed,91,41,1,61503.42,2,22,bed,1
1203161_neurosketch,33,furniture,bed,91,42,1,61503.42,2,22,bed,0
1203161_neurosketch,33,furniture,bed,91,43,1,61503.42,2,22,bed,0
1203161_neurosketch,33,furniture,bench,92,44,1,66002.44,2,10,bench,1
1203161_neurosketch,33,furniture,bench,92,45,1,66002.44,2,10,bench,0
1203161_neurosketch,33,furniture,table,93,46,0,69002.4,2,27,table,1
1203161_neurosketch,33,furniture,table,93,47,0,69002.4,2,27,table,0
1203161_neurosketch,33,furniture,table,93,48,0,69002.4,2,27,table,0
1203161_neurosketch,33,furniture,chair,94,49,0,73502.07,2,6,chair,1
1203161_neurosketch,33,furniture,chair,94,50,0,73502.07,2,6,chair,0
1203161_neurosketch,33,furniture,chair,94,51,0,73502.07,2,6,chair,0
1203161_neurosketch,33,furniture,bed,95,52,1,78002.04,2,30,bed,1
1203161_neurosketch,33,furniture,bed,95,53,1,78002.04,2,30,bed,0
1203161_neurosketch,33,furniture,bed,96,54,1,81003.92,2,11,bed,1
1203161_neurosketch,33,furniture,bed,96,55,1,81003.92,2,11,bed,0
1203161_neurosketch,33,furniture,bed,96,56,1,81003.92,2,11,bed,0
1203161_neurosketch,33,furniture,bench,97,57,1,85503.25,2,28,bench,1
1203161_neurosketch,33,furniture,bench,97,58,1,85503.25,2,28,bench,0
1203161_neurosketch,33,furniture,table,98,59,0,88502.31,2,37,table,1
1203161_neurosketch,33,furniture,table,98,60,0,88502.31,2,37,table,0
1203161_neurosketch,33,furniture,table,98,61,0,88502.31,2,37,table,0
1203161_neurosketch,33,2,chair,99,62,0,93002.79,2,12,chair,1
1203161_neurosketch,33,2,chair,99,63,0,93002.79,2,12,chair,0
1203161_neurosketch,33,furniture,bed,100,64,1,96002.4,2,36,bed,1
1203161_neurosketch,33,furniture,bed,100,65,1,96002.4,2,36,bed,0
1203161_neurosketch,33,furniture,table,101,66,0,99002.65,2,12,table,1
1203161_neurosketch,33,furniture,table,101,67,0,99002.65,2,12,table,0
1203161_neurosketch,33,furniture,table,101,68,0,99002.65,2,12,table,0
1203161_neurosketch,33,furniture,bench,102,69,1,103502.82,2,20,bench,1
1203161_neurosketch,33,furniture,bench,102,70,1,103502.82,2,20,bench,0
1203161_neurosketch,33,furniture,bench,102,71,1,103502.82,2,20,bench,0
1203161_neurosketch,33,furniture,bench,102,72,1,103502.82,2,20,bench,0
1203161_neurosketch,33,furniture,chair,103,73,0,109502.18,2,9,chair,1
1203161_neurosketch,33,furniture,chair,103,74,0,109502.18,2,9,chair,0
1203161_neurosketch,33,furniture,chair,104,75,0,112502.01,2,14,chair,1
1203161_neurosketch,33,furniture,chair,104,76,0,112502.01,2,14,chair,0
1203161_neurosketch,33,furniture,chair,104,77,0,112502.01,2,14,chair,0
1203161_neurosketch,33,furniture,chair,104,78,0,112502.01,2,14,chair,0
1203161_neurosketch,33,furniture,bench,105,79,1,118502.95,2,21,bench,1
1203161_neurosketch,33,furniture,bench,105,80,1,118502.95,2,21,bench,0
1203161_neurosketch,33,furniture,table,106,81,0,121501.93,2,14,table,1
1203161_neurosketch,33,furniture,table,106,82,0,121501.93,2,14,table,0
1203161_neurosketch,33,furniture,bed,107,83,1,124502.48,2,4,bed,1
1203161_neurosketch,33,furniture,bed,107,84,1,124502.48,2,4,bed,0
1203161_neurosketch,33,furniture,chair,108,85,0,127502.73,2,20,chair,1
1203161_neurosketch,33,furniture,chair,108,86,0,127502.73,2,20,chair,0
1203161_neurosketch,33,furniture,chair,108,87,0,127502.73,2,20,chair,0
1203161_neurosketch,33,furniture,chair,108,88,0,127502.73,2,20,chair,0
1203161_neurosketch,33,2,bench,109,89,1,133503.0,2,24,bench,1
1203161_neurosketch,33,2,bench,109,90,1,133503.0,2,24,bench,0
1203161_neurosketch,33,furniture,bed,110,91,1,136502.9,2,17,bed,1
1203161_neurosketch,33,furniture,bed,110,92,1,136502.9,2,17,bed,0
1203161_neurosketch,33,furniture,bed,110,93,1,136502.9,2,17,bed,0
1203161_neurosketch,33,furniture,table,111,94,0,141003.04,2,7,table,1
1203161_neurosketch,33,furniture,table,111,95,0,141003.04,2,7,table,0
1203161_neurosketch,33,furniture,table,111,96,0,141003.04,2,7,table,0
1203161_neurosketch,33,furniture,table,112,97,0,145503.13,2,5,table,1
1203161_neurosketch,33,furniture,table,112,98,0,145503.13,2,5,table,0
1203161_neurosketch,33,furniture,bed,113,99,1,148502.42,2,33,bed,1
1203161_neurosketch,33,furniture,bed,113,100,1,148502.42,2,33,bed,0
1203161_neurosketch,33,furniture,bench,114,101,1,151503.03,2,22,bench,1
1203161_neurosketch,33,furniture,bench,114,102,1,151503.03,2,22,bench,0
1203161_neurosketch,33,furniture,bench,114,103,1,151503.03,2,22,bench,0
1203161_neurosketch,33,furniture,chair,115,104,0,156002.35,2,7,chair,1
1203161_neurosketch,33,furniture,chair,115,105,0,156002.35,2,7,chair,0
1203161_neurosketch,33,furniture,chair,115,106,0,156002.35,2,7,chair,0
1203161_neurosketch,33,furniture,bench,116,107,1,160503.3,2,38,bench,1
1203161_neurosketch,33,furniture,bench,116,108,1,160503.3,2,38,bench,0
1203161_neurosketch,33,furniture,chair,117,109,0,163503.15,2,27,chair,1
1203161_neurosketch,33,furniture,chair,117,110,0,163503.15,2,27,chair,0
1203161_neurosketch,33,furniture,chair,117,111,0,163503.15,2,27,chair,0
1203161_neurosketch,33,furniture,chair,117,112,0,163503.15,2,27,chair,0
1203161_neurosketch,33,furniture,table,118,113,0,169503.3,2,26,table,1
1203161_neurosketch,33,furniture,table,118,114,0,169503.3,2,26,table,0
1203161_neurosketch,33,furniture,table,118,115,0,169503.3,2,26,table,0
1203161_neurosketch,33,furniture,table,118,116,0,169503.3,2,26,table,0
1203161_neurosketch,33,2,bed,119,117,1,175502.28,2,0,bed,1
1203161_neurosketch,33,2,bed,119,118,1,175502.28,2,0,bed,0
1203161_neurosketch,33,2,bed,119,119,1,175502.28,2,0,bed,0
1203161_neurosketch,33,furniture,bed,120,120,1,180002.54,2,25,bed,1
1203161_neurosketch,33,furniture,bed,120,121,1,180002.54,2,25,bed,0
1203161_neurosketch,33,furniture,bed,120,122,1,180002.54,2,25,bed,0
1203161_neurosketch,33,furniture,table,121,123,0,184502.9,2,30,table,1
1203161_neurosketch,33,furniture,table,121,124,0,184502.9,2,30,table,0
1203161_neurosketch,33,furniture,chair,122,125,0,187502.87,2,2,chair,1
1203161_neurosketch,33,furniture,chair,122,126,0,187502.87,2,2,chair,0
1203161_neurosketch,33,furniture,bench,123,127,1,190502.34,2,3,bench,1
1203161_neurosketch,33,furniture,bench,123,128,1,190502.34,2,3,bench,0
1203161_neurosketch,33,furniture,bench,123,129,1,190502.34,2,3,bench,0
1203161_neurosketch,33,furniture,bench,124,130,1,195002.46,2,25,bench,1
1203161_neurosketch,33,furniture,bench,124,131,1,195002.46,2,25,bench,0
1203161_neurosketch,33,furniture,bench,124,132,1,195002.46,2,25,bench,0
1203161_neurosketch,33,furniture,bench,124,133,1,195002.46,2,25,bench,0
1203161_neurosketch,33,furniture,bed,125,134,1,201002.19,2,31,bed,1
1203161_neurosketch,33,furniture,bed,125,135,1,201002.19,2,31,bed,0
1203161_neurosketch,33,furniture,bed,125,136,1,201002.19,2,31,bed,0
1203161_neurosketch,33,furniture,table,126,137,0,205503.04,2,11,table,1
1203161_neurosketch,33,furniture,table,126,138,0,205503.04,2,11,table,0
1203161_neurosketch,33,furniture,table,126,139,0,205503.04,2,11,table,0
1203161_neurosketch,33,furniture,table,126,140,0,205503.04,2,11,table,0
1203161_neurosketch,33,furniture,chair,127,141,0,211502.72,2,28,chair,1
1203161_neurosketch,33,furniture,chair,127,142,0,211502.72,2,28,chair,0
1203161_neurosketch,33,furniture,chair,127,143,0,211502.72,2,28,chair,0
1203161_neurosketch,33,furniture,table,128,144,0,216002.64,2,34,chair,1
1203161_neurosketch,33,furniture,table,128,145,0,216002.64,2,34,chair,0
1203161_neurosketch,33,2,bed,129,146,1,219002.42,2,7,bed,1
1203161_neurosketch,33,2,bed,129,147,1,219002.42,2,7,bed,0
1203161_neurosketch,33,2,bed,129,148,1,219002.42,2,7,bed,0
1203161_neurosketch,33,furniture,chair,130,149,0,223502.78,2,33,chair,1
1203161_neurosketch,33,furniture,chair,130,150,0,223502.78,2,33,chair,0
1203161_neurosketch,33,furniture,chair,130,151,0,223502.78,2,33,chair,0
1203161_neurosketch,33,furniture,chair,130,152,0,223502.78,2,33,chair,0
1203161_neurosketch,33,furniture,bench,131,153,1,229502.22,2,18,bench,1
1203161_neurosketch,33,furniture,bench,131,154,1,229502.22,2,18,bench,0
1203161_neurosketch,33,furniture,bench,131,155,1,229502.22,2,18,bench,0
1203161_neurosketch,33,furniture,table,132,156,0,234002.04,2,38,table,1
1203161_neurosketch,33,furniture,table,132,157,0,234002.04,2,38,table,0
1203161_neurosketch,33,furniture,chair,133,158,0,237002.8,2,32,chair,1
1203161_neurosketch,33,furniture,chair,133,159,0,237002.8,2,32,chair,0
1203161_neurosketch,33,furniture,chair,133,160,0,237002.8,2,32,chair,0
1203161_neurosketch,33,furniture,bed,134,161,1,241503.39,2,32,bed,1
1203161_neurosketch,33,furniture,bed,134,162,1,241503.39,2,32,bed,0
1203161_neurosketch,33,furniture,bed,134,163,1,241503.39,2,32,bed,0
1203161_neurosketch,33,furniture,bench,135,164,1,246002.34,2,31,bench,1
1203161_neurosketch,33,furniture,bench,135,165,1,246002.34,2,31,bench,0
1203161_neurosketch,33,furniture,bench,136,166,1,249002.36,2,37,bench,1
1203161_neurosketch,33,furniture,bench,136,167,1,249002.36,2,37,bench,0
1203161_neurosketch,33,furniture,bench,136,168,1,249002.36,2,37,bench,0
1203161_neurosketch,33,furniture,table,137,169,0,253502.68,2,22,table,1
1203161_neurosketch,33,furniture,table,137,170,0,253502.68,2,22,table,0
1203161_neurosketch,33,furniture,bed,138,171,1,256503.0,2,10,bed,1
1203161_neurosketch,33,furniture,bed,138,172,1,256503.0,2,10,bed,0
1203161_neurosketch,33,furniture,bed,138,173,1,256503.0,2,10,bed,0
1203161_neurosketch,33,2,chair,139,174,0,261002.68,2,21,chair,1
1203161_neurosketch,33,2,chair,139,175,0,261002.68,2,21,chair,0
1203161_neurosketch,33,furniture,chair,140,176,0,264002.35,2,39,chair,1
1203161_neurosketch,33,furniture,chair,140,177,0,264002.35,2,39,chair,0
1203161_neurosketch,33,furniture,bench,141,178,1,267002.3,2,9,bench,1
1203161_neurosketch,33,furniture,bench,141,179,1,267002.3,2,9,bench,0
1203161_neurosketch,33,furniture,bench,141,180,1,267002.3,2,9,bench,0
1203161_neurosketch,33,furniture,table,142,181,0,271505.6,2,16,table,1
1203161_neurosketch,33,furniture,table,142,182,0,271505.6,2,16,table,0
1203161_neurosketch,33,furniture,table,142,183,0,271505.6,2,16,table,0
1203161_neurosketch,33,furniture,table,142,184,0,271505.6,2,16,table,0
1203161_neurosketch,33,furniture,bed,143,185,1,277502.68,2,3,bed,1
1203161_neurosketch,33,furniture,bed,143,186,1,277502.68,2,3,bed,0
1203161_neurosketch,33,furniture,bed,144,187,1,280502.39,2,12,bed,1
1203161_neurosketch,33,furniture,bed,144,188,1,280502.39,2,12,bed,0
1203161_neurosketch,33,furniture,bed,144,189,1,280502.39,2,12,bed,0
1203161_neurosketch,33,furniture,bed,144,190,1,280502.39,2,12,bed,0
1203161_neurosketch,33,furniture,chair,145,191,0,286502.38,2,29,chair,1
1203161_neurosketch,33,furniture,chair,145,192,0,286502.38,2,29,chair,0
1203161_neurosketch,33,furniture,bench,146,193,1,289503.45,2,14,bench,1
1203161_neurosketch,33,furniture,bench,146,194,1,289503.45,2,14,bench,0
1203161_neurosketch,33,furniture,table,147,195,0,292502.79,2,21,table,1
1203161_neurosketch,33,furniture,table,147,196,0,292502.79,2,21,table,0
1203161_neurosketch,33,furniture,table,148,197,0,295502.93,2,35,table,1
1203161_neurosketch,33,furniture,table,148,198,0,295502.93,2,35,table,0
1203161_neurosketch,33,furniture,table,148,199,0,295502.93,2,35,table,0
1203161_neurosketch,33,furniture,table,148,200,0,295502.93,2,35,table,0
1203161_neurosketch,33,2,chair,149,201,0,301502.97,2,25,chair,1
1203161_neurosketch,33,2,chair,149,202,0,301502.97,2,25,chair,0
1203161_neurosketch,33,furniture,bed,150,203,1,304503.12,2,39,bed,1
1203161_neurosketch,33,furniture,bed,150,204,1,304503.12,2,39,bed,0
1203161_neurosketch,33,furniture,bed,150,205,1,304503.12,2,39,bed,0
1203161_neurosketch,33,furniture,bench,151,206,1,309002.42,2,33,bench,1
1203161_neurosketch,33,furniture,bench,151,207,1,309002.42,2,33,bench,0
1203161_neurosketch,33,furniture,bench,151,208,1,309002.42,2,33,bench,0
1203161_neurosketch,33,furniture,chair,152,209,0,313504.83,2,22,chair,1
1203161_neurosketch,33,furniture,chair,152,210,0,313504.83,2,22,chair,0
1203161_neurosketch,33,furniture,bed,153,211,1,316503.24,2,34,bed,1
1203161_neurosketch,33,furniture,bed,153,212,1,316503.24,2,34,bed,0
1203161_neurosketch,33,furniture,bench,154,213,1,319503.12,2,23,bench,1
1203161_neurosketch,33,furniture,bench,154,214,1,319503.12,2,23,bench,0
1203161_neurosketch,33,furniture,bench,154,215,1,319503.12,2,23,bench,0
1203161_neurosketch,33,furniture,table,155,216,0,324002.64,2,0,table,1
1203161_neurosketch,33,furniture,table,155,217,0,324002.64,2,0,table,0
1203161_neurosketch,33,furniture,table,155,218,0,324002.64,2,0,table,0
1203161_neurosketch,33,furniture,bench,156,219,1,328502.64,2,26,bench,1
1203161_neurosketch,33,furniture,bench,156,220,1,328502.64,2,26,bench,0
1203161_neurosketch,33,furniture,table,157,221,0,331503.7,2,29,table,1
1203161_neurosketch,33,furniture,table,157,222,0,331503.7,2,29,table,0
1203161_neurosketch,33,furniture,table,157,223,0,331503.7,2,29,table,0
1203161_neurosketch,33,furniture,table,157,224,0,331503.7,2,29,table,0
1203161_neurosketch,33,furniture,chair,158,225,0,337502.42,2,36,chair,1
1203161_neurosketch,33,furniture,chair,158,226,0,337502.42,2,36,chair,0
1203161_neurosketch,33,furniture,chair,158,227,0,337502.42,2,36,chair,0
1203161_neurosketch,33,furniture,chair,158,228,0,337502.42,2,36,chair,0
1203161_neurosketch,33,2,bed,159,229,1,343502.62,2,6,bed,1
1203161_neurosketch,33,2,bed,159,230,1,343502.62,2,6,bed,0
1203161_neurosketch,33,2,bed,159,231,1,343502.62,2,6,bed,0
1203161_neurosketch,33,2,bed,159,232,1,343502.62,2,6,bed,0
1203161_neurosketch,33,2,bed,159,233,1,343502.62,2,6,bed,0
1203161_neurosketch,33,2,bed,159,234,1,343502.62,2,6,bed,0
1203161_neurosketch,33,2,bed,159,235,1,343502.62,2,6,bed,0
1203161_neurosketch,33,2,bed,159,236,1,343502.62,2,6,bed,0
1203161_neurosketch,33,2,bed,159,237,1,343502.62,2,6,bed,0
1203161_neurosketch,33,2,bed,159,238,1,343502.62,2,6,bed,0
1203161_neurosketch,33,2,bed,159,239,1,343502.62,2,6,bed,0
1203161_neurosketch,33,furniture,bed,160,0,-1,0.0,3,6,bed,0
1203161_neurosketch,33,furniture,bed,160,1,-1,0.0,3,6,bed,0
1203161_neurosketch,33,furniture,bed,160,2,-1,0.0,3,6,bed,0
1203161_neurosketch,33,furniture,bed,160,3,-1,0.0,3,6,bed,0
1203161_neurosketch,33,furniture,bed,160,4,-1,0.0,3,6,bed,0
1203161_neurosketch,33,furniture,bed,160,5,-1,0.0,3,6,bed,0
1203161_neurosketch,33,furniture,bed,160,6,-1,0.0,3,6,bed,0
1203161_neurosketch,33,furniture,bed,160,7,-1,0.0,3,6,bed,0
1203161_neurosketch,33,furniture,bed,160,8,1,12002.27,3,6,bed,1
1203161_neurosketch,33,furniture,bed,160,9,1,12002.27,3,6,bed,0
1203161_neurosketch,33,furniture,bed,160,10,1,12002.27,3,6,bed,0
1203161_neurosketch,33,furniture,chair,161,11,0,16501.34,3,36,chair,1
1203161_neurosketch,33,furniture,chair,161,12,0,16501.34,3,36,chair,0
1203161_neurosketch,33,furniture,table,162,13,0,19502.92,3,29,table,1
1203161_neurosketch,33,furniture,table,162,14,0,19502.92,3,29,table,0
1203161_neurosketch,33,furniture,bench,163,15,1,22501.91,3,26,bench,1
1203161_neurosketch,33,furniture,bench,163,16,1,22501.91,3,26,bench,0
1203161_neurosketch,33,furniture,bench,163,17,1,22501.91,3,26,bench,0
1203161_neurosketch,33,furniture,table,164,18,0,27002.31,3,0,table,1
1203161_neurosketch,33,furniture,table,164,19,0,27002.31,3,0,table,0
1203161_neurosketch,33,furniture,table,164,20,0,27002.31,3,0,table,0
1203161_neurosketch,33,furniture,table,164,21,0,27002.31,3,0,table,0
1203161_neurosketch,33,furniture,bench,165,22,1,33001.92,3,23,bench,1
1203161_neurosketch,33,furniture,bench,165,23,1,33001.92,3,23,bench,0
1203161_neurosketch,33,furniture,bench,165,24,1,33001.92,3,23,bench,0
1203161_neurosketch,33,furniture,bed,166,25,1,37502.4,3,34,bed,1
1203161_neurosketch,33,furniture,bed,166,26,1,37502.4,3,34,bed,0
1203161_neurosketch,33,furniture,bed,166,27,1,37502.4,3,34,bed,0
1203161_neurosketch,33,furniture,bed,166,28,1,37502.4,3,34,bed,0
1203161_neurosketch,33,furniture,chair,167,29,0,43501.67,3,22,chair,1
1203161_neurosketch,33,furniture,chair,167,30,0,43501.67,3,22,chair,0
1203161_neurosketch,33,furniture,chair,167,31,0,43501.67,3,22,chair,0
1203161_neurosketch,33,furniture,bench,168,32,1,48001.29,3,33,bench,1
1203161_neurosketch,33,furniture,bench,168,33,1,48001.29,3,33,bench,0
1203161_neurosketch,33,2,bed,169,34,1,51001.47,3,39,bed,1
1203161_neurosketch,33,2,bed,169,35,1,51001.47,3,39,bed,0
1203161_neurosketch,33,2,bed,169,36,1,51001.47,3,39,bed,0
1203161_neurosketch,33,furniture,chair,170,37,0,55501.92,3,25,table,1
1203161_neurosketch,33,furniture,chair,170,38,0,55501.92,3,25,table,0
1203161_neurosketch,33,furniture,chair,170,39,0,55501.92,3,25,table,0
1203161_neurosketch,33,furniture,chair,170,40,0,55501.92,3,25,table,0
1203161_neurosketch,33,furniture,table,171,41,0,61502.37,3,35,table,1
1203161_neurosketch,33,furniture,table,171,42,0,61502.37,3,35,table,0
1203161_neurosketch,33,furniture,table,171,43,0,61502.37,3,35,table,0
1203161_neurosketch,33,furniture,table,172,44,0,66001.96,3,21,table,1
1203161_neurosketch,33,furniture,table,172,45,0,66001.96,3,21,table,0
1203161_neurosketch,33,furniture,bench,173,46,1,69002.47,3,14,bench,1
1203161_neurosketch,33,furniture,bench,173,47,1,69002.47,3,14,bench,0
1203161_neurosketch,33,furniture,bench,173,48,1,69002.47,3,14,bench,0
1203161_neurosketch,33,furniture,chair,174,49,0,73502.18,3,29,chair,1
1203161_neurosketch,33,furniture,chair,174,50,0,73502.18,3,29,chair,0
1203161_neurosketch,33,furniture,chair,174,51,0,73502.18,3,29,chair,0
1203161_neurosketch,33,furniture,bed,175,52,1,78002.79,3,12,bed,1
1203161_neurosketch,33,furniture,bed,175,53,1,78002.79,3,12,bed,0
1203161_neurosketch,33,furniture,bed,176,54,1,81002.56,3,3,bed,1
1203161_neurosketch,33,furniture,bed,176,55,1,81002.56,3,3,bed,0
1203161_neurosketch,33,furniture,bed,176,56,1,81002.56,3,3,bed,0
1203161_neurosketch,33,furniture,table,177,57,0,85502.64,3,16,table,1
1203161_neurosketch,33,furniture,table,177,58,0,85502.64,3,16,table,0
1203161_neurosketch,33,furniture,bench,178,59,1,88502.65,3,9,bench,1
1203161_neurosketch,33,furniture,bench,178,60,1,88502.65,3,9,bench,0
1203161_neurosketch,33,furniture,bench,178,61,1,88502.65,3,9,bench,0
1203161_neurosketch,33,2,chair,179,62,0,93002.06,3,39,chair,1
1203161_neurosketch,33,2,chair,179,63,0,93002.06,3,39,chair,0
1203161_neurosketch,33,furniture,chair,180,64,0,96002.58,3,21,chair,1
1203161_neurosketch,33,furniture,chair,180,65,0,96002.58,3,21,chair,0
1203161_neurosketch,33,furniture,bed,181,66,1,99002.35,3,10,bed,1
1203161_neurosketch,33,furniture,bed,181,67,1,99002.35,3,10,bed,0
1203161_neurosketch,33,furniture,bed,181,68,1,99002.35,3,10,bed,0
1203161_neurosketch,33,furniture,table,182,69,0,103502.52,3,22,table,1
1203161_neurosketch,33,furniture,table,182,70,0,103502.52,3,22,table,0
1203161_neurosketch,33,furniture,table,182,71,0,103502.52,3,22,table,0
1203161_neurosketch,33,furniture,table,182,72,0,103502.52,3,22,table,0
1203161_neurosketch,33,furniture,bench,183,73,1,109502.02,3,37,bench,1
1203161_neurosketch,33,furniture,bench,183,74,1,109502.02,3,37,bench,0
1203161_neurosketch,33,furniture,bench,184,75,1,112502.56,3,31,bench,1
1203161_neurosketch,33,furniture,bench,184,76,1,112502.56,3,31,bench,0
1203161_neurosketch,33,furniture,bench,184,77,1,112502.56,3,31,bench,0
1203161_neurosketch,33,furniture,bench,184,78,1,112502.56,3,31,bench,0
1203161_neurosketch,33,furniture,bed,185,79,1,118502.4,3,32,bed,1
1203161_neurosketch,33,furniture,bed,185,80,1,118502.4,3,32,bed,0
1203161_neurosketch,33,furniture,chair,186,81,0,121502.31,3,32,chair,1
1203161_neurosketch,33,furniture,chair,186,82,0,121502.31,3,32,chair,0
1203161_neurosketch,33,furniture,table,187,83,0,124502.72,3,38,table,1
1203161_neurosketch,33,furniture,table,187,84,0,124502.72,3,38,table,0
1203161_neurosketch,33,furniture,bench,188,85,1,127502.5,3,18,bench,1
1203161_neurosketch,33,furniture,bench,188,86,1,127502.5,3,18,bench,0
1203161_neurosketch,33,furniture,bench,188,87,1,127502.5,3,18,bench,0
1203161_neurosketch,33,furniture,bench,188,88,1,127502.5,3,18,bench,0
1203161_neurosketch,33,2,chair,189,89,0,133502.02,3,33,chair,1
1203161_neurosketch,33,2,chair,189,90,0,133502.02,3,33,chair,0
1203161_neurosketch,33,furniture,bed,190,91,1,136502.56,3,7,bed,1
1203161_neurosketch,33,furniture,bed,190,92,1,136502.56,3,7,bed,0
1203161_neurosketch,33,furniture,bed,190,93,1,136502.56,3,7,bed,0
1203161_neurosketch,33,furniture,table,191,94,0,141003.04,3,34,table,1
1203161_neurosketch,33,furniture,table,191,95,0,141003.04,3,34,table,0
1203161_neurosketch,33,furniture,table,191,96,0,141003.04,3,34,table,0
1203161_neurosketch,33,furniture,chair,192,97,0,145502.89,3,28,chair,1
1203161_neurosketch,33,furniture,chair,192,98,0,145502.89,3,28,chair,0
1203161_neurosketch,33,furniture,table,193,99,0,148503.37,3,11,table,1
1203161_neurosketch,33,furniture,table,193,100,0,148503.37,3,11,table,0
1203161_neurosketch,33,furniture,bed,194,101,1,151503.43,3,31,bed,1
1203161_neurosketch,33,furniture,bed,194,102,1,151503.43,3,31,bed,0
1203161_neurosketch,33,furniture,bed,194,103,1,151503.43,3,31,bed,0
1203161_neurosketch,33,furniture,bench,195,104,1,156002.92,3,25,bench,1
1203161_neurosketch,33,furniture,bench,195,105,1,156002.92,3,25,bench,0
1203161_neurosketch,33,furniture,bench,195,106,1,156002.92,3,25,bench,0
1203161_neurosketch,33,furniture,bench,196,107,1,160502.45,3,3,bench,1
1203161_neurosketch,33,furniture,bench,196,108,1,160502.45,3,3,bench,0
1203161_neurosketch,33,furniture,chair,197,109,0,163502.4,3,2,chair,1
1203161_neurosketch,33,furniture,chair,197,110,0,163502.4,3,2,chair,0
1203161_neurosketch,33,furniture,chair,197,111,0,163502.4,3,2,chair,0
1203161_neurosketch,33,furniture,chair,197,112,0,163502.4,3,2,chair,0
1203161_neurosketch,33,furniture,table,198,113,0,169502.25,3,30,table,1
1203161_neurosketch,33,furniture,table,198,114,0,169502.25,3,30,table,0
1203161_neurosketch,33,furniture,table,198,115,0,169502.25,3,30,table,0
1203161_neurosketch,33,furniture,table,198,116,0,169502.25,3,30,table,0
1203161_neurosketch,33,2,bed,199,117,1,175502.14,3,25,bed,1
1203161_neurosketch,33,2,bed,199,118,1,175502.14,3,25,bed,0
1203161_neurosketch,33,2,bed,199,119,1,175502.14,3,25,bed,0
1203161_neurosketch,33,furniture,bed,200,120,1,180001.31,3,0,bed,1
1203161_neurosketch,33,furniture,bed,200,121,1,180001.31,3,0,bed,0
1203161_neurosketch,33,furniture,bed,200,122,1,180001.31,3,0,bed,0
1203161_neurosketch,33,furniture,table,201,123,0,184502.22,3,26,table,1
1203161_neurosketch,33,furniture,table,201,124,0,184502.22,3,26,table,0
1203161_neurosketch,33,furniture,chair,202,125,0,187502.42,3,27,chair,1
1203161_neurosketch,33,furniture,chair,202,126,0,187502.42,3,27,chair,0
1203161_neurosketch,33,furniture,bench,203,127,1,190502.7,3,38,bench,1
1203161_neurosketch,33,furniture,bench,203,128,1,190502.7,3,38,bench,0
1203161_neurosketch,33,furniture,bench,203,129,1,190502.7,3,38,bench,0
1203161_neurosketch,33,furniture,chair,204,130,0,195003.06,3,7,chair,1
1203161_neurosketch,33,furniture,chair,204,131,0,195003.06,3,7,chair,0
1203161_neurosketch,33,furniture,chair,204,132,0,195003.06,3,7,chair,0
1203161_neurosketch,33,furniture,chair,204,133,0,195003.06,3,7,chair,0
1203161_neurosketch,33,furniture,bench,205,134,1,201004.78,3,22,bench,1
1203161_neurosketch,33,furniture,bench,205,135,1,201004.78,3,22,bench,0
1203161_neurosketch,33,furniture,bench,205,136,1,201004.78,3,22,bench,0
1203161_neurosketch,33,furniture,bed,206,137,1,205503.05,3,33,bed,1
1203161_neurosketch,33,furniture,bed,206,138,1,205503.05,3,33,bed,0
1203161_neurosketch,33,furniture,bed,206,139,1,205503.05,3,33,bed,0
1203161_neurosketch,33,furniture,bed,206,140,1,205503.05,3,33,bed,0
1203161_neurosketch,33,furniture,table,207,141,0,211503.53,3,5,table,1
1203161_neurosketch,33,furniture,table,207,142,0,211503.53,3,5,table,0
1203161_neurosketch,33,furniture,table,207,143,0,211503.53,3,5,table,0
1203161_neurosketch,33,furniture,table,208,144,0,216002.96,3,7,table,1
1203161_neurosketch,33,furniture,table,208,145,0,216002.96,3,7,table,0
1203161_neurosketch,33,2,bed,209,146,1,219003.31,3,17,bed,1
1203161_neurosketch,33,2,bed,209,147,1,219003.31,3,17,bed,0
1203161_neurosketch,33,2,bed,209,148,1,219003.31,3,17,bed,0
1203161_neurosketch,33,furniture,bench,210,149,1,223504.08,3,24,bench,1
1203161_neurosketch,33,furniture,bench,210,150,1,223504.08,3,24,bench,0
1203161_neurosketch,33,furniture,bench,210,151,1,223504.08,3,24,bench,0
1203161_neurosketch,33,furniture,bench,210,152,1,223504.08,3,24,bench,0
1203161_neurosketch,33,furniture,chair,211,153,0,229502.41,3,20,chair,1
1203161_neurosketch,33,furniture,chair,211,154,0,229502.41,3,20,chair,0
1203161_neurosketch,33,furniture,chair,211,155,0,229502.41,3,20,chair,0
1203161_neurosketch,33,furniture,bed,212,156,1,234001.16,3,4,bed,1
1203161_neurosketch,33,furniture,bed,212,157,1,234001.16,3,4,bed,0
1203161_neurosketch,33,furniture,table,213,158,0,237001.8,3,14,table,1
1203161_neurosketch,33,furniture,table,213,159,0,237001.8,3,14,table,0
1203161_neurosketch,33,furniture,table,213,160,0,237001.8,3,14,table,0
1203161_neurosketch,33,furniture,bench,214,161,1,241502.28,3,21,bench,1
1203161_neurosketch,33,furniture,bench,214,162,1,241502.28,3,21,bench,0
1203161_neurosketch,33,furniture,bench,214,163,1,241502.28,3,21,bench,0
1203161_neurosketch,33,furniture,chair,215,164,0,246003.29,3,14,chair,1
1203161_neurosketch,33,furniture,chair,215,165,0,246003.29,3,14,chair,0
1203161_neurosketch,33,furniture,chair,216,166,0,249002.21,3,9,chair,1
1203161_neurosketch,33,furniture,chair,216,167,0,249002.21,3,9,chair,0
1203161_neurosketch,33,furniture,chair,216,168,0,249002.21,3,9,chair,0
1203161_neurosketch,33,furniture,bench,217,169,1,253502.81,3,20,bench,1
1203161_neurosketch,33,furniture,bench,217,170,1,253502.81,3,20,bench,0
1203161_neurosketch,33,furniture,table,218,171,0,256502.29,3,12,table,1
1203161_neurosketch,33,furniture,table,218,172,0,256502.29,3,12,table,0
1203161_neurosketch,33,furniture,table,218,173,0,256502.29,3,12,table,0
1203161_neurosketch,33,2,bed,219,174,1,261002.57,3,36,bed,1
1203161_neurosketch,33,2,bed,219,175,1,261002.57,3,36,bed,0
1203161_neurosketch,33,furniture,chair,220,176,0,264001.18,3,12,chair,1
1203161_neurosketch,33,furniture,chair,220,177,0,264001.18,3,12,chair,0
1203161_neurosketch,33,furniture,table,221,178,0,267002.15,3,37,table,1
1203161_neurosketch,33,furniture,table,221,179,0,267002.15,3,37,table,0
1203161_neurosketch,33,furniture,table,221,180,0,267002.15,3,37,table,0
1203161_neurosketch,33,furniture,bench,222,181,1,271502.19,3,28,bench,1
1203161_neurosketch,33,furniture,bench,222,182,1,271502.19,3,28,bench,0
1203161_neurosketch,33,furniture,bench,222,183,1,271502.19,3,28,bench,0
1203161_neurosketch,33,furniture,bench,222,184,1,271502.19,3,28,bench,0
1203161_neurosketch,33,furniture,bed,223,185,1,277502.31,3,11,bed,1
1203161_neurosketch,33,furniture,bed,223,186,1,277502.31,3,11,bed,0
1203161_neurosketch,33,furniture,bed,224,187,1,280502.49,3,30,bed,1
1203161_neurosketch,33,furniture,bed,224,188,1,280502.49,3,30,bed,0
1203161_neurosketch,33,furniture,bed,224,189,1,280502.49,3,30,bed,0
1203161_neurosketch,33,furniture,bed,224,190,1,280502.49,3,30,bed,0
1203161_neurosketch,33,furniture,chair,225,191,0,286502.31,3,6,chair,1
1203161_neurosketch,33,furniture,chair,225,192,0,286502.31,3,6,chair,0
1203161_neurosketch,33,furniture,table,226,193,0,289502.31,3,27,table,1
1203161_neurosketch,33,furniture,table,226,194,0,289502.31,3,27,table,0
1203161_neurosketch,33,furniture,bench,227,195,1,292502.27,3,10,bench,1
1203161_neurosketch,33,furniture,bench,227,196,1,292502.27,3,10,bench,0
1203161_neurosketch,33,furniture,bed,228,197,1,295502.52,3,22,bed,1
1203161_neurosketch,33,furniture,bed,228,198,1,295502.52,3,22,bed,0
1203161_neurosketch,33,furniture,bed,228,199,1,295502.52,3,22,bed,0
1203161_neurosketch,33,furniture,bed,228,200,1,295502.52,3,22,bed,0
1203161_neurosketch,33,2,bench,229,201,1,301502.73,3,19,bench,1
1203161_neurosketch,33,2,bench,229,202,1,301502.73,3,19,bench,0
1203161_neurosketch,33,furniture,chair,230,203,0,304502.96,3,11,chair,1
1203161_neurosketch,33,furniture,chair,230,204,0,304502.96,3,11,chair,0
1203161_neurosketch,33,furniture,chair,230,205,0,304502.96,3,11,chair,0
1203161_neurosketch,33,furniture,table,231,206,0,309002.96,3,4,table,1
1203161_neurosketch,33,furniture,table,231,207,0,309002.96,3,4,table,0
1203161_neurosketch,33,furniture,table,231,208,0,309002.96,3,4,table,0
1203161_neurosketch,33,furniture,chair,232,209,0,313502.51,3,26,table,1
1203161_neurosketch,33,furniture,chair,232,210,0,313502.51,3,26,table,0
1203161_neurosketch,33,furniture,bed,233,211,1,316502.23,3,2,bed,1
1203161_neurosketch,33,furniture,bed,233,212,1,316502.23,3,2,bed,0
1203161_neurosketch,33,furniture,bench,234,213,1,319502.68,3,34,bench,1
1203161_neurosketch,33,furniture,bench,234,214,1,319502.68,3,34,bench,0
1203161_neurosketch,33,furniture,bench,234,215,1,319502.68,3,34,bench,0
1203161_neurosketch,33,furniture,table,235,216,0,324002.83,3,10,table,1
1203161_neurosketch,33,furniture,table,235,217,0,324002.83,3,10,table,0
1203161_neurosketch,33,furniture,table,235,218,0,324002.83,3,10,table,0
1203161_neurosketch,33,furniture,bed,236,219,1,328502.84,3,1,bed,1
1203161_neurosketch,33,furniture,bed,236,220,1,328502.84,3,1,bed,0
1203161_neurosketch,33,furniture,table,237,221,0,331502.45,3,13,table,1
1203161_neurosketch,33,furniture,table,237,222,0,331502.45,3,13,table,0
1203161_neurosketch,33,furniture,table,237,223,0,331502.45,3,13,table,0
1203161_neurosketch,33,furniture,table,237,224,0,331502.45,3,13,table,0
1203161_neurosketch,33,furniture,chair,238,225,0,337502.97,3,37,chair,1
1203161_neurosketch,33,furniture,chair,238,226,0,337502.97,3,37,chair,0
1203161_neurosketch,33,furniture,chair,238,227,0,337502.97,3,37,chair,0
1203161_neurosketch,33,furniture,chair,238,228,0,337502.97,3,37,chair,0
1203161_neurosketch,33,2,bench,239,229,1,343502.19,3,36,bench,1
1203161_neurosketch,33,2,bench,239,230,1,343502.19,3,36,bench,0
1203161_neurosketch,33,2,bench,239,231,1,343502.19,3,36,bench,0
1203161_neurosketch,33,2,bench,239,232,1,343502.19,3,36,bench,0
1203161_neurosketch,33,2,bench,239,233,1,343502.19,3,36,bench,0
1203161_neurosketch,33,2,bench,239,234,1,343502.19,3,36,bench,0
1203161_neurosketch,33,2,bench,239,235,1,343502.19,3,36,bench,0
1203161_neurosketch,33,2,bench,239,236,1,343502.19,3,36,bench,0
1203161_neurosketch,33,2,bench,239,237,1,343502.19,3,36,bench,0
1203161_neurosketch,33,2,bench,239,238,1,343502.19,3,36,bench,0
1203161_neurosketch,33,2,bench,239,239,1,343502.19,3,36,bench,0
1203161_neurosketch,33,furniture,table,240,0,-1,0.0,4,6,table,0
1203161_neurosketch,33,furniture,table,240,1,-1,0.0,4,6,table,0
1203161_neurosketch,33,furniture,table,240,2,-1,0.0,4,6,table,0
1203161_neurosketch,33,furniture,table,240,3,-1,0.0,4,6,table,0
1203161_neurosketch,33,furniture,table,240,4,-1,0.0,4,6,table,0
1203161_neurosketch,33,furniture,table,240,5,-1,0.0,4,6,table,0
1203161_neurosketch,33,furniture,table,240,6,-1,0.0,4,6,table,0
1203161_neurosketch,33,furniture,table,240,7,-1,0.0,4,6,table,0
1203161_neurosketch,33,furniture,table,240,8,0,12001.69,4,6,table,1
1203161_neurosketch,33,furniture,table,240,9,0,12001.69,4,6,table,0
1203161_neurosketch,33,furniture,table,240,10,0,12001.69,4,6,table,0
1203161_neurosketch,33,furniture,bed,241,11,1,16502.27,4,8,bed,1
1203161_neurosketch,33,furniture,bed,241,12,1,16502.27,4,8,bed,0
1203161_neurosketch,33,furniture,chair,242,13,0,19501.55,4,4,chair,1
1203161_neurosketch,33,furniture,chair,242,14,0,19501.55,4,4,chair,0
1203161_neurosketch,33,furniture,bench,243,15,1,22501.95,4,0,bench,1
1203161_neurosketch,33,furniture,bench,243,16,1,22501.95,4,0,bench,0
1203161_neurosketch,33,furniture,bench,243,17,1,22501.95,4,0,bench,0
1203161_neurosketch,33,furniture,chair,244,18,0,27001.68,4,0,chair,1
1203161_neurosketch,33,furniture,chair,244,19,0,27001.68,4,0,chair,0
1203161_neurosketch,33,furniture,chair,244,20,0,27001.68,4,0,chair,0
1203161_neurosketch,33,furniture,chair,244,21,0,27001.68,4,0,chair,0
1203161_neurosketch,33,furniture,bench,245,22,1,33001.88,4,12,bench,1
1203161_neurosketch,33,furniture,bench,245,23,1,33001.88,4,12,bench,0
1203161_neurosketch,33,furniture,bench,245,24,1,33001.88,4,12,bench,0
1203161_neurosketch,33,furniture,bed,246,25,1,37501.78,4,38,bed,1
1203161_neurosketch,33,furniture,bed,246,26,1,37501.78,4,38,bed,0
1203161_neurosketch,33,furniture,bed,246,27,1,37501.78,4,38,bed,0
1203161_neurosketch,33,furniture,bed,246,28,1,37501.78,4,38,bed,0
1203161_neurosketch,33,furniture,table,247,29,0,43502.38,4,17,table,1
1203161_neurosketch,33,furniture,table,247,30,0,43502.38,4,17,table,0
1203161_neurosketch,33,furniture,table,247,31,0,43502.38,4,17,table,0
1203161_neurosketch,33,furniture,table,248,32,0,48002.28,4,20,table,1
1203161_neurosketch,33,furniture,table,248,33,0,48002.28,4,20,table,0
1203161_neurosketch,33,2,chair,249,34,0,51002.17,4,24,chair,1
1203161_neurosketch,33,2,chair,249,35,0,51002.17,4,24,chair,0
1203161_neurosketch,33,2,chair,249,36,0,51002.17,4,24,chair,0
1203161_neurosketch,33,furniture,bed,250,37,1,55502.79,4,35,bed,1
1203161_neurosketch,33,furniture,bed,250,38,1,55502.79,4,35,bed,0
1203161_neurosketch,33,furniture,bed,250,39,1,55502.79,4,35,bed,0
1203161_neurosketch,33,furniture,bed,250,40,1,55502.79,4,35,bed,0
1203161_neurosketch,33,furniture,bench,251,41,1,61502.1,4,30,bench,1
1203161_neurosketch,33,furniture,bench,251,42,1,61502.1,4,30,bench,0
1203161_neurosketch,33,furniture,bench,251,43,1,61502.1,4,30,bench,0
1203161_neurosketch,33,furniture,table,252,44,0,66001.57,4,15,table,1
1203161_neurosketch,33,furniture,table,252,45,0,66001.57,4,15,table,0
1203161_neurosketch,33,furniture,chair,253,46,0,69002.24,4,13,chair,1
1203161_neurosketch,33,furniture,chair,253,47,0,69002.24,4,13,chair,0
1203161_neurosketch,33,furniture,chair,253,48,0,69002.24,4,13,chair,0
1203161_neurosketch,33,furniture,bench,254,49,1,73502.27,4,27,bench,1
1203161_neurosketch,33,furniture,bench,254,50,1,73502.27,4,27,bench,0
1203161_neurosketch,33,furniture,bench,254,51,1,73502.27,4,27,bench,0
1203161_neurosketch,33,furniture,bed,255,52,1,78001.78,4,20,bed,1
1203161_neurosketch,33,furniture,bed,255,53,1,78001.78,4,20,bed,0
1203161_neurosketch,33,furniture,chair,256,54,0,81001.67,4,35,chair,1
1203161_neurosketch,33,furniture,chair,256,55,0,81001.67,4,35,chair,0
1203161_neurosketch,33,furniture,chair,256,56,0,81001.67,4,35,chair,0
1203161_neurosketch,33,furniture,bench,257,57,1,85501.62,4,8,bench,1
1203161_neurosketch,33,furniture,bench,257,58,1,85501.62,4,8,bench,0
1203161_neurosketch,33,furniture,table,258,59,0,88502.29,4,39,table,1
1203161_neurosketch,33,furniture,table,258,60,0,88502.29,4,39,table,0
1203161_neurosketch,33,furniture,table,258,61,0,88502.29,4,39,table,0
1203161_neurosketch,33,2,bed,259,62,1,93002.41,4,9,bed,1
1203161_neurosketch,33,2,bed,259,63,1,93002.41,4,9,bed,0
1203161_neurosketch,33,furniture,chair,260,64,0,96002.87,4,31,chair,1
1203161_neurosketch,33,furniture,chair,260,65,0,96002.87,4,31,chair,0
1203161_neurosketch,33,furniture,bench,261,66,1,99002.01,4,17,bench,1
1203161_neurosketch,33,furniture,bench,261,67,1,99002.01,4,17,bench,0
1203161_neurosketch,33,furniture,bench,261,68,1,99002.01,4,17,bench,0
1203161_neurosketch,33,furniture,bed,262,69,1,103502.48,4,15,bed,1
1203161_neurosketch,33,furniture,bed,262,70,1,103502.48,4,15,bed,0
1203161_neurosketch,33,furniture,bed,262,71,1,103502.48,4,15,bed,0
1203161_neurosketch,33,furniture,bed,262,72,1,103502.48,4,15,bed,0
1203161_neurosketch,33,furniture,table,263,73,0,109502.36,4,32,table,1
1203161_neurosketch,33,furniture,table,263,74,0,109502.36,4,32,table,0
1203161_neurosketch,33,furniture,bed,264,75,1,112501.68,4,19,bed,1
1203161_neurosketch,33,furniture,bed,264,76,1,112501.68,4,19,bed,0
1203161_neurosketch,33,furniture,bed,264,77,1,112501.68,4,19,bed,0
1203161_neurosketch,33,furniture,bed,264,78,1,112501.68,4,19,bed,0
1203161_neurosketch,33,furniture,chair,265,79,0,118501.89,4,8,chair,1
1203161_neurosketch,33,furniture,chair,265,80,0,118501.89,4,8,chair,0
1203161_neurosketch,33,furniture,table,266,81,0,121502.75,4,1,table,1
1203161_neurosketch,33,furniture,table,266,82,0,121502.75,4,1,table,0
1203161_neurosketch,33,furniture,bench,267,83,1,124502.0,4,16,bench,1
1203161_neurosketch,33,furniture,bench,267,84,1,124502.0,4,16,bench,0
1203161_neurosketch,33,furniture,table,268,85,0,127502.92,4,2,table,1
1203161_neurosketch,33,furniture,table,268,86,0,127502.92,4,2,table,0
1203161_neurosketch,33,furniture,table,268,87,0,127502.92,4,2,table,0
1203161_neurosketch,33,furniture,table,268,88,0,127502.92,4,2,table,0
1203161_neurosketch,33,2,bed,269,89,1,133502.35,4,23,bed,1
1203161_neurosketch,33,2,bed,269,90,1,133502.35,4,23,bed,0
1203161_neurosketch,33,furniture,bench,270,91,1,136502.72,4,39,bench,1
1203161_neurosketch,33,furniture,bench,270,92,1,136502.72,4,39,bench,0
1203161_neurosketch,33,furniture,bench,270,93,1,136502.72,4,39,bench,0
1203161_neurosketch,33,furniture,chair,271,94,0,141002.2,4,19,chair,1
1203161_neurosketch,33,furniture,chair,271,95,0,141002.2,4,19,chair,0
1203161_neurosketch,33,furniture,chair,271,96,0,141002.2,4,19,chair,0
1203161_neurosketch,33,furniture,chair,272,97,0,145504.02,4,5,chair,1
1203161_neurosketch,33,furniture,chair,272,98,0,145504.02,4,5,chair,0
1203161_neurosketch,33,furniture,bench,273,99,1,148502.79,4,15,bench,1
1203161_neurosketch,33,furniture,bench,273,100,1,148502.79,4,15,bench,0
1203161_neurosketch,33,furniture,table,274,101,0,151502.05,4,24,table,1
1203161_neurosketch,33,furniture,table,274,102,0,151502.05,4,24,table,0
1203161_neurosketch,33,furniture,table,274,103,0,151502.05,4,24,table,0
1203161_neurosketch,33,furniture,bed,275,104,1,156003.09,4,29,bed,1
1203161_neurosketch,33,furniture,bed,275,105,1,156003.09,4,29,bed,0
1203161_neurosketch,33,furniture,bed,275,106,1,156003.09,4,29,bed,0
1203161_neurosketch,33,furniture,bed,276,107,1,160503.93,4,28,bed,1
1203161_neurosketch,33,furniture,bed,276,108,1,160503.93,4,28,bed,0
1203161_neurosketch,33,furniture,chair,277,109,0,163502.09,4,18,,1
1203161_neurosketch,33,furniture,chair,277,110,0,163502.09,4,18,,0
1203161_neurosketch,33,furniture,chair,277,111,0,163502.09,4,18,,0
1203161_neurosketch,33,furniture,chair,277,112,0,163502.09,4,18,,0
1203161_neurosketch,33,furniture,bench,278,113,1,169502.71,4,11,bench,1
1203161_neurosketch,33,furniture,bench,278,114,1,169502.71,4,11,bench,0
1203161_neurosketch,33,furniture,bench,278,115,1,169502.71,4,11,bench,0
1203161_neurosketch,33,furniture,bench,278,116,1,169502.71,4,11,bench,0
1203161_neurosketch,33,2,table,279,117,0,175503.1,4,31,table,1
1203161_neurosketch,33,2,table,279,118,0,175503.1,4,31,table,0
1203161_neurosketch,33,2,table,279,119,0,175503.1,4,31,table,0
1203161_neurosketch,33,furniture,chair,280,120,0,180002.28,4,1,chair,1
1203161_neurosketch,33,furniture,chair,280,121,0,180002.28,4,1,chair,0
1203161_neurosketch,33,furniture,chair,280,122,0,180002.28,4,1,chair,0
1203161_neurosketch,33,furniture,bench,281,123,1,184503.05,4,35,bench,1
1203161_neurosketch,33,furniture,bench,281,124,1,184503.05,4,35,bench,0
1203161_neurosketch,33,furniture,table,282,125,0,187502.39,4,18,,1
1203161_neurosketch,33,furniture,table,282,126,0,187502.39,4,18,,0
1203161_neurosketch,33,furniture,bed,283,127,1,190502.95,4,26,,1
1203161_neurosketch,33,furniture,bed,283,128,1,190502.95,4,26,,0
1203161_neurosketch,33,furniture,bed,283,129,1,190502.95,4,26,,0
1203161_neurosketch,33,furniture,table,284,130,0,195002.33,4,33,table,1
1203161_neurosketch,33,furniture,table,284,131,0,195002.33,4,33,table,0
1203161_neurosketch,33,furniture,table,284,132,0,195002.33,4,33,table,0
1203161_neurosketch,33,furniture,table,284,133,0,195002.33,4,33,table,0
1203161_neurosketch,33,furniture,bed,285,134,1,201002.99,4,16,bed,1
1203161_neurosketch,33,furniture,bed,285,135,1,201002.99,4,16,bed,0
1203161_neurosketch,33,furniture,bed,285,136,1,201002.99,4,16,bed,0
1203161_neurosketch,33,furniture,bench,286,137,1,205503.0,4,6,bench,1
1203161_neurosketch,33,furniture,bench,286,138,1,205503.0,4,6,bench,0
1203161_neurosketch,33,furniture,bench,286,139,1,205503.0,4,6,bench,0
1203161_neurosketch,33,furniture,bench,286,140,1,205503.0,4,6,bench,0
1203161_neurosketch,33,furniture,chair,287,141,0,211502.95,4,38,chair,1
1203161_neurosketch,33,furniture,chair,287,142,0,211502.95,4,38,chair,0
1203161_neurosketch,33,furniture,chair,287,143,0,211502.95,4,38,chair,0
1203161_neurosketch,33,furniture,bed,288,144,1,216002.47,4,14,bed,1
1203161_neurosketch,33,furniture,bed,288,145,1,216002.47,4,14,bed,0
1203161_neurosketch,33,2,bench,289,146,1,219003.46,4,1,,1
1203161_neurosketch,33,2,bench,289,147,1,219003.46,4,1,,0
1203161_neurosketch,33,2,bench,289,148,1,219003.46,4,1,,0
1203161_neurosketch,33,furniture,table,290,149,0,223503.31,4,28,table,1
1203161_neurosketch,33,furniture,table,290,150,0,223503.31,4,28,table,0
1203161_neurosketch,33,furniture,table,290,151,0,223503.31,4,28,table,0
1203161_neurosketch,33,furniture,table,290,152,0,223503.31,4,28,table,0
1203161_neurosketch,33,furniture,chair,291,153,0,229502.5,4,30,chair,1
1203161_neurosketch,33,furniture,chair,291,154,0,229502.5,4,30,chair,0
1203161_neurosketch,33,furniture,chair,291,155,0,229502.5,4,30,chair,0
1203161_neurosketch,33,furniture,table,292,156,0,234002.1,4,25,table,1
1203161_neurosketch,33,furniture,table,292,157,0,234002.1,4,25,table,0
1203161_neurosketch,33,furniture,bench,293,158,1,237002.58,4,4,bench,1
1203161_neurosketch,33,furniture,bench,293,159,1,237002.58,4,4,bench,0
1203161_neurosketch,33,furniture,bench,293,160,1,237002.58,4,4,bench,0
1203161_neurosketch,33,furniture,bed,294,161,1,241502.06,4,18,bed,1
1203161_neurosketch,33,furniture,bed,294,162,1,241502.06,4,18,bed,0
1203161_neurosketch,33,furniture,bed,294,163,1,241502.06,4,18,bed,0
1203161_neurosketch,33,furniture,chair,295,164,0,246002.63,4,17,chair,1
1203161_neurosketch,33,furniture,chair,295,165,0,246002.63,4,17,chair,0
1203161_neurosketch,33,furniture,chair,296,166,0,249002.29,4,10,chair,1
1203161_neurosketch,33,furniture,chair,296,167,0,249002.29,4,10,chair,0
1203161_neurosketch,33,furniture,chair,296,168,0,249002.29,4,10,chair,0
1203161_neurosketch,33,furniture,bed,297,169,1,253503.25,4,37,bed,1
1203161_neurosketch,33,furniture,bed,297,170,1,253503.25,4,37,bed,0
1203161_neurosketch,33,furniture,bench,298,171,1,256503.08,4,13,bench,1
1203161_neurosketch,33,furniture,bench,298,172,1,256503.08,4,13,bench,0
1203161_neurosketch,33,furniture,bench,298,173,1,256503.08,4,13,bench,0
1203161_neurosketch,33,2,table,299,174,0,261002.38,4,19,table,1
1203161_neurosketch,33,2,table,299,175,0,261002.38,4,19,table,0
1203161_neurosketch,33,furniture,chair,300,176,0,264003.19,4,23,chair,1
1203161_neurosketch,33,furniture,chair,300,177,0,264003.19,4,23,chair,0
1203161_neurosketch,33,furniture,bed,301,178,1,267002.77,4,21,bed,1
1203161_neurosketch,33,furniture,bed,301,179,1,267002.77,4,21,bed,0
1203161_neurosketch,33,furniture,bed,301,180,1,267002.77,4,21,bed,0
1203161_neurosketch,33,furniture,bench,302,181,1,271502.29,4,2,bench,1
1203161_neurosketch,33,furniture,bench,302,182,1,271502.29,4,2,bench,0
1203161_neurosketch,33,furniture,bench,302,183,1,271502.29,4,2,bench,0
1203161_neurosketch,33,furniture,bench,302,184,1,271502.29,4,2,bench,0
1203161_neurosketch,33,furniture,table,303,185,0,277502.71,4,23,table,1
1203161_neurosketch,33,furniture,table,303,186,0,277502.71,4,23,table,0
1203161_neurosketch,33,furniture,chair,304,187,0,280502.31,4,3,chair,1
1203161_neurosketch,33,furniture,chair,304,188,0,280502.31,4,3,chair,0
1203161_neurosketch,33,furniture,chair,304,189,0,280502.31,4,3,chair,0
1203161_neurosketch,33,furniture,chair,304,190,0,280502.31,4,3,chair,0
1203161_neurosketch,33,furniture,table,305,191,0,286502.44,4,3,table,1
1203161_neurosketch,33,furniture,table,305,192,0,286502.44,4,3,table,0
1203161_neurosketch,33,furniture,bench,306,193,1,289502.75,4,29,bench,1
1203161_neurosketch,33,furniture,bench,306,194,1,289502.75,4,29,bench,0
1203161_neurosketch,33,furniture,bed,307,195,1,292502.71,4,13,bed,1
1203161_neurosketch,33,furniture,bed,307,196,1,292502.71,4,13,bed,0
1203161_neurosketch,33,furniture,bed,308,197,1,295502.54,4,24,bed,1
1203161_neurosketch,33,furniture,bed,308,198,1,295502.54,4,24,bed,0
1203161_neurosketch,33,furniture,bed,308,199,1,295502.54,4,24,bed,0
1203161_neurosketch,33,furniture,bed,308,200,1,295502.54,4,24,bed,0
1203161_neurosketch,33,2,chair,309,201,0,301502.84,4,34,chair,1
1203161_neurosketch,33,2,chair,309,202,0,301502.84,4,34,chair,0
1203161_neurosketch,33,furniture,table,310,203,0,304502.33,4,36,table,1
1203161_neurosketch,33,furniture,table,310,204,0,304502.33,4,36,table,0
1203161_neurosketch,33,furniture,table,310,205,0,304502.33,4,36,table,0
1203161_neurosketch,33,furniture,bench,311,206,1,309002.77,4,5,bench,1
1203161_neurosketch,33,furniture,bench,311,207,1,309002.77,4,5,bench,0
1203161_neurosketch,33,furniture,bench,311,208,1,309002.77,4,5,bench,0
1203161_neurosketch,33,furniture,chair,312,209,0,313502.59,4,16,chair,1
1203161_neurosketch,33,furniture,chair,312,210,0,313502.59,4,16,chair,0
1203161_neurosketch,33,furniture,bench,313,211,1,316502.83,4,7,bench,1
1203161_neurosketch,33,furniture,bench,313,212,1,316502.83,4,7,bench,0
1203161_neurosketch,33,furniture,table,314,213,0,319502.9,4,9,table,1
1203161_neurosketch,33,furniture,table,314,214,0,319502.9,4,9,table,0
1203161_neurosketch,33,furniture,table,314,215,0,319502.9,4,9,table,0
1203161_neurosketch,33,furniture,bed,315,216,1,324002.04,4,27,bed,1
1203161_neurosketch,33,furniture,bed,315,217,1,324002.04,4,27,bed,0
1203161_neurosketch,33,furniture,bed,315,218,1,324002.04,4,27,bed,0
1203161_neurosketch,33,furniture,table,316,219,0,328502.44,4,8,table,1
1203161_neurosketch,33,furniture,table,316,220,0,328502.44,4,8,table,0
1203161_neurosketch,33,furniture,bed,317,221,1,331502.88,4,5,bed,1
1203161_neurosketch,33,furniture,bed,317,222,1,331502.88,4,5,bed,0
1203161_neurosketch,33,furniture,bed,317,223,1,331502.88,4,5,bed,0
1203161_neurosketch,33,furniture,bed,317,224,1,331502.88,4,5,bed,0
1203161_neurosketch,33,furniture,chair,318,225,0,337502.1,4,15,chair,1
1203161_neurosketch,33,furniture,chair,318,226,0,337502.1,4,15,chair,0
1203161_neurosketch,33,furniture,chair,318,227,0,337502.1,4,15,chair,0
1203161_neurosketch,33,furniture,chair,318,228,0,337502.1,4,15,chair,0
1203161_neurosketch,33,2,bench,319,229,1,343502.58,4,32,bench,1
1203161_neurosketch,33,2,bench,319,230,1,343502.58,4,32,bench,0
1203161_neurosketch,33,2,bench,319,231,1,343502.58,4,32,bench,0
1203161_neurosketch,33,2,bench,319,232,1,343502.58,4,32,bench,0
1203161_neurosketch,33,2,bench,319,233,1,343502.58,4,32,bench,0
1203161_neurosketch,33,2,bench,319,234,1,343502.58,4,32,bench,0
1203161_neurosketch,33,2,bench,319,235,1,343502.58,4,32,bench,0
1203161_neurosketch,33,2,bench,319,236,1,343502.58,4,32,bench,0
1203161_neurosketch,33,2,bench,319,237,1,343502.58,4,32,bench,0
1203161_neurosketch,33,2,bench,319,238,1,343502.58,4,32,bench,0
1203161_neurosketch,33,2,bench,319,239,1,343502.58,4,32,bench,0
1203161_neurosketch,33,furniture,bench,360,0,-1,0.0,9,32,,0
1203161_neurosketch,33,furniture,bench,360,1,-1,0.0,9,32,,0
1203161_neurosketch,33,furniture,bench,360,2,-1,0.0,9,32,,0
1203161_neurosketch,33,furniture,bench,360,3,-1,0.0,9,32,,0
1203161_neurosketch,33,furniture,bench,360,4,-1,0.0,9,32,,0
1203161_neurosketch,33,furniture,bench,360,5,-1,0.0,9,32,,0
1203161_neurosketch,33,furniture,bench,360,6,-1,0.0,9,32,,0
1203161_neurosketch,33,furniture,bench,360,7,-1,0.0,9,32,,0
1203161_neurosketch,33,furniture,bench,360,8,1,12004.18,9,32,,1
1203161_neurosketch,33,furniture,bench,360,9,1,12004.18,9,32,,0
1203161_neurosketch,33,furniture,bench,360,10,1,12004.18,9,32,,0
1203161_neurosketch,33,furniture,chair,361,11,0,16503.1,9,15,chair,1
1203161_neurosketch,33,furniture,chair,361,12,0,16503.1,9,15,chair,0
1203161_neurosketch,33,furniture,bed,362,13,1,19501.59,9,5,bed,1
1203161_neurosketch,33,furniture,bed,362,14,1,19501.59,9,5,bed,0
1203161_neurosketch,33,furniture,table,363,15,0,22501.35,9,8,table,1
1203161_neurosketch,33,furniture,table,363,16,0,22501.35,9,8,table,0
1203161_neurosketch,33,furniture,table,363,17,0,22501.35,9,8,table,0
1203161_neurosketch,33,furniture,bed,364,18,1,27004.32,9,27,bed,1
1203161_neurosketch,33,furniture,bed,364,19,1,27004.32,9,27,bed,0
1203161_neurosketch,33,furniture,bed,364,20,1,27004.32,9,27,bed,0
1203161_neurosketch,33,furniture,bed,364,21,1,27004.32,9,27,bed,0
1203161_neurosketch,33,furniture,table,365,22,0,33002.17,9,9,table,1
1203161_neurosketch,33,furniture,table,365,23,0,33002.17,9,9,table,0
1203161_neurosketch,33,furniture,table,365,24,0,33002.17,9,9,table,0
1203161_neurosketch,33,furniture,bench,366,25,1,37501.48,9,7,bench,1
1203161_neurosketch,33,furniture,bench,366,26,1,37501.48,9,7,bench,0
1203161_neurosketch,33,furniture,bench,366,27,1,37501.48,9,7,bench,0
1203161_neurosketch,33,furniture,bench,366,28,1,37501.48,9,7,bench,0
1203161_neurosketch,33,furniture,chair,367,29,0,43501.6,9,16,table,1
1203161_neurosketch,33,furniture,chair,367,30,0,43501.6,9,16,table,0
1203161_neurosketch,33,furniture,chair,367,31,0,43501.6,9,16,table,0
1203161_neurosketch,33,furniture,bench,368,32,1,48001.91,9,5,bench,1
1203161_neurosketch,33,furniture,bench,368,33,1,48001.91,9,5,bench,0
1203161_neurosketch,33,2,table,369,34,0,51002.25,9,36,table,1
1203161_neurosketch,33,2,table,369,35,0,51002.25,9,36,table,0
1203161_neurosketch,33,2,table,369,36,0,51002.25,9,36,table,0
1203161_neurosketch,33,furniture,chair,370,37,0,55502.05,9,34,chair,1
1203161_neurosketch,33,furniture,chair,370,38,0,55502.05,9,34,chair,0
1203161_neurosketch,33,furniture,chair,370,39,0,55502.05,9,34,chair,0
1203161_neurosketch,33,furniture,chair,370,40,0,55502.05,9,34,chair,0
1203161_neurosketch,33,furniture,bed,371,41,1,61502.27,9,24,bed,1
1203161_neurosketch,33,furniture,bed,371,42,1,61502.27,9,24,bed,0
1203161_neurosketch,33,furniture,bed,371,43,1,61502.27,9,24,bed,0
1203161_neurosketch,33,furniture,bed,372,44,1,66001.83,9,13,bed,1
1203161_neurosketch,33,furniture,bed,372,45,1,66001.83,9,13,bed,0
1203161_neurosketch,33,furniture,bench,373,46,1,69002.58,9,29,bench,1
1203161_neurosketch,33,furniture,bench,373,47,1,69002.58,9,29,bench,0
1203161_neurosketch,33,furniture,bench,373,48,1,69002.58,9,29,bench,0
1203161_neurosketch,33,furniture,table,374,49,0,73502.25,9,3,table,1
1203161_neurosketch,33,furniture,table,374,50,0,73502.25,9,3,table,0
1203161_neurosketch,33,furniture,table,374,51,0,73502.25,9,3,table,0
1203161_neurosketch,33,furniture,chair,375,52,0,78001.67,9,3,table,1
1203161_neurosketch,33,furniture,chair,375,53,0,78001.67,9,3,table,0
1203161_neurosketch,33,furniture,table,376,54,0,81002.64,9,23,table,1
1203161_neurosketch,33,furniture,table,376,55,0,81002.64,9,23,table,0
1203161_neurosketch,33,furniture,table,376,56,0,81002.64,9,23,table,0
1203161_neurosketch,33,furniture,bench,377,57,1,85502.16,9,2,bench,1
1203161_neurosketch,33,furniture,bench,377,58,1,85502.16,9,2,bench,0
1203161_neurosketch,33,furniture,bed,378,59,1,88503.14,9,21,bed,1
1203161_neurosketch,33,furniture,bed,378,60,1,88503.14,9,21,bed,0
1203161_neurosketch,33,furniture,bed,378,61,1,88503.14,9,21,bed,0
1203161_neurosketch,33,2,chair,379,62,0,93002.5,9,23,chair,1
1203161_neurosketch,33,2,chair,379,63,0,93002.5,9,23,chair,0
1203161_neurosketch,33,furniture,table,380,64,0,96002.11,9,19,table,1
1203161_neurosketch,33,furniture,table,380,65,0,96002.11,9,19,table,0
1203161_neurosketch,33,furniture,bench,381,66,1,99002.33,9,13,bench,1
1203161_neurosketch,33,furniture,bench,381,67,1,99002.33,9,13,bench,0
1203161_neurosketch,33,furniture,bench,381,68,1,99002.33,9,13,bench,0
1203161_neurosketch,33,furniture,bed,382,69,1,103502.54,9,37,bed,1
1203161_neurosketch,33,furniture,bed,382,70,1,103502.54,9,37,bed,0
1203161_neurosketch,33,furniture,bed,382,71,1,103502.54,9,37,bed,0
1203161_neurosketch,33,furniture,bed,382,72,1,103502.54,9,37,bed,0
1203161_neurosketch,33,furniture,chair,383,73,0,109502.33,9,10,chair,1
1203161_neurosketch,33,furniture,chair,383,74,0,109502.33,9,10,chair,0
1203161_neurosketch,33,furniture,chair,384,75,0,112501.46,9,17,chair,1
1203161_neurosketch,33,furniture,chair,384,76,0,112501.46,9,17,chair,0
1203161_neurosketch,33,furniture,chair,384,77,0,112501.46,9,17,chair,0
1203161_neurosketch,33,furniture,chair,384,78,0,112501.46,9,17,chair,0
1203161_neurosketch,33,furniture,bed,385,79,1,118501.93,9,18,bed,1
1203161_neurosketch,33,furniture,bed,385,80,1,118501.93,9,18,bed,0
1203161_neurosketch,33,furniture,bench,386,81,1,121503.66,9,4,bench,1
1203161_neurosketch,33,furniture,bench,386,82,1,121503.66,9,4,bench,0
1203161_neurosketch,33,furniture,table,387,83,0,124503.15,9,25,table,1
1203161_neurosketch,33,furniture,table,387,84,0,124503.15,9,25,table,0
1203161_neurosketch,33,furniture,chair,388,85,0,127502.99,9,30,chair,1
1203161_neurosketch,33,furniture,chair,388,86,0,127502.99,9,30,chair,0
1203161_neurosketch,33,furniture,chair,388,87,0,127502.99,9,30,chair,0
1203161_neurosketch,33,furniture,chair,388,88,0,127502.99,9,30,chair,0
1203161_neurosketch,33,2,table,389,89,0,133503.05,9,28,table,1
1203161_neurosketch,33,2,table,389,90,0,133503.05,9,28,table,0
1203161_neurosketch,33,furniture,bench,390,91,1,136502.68,9,1,bench,1
1203161_neurosketch,33,furniture,bench,390,92,1,136502.68,9,1,bench,0
1203161_neurosketch,33,furniture,bench,390,93,1,136502.68,9,1,bench,0
1203161_neurosketch,33,furniture,bed,391,94,1,141002.83,9,14,bed,1
1203161_neurosketch,33,furniture,bed,391,95,1,141002.83,9,14,bed,0
1203161_neurosketch,33,furniture,bed,391,96,1,141002.83,9,14,bed,0
1203161_neurosketch,33,furniture,chair,392,97,0,145502.29,9,38,chair,1
1203161_neurosketch,33,furniture,chair,392,98,0,145502.29,9,38,chair,0
1203161_neurosketch,33,furniture,bench,393,99,1,148502.83,9,6,bench,1
1203161_neurosketch,33,furniture,bench,393,100,1,148502.83,9,6,bench,0
1203161_neurosketch,33,furniture,bed,394,101,1,151502.34,9,16,bed,1
1203161_neurosketch,33,furniture,bed,394,102,1,151502.34,9,16,bed,0
1203161_neurosketch,33,furniture,bed,394,103,1,151502.34,9,16,bed,0
1203161_neurosketch,33,furniture,table,395,104,0,156002.76,9,33,table,1
1203161_neurosketch,33,furniture,table,395,105,0,156002.76,9,33,table,0
1203161_neurosketch,33,furniture,table,395,106,0,156002.76,9,33,table,0
1203161_neurosketch,33,furniture,bed,396,107,1,160502.0,9,26,bed,1
1203161_neurosketch,33,furniture,bed,396,108,1,160502.0,9,26,bed,0
1203161_neurosketch,33,furniture,table,397,109,0,163502.41,9,18,table,1
1203161_neurosketch,33,furniture,table,397,110,0,163502.41,9,18,table,0
1203161_neurosketch,33,furniture,table,397,111,0,163502.41,9,18,table,0
1203161_neurosketch,33,furniture,table,397,112,0,163502.41,9,18,table,0
1203161_neurosketch,33,furniture,bench,398,113,1,169502.41,9,35,bench,1
1203161_neurosketch,33,furniture,bench,398,114,1,169502.41,9,35,bench,0
1203161_neurosketch,33,furniture,bench,398,115,1,169502.41,9,35,bench,0
1203161_neurosketch,33,furniture,bench,398,116,1,169502.41,9,35,bench,0
1203161_neurosketch,33,2,chair,399,117,0,175502.2,9,1,chair,1
1203161_neurosketch,33,2,chair,399,118,0,175502.2,9,1,chair,0
1203161_neurosketch,33,2,chair,399,119,0,175502.2,9,1,chair,0
1203161_neurosketch,33,furniture,table,400,120,0,180002.52,9,31,table,1
1203161_neurosketch,33,furniture,table,400,121,0,180002.52,9,31,table,0
1203161_neurosketch,33,furniture,table,400,122,0,180002.52,9,31,table,0
1203161_neurosketch,33,furniture,bench,401,123,1,184502.26,9,11,bench,1
1203161_neurosketch,33,furniture,bench,401,124,1,184502.26,9,11,bench,0
1203161_neurosketch,33,furniture,chair,402,125,0,187502.79,9,18,chair,1
1203161_neurosketch,33,furniture,chair,402,126,0,187502.79,9,18,chair,0
1203161_neurosketch,33,furniture,bed,403,127,1,190502.54,9,28,bed,1
1203161_neurosketch,33,furniture,bed,403,128,1,190502.54,9,28,bed,0
1203161_neurosketch,33,furniture,bed,403,129,1,190502.54,9,28,bed,0
1203161_neurosketch,33,furniture,bed,404,130,1,195002.39,9,29,bed,1
1203161_neurosketch,33,furniture,bed,404,131,1,195002.39,9,29,bed,0
1203161_neurosketch,33,furniture,bed,404,132,1,195002.39,9,29,bed,0
1203161_neurosketch,33,furniture,bed,404,133,1,195002.39,9,29,bed,0
1203161_neurosketch,33,furniture,table,405,134,0,201002.13,9,24,table,1
1203161_neurosketch,33,furniture,table,405,135,0,201002.13,9,24,table,0
1203161_neurosketch,33,furniture,table,405,136,0,201002.13,9,24,table,0
1203161_neurosketch,33,furniture,bench,406,137,1,205502.37,9,15,bench,1
1203161_neurosketch,33,furniture,bench,406,138,1,205502.37,9,15,bench,0
1203161_neurosketch,33,furniture,bench,406,139,1,205502.37,9,15,bench,0
1203161_neurosketch,33,furniture,bench,406,140,1,205502.37,9,15,bench,0
1203161_neurosketch,33,furniture,chair,407,141,0,211502.9,9,5,chair,1
1203161_neurosketch,33,furniture,chair,407,142,0,211502.9,9,5,chair,0
1203161_neurosketch,33,furniture,chair,407,143,0,211502.9,9,5,chair,0
1203161_neurosketch,33,furniture,chair,408,144,0,216003.05,9,19,chair,1
1203161_neurosketch,33,furniture,chair,408,145,0,216003.05,9,19,chair,0
1203161_neurosketch,33,2,bench,409,146,1,219002.33,9,39,,1
1203161_neurosketch,33,2,bench,409,147,1,219002.33,9,39,,0
1203161_neurosketch,33,2,bench,409,148,1,219002.33,9,39,,0
1203161_neurosketch,33,furniture,bed,410,149,1,223502.27,9,23,bed,1
1203161_neurosketch,33,furniture,bed,410,150,1,223502.27,9,23,bed,0
1203161_neurosketch,33,furniture,bed,410,151,1,223502.27,9,23,bed,0
1203161_neurosketch,33,furniture,bed,410,152,1,223502.27,9,23,bed,0
1203161_neurosketch,33,furniture,table,411,153,0,229501.58,9,2,table,1
1203161_neurosketch,33,furniture,table,411,154,0,229501.58,9,2,table,0
1203161_neurosketch,33,furniture,table,411,155,0,229501.58,9,2,table,0
1203161_neurosketch,33,furniture,bench,412,156,1,234002.58,9,16,bench,1
1203161_neurosketch,33,furniture,bench,412,157,1,234002.58,9,16,bench,0
1203161_neurosketch,33,furniture,table,413,158,0,237002.64,9,1,table,1
1203161_neurosketch,33,furniture,table,413,159,0,237002.64,9,1,table,0
1203161_neurosketch,33,furniture,table,413,160,0,237002.64,9,1,table,0
1203161_neurosketch,33,furniture,chair,414,161,0,241502.48,9,8,chair,1
1203161_neurosketch,33,furniture,chair,414,162,0,241502.48,9,8,chair,0
1203161_neurosketch,33,furniture,chair,414,163,0,241502.48,9,8,chair,0
1203161_neurosketch,33,furniture,bed,415,164,1,246002.42,9,19,bed,1
1203161_neurosketch,33,furniture,bed,415,165,1,246002.42,9,19,bed,0
1203161_neurosketch,33,furniture,table,416,166,0,249002.52,9,32,table,1
1203161_neurosketch,33,furniture,table,416,167,0,249002.52,9,32,table,0
1203161_neurosketch,33,furniture,table,416,168,0,249002.52,9,32,table,0
1203161_neurosketch,33,furniture,bed,417,169,1,253502.3,9,15,bed,1
1203161_neurosketch,33,furniture,bed,417,170,1,253502.3,9,15,bed,0
1203161_neurosketch,33,furniture,bench,418,171,1,256503.03,9,17,bench,1
1203161_neurosketch,33,furniture,bench,418,172,1,256503.03,9,17,bench,0
1203161_neurosketch,33,furniture,bench,418,173,1,256503.03,9,17,bench,0
1203161_neurosketch,33,2,chair,419,174,0,261003.09,9,31,chair,1
1203161_neurosketch,33,2,chair,419,175,0,261003.09,9,31,chair,0
1203161_neurosketch,33,furniture,bed,420,176,1,264002.61,9,9,bed,1
1203161_neurosketch,33,furniture,bed,420,177,1,264002.61,9,9,bed,0
1203161_neurosketch,33,furniture,table,421,178,0,267002.58,9,39,table,1
1203161_neurosketch,33,furniture,table,421,179,0,267002.58,9,39,table,0
1203161_neurosketch,33,furniture,table,421,180,0,267002.58,9,39,table,0
1203161_neurosketch,33,furniture,bench,422,181,1,271503.8,9,8,bench,1
1203161_neurosketch,33,furniture,bench,422,182,1,271503.8,9,8,bench,0
1203161_neurosketch,33,furniture,bench,422,183,1,271503.8,9,8,bench,0
1203161_neurosketch,33,furniture,bench,422,184,1,271503.8,9,8,bench,0
1203161_neurosketch,33,furniture,chair,423,185,0,277503.3,9,35,table,1
1203161_neurosketch,33,furniture,chair,423,186,0,277503.3,9,35,table,0
1203161_neurosketch,33,furniture,bed,424,187,1,280502.8,9,20,bed,1
1203161_neurosketch,33,furniture,bed,424,188,1,280502.8,9,20,bed,0
1203161_neurosketch,33,furniture,bed,424,189,1,280502.8,9,20,bed,0
1203161_neurosketch,33,furniture,bed,424,190,1,280502.8,9,20,bed,0
1203161_neurosketch,33,furniture,bench,425,191,1,286502.6,9,27,bench,1
1203161_neurosketch,33,furniture,bench,425,192,1,286502.6,9,27,bench,0
1203161_neurosketch,33,furniture,chair,426,193,0,289502.73,9,13,chair,1
1203161_neurosketch,33,furniture,chair,426,194,0,289502.73,9,13,chair,0
1203161_neurosketch,33,furniture,table,427,195,0,292504.62,9,15,table,1
1203161_neurosketch,33,furniture,table,427,196,0,292504.62,9,15,table,0
1203161_neurosketch,33,furniture,bench,428,197,1,295502.53,9,30,bench,1
1203161_neurosketch,33,furniture,bench,428,198,1,295502.53,9,30,bench,0
1203161_neurosketch,33,furniture,bench,428,199,1,295502.53,9,30,bench,0
1203161_neurosketch,33,furniture,bench,428,200,1,295502.53,9,30,bench,0
1203161_neurosketch,33,2,bed,429,201,1,301502.83,9,35,bed,1
1203161_neurosketch,33,2,bed,429,202,1,301502.83,9,35,bed,0
1203161_neurosketch,33,furniture,chair,430,203,0,304502.3,9,24,chair,1
1203161_neurosketch,33,furniture,chair,430,204,0,304502.3,9,24,chair,0
1203161_neurosketch,33,furniture,chair,430,205,0,304502.3,9,24,chair,0
1203161_neurosketch,33,furniture,table,431,206,0,309003.55,9,20,table,1
1203161_neurosketch,33,furniture,table,431,207,0,309003.55,9,20,table,0
1203161_neurosketch,33,furniture,table,431,208,0,309003.55,9,20,table,0
1203161_neurosketch,33,furniture,table,432,209,0,313502.96,9,17,table,1
1203161_neurosketch,33,furniture,table,432,210,0,313502.96,9,17,table,0
1203161_neurosketch,33,furniture,bed,433,211,1,316502.61,9,38,bed,1
1203161_neurosketch,33,furniture,bed,433,212,1,316502.61,9,38,bed,0
1203161_neurosketch,33,furniture,bench,434,213,1,319502.89,9,12,bench,1
1203161_neurosketch,33,furniture,bench,434,214,1,319502.89,9,12,bench,0
1203161_neurosketch,33,furniture,bench,434,215,1,319502.89,9,12,bench,0
1203161_neurosketch,33,furniture,chair,435,216,0,324003.2,9,0,chair,1
1203161_neurosketch,33,furniture,chair,435,217,0,324003.2,9,0,chair,0
1203161_neurosketch,33,furniture,chair,435,218,0,324003.2,9,0,chair,0
1203161_neurosketch,33,furniture,bench,436,219,1,328502.59,9,0,bench,1
1203161_neurosketch,33,furniture,bench,436,220,1,328502.59,9,0,bench,0
1203161_neurosketch,33,furniture,chair,437,221,0,331502.87,9,4,chair,1
1203161_neurosketch,33,furniture,chair,437,222,0,331502.87,9,4,chair,0
1203161_neurosketch,33,furniture,chair,437,223,0,331502.87,9,4,chair,0
1203161_neurosketch,33,furniture,chair,437,224,0,331502.87,9,4,chair,0
1203161_neurosketch,33,furniture,bed,438,225,1,337502.74,9,8,,1
1203161_neurosketch,33,furniture,bed,438,226,1,337502.74,9,8,,0
1203161_neurosketch,33,furniture,bed,438,227,1,337502.74,9,8,,0
1203161_neurosketch,33,furniture,bed,438,228,1,337502.74,9,8,,0
1203161_neurosketch,33,2,table,439,229,0,343502.88,9,6,table,1
1203161_neurosketch,33,2,table,439,230,0,343502.88,9,6,table,0
1203161_neurosketch,33,2,table,439,231,0,343502.88,9,6,table,0
1203161_neurosketch,33,2,table,439,232,0,343502.88,9,6,table,0
1203161_neurosketch,33,2,table,439,233,0,343502.88,9,6,table,0
1203161_neurosketch,33,2,table,439,234,0,343502.88,9,6,table,0
1203161_neurosketch,33,2,table,439,235,0,343502.88,9,6,table,0
1203161_neurosketch,33,2,table,439,236,0,343502.88,9,6,table,0
1203161_neurosketch,33,2,table,439,237,0,343502.88,9,6,table,0
1203161_neurosketch,33,2,table,439,238,0,343502.88,9,6,table,0
1203161_neurosketch,33,2,table,439,239,0,343502.88,9,6,table,0
1203161_neurosketch,33,furniture,bench,440,0,-1,0.0,10,36,bench,0
1203161_neurosketch,33,furniture,bench,440,1,-1,0.0,10,36,bench,0
1203161_neurosketch,33,furniture,bench,440,2,-1,0.0,10,36,bench,0
1203161_neurosketch,33,furniture,bench,440,3,-1,0.0,10,36,bench,0
1203161_neurosketch,33,furniture,bench,440,4,-1,0.0,10,36,bench,0
1203161_neurosketch,33,furniture,bench,440,5,-1,0.0,10,36,bench,0
1203161_neurosketch,33,furniture,bench,440,6,-1,0.0,10,36,bench,0
1203161_neurosketch,33,furniture,bench,440,7,-1,0.0,10,36,bench,0
1203161_neurosketch,33,furniture,bench,440,8,1,12002.53,10,36,bench,1
1203161_neurosketch,33,furniture,bench,440,9,1,12002.53,10,36,bench,0
1203161_neurosketch,33,furniture,bench,440,10,1,12002.53,10,36,bench,0
1203161_neurosketch,33,furniture,chair,441,11,0,16501.92,10,37,chair,1
1203161_neurosketch,33,furniture,chair,441,12,0,16501.92,10,37,chair,0
1203161_neurosketch,33,furniture,table,442,13,0,19501.3,10,13,table,1
1203161_neurosketch,33,furniture,table,442,14,0,19501.3,10,13,table,0
1203161_neurosketch,33,furniture,bed,443,15,1,22502.22,10,1,bed,1
1203161_neurosketch,33,furniture,bed,443,16,1,22502.22,10,1,bed,0
1203161_neurosketch,33,furniture,bed,443,17,1,22502.22,10,1,bed,0
1203161_neurosketch,33,furniture,table,444,18,0,27002.3,10,10,table,1
1203161_neurosketch,33,furniture,table,444,19,0,27002.3,10,10,table,0
1203161_neurosketch,33,furniture,table,444,20,0,27002.3,10,10,table,0
1203161_neurosketch,33,furniture,table,444,21,0,27002.3,10,10,table,0
1203161_neurosketch,33,furniture,bench,445,22,1,33001.28,10,34,bench,1
1203161_neurosketch,33,furniture,bench,445,23,1,33001.28,10,34,bench,0
1203161_neurosketch,33,furniture,bench,445,24,1,33001.28,10,34,bench,0
1203161_neurosketch,33,furniture,bed,446,25,1,37501.99,10,2,bed,1
1203161_neurosketch,33,furniture,bed,446,26,1,37501.99,10,2,bed,0
1203161_neurosketch,33,furniture,bed,446,27,1,37501.99,10,2,bed,0
1203161_neurosketch,33,furniture,bed,446,28,1,37501.99,10,2,bed,0
1203161_neurosketch,33,furniture,chair,447,29,0,43502.42,10,26,chair,1
1203161_neurosketch,33,furniture,chair,447,30,0,43502.42,10,26,chair,0
1203161_neurosketch,33,furniture,chair,447,31,0,43502.42,10,26,chair,0
1203161_neurosketch,33,furniture,table,448,32,0,48002.48,10,4,table,1
1203161_neurosketch,33,furniture,table,448,33,0,48002.48,10,4,table,0
1203161_neurosketch,33,2,chair,449,34,0,51002.2,10,11,chair,1
1203161_neurosketch,33,2,chair,449,35,0,51002.2,10,11,chair,0
1203161_neurosketch,33,2,chair,449,36,0,51002.2,10,11,chair,0
1203161_neurosketch,33,furniture,bench,450,37,1,55502.33,10,19,bench,1
1203161_neurosketch,33,furniture,bench,450,38,1,55502.33,10,19,bench,0
1203161_neurosketch,33,furniture,bench,450,39,1,55502.33,10,19,bench,0
1203161_neurosketch,33,furniture,bench,450,40,1,55502.33,10,19,bench,0
1203161_neurosketch,33,furniture,bed,451,41,1,61502.01,10,22,bed,1
1203161_neurosketch,33,furniture,bed,451,42,1,61502.01,10,22,bed,0
1203161_neurosketch,33,furniture,bed,451,43,1,61502.01,10,22,bed,0
1203161_neurosketch,33,furniture,bench,452,44,1,66001.63,10,10,bench,1
1203161_neurosketch,33,furniture,bench,452,45,1,66001.63,10,10,bench,0
1203161_neurosketch,33,furniture,table,453,46,0,69002.19,10,27,table,1
1203161_neurosketch,33,furniture,table,453,47,0,69002.19,10,27,table,0
1203161_neurosketch,33,furniture,table,453,48,0,69002.19,10,27,table,0
1203161_neurosketch,33,furniture,chair,454,49,0,73501.48,10,6,chair,1
1203161_neurosketch,33,furniture,chair,454,50,0,73501.48,10,6,chair,0
1203161_neurosketch,33,furniture,chair,454,51,0,73501.48,10,6,chair,0
1203161_neurosketch,33,furniture,bed,455,52,1,78002.67,10,30,bed,1
1203161_neurosketch,33,furniture,bed,455,53,1,78002.67,10,30,bed,0
1203161_neurosketch,33,furniture,bed,456,54,1,81002.02,10,11,,1
1203161_neurosketch,33,furniture,bed,456,55,1,81002.02,10,11,,0
1203161_neurosketch,33,furniture,bed,456,56,1,81002.02,10,11,,0
1203161_neurosketch,33,furniture,bench,457,57,1,85501.7,10,28,bench,1
1203161_neurosketch,33,furniture,bench,457,58,1,85501.7,10,28,bench,0
1203161_neurosketch,33,furniture,table,458,59,0,88501.75,10,37,table,1
1203161_neurosketch,33,furniture,table,458,60,0,88501.75,10,37,table,0
1203161_neurosketch,33,furniture,table,458,61,0,88501.75,10,37,table,0
1203161_neurosketch,33,2,chair,459,62,0,93002.19,10,12,chair,1
1203161_neurosketch,33,2,chair,459,63,0,93002.19,10,12,chair,0
1203161_neurosketch,33,furniture,bed,460,64,1,96002.04,10,36,bed,1
1203161_neurosketch,33,furniture,bed,460,65,1,96002.04,10,36,bed,0
1203161_neurosketch,33,furniture,table,461,66,0,99002.26,10,12,table,1
1203161_neurosketch,33,furniture,table,461,67,0,99002.26,10,12,table,0
1203161_neurosketch,33,furniture,table,461,68,0,99002.26,10,12,table,0
1203161_neurosketch,33,furniture,bench,462,69,1,103502.55,10,20,bench,1
1203161_neurosketch,33,furniture,bench,462,70,1,103502.55,10,20,bench,0
1203161_neurosketch,33,furniture,bench,462,71,1,103502.55,10,20,bench,0
1203161_neurosketch,33,furniture,bench,462,72,1,103502.55,10,20,bench,0
1203161_neurosketch,33,furniture,chair,463,73,0,109501.58,10,9,chair,1
1203161_neurosketch,33,furniture,chair,463,74,0,109501.58,10,9,chair,0
1203161_neurosketch,33,furniture,chair,464,75,0,112502.22,10,14,chair,1
1203161_neurosketch,33,furniture,chair,464,76,0,112502.22,10,14,chair,0
1203161_neurosketch,33,furniture,chair,464,77,0,112502.22,10,14,chair,0
1203161_neurosketch,33,furniture,chair,464,78,0,112502.22,10,14,chair,0
1203161_neurosketch,33,furniture,bench,465,79,1,118502.19,10,21,bench,1
1203161_neurosketch,33,furniture,bench,465,80,1,118502.19,10,21,bench,0
1203161_neurosketch,33,furniture,table,466,81,0,121502.64,10,14,table,1
1203161_neurosketch,33,furniture,table,466,82,0,121502.64,10,14,table,0
1203161_neurosketch,33,furniture,bed,467,83,1,124502.57,10,4,bed,1
1203161_neurosketch,33,furniture,bed,467,84,1,124502.57,10,4,bed,0
1203161_neurosketch,33,furniture,chair,468,85,0,127502.06,10,20,chair,1
1203161_neurosketch,33,furniture,chair,468,86,0,127502.06,10,20,chair,0
1203161_neurosketch,33,furniture,chair,468,87,0,127502.06,10,20,chair,0
1203161_neurosketch,33,furniture,chair,468,88,0,127502.06,10,20,chair,0
1203161_neurosketch,33,2,bench,469,89,1,133501.94,10,24,bench,1
1203161_neurosketch,33,2,bench,469,90,1,133501.94,10,24,bench,0
1203161_neurosketch,33,furniture,bed,470,91,1,136502.75,10,17,bed,1
1203161_neurosketch,33,furniture,bed,470,92,1,136502.75,10,17,bed,0
1203161_neurosketch,33,furniture,bed,470,93,1,136502.75,10,17,bed,0
1203161_neurosketch,33,furniture,table,471,94,0,141002.95,10,7,table,1
1203161_neurosketch,33,furniture,table,471,95,0,141002.95,10,7,table,0
1203161_neurosketch,33,furniture,table,471,96,0,141002.95,10,7,table,0
1203161_neurosketch,33,furniture,table,472,97,0,145502.98,10,5,table,1
1203161_neurosketch,33,furniture,table,472,98,0,145502.98,10,5,table,0
1203161_neurosketch,33,furniture,bed,473,99,1,148502.68,10,33,bed,1
1203161_neurosketch,33,furniture,bed,473,100,1,148502.68,10,33,bed,0
1203161_neurosketch,33,furniture,bench,474,101,1,151502.85,10,22,bench,1
1203161_neurosketch,33,furniture,bench,474,102,1,151502.85,10,22,bench,0
1203161_neurosketch,33,furniture,bench,474,103,1,151502.85,10,22,bench,0
1203161_neurosketch,33,furniture,chair,475,104,0,156002.4,10,7,table,1
1203161_neurosketch,33,furniture,chair,475,105,0,156002.4,10,7,table,0
1203161_neurosketch,33,furniture,chair,475,106,0,156002.4,10,7,table,0
1203161_neurosketch,33,furniture,bench,476,107,1,160503.0,10,38,bench,1
1203161_neurosketch,33,furniture,bench,476,108,1,160503.0,10,38,bench,0
1203161_neurosketch,33,furniture,chair,477,109,0,163503.07,10,27,chair,1
1203161_neurosketch,33,furniture,chair,477,110,0,163503.07,10,27,chair,0
1203161_neurosketch,33,furniture,chair,477,111,0,163503.07,10,27,chair,0
1203161_neurosketch,33,furniture,chair,477,112,0,163503.07,10,27,chair,0
1203161_neurosketch,33,furniture,table,478,113,0,169503.29,10,26,table,1
1203161_neurosketch,33,furniture,table,478,114,0,169503.29,10,26,table,0
1203161_neurosketch,33,furniture,table,478,115,0,169503.29,10,26,table,0
1203161_neurosketch,33,furniture,table,478,116,0,169503.29,10,26,table,0
1203161_neurosketch,33,2,bed,479,117,1,175503.17,10,0,bed,1
1203161_neurosketch,33,2,bed,479,118,1,175503.17,10,0,bed,0
1203161_neurosketch,33,2,bed,479,119,1,175503.17,10,0,bed,0
1203161_neurosketch,33,furniture,bed,480,120,1,180002.67,10,25,bed,1
1203161_neurosketch,33,furniture,bed,480,121,1,180002.67,10,25,bed,0
1203161_neurosketch,33,furniture,bed,480,122,1,180002.67,10,25,bed,0
1203161_neurosketch,33,furniture,table,481,123,0,184503.04,10,30,table,1
1203161_neurosketch,33,furniture,table,481,124,0,184503.04,10,30,table,0
1203161_neurosketch,33,furniture,chair,482,125,0,187502.18,10,2,chair,1
1203161_neurosketch,33,furniture,chair,482,126,0,187502.18,10,2,chair,0
1203161_neurosketch,33,furniture,bench,483,127,1,190502.12,10,3,bench,1
1203161_neurosketch,33,furniture,bench,483,128,1,190502.12,10,3,bench,0
1203161_neurosketch,33,furniture,bench,483,129,1,190502.12,10,3,bench,0
1203161_neurosketch,33,furniture,bench,484,130,1,195002.78,10,25,bench,1
1203161_neurosketch,33,furniture,bench,484,131,1,195002.78,10,25,bench,0
1203161_neurosketch,33,furniture,bench,484,132,1,195002.78,10,25,bench,0
1203161_neurosketch,33,furniture,bench,484,133,1,195002.78,10,25,bench,0
1203161_neurosketch,33,furniture,bed,485,134,1,201002.75,10,31,bed,1
1203161_neurosketch,33,furniture,bed,485,135,1,201002.75,10,31,bed,0
1203161_neurosketch,33,furniture,bed,485,136,1,201002.75,10,31,bed,0
1203161_neurosketch,33,furniture,table,486,137,0,205502.08,10,11,table,1
1203161_neurosketch,33,furniture,table,486,138,0,205502.08,10,11,table,0
1203161_neurosketch,33,furniture,table,486,139,0,205502.08,10,11,table,0
1203161_neurosketch,33,furniture,table,486,140,0,205502.08,10,11,table,0
1203161_neurosketch,33,furniture,chair,487,141,0,211503.07,10,28,chair,1
1203161_neurosketch,33,furniture,chair,487,142,0,211503.07,10,28,chair,0
1203161_neurosketch,33,furniture,chair,487,143,0,211503.07,10,28,chair,0
1203161_neurosketch,33,furniture,table,488,144,0,216001.73,10,34,table,1
1203161_neurosketch,33,furniture,table,488,145,0,216001.73,10,34,table,0
1203161_neurosketch,33,2,bed,489,146,1,219003.14,10,7,bed,1
1203161_neurosketch,33,2,bed,489,147,1,219003.14,10,7,bed,0
1203161_neurosketch,33,2,bed,489,148,1,219003.14,10,7,bed,0
1203161_neurosketch,33,furniture,chair,490,149,0,223502.65,10,33,chair,1
1203161_neurosketch,33,furniture,chair,490,150,0,223502.65,10,33,chair,0
1203161_neurosketch,33,furniture,chair,490,151,0,223502.65,10,33,chair,0
1203161_neurosketch,33,furniture,chair,490,152,0,223502.65,10,33,chair,0
1203161_neurosketch,33,furniture,bench,491,153,1,229503.16,10,18,bench,1
1203161_neurosketch,33,furniture,bench,491,154,1,229503.16,10,18,bench,0
1203161_neurosketch,33,furniture,bench,491,155,1,229503.16,10,18,bench,0
1203161_neurosketch,33,furniture,table,492,156,0,234002.84,10,38,table,1
1203161_neurosketch,33,furniture,table,492,157,0,234002.84,10,38,table,0
1203161_neurosketch,33,furniture,chair,493,158,0,237002.17,10,32,chair,1
1203161_neurosketch,33,furniture,chair,493,159,0,237002.17,10,32,chair,0
1203161_neurosketch,33,furniture,chair,493,160,0,237002.17,10,32,chair,0
1203161_neurosketch,33,furniture,bed,494,161,1,241502.34,10,32,bed,1
1203161_neurosketch,33,furniture,bed,494,162,1,241502.34,10,32,bed,0
1203161_neurosketch,33,furniture,bed,494,163,1,241502.34,10,32,bed,0
1203161_neurosketch,33,furniture,bench,495,164,1,246002.46,10,31,bench,1
1203161_neurosketch,33,furniture,bench,495,165,1,246002.46,10,31,bench,0
1203161_neurosketch,33,furniture,bench,496,166,1,249003.34,10,37,bench,1
1203161_neurosketch,33,furniture,bench,496,167,1,249003.34,10,37,bench,0
1203161_neurosketch,33,furniture,bench,496,168,1,249003.34,10,37,bench,0
1203161_neurosketch,33,furniture,table,497,169,0,253502.53,10,22,table,1
1203161_neurosketch,33,furniture,table,497,170,0,253502.53,10,22,table,0
1203161_neurosketch,33,furniture,bed,498,171,1,256502.17,10,10,bed,1
1203161_neurosketch,33,furniture,bed,498,172,1,256502.17,10,10,bed,0
1203161_neurosketch,33,furniture,bed,498,173,1,256502.17,10,10,bed,0
1203161_neurosketch,33,2,chair,499,174,0,261002.66,10,21,chair,1
1203161_neurosketch,33,2,chair,499,175,0,261002.66,10,21,chair,0
1203161_neurosketch,33,furniture,chair,500,176,0,264003.0,10,39,chair,1
1203161_neurosketch,33,furniture,chair,500,177,0,264003.0,10,39,chair,0
1203161_neurosketch,33,furniture,bench,501,178,1,267002.63,10,9,bench,1
1203161_neurosketch,33,furniture,bench,501,179,1,267002.63,10,9,bench,0
1203161_neurosketch,33,furniture,bench,501,180,1,267002.63,10,9,bench,0
1203161_neurosketch,33,furniture,table,502,181,0,271504.18,10,16,table,1
1203161_neurosketch,33,furniture,table,502,182,0,271504.18,10,16,table,0
1203161_neurosketch,33,furniture,table,502,183,0,271504.18,10,16,table,0
1203161_neurosketch,33,furniture,table,502,184,0,271504.18,10,16,table,0
1203161_neurosketch,33,furniture,bed,503,185,1,277501.92,10,3,bed,1
1203161_neurosketch,33,furniture,bed,503,186,1,277501.92,10,3,bed,0
1203161_neurosketch,33,furniture,bed,504,187,1,280502.64,10,12,bed,1
1203161_neurosketch,33,furniture,bed,504,188,1,280502.64,10,12,bed,0
1203161_neurosketch,33,furniture,bed,504,189,1,280502.64,10,12,bed,0
1203161_neurosketch,33,furniture,bed,504,190,1,280502.64,10,12,bed,0
1203161_neurosketch,33,furniture,chair,505,191,0,286503.09,10,29,chair,1
1203161_neurosketch,33,furniture,chair,505,192,0,286503.09,10,29,chair,0
1203161_neurosketch,33,furniture,bench,506,193,1,289502.58,10,14,bench,1
1203161_neurosketch,33,furniture,bench,506,194,1,289502.58,10,14,bench,0
1203161_neurosketch,33,furniture,table,507,195,0,292504.0,10,21,table,1
1203161_neurosketch,33,furniture,table,507,196,0,292504.0,10,21,table,0
1203161_neurosketch,33,furniture,table,508,197,0,295502.13,10,35,chair,1
1203161_neurosketch,33,furniture,table,508,198,0,295502.13,10,35,chair,0
1203161_neurosketch,33,furniture,table,508,199,0,295502.13,10,35,chair,0
1203161_neurosketch,33,furniture,table,508,200,0,295502.13,10,35,chair,0
1203161_neurosketch,33,2,chair,509,201,0,301502.08,10,25,chair,1
1203161_neurosketch,33,2,chair,509,202,0,301502.08,10,25,chair,0
1203161_neurosketch,33,furniture,bed,510,203,1,304501.73,10,39,bed,1
1203161_neurosketch,33,furniture,bed,510,204,1,304501.73,10,39,bed,0
1203161_neurosketch,33,furniture,bed,510,205,1,304501.73,10,39,bed,0
1203161_neurosketch,33,furniture,bench,511,206,1,309003.44,10,33,bench,1
1203161_neurosketch,33,furniture,bench,511,207,1,309003.44,10,33,bench,0
1203161_neurosketch,33,furniture,bench,511,208,1,309003.44,10,33,bench,0
1203161_neurosketch,33,furniture,chair,512,209,0,313502.1,10,22,chair,1
1203161_neurosketch,33,furniture,chair,512,210,0,313502.1,10,22,chair,0
1203161_neurosketch,33,furniture,bed,513,211,1,316502.68,10,34,bed,1
1203161_neurosketch,33,furniture,bed,513,212,1,316502.68,10,34,bed,0
1203161_neurosketch,33,furniture,bench,514,213,1,319502.46,10,23,bench,1
1203161_neurosketch,33,furniture,bench,514,214,1,319502.46,10,23,bench,0
1203161_neurosketch,33,furniture,bench,514,215,1,319502.46,10,23,bench,0
1203161_neurosketch,33,furniture,table,515,216,0,324002.37,10,0,table,1
1203161_neurosketch,33,furniture,table,515,217,0,324002.37,10,0,table,0
1203161_neurosketch,33,furniture,table,515,218,0,324002.37,10,0,table,0
1203161_neurosketch,33,furniture,bench,516,219,1,328502.91,10,26,bench,1
1203161_neurosketch,33,furniture,bench,516,220,1,328502.91,10,26,bench,0
1203161_neurosketch,33,furniture,table,517,221,0,331502.81,10,29,table,1
1203161_neurosketch,33,furniture,table,517,222,0,331502.81,10,29,table,0
1203161_neurosketch,33,furniture,table,517,223,0,331502.81,10,29,table,0
1203161_neurosketch,33,furniture,table,517,224,0,331502.81,10,29,table,0
1203161_neurosketch,33,furniture,chair,518,225,0,337502.51,10,36,chair,1
1203161_neurosketch,33,furniture,chair,518,226,0,337502.51,10,36,chair,0
1203161_neurosketch,33,furniture,chair,518,227,0,337502.51,10,36,chair,0
1203161_neurosketch,33,furniture,chair,518,228,0,337502.51,10,36,chair,0
1203161_neurosketch,33,2,bed,519,229,1,343502.71,10,6,bed,1
1203161_neurosketch,33,2,bed,519,230,1,343502.71,10,6,bed,0
1203161_neurosketch,33,2,bed,519,231,1,343502.71,10,6,bed,0
1203161_neurosketch,33,2,bed,519,232,1,343502.71,10,6,bed,0
1203161_neurosketch,33,2,bed,519,233,1,343502.71,10,6,bed,0
1203161_neurosketch,33,2,bed,519,234,1,343502.71,10,6,bed,0
1203161_neurosketch,33,2,bed,519,235,1,343502.71,10,6,bed,0
1203161_neurosketch,33,2,bed,519,236,1,343502.71,10,6,bed,0
1203161_neurosketch,33,2,bed,519,237,1,343502.71,10,6,bed,0
1203161_neurosketch,33,2,bed,519,238,1,343502.71,10,6,bed,0
1203161_neurosketch,33,2,bed,519,239,1,343502.71,10,6,bed,0
