wID,versionNum,category,object,trial,TRnum,condition,onset_time,run_num,viewpoint,response,onset
1206163_neurosketch,24,furniture,chair,0,0,-1,0.0,1,24,,0
1206163_neurosketch,24,furniture,chair,0,1,-1,0.0,1,24,,0
1206163_neurosketch,24,furniture,chair,0,2,-1,0.0,1,24,,0
1206163_neurosketch,24,furniture,chair,0,3,-1,0.0,1,24,,0
1206163_neurosketch,24,furniture,chair,0,4,-1,0.0,1,24,,0
1206163_neurosketch,24,furniture,chair,0,5,-1,0.0,1,24,,0
1206163_neurosketch,24,furniture,chair,0,6,-1,0.0,1,24,,0
1206163_neurosketch,24,furniture,chair,0,7,-1,0.0,1,24,,0
1206163_neurosketch,24,furniture,chair,0,8,1,12004.3,1,24,,1
1206163_neurosketch,24,furniture,chair,0,9,1,12004.3,1,24,,0
1206163_neurosketch,24,furniture,chair,0,10,1,12004.3,1,24,,0
1206163_neurosketch,24,furniture,chair,0,11,1,12004.3,1,24,,0
1206163_neurosketch,24,furniture,chair,0,12,1,12004.3,1,24,,0
1206163_neurosketch,24,furniture,chair,0,13,1,12004.3,1,24,,0
1206163_neurosketch,24,furniture,chair,0,14,1,12004.3,1,24,,0
1206163_neurosketch,24,furniture,table,1,15,0,22502.88,1,6,table,1
1206163_neurosketch,24,furniture,table,1,16,0,22502.88,1,6,table,0
1206163_neurosketch,24,furniture,bed,2,17,0,25504.57,1,12,bed,1
1206163_neurosketch,24,furniture,bed,2,18,0,25504.57,1,12,bed,0
1206163_neurosketch,24,furniture,bed,2,19,0,25504.57,1,12,bed,0
1206163_neurosketch,24,furniture,bench,3,20,1,30001.97,1,26,bench,1
1206163_neurosketch,24,furniture,bench,3,21,1,30001.97,1,26,bench,0
1206163_neurosketch,24,furniture,bench,4,22,1,33004.51,1,25,bench,1
1206163_neurosketch,24,furniture,bench,4,23,1,33004.51,1,25,bench,0
1206163_neurosketch,24,furniture,bench,4,24,1,33004.51,1,25,bench,0
1206163_neurosketch,24,furniture,bed,5,25,0,37502.82,1,23,bed,1
1206163_neurosketch,24,furniture,bed,5,26,0,37502.82,1,23,bed,0
1206163_neurosketch,24,furniture,chair,6,27,1,40502.85,1,29,chair,1
1206163_neurosketch,24,furniture,chair,6,28,1,40502.85,1,29,chair,0
1206163_neurosketch,24,furniture,chair,6,29,1,40502.85,1,29,chair,0
1206163_neurosketch,24,furniture,table,7,30,0,45002.01,1,26,table,1
1206163_neurosketch,24,furniture,table,7,31,0,45002.01,1,26,table,0
1206163_neurosketch,24,furniture,table,7,32,0,45002.01,1,26,table,0
1206163_neurosketch,24,furniture,bench,8,33,1,49502.14,1,29,bench,1
1206163_neurosketch,24,furniture,bench,8,34,1,49502.14,1,29,bench,0
1206163_neurosketch,24,furniture,bench,8,35,1,49502.14,1,29,bench,0
1206163_neurosketch,24,2,table,9,36,0,54001.79,1,9,table,1
1206163_neurosketch,24,2,table,9,37,0,54001.79,1,9,table,0
1206163_neurosketch,24,2,table,9,38,0,54001.79,1,9,table,0
1206163_neurosketch,24,2,table,9,39,0,54001.79,1,9,table,0
1206163_neurosketch,24,furniture,bed,10,40,0,60002.54,1,0,bed,1
1206163_neurosketch,24,furniture,bed,10,41,0,60002.54,1,0,bed,0
1206163_neurosketch,24,furniture,bed,10,42,0,60002.54,1,0,bed,0
1206163_neurosketch,24,furniture,chair,11,43,1,64502.03,1,35,chair,1
1206163_neurosketch,24,furniture,chair,11,44,1,64502.03,1,35,chair,0
1206163_neurosketch,24,furniture,bench,12,45,1,67502.75,1,21,bench,1
1206163_neurosketch,24,furniture,bench,12,46,1,67502.75,1,21,bench,0
1206163_neurosketch,24,furniture,table,13,47,0,70502.1,1,32,table,1
1206163_neurosketch,24,furniture,table,13,48,0,70502.1,1,32,table,0
1206163_neurosketch,24,furniture,bed,14,49,0,73502.67,1,37,bed,1
1206163_neurosketch,24,furniture,bed,14,50,0,73502.67,1,37,bed,0
1206163_neurosketch,24,furniture,bed,14,51,0,73502.67,1,37,bed,0
1206163_neurosketch,24,furniture,chair,15,52,1,78002.05,1,8,chair,1
1206163_neurosketch,24,furniture,chair,15,53,1,78002.05,1,8,chair,0
1206163_neurosketch,24,furniture,chair,15,54,1,78002.05,1,8,chair,0
1206163_neurosketch,24,furniture,chair,15,55,1,78002.05,1,8,chair,0
1206163_neurosketch,24,furniture,chair,16,56,1,84002.96,1,9,chair,1
1206163_neurosketch,24,furniture,chair,16,57,1,84002.96,1,9,chair,0
1206163_neurosketch,24,furniture,chair,16,58,1,84002.96,1,9,chair,0
1206163_neurosketch,24,furniture,table,17,59,0,88502.3,1,21,table,1
1206163_neurosketch,24,furniture,table,17,60,0,88502.3,1,21,table,0
1206163_neurosketch,24,furniture,table,17,61,0,88502.3,1,21,table,0
1206163_neurosketch,24,furniture,table,17,62,0,88502.3,1,21,table,0
1206163_neurosketch,24,furniture,bed,18,63,0,94502.84,1,7,bed,1
1206163_neurosketch,24,furniture,bed,18,64,0,94502.84,1,7,bed,0
1206163_neurosketch,24,2,bench,19,65,1,97503.03,1,36,bench,1
1206163_neurosketch,24,2,bench,19,66,1,97503.03,1,36,bench,0
1206163_neurosketch,24,furniture,bench,20,67,1,100502.56,1,4,bench,1
1206163_neurosketch,24,furniture,bench,20,68,1,100502.56,1,4,bench,0
1206163_neurosketch,24,furniture,bench,20,69,1,100502.56,1,4,bench,0
1206163_neurosketch,24,furniture,bench,20,70,1,100502.56,1,4,bench,0
1206163_neurosketch,24,furniture,table,21,71,0,106502.3,1,10,table,1
1206163_neurosketch,24,furniture,table,21,72,0,106502.3,1,10,table,0
1206163_neurosketch,24,furniture,table,21,73,0,106502.3,1,10,table,0
1206163_neurosketch,24,furniture,bed,22,74,0,111002.72,1,34,bed,1
1206163_neurosketch,24,furniture,bed,22,75,0,111002.72,1,34,bed,0
1206163_neurosketch,24,furniture,chair,23,76,1,114003.12,1,32,chair,1
1206163_neurosketch,24,furniture,chair,23,77,1,114003.12,1,32,chair,0
1206163_neurosketch,24,furniture,chair,23,78,1,114003.12,1,32,chair,0
1206163_neurosketch,24,furniture,chair,23,79,1,114003.12,1,32,chair,0
1206163_neurosketch,24,furniture,bench,24,80,1,120004.13,1,2,chair,1
1206163_neurosketch,24,furniture,bench,24,81,1,120004.13,1,2,chair,0
1206163_neurosketch,24,furniture,chair,25,82,1,123002.47,1,27,chair,1
1206163_neurosketch,24,furniture,chair,25,83,1,123002.47,1,27,chair,0
1206163_neurosketch,24,furniture,chair,25,84,1,123002.47,1,27,chair,0
1206163_neurosketch,24,furniture,bed,26,85,0,127502.91,1,4,bed,1
1206163_neurosketch,24,furniture,bed,26,86,0,127502.91,1,4,bed,0
1206163_neurosketch,24,furniture,bed,26,87,0,127502.91,1,4,bed,0
1206163_neurosketch,24,furniture,table,27,88,0,132003.48,1,33,table,1
1206163_neurosketch,24,furniture,table,27,89,0,132003.48,1,33,table,0
1206163_neurosketch,24,furniture,table,27,90,0,132003.48,1,33,table,0
1206163_neurosketch,24,furniture,table,28,91,0,136502.75,1,3,table,1
1206163_neurosketch,24,furniture,table,28,92,0,136502.75,1,3,table,0
1206163_neurosketch,24,2,chair,29,93,1,139503.94,1,25,,1
1206163_neurosketch,24,2,chair,29,94,1,139503.94,1,25,,0
1206163_neurosketch,24,2,chair,29,95,1,139503.94,1,25,,0
1206163_neurosketch,24,2,chair,29,96,1,139503.94,1,25,,0
1206163_neurosketch,24,furniture,bed,30,97,0,145502.87,1,28,bed,1
1206163_neurosketch,24,furniture,bed,30,98,0,145502.87,1,28,bed,0
1206163_neurosketch,24,furniture,bench,31,99,1,148501.9,1,5,bench,1
1206163_neurosketch,24,furniture,bench,31,100,1,148501.9,1,5,bench,0
1206163_neurosketch,24,furniture,chair,32,101,1,151502.59,1,37,chair,1
1206163_neurosketch,24,furniture,chair,32,102,1,151502.59,1,37,chair,0
1206163_neurosketch,24,furniture,chair,32,103,1,151502.59,1,37,chair,0
1206163_neurosketch,24,furniture,bed,33,104,0,156002.9,1,31,bed,1
1206163_neurosketch,24,furniture,bed,33,105,0,156002.9,1,31,bed,0
1206163_neurosketch,24,furniture,bench,34,106,1,159002.21,1,14,bench,1
1206163_neurosketch,24,furniture,bench,34,107,1,159002.21,1,14,bench,0
1206163_neurosketch,24,furniture,bench,34,108,1,159002.21,1,14,bench,0
1206163_neurosketch,24,furniture,bench,34,109,1,159002.21,1,14,bench,0
1206163_neurosketch,24,furniture,table,35,110,0,165002.61,1,38,table,1
1206163_neurosketch,24,furniture,table,35,111,0,165002.61,1,38,table,0
1206163_neurosketch,24,furniture,table,36,112,0,168001.78,1,4,table,1
1206163_neurosketch,24,furniture,table,36,113,0,168001.78,1,4,table,0
1206163_neurosketch,24,furniture,table,36,114,0,168001.78,1,4,table,0
1206163_neurosketch,24,furniture,bench,37,115,1,172502.88,1,28,bench,1
1206163_neurosketch,24,furniture,bench,37,116,1,172502.88,1,28,bench,0
1206163_neurosketch,24,furniture,bench,37,117,1,172502.88,1,28,bench,0
1206163_neurosketch,24,furniture,chair,38,118,1,177002.4,1,0,chair,1
1206163_neurosketch,24,furniture,chair,38,119,1,177002.4,1,0,chair,0
1206163_neurosketch,24,2,bed,39,120,0,180001.73,1,1,bed,1
1206163_neurosketch,24,2,bed,39,121,0,180001.73,1,1,bed,0
1206163_neurosketch,24,2,bed,39,122,0,180001.73,1,1,bed,0
1206163_neurosketch,24,2,bed,39,123,0,180001.73,1,1,bed,0
1206163_neurosketch,24,furniture,chair,40,124,1,186002.84,1,12,chair,1
1206163_neurosketch,24,furniture,chair,40,125,1,186002.84,1,12,chair,0
1206163_neurosketch,24,furniture,chair,40,126,1,186002.84,1,12,chair,0
1206163_neurosketch,24,furniture,bed,41,127,0,190502.06,1,27,bed,1
1206163_neurosketch,24,furniture,bed,41,128,0,190502.06,1,27,bed,0
1206163_neurosketch,24,furniture,table,42,129,0,193502.64,1,39,table,1
1206163_neurosketch,24,furniture,table,42,130,0,193502.64,1,39,table,0
1206163_neurosketch,24,furniture,table,42,131,0,193502.64,1,39,table,0
1206163_neurosketch,24,furniture,bench,43,132,1,198003.07,1,13,bench,1
1206163_neurosketch,24,furniture,bench,43,133,1,198003.07,1,13,bench,0
1206163_neurosketch,24,furniture,chair,44,134,1,201002.83,1,15,chair,1
1206163_neurosketch,24,furniture,chair,44,135,1,201002.83,1,15,chair,0
1206163_neurosketch,24,furniture,chair,44,136,1,201002.83,1,15,chair,0
1206163_neurosketch,24,furniture,table,45,137,0,205502.26,1,18,table,1
1206163_neurosketch,24,furniture,table,45,138,0,205502.26,1,18,table,0
1206163_neurosketch,24,furniture,bench,46,139,1,208502.03,1,34,bench,1
1206163_neurosketch,24,furniture,bench,46,140,1,208502.03,1,34,bench,0
1206163_neurosketch,24,furniture,bench,46,141,1,208502.03,1,34,bench,0
1206163_neurosketch,24,furniture,bed,47,142,0,213002.16,1,15,bed,1
1206163_neurosketch,24,furniture,bed,47,143,0,213002.16,1,15,bed,0
1206163_neurosketch,24,furniture,bed,47,144,0,213002.16,1,15,bed,0
1206163_neurosketch,24,furniture,bench,48,145,1,217502.95,1,11,bench,1
1206163_neurosketch,24,furniture,bench,48,146,1,217502.95,1,11,bench,0
1206163_neurosketch,24,furniture,bench,48,147,1,217502.95,1,11,bench,0
1206163_neurosketch,24,2,bed,49,148,0,222003.02,1,17,bed,1
1206163_neurosketch,24,2,bed,49,149,0,222003.02,1,17,bed,0
1206163_neurosketch,24,2,bed,49,150,0,222003.02,1,17,bed,0
1206163_neurosketch,24,2,bed,49,151,0,222003.02,1,17,bed,0
1206163_neurosketch,24,furniture,table,50,152,0,228001.79,1,0,table,1
1206163_neurosketch,24,furniture,table,50,153,0,228001.79,1,0,table,0
1206163_neurosketch,24,furniture,table,50,154,0,228001.79,1,0,table,0
1206163_neurosketch,24,furniture,chair,51,155,1,232503.24,1,20,chair,1
1206163_neurosketch,24,furniture,chair,51,156,1,232503.24,1,20,chair,0
1206163_neurosketch,24,furniture,bench,52,157,1,235504.08,1,39,bench,1
1206163_neurosketch,24,furniture,bench,52,158,1,235504.08,1,39,bench,0
1206163_neurosketch,24,furniture,bed,53,159,0,238503.29,1,18,bed,1
1206163_neurosketch,24,furniture,bed,53,160,0,238503.29,1,18,bed,0
1206163_neurosketch,24,furniture,table,54,161,0,241503.25,1,13,table,1
1206163_neurosketch,24,furniture,table,54,162,0,241503.25,1,13,table,0
1206163_neurosketch,24,furniture,table,54,163,0,241503.25,1,13,table,0
1206163_neurosketch,24,furniture,chair,55,164,1,246003.68,1,13,chair,1
1206163_neurosketch,24,furniture,chair,55,165,1,246003.68,1,13,chair,0
1206163_neurosketch,24,furniture,chair,55,166,1,246003.68,1,13,chair,0
1206163_neurosketch,24,furniture,chair,55,167,1,246003.68,1,13,chair,0
1206163_neurosketch,24,furniture,bed,56,168,0,252003.51,1,10,bed,1
1206163_neurosketch,24,furniture,bed,56,169,0,252003.51,1,10,bed,0
1206163_neurosketch,24,furniture,bed,56,170,0,252003.51,1,10,bed,0
1206163_neurosketch,24,furniture,chair,57,171,1,256503.49,1,10,chair,1
1206163_neurosketch,24,furniture,chair,57,172,1,256503.49,1,10,chair,0
1206163_neurosketch,24,furniture,chair,57,173,1,256503.49,1,10,chair,0
1206163_neurosketch,24,furniture,chair,57,174,1,256503.49,1,10,chair,0
1206163_neurosketch,24,furniture,table,58,175,0,262503.33,1,5,table,1
1206163_neurosketch,24,furniture,table,58,176,0,262503.33,1,5,table,0
1206163_neurosketch,24,2,bench,59,177,1,265502.76,1,22,bench,1
1206163_neurosketch,24,2,bench,59,178,1,265502.76,1,22,bench,0
1206163_neurosketch,24,furniture,table,60,179,0,268502.91,1,24,bed,1
1206163_neurosketch,24,furniture,table,60,180,0,268502.91,1,24,bed,0
1206163_neurosketch,24,furniture,table,60,181,0,268502.91,1,24,bed,0
1206163_neurosketch,24,furniture,table,60,182,0,268502.91,1,24,bed,0
1206163_neurosketch,24,furniture,bench,61,183,1,274502.7,1,0,bench,1
1206163_neurosketch,24,furniture,bench,61,184,1,274502.7,1,0,bench,0
1206163_neurosketch,24,furniture,bench,61,185,1,274502.7,1,0,bench,0
1206163_neurosketch,24,furniture,chair,62,186,1,279002.43,1,33,chair,1
1206163_neurosketch,24,furniture,chair,62,187,1,279002.43,1,33,chair,0
1206163_neurosketch,24,furniture,bed,63,188,0,282002.45,1,9,bed,1
1206163_neurosketch,24,furniture,bed,63,189,0,282002.45,1,9,bed,0
1206163_neurosketch,24,furniture,bed,63,190,0,282002.45,1,9,bed,0
1206163_neurosketch,24,furniture,bed,63,191,0,282002.45,1,9,bed,0
1206163_neurosketch,24,furniture,bench,64,192,1,288002.76,1,6,bench,1
1206163_neurosketch,24,furniture,bench,64,193,1,288002.76,1,6,bench,0
1206163_neurosketch,24,furniture,table,65,194,0,291002.37,1,35,bed,1
1206163_neurosketch,24,furniture,table,65,195,0,291002.37,1,35,bed,0
1206163_neurosketch,24,furniture,table,65,196,0,291002.37,1,35,bed,0
1206163_neurosketch,24,furniture,chair,66,197,1,295501.8,1,26,chair,1
1206163_neurosketch,24,furniture,chair,66,198,1,295501.8,1,26,chair,0
1206163_neurosketch,24,furniture,chair,66,199,1,295501.8,1,26,chair,0
1206163_neurosketch,24,furniture,bed,67,200,0,300001.82,1,8,bed,1
1206163_neurosketch,24,furniture,bed,67,201,0,300001.82,1,8,bed,0
1206163_neurosketch,24,furniture,bed,67,202,0,300001.82,1,8,bed,0
1206163_neurosketch,24,furniture,chair,68,203,1,304501.74,1,3,chair,1
1206163_neurosketch,24,furniture,chair,68,204,1,304501.74,1,3,chair,0
1206163_neurosketch,24,2,table,69,205,0,307503.12,1,17,table,1
1206163_neurosketch,24,2,table,69,206,0,307503.12,1,17,table,0
1206163_neurosketch,24,2,table,69,207,0,307503.12,1,17,table,0
1206163_neurosketch,24,2,table,69,208,0,307503.12,1,17,table,0
1206163_neurosketch,24,furniture,bench,70,209,1,313501.73,1,9,bench,1
1206163_neurosketch,24,furniture,bench,70,210,1,313501.73,1,9,bench,0
1206163_neurosketch,24,furniture,bed,71,211,0,316502.3,1,5,,1
1206163_neurosketch,24,furniture,bed,71,212,0,316502.3,1,5,,0
1206163_neurosketch,24,furniture,table,72,213,0,319501.3,1,12,table,1
1206163_neurosketch,24,furniture,table,72,214,0,319501.3,1,12,table,0
1206163_neurosketch,24,furniture,table,72,215,0,319501.3,1,12,table,0
1206163_neurosketch,24,furniture,chair,73,216,1,324002.62,1,14,chair,1
1206163_neurosketch,24,furniture,chair,73,217,1,324002.62,1,14,chair,0
1206163_neurosketch,24,furniture,bed,74,218,0,327002.28,1,20,table,1
1206163_neurosketch,24,furniture,bed,74,219,0,327002.28,1,20,table,0
1206163_neurosketch,24,furniture,bed,74,220,0,327002.28,1,20,table,0
1206163_neurosketch,24,furniture,bed,74,221,0,327002.28,1,20,table,0
1206163_neurosketch,24,furniture,bench,75,222,1,333001.4,1,7,bench,1
1206163_neurosketch,24,furniture,bench,75,223,1,333001.4,1,7,bench,0
1206163_neurosketch,24,furniture,bed,76,224,0,336001.41,1,13,bed,1
1206163_neurosketch,24,furniture,bed,76,225,0,336001.41,1,13,bed,0
1206163_neurosketch,24,furniture,bed,76,226,0,336001.41,1,13,bed,0
1206163_neurosketch,24,furniture,chair,77,227,1,340501.66,1,36,chair,1
1206163_neurosketch,24,furniture,chair,77,228,1,340501.66,1,36,chair,0
1206163_neurosketch,24,furniture,chair,77,229,1,340501.66,1,36,chair,0
1206163_neurosketch,24,furniture,bench,78,230,1,345002.27,1,12,bench,1
1206163_neurosketch,24,furniture,bench,78,231,1,345002.27,1,12,bench,0
1206163_neurosketch,24,2,table,79,232,0,348001.96,1,31,table,1
1206163_neurosketch,24,2,table,79,233,0,348001.96,1,31,table,0
1206163_neurosketch,24,2,table,79,234,0,348001.96,1,31,table,0
1206163_neurosketch,24,2,table,79,235,0,348001.96,1,31,table,0
1206163_neurosketch,24,2,table,79,236,0,348001.96,1,31,table,0
1206163_neurosketch,24,2,table,79,237,0,348001.96,1,31,table,0
1206163_neurosketch,24,2,table,79,238,0,348001.96,1,31,table,0
1206163_neurosketch,24,2,table,79,239,0,348001.96,1,31,table,0
1206163_neurosketch,24,furniture,table,80,0,-1,0.0,2,23,table,0
1206163_neurosketch,24,furniture,table,80,1,-1,0.0,2,23,table,0
1206163_neurosketch,24,furniture,table,80,2,-1,0.0,2,23,table,0
1206163_neurosketch,24,furniture,table,80,3,-1,0.0,2,23,table,0
1206163_neurosketch,24,furniture,table,80,4,-1,0.0,2,23,table,0
1206163_neurosketch,24,furniture,table,80,5,-1,0.0,2,23,table,0
1206163_neurosketch,24,furniture,table,80,6,-1,0.0,2,23,table,0
1206163_neurosketch,24,furniture,table,80,7,-1,0.0,2,23,table,0
1206163_neurosketch,24,furniture,table,80,8,0,12001.56,2,23,table,1
1206163_neurosketch,24,furniture,table,80,9,0,12001.56,2,23,table,0
1206163_neurosketch,24,furniture,table,80,10,0,12001.56,2,23,table,0
1206163_neurosketch,24,furniture,bed,81,11,0,16501.76,2,36,bed,1
1206163_neurosketch,24,furniture,bed,81,12,0,16501.76,2,36,bed,0
1206163_neurosketch,24,furniture,bench,82,13,1,19502.22,2,30,bench,1
1206163_neurosketch,24,furniture,bench,82,14,1,19502.22,2,30,bench,0
1206163_neurosketch,24,furniture,bench,82,15,1,19502.22,2,30,bench,0
1206163_neurosketch,24,furniture,chair,83,16,1,24002.16,2,19,chair,1
1206163_neurosketch,24,furniture,chair,83,17,1,24002.16,2,19,chair,0
1206163_neurosketch,24,furniture,table,84,18,0,27001.68,2,14,table,1
1206163_neurosketch,24,furniture,table,84,19,0,27001.68,2,14,table,0
1206163_neurosketch,24,furniture,table,84,20,0,27001.68,2,14,table,0
1206163_neurosketch,24,furniture,chair,85,21,1,31501.64,2,18,chair,1
1206163_neurosketch,24,furniture,chair,85,22,1,31501.64,2,18,chair,0
1206163_neurosketch,24,furniture,bed,86,23,0,34502.19,2,29,bed,1
1206163_neurosketch,24,furniture,bed,86,24,0,34502.19,2,29,bed,0
1206163_neurosketch,24,furniture,bed,86,25,0,34502.19,2,29,bed,0
1206163_neurosketch,24,furniture,bench,87,26,1,39001.67,2,20,bench,1
1206163_neurosketch,24,furniture,bench,87,27,1,39001.67,2,20,bench,0
1206163_neurosketch,24,furniture,bench,87,28,1,39001.67,2,20,bench,0
1206163_neurosketch,24,furniture,table,88,29,0,43501.9,2,37,table,1
1206163_neurosketch,24,furniture,table,88,30,0,43501.9,2,37,table,0
1206163_neurosketch,24,furniture,table,88,31,0,43501.9,2,37,table,0
1206163_neurosketch,24,2,chair,89,32,1,48001.67,2,6,chair,1
1206163_neurosketch,24,2,chair,89,33,1,48001.67,2,6,chair,0
1206163_neurosketch,24,2,chair,89,34,1,48001.67,2,6,chair,0
1206163_neurosketch,24,2,chair,89,35,1,48001.67,2,6,chair,0
1206163_neurosketch,24,furniture,bed,90,36,0,54002.51,2,30,bed,1
1206163_neurosketch,24,furniture,bed,90,37,0,54002.51,2,30,bed,0
1206163_neurosketch,24,furniture,bed,90,38,0,54002.51,2,30,bed,0
1206163_neurosketch,24,furniture,bench,91,39,1,58501.77,2,17,bench,1
1206163_neurosketch,24,furniture,bench,91,40,1,58501.77,2,17,bench,0
1206163_neurosketch,24,furniture,chair,92,41,1,61501.54,2,4,chair,1
1206163_neurosketch,24,furniture,chair,92,42,1,61501.54,2,4,chair,0
1206163_neurosketch,24,furniture,table,93,43,0,64501.62,2,25,table,1
1206163_neurosketch,24,furniture,table,93,44,0,64501.62,2,25,table,0
1206163_neurosketch,24,furniture,bed,94,45,0,67501.79,2,16,bed,1
1206163_neurosketch,24,furniture,bed,94,46,0,67501.79,2,16,bed,0
1206163_neurosketch,24,furniture,bed,94,47,0,67501.79,2,16,bed,0
1206163_neurosketch,24,furniture,bench,95,48,1,72001.68,2,1,bench,1
1206163_neurosketch,24,furniture,bench,95,49,1,72001.68,2,1,bench,0
1206163_neurosketch,24,furniture,bench,95,50,1,72001.68,2,1,bench,0
1206163_neurosketch,24,furniture,bench,95,51,1,72001.68,2,1,bench,0
1206163_neurosketch,24,furniture,bed,96,52,0,78002.78,2,25,bed,1
1206163_neurosketch,24,furniture,bed,96,53,0,78002.78,2,25,bed,0
1206163_neurosketch,24,furniture,bed,96,54,0,78002.78,2,25,bed,0
1206163_neurosketch,24,furniture,chair,97,55,1,82502.48,2,38,chair,1
1206163_neurosketch,24,furniture,chair,97,56,1,82502.48,2,38,chair,0
1206163_neurosketch,24,furniture,chair,97,57,1,82502.48,2,38,chair,0
1206163_neurosketch,24,furniture,chair,97,58,1,82502.48,2,38,chair,0
1206163_neurosketch,24,furniture,bench,98,59,1,88502.75,2,8,bench,1
1206163_neurosketch,24,furniture,bench,98,60,1,88502.75,2,8,bench,0
1206163_neurosketch,24,2,table,99,61,0,91502.25,2,8,bed,1
1206163_neurosketch,24,2,table,99,62,0,91502.25,2,8,bed,0
1206163_neurosketch,24,furniture,bench,100,63,1,94502.36,2,35,bench,1
1206163_neurosketch,24,furniture,bench,100,64,1,94502.36,2,35,bench,0
1206163_neurosketch,24,furniture,bench,100,65,1,94502.36,2,35,bench,0
1206163_neurosketch,24,furniture,bench,100,66,1,94502.36,2,35,bench,0
1206163_neurosketch,24,furniture,table,101,67,0,100502.08,2,34,table,1
1206163_neurosketch,24,furniture,table,101,68,0,100502.08,2,34,table,0
1206163_neurosketch,24,furniture,table,101,69,0,100502.08,2,34,table,0
1206163_neurosketch,24,furniture,bed,102,70,0,105003.11,2,3,bed,1
1206163_neurosketch,24,furniture,bed,102,71,0,105003.11,2,3,bed,0
1206163_neurosketch,24,furniture,chair,103,72,1,108002.7,2,30,chair,1
1206163_neurosketch,24,furniture,chair,103,73,1,108002.7,2,30,chair,0
1206163_neurosketch,24,furniture,chair,103,74,1,108002.7,2,30,chair,0
1206163_neurosketch,24,furniture,chair,103,75,1,108002.7,2,30,chair,0
1206163_neurosketch,24,furniture,bed,104,76,0,114002.21,2,22,table,1
1206163_neurosketch,24,furniture,bed,104,77,0,114002.21,2,22,table,0
1206163_neurosketch,24,furniture,bench,105,78,1,117002.03,2,24,bench,1
1206163_neurosketch,24,furniture,bench,105,79,1,117002.03,2,24,bench,0
1206163_neurosketch,24,furniture,bench,105,80,1,117002.03,2,24,bench,0
1206163_neurosketch,24,furniture,chair,106,81,1,121503.07,2,1,chair,1
1206163_neurosketch,24,furniture,chair,106,82,1,121503.07,2,1,chair,0
1206163_neurosketch,24,furniture,chair,106,83,1,121503.07,2,1,chair,0
1206163_neurosketch,24,furniture,table,107,84,0,126002.39,2,20,table,1
1206163_neurosketch,24,furniture,table,107,85,0,126002.39,2,20,table,0
1206163_neurosketch,24,furniture,table,107,86,0,126002.39,2,20,table,0
1206163_neurosketch,24,furniture,bench,108,87,1,130504.73,2,33,bench,1
1206163_neurosketch,24,furniture,bench,108,88,1,130504.73,2,33,bench,0
1206163_neurosketch,24,2,chair,109,89,1,133503.37,2,11,chair,1
1206163_neurosketch,24,2,chair,109,90,1,133503.37,2,11,chair,0
1206163_neurosketch,24,2,chair,109,91,1,133503.37,2,11,chair,0
1206163_neurosketch,24,2,chair,109,92,1,133503.37,2,11,chair,0
1206163_neurosketch,24,furniture,table,110,93,0,139503.17,2,30,table,1
1206163_neurosketch,24,furniture,table,110,94,0,139503.17,2,30,table,0
1206163_neurosketch,24,furniture,bed,111,95,0,142503.92,2,35,bed,1
1206163_neurosketch,24,furniture,bed,111,96,0,142503.92,2,35,bed,0
1206163_neurosketch,24,furniture,table,112,97,0,145502.66,2,22,table,1
1206163_neurosketch,24,furniture,table,112,98,0,145502.66,2,22,table,0
1206163_neurosketch,24,furniture,table,112,99,0,145502.66,2,22,table,0
1206163_neurosketch,24,furniture,bed,113,100,0,150003.42,2,14,bed,1
1206163_neurosketch,24,furniture,bed,113,101,0,150003.42,2,14,bed,0
1206163_neurosketch,24,furniture,chair,114,102,1,153003.0,2,39,,1
1206163_neurosketch,24,furniture,chair,114,103,1,153003.0,2,39,,0
1206163_neurosketch,24,furniture,chair,114,104,1,153003.0,2,39,,0
1206163_neurosketch,24,furniture,chair,114,105,1,153003.0,2,39,,0
1206163_neurosketch,24,furniture,bench,115,106,1,159002.97,2,16,bench,1
1206163_neurosketch,24,furniture,bench,115,107,1,159002.97,2,16,bench,0
1206163_neurosketch,24,furniture,table,116,108,0,162002.16,2,2,table,1
1206163_neurosketch,24,furniture,table,116,109,0,162002.16,2,2,table,0
1206163_neurosketch,24,furniture,table,116,110,0,162002.16,2,2,table,0
1206163_neurosketch,24,furniture,bench,117,111,1,166503.1,2,27,bench,1
1206163_neurosketch,24,furniture,bench,117,112,1,166503.1,2,27,bench,0
1206163_neurosketch,24,furniture,bench,117,113,1,166503.1,2,27,bench,0
1206163_neurosketch,24,furniture,bed,118,114,0,171002.91,2,33,bed,1
1206163_neurosketch,24,furniture,bed,118,115,0,171002.91,2,33,bed,0
1206163_neurosketch,24,2,chair,119,116,1,174003.32,2,21,chair,1
1206163_neurosketch,24,2,chair,119,117,1,174003.32,2,21,chair,0
1206163_neurosketch,24,2,chair,119,118,1,174003.32,2,21,chair,0
1206163_neurosketch,24,2,chair,119,119,1,174003.32,2,21,chair,0
1206163_neurosketch,24,furniture,bench,120,120,1,180003.19,2,15,bench,1
1206163_neurosketch,24,furniture,bench,120,121,1,180003.19,2,15,bench,0
1206163_neurosketch,24,furniture,bench,120,122,1,180003.19,2,15,bench,0
1206163_neurosketch,24,furniture,chair,121,123,1,184502.66,2,23,chair,1
1206163_neurosketch,24,furniture,chair,121,124,1,184502.66,2,23,chair,0
1206163_neurosketch,24,furniture,table,122,125,0,187502.9,2,7,table,1
1206163_neurosketch,24,furniture,table,122,126,0,187502.9,2,7,table,0
1206163_neurosketch,24,furniture,table,122,127,0,187502.9,2,7,table,0
1206163_neurosketch,24,furniture,bed,123,128,0,192002.58,2,38,bed,1
1206163_neurosketch,24,furniture,bed,123,129,0,192002.58,2,38,bed,0
1206163_neurosketch,24,furniture,bench,124,130,1,195002.65,2,37,bench,1
1206163_neurosketch,24,furniture,bench,124,131,1,195002.65,2,37,bench,0
1206163_neurosketch,24,furniture,bench,124,132,1,195002.65,2,37,bench,0
1206163_neurosketch,24,furniture,table,125,133,0,199502.81,2,29,table,1
1206163_neurosketch,24,furniture,table,125,134,0,199502.81,2,29,table,0
1206163_neurosketch,24,furniture,chair,126,135,1,202502.51,2,17,chair,1
1206163_neurosketch,24,furniture,chair,126,136,1,202502.51,2,17,chair,0
1206163_neurosketch,24,furniture,chair,126,137,1,202502.51,2,17,chair,0
1206163_neurosketch,24,furniture,bed,127,138,0,207003.04,2,2,bed,1
1206163_neurosketch,24,furniture,bed,127,139,0,207003.04,2,2,bed,0
1206163_neurosketch,24,furniture,bed,127,140,0,207003.04,2,2,bed,0
1206163_neurosketch,24,furniture,bed,128,141,0,211502.6,2,24,bed,1
1206163_neurosketch,24,furniture,bed,128,142,0,211502.6,2,24,bed,0
1206163_neurosketch,24,furniture,bed,128,143,0,211502.6,2,24,bed,0
1206163_neurosketch,24,2,table,129,144,0,216002.38,2,36,table,1
1206163_neurosketch,24,2,table,129,145,0,216002.38,2,36,table,0
1206163_neurosketch,24,2,table,129,146,0,216002.38,2,36,table,0
1206163_neurosketch,24,2,table,129,147,0,216002.38,2,36,table,0
1206163_neurosketch,24,furniture,chair,130,148,1,222003.19,2,2,chair,1
1206163_neurosketch,24,furniture,chair,130,149,1,222003.19,2,2,chair,0
1206163_neurosketch,24,furniture,chair,130,150,1,222003.19,2,2,chair,0
1206163_neurosketch,24,furniture,bench,131,151,1,226503.09,2,31,bench,1
1206163_neurosketch,24,furniture,bench,131,152,1,226503.09,2,31,bench,0
1206163_neurosketch,24,furniture,table,132,153,0,229502.57,2,16,table,1
1206163_neurosketch,24,furniture,table,132,154,0,229502.57,2,16,table,0
1206163_neurosketch,24,furniture,bed,133,155,0,232503.02,2,32,bed,1
1206163_neurosketch,24,furniture,bed,133,156,0,232503.02,2,32,bed,0
1206163_neurosketch,24,furniture,chair,134,157,1,235502.07,2,28,chair,1
1206163_neurosketch,24,furniture,chair,134,158,1,235502.07,2,28,chair,0
1206163_neurosketch,24,furniture,chair,134,159,1,235502.07,2,28,chair,0
1206163_neurosketch,24,furniture,bench,135,160,1,240002.89,2,19,bench,1
1206163_neurosketch,24,furniture,bench,135,161,1,240002.89,2,19,bench,0
1206163_neurosketch,24,furniture,bench,135,162,1,240002.89,2,19,bench,0
1206163_neurosketch,24,furniture,bench,135,163,1,240002.89,2,19,bench,0
1206163_neurosketch,24,furniture,bench,136,164,1,246002.95,2,10,bench,1
1206163_neurosketch,24,furniture,bench,136,165,1,246002.95,2,10,bench,0
1206163_neurosketch,24,furniture,bench,136,166,1,246002.95,2,10,bench,0
1206163_neurosketch,24,furniture,chair,137,167,1,250502.82,2,16,chair,1
1206163_neurosketch,24,furniture,chair,137,168,1,250502.82,2,16,chair,0
1206163_neurosketch,24,furniture,chair,137,169,1,250502.82,2,16,chair,0
1206163_neurosketch,24,furniture,chair,137,170,1,250502.82,2,16,chair,0
1206163_neurosketch,24,furniture,bed,138,171,0,256501.73,2,6,bed,1
1206163_neurosketch,24,furniture,bed,138,172,0,256501.73,2,6,bed,0
1206163_neurosketch,24,2,table,139,173,0,259502.5,2,19,table,1
1206163_neurosketch,24,2,table,139,174,0,259502.5,2,19,table,0
1206163_neurosketch,24,furniture,chair,140,175,1,262502.38,2,34,chair,1
1206163_neurosketch,24,furniture,chair,140,176,1,262502.38,2,34,chair,0
1206163_neurosketch,24,furniture,chair,140,177,1,262502.38,2,34,chair,0
1206163_neurosketch,24,furniture,chair,140,178,1,262502.38,2,34,chair,0
1206163_neurosketch,24,furniture,table,141,179,0,268502.24,2,28,table,1
1206163_neurosketch,24,furniture,table,141,180,0,268502.24,2,28,table,0
1206163_neurosketch,24,furniture,table,141,181,0,268502.24,2,28,table,0
1206163_neurosketch,24,furniture,bed,142,182,0,273002.43,2,11,bed,1
1206163_neurosketch,24,furniture,bed,142,183,0,273002.43,2,11,bed,0
1206163_neurosketch,24,furniture,bench,143,184,1,276002.43,2,18,bench,1
1206163_neurosketch,24,furniture,bench,143,185,1,276002.43,2,18,bench,0
1206163_neurosketch,24,furniture,bench,143,186,1,276002.43,2,18,bench,0
1206163_neurosketch,24,furniture,bench,143,187,1,276002.43,2,18,bench,0
1206163_neurosketch,24,furniture,chair,144,188,1,282002.33,2,7,chair,1
1206163_neurosketch,24,furniture,chair,144,189,1,282002.33,2,7,chair,0
1206163_neurosketch,24,furniture,bench,145,190,1,285002.12,2,3,bench,1
1206163_neurosketch,24,furniture,bench,145,191,1,285002.12,2,3,bench,0
1206163_neurosketch,24,furniture,bench,145,192,1,285002.12,2,3,bench,0
1206163_neurosketch,24,furniture,table,146,193,0,289502.76,2,11,table,1
1206163_neurosketch,24,furniture,table,146,194,0,289502.76,2,11,table,0
1206163_neurosketch,24,furniture,table,146,195,0,289502.76,2,11,table,0
1206163_neurosketch,24,furniture,bed,147,196,0,294002.73,2,39,bed,1
1206163_neurosketch,24,furniture,bed,147,197,0,294002.73,2,39,bed,0
1206163_neurosketch,24,furniture,bed,147,198,0,294002.73,2,39,bed,0
1206163_neurosketch,24,furniture,chair,148,199,1,298502.71,2,5,,1
1206163_neurosketch,24,furniture,chair,148,200,1,298502.71,2,5,,0
1206163_neurosketch,24,2,bench,149,201,1,301502.63,2,32,bench,1
1206163_neurosketch,24,2,bench,149,202,1,301502.63,2,32,bench,0
1206163_neurosketch,24,2,bench,149,203,1,301502.63,2,32,bench,0
1206163_neurosketch,24,2,bench,149,204,1,301502.63,2,32,bench,0
1206163_neurosketch,24,furniture,bed,150,205,0,307502.41,2,26,bed,1
1206163_neurosketch,24,furniture,bed,150,206,0,307502.41,2,26,bed,0
1206163_neurosketch,24,furniture,table,151,207,0,310502.72,2,1,table,1
1206163_neurosketch,24,furniture,table,151,208,0,310502.72,2,1,table,0
1206163_neurosketch,24,furniture,chair,152,209,1,313503.08,2,31,chair,1
1206163_neurosketch,24,furniture,chair,152,210,1,313503.08,2,31,chair,0
1206163_neurosketch,24,furniture,chair,152,211,1,313503.08,2,31,chair,0
1206163_neurosketch,24,furniture,bench,153,212,1,318003.2,2,23,bench,1
1206163_neurosketch,24,furniture,bench,153,213,1,318003.2,2,23,bench,0
1206163_neurosketch,24,furniture,table,154,214,0,321002.78,2,27,table,1
1206163_neurosketch,24,furniture,table,154,215,0,321002.78,2,27,table,0
1206163_neurosketch,24,furniture,table,154,216,0,321002.78,2,27,table,0
1206163_neurosketch,24,furniture,table,154,217,0,321002.78,2,27,table,0
1206163_neurosketch,24,furniture,bed,155,218,0,327003.12,2,19,bed,1
1206163_neurosketch,24,furniture,bed,155,219,0,327003.12,2,19,bed,0
1206163_neurosketch,24,furniture,bench,156,220,1,330003.19,2,38,,1
1206163_neurosketch,24,furniture,bench,156,221,1,330003.19,2,38,,0
1206163_neurosketch,24,furniture,bench,156,222,1,330003.19,2,38,,0
1206163_neurosketch,24,furniture,chair,157,223,1,334502.95,2,22,chair,1
1206163_neurosketch,24,furniture,chair,157,224,1,334502.95,2,22,chair,0
1206163_neurosketch,24,furniture,chair,157,225,1,334502.95,2,22,chair,0
1206163_neurosketch,24,furniture,table,158,226,0,339002.37,2,15,table,1
1206163_neurosketch,24,furniture,table,158,227,0,339002.37,2,15,table,0
1206163_neurosketch,24,2,bed,159,228,0,342004.31,2,21,bed,1
1206163_neurosketch,24,2,bed,159,229,0,342004.31,2,21,bed,0
1206163_neurosketch,24,2,bed,159,230,0,342004.31,2,21,bed,0
1206163_neurosketch,24,2,bed,159,231,0,342004.31,2,21,bed,0
1206163_neurosketch,24,2,bed,159,232,0,342004.31,2,21,bed,0
1206163_neurosketch,24,2,bed,159,233,0,342004.31,2,21,bed,0
1206163_neurosketch,24,2,bed,159,234,0,342004.31,2,21,bed,0
1206163_neurosketch,24,2,bed,159,235,0,342004.31,2,21,bed,0
1206163_neurosketch,24,2,bed,159,236,0,342004.31,2,21,bed,0
1206163_neurosketch,24,2,bed,159,237,0,342004.31,2,21,bed,0
1206163_neurosketch,24,2,bed,159,238,0,342004.31,2,21,bed,0
1206163_neurosketch,24,2,bed,159,239,0,342004.31,2,21,bed,0
1206163_neurosketch,24,furniture,bed,160,0,-1,0.0,3,21,bed,0
1206163_neurosketch,24,furniture,bed,160,1,-1,0.0,3,21,bed,0
1206163_neurosketch,24,furniture,bed,160,2,-1,0.0,3,21,bed,0
1206163_neurosketch,24,furniture,bed,160,3,-1,0.0,3,21,bed,0
1206163_neurosketch,24,furniture,bed,160,4,-1,0.0,3,21,bed,0
1206163_neurosketch,24,furniture,bed,160,5,-1,0.0,3,21,bed,0
1206163_neurosketch,24,furniture,bed,160,6,-1,0.0,3,21,bed,0
1206163_neurosketch,24,furniture,bed,160,7,-1,0.0,3,21,bed,0
1206163_neurosketch,24,furniture,bed,160,8,0,12001.47,3,21,bed,1
1206163_neurosketch,24,furniture,bed,160,9,0,12001.47,3,21,bed,0
1206163_neurosketch,24,furniture,bed,160,10,0,12001.47,3,21,bed,0
1206163_neurosketch,24,furniture,table,161,11,0,16501.41,3,15,table,1
1206163_neurosketch,24,furniture,table,161,12,0,16501.41,3,15,table,0
1206163_neurosketch,24,furniture,chair,162,13,1,19502.24,3,22,chair,1
1206163_neurosketch,24,furniture,chair,162,14,1,19502.24,3,22,chair,0
1206163_neurosketch,24,furniture,chair,162,15,1,19502.24,3,22,chair,0
1206163_neurosketch,24,furniture,bench,163,16,1,24001.86,3,38,bench,1
1206163_neurosketch,24,furniture,bench,163,17,1,24001.86,3,38,bench,0
1206163_neurosketch,24,furniture,bed,164,18,0,27002.02,3,19,bed,1
1206163_neurosketch,24,furniture,bed,164,19,0,27002.02,3,19,bed,0
1206163_neurosketch,24,furniture,bed,164,20,0,27002.02,3,19,bed,0
1206163_neurosketch,24,furniture,table,165,21,0,31502.51,3,27,table,1
1206163_neurosketch,24,furniture,table,165,22,0,31502.51,3,27,table,0
1206163_neurosketch,24,furniture,bench,166,23,1,34501.92,3,23,bench,1
1206163_neurosketch,24,furniture,bench,166,24,1,34501.92,3,23,bench,0
1206163_neurosketch,24,furniture,bench,166,25,1,34501.92,3,23,bench,0
1206163_neurosketch,24,furniture,chair,167,26,1,39002.07,3,31,chair,1
1206163_neurosketch,24,furniture,chair,167,27,1,39002.07,3,31,chair,0
1206163_neurosketch,24,furniture,chair,167,28,1,39002.07,3,31,chair,0
1206163_neurosketch,24,furniture,table,168,29,0,43501.52,3,1,table,1
1206163_neurosketch,24,furniture,table,168,30,0,43501.52,3,1,table,0
1206163_neurosketch,24,furniture,table,168,31,0,43501.52,3,1,table,0
1206163_neurosketch,24,2,bed,169,32,0,48001.94,3,26,bed,1
1206163_neurosketch,24,2,bed,169,33,0,48001.94,3,26,bed,0
1206163_neurosketch,24,2,bed,169,34,0,48001.94,3,26,bed,0
1206163_neurosketch,24,2,bed,169,35,0,48001.94,3,26,bed,0
1206163_neurosketch,24,furniture,bench,170,36,1,54002.38,3,32,bench,1
1206163_neurosketch,24,furniture,bench,170,37,1,54002.38,3,32,bench,0
1206163_neurosketch,24,furniture,bench,170,38,1,54002.38,3,32,bench,0
1206163_neurosketch,24,furniture,chair,171,39,1,58502.04,3,5,chair,1
1206163_neurosketch,24,furniture,chair,171,40,1,58502.04,3,5,chair,0
1206163_neurosketch,24,furniture,bed,172,41,0,61501.98,3,39,bed,1
1206163_neurosketch,24,furniture,bed,172,42,0,61501.98,3,39,bed,0
1206163_neurosketch,24,furniture,table,173,43,0,64501.69,3,11,table,1
1206163_neurosketch,24,furniture,table,173,44,0,64501.69,3,11,table,0
1206163_neurosketch,24,furniture,bench,174,45,1,67502.0,3,3,bench,1
1206163_neurosketch,24,furniture,bench,174,46,1,67502.0,3,3,bench,0
1206163_neurosketch,24,furniture,bench,174,47,1,67502.0,3,3,bench,0
1206163_neurosketch,24,furniture,chair,175,48,1,72002.13,3,7,,1
1206163_neurosketch,24,furniture,chair,175,49,1,72002.13,3,7,,0
1206163_neurosketch,24,furniture,chair,175,50,1,72002.13,3,7,,0
1206163_neurosketch,24,furniture,chair,175,51,1,72002.13,3,7,,0
1206163_neurosketch,24,furniture,bench,176,52,1,78001.79,3,18,bench,1
1206163_neurosketch,24,furniture,bench,176,53,1,78001.79,3,18,bench,0
1206163_neurosketch,24,furniture,bench,176,54,1,78001.79,3,18,bench,0
1206163_neurosketch,24,furniture,bed,177,55,0,82502.06,3,11,bed,1
1206163_neurosketch,24,furniture,bed,177,56,0,82502.06,3,11,bed,0
1206163_neurosketch,24,furniture,bed,177,57,0,82502.06,3,11,bed,0
1206163_neurosketch,24,furniture,bed,177,58,0,82502.06,3,11,bed,0
1206163_neurosketch,24,furniture,table,178,59,0,88502.66,3,28,table,1
1206163_neurosketch,24,furniture,table,178,60,0,88502.66,3,28,table,0
1206163_neurosketch,24,2,chair,179,61,1,91501.74,3,34,chair,1
1206163_neurosketch,24,2,chair,179,62,1,91501.74,3,34,chair,0
1206163_neurosketch,24,furniture,table,180,63,0,94501.6,3,19,table,1
1206163_neurosketch,24,furniture,table,180,64,0,94501.6,3,19,table,0
1206163_neurosketch,24,furniture,table,180,65,0,94501.6,3,19,table,0
1206163_neurosketch,24,furniture,table,180,66,0,94501.6,3,19,table,0
1206163_neurosketch,24,furniture,bed,181,67,0,100502.37,3,6,bed,1
1206163_neurosketch,24,furniture,bed,181,68,0,100502.37,3,6,bed,0
1206163_neurosketch,24,furniture,bed,181,69,0,100502.37,3,6,bed,0
1206163_neurosketch,24,furniture,chair,182,70,1,105002.1,3,16,chair,1
1206163_neurosketch,24,furniture,chair,182,71,1,105002.1,3,16,chair,0
1206163_neurosketch,24,furniture,bench,183,72,1,108002.77,3,10,bench,1
1206163_neurosketch,24,furniture,bench,183,73,1,108002.77,3,10,bench,0
1206163_neurosketch,24,furniture,bench,183,74,1,108002.77,3,10,bench,0
1206163_neurosketch,24,furniture,bench,183,75,1,108002.77,3,10,bench,0
1206163_neurosketch,24,furniture,bench,184,76,1,114001.98,3,19,bench,1
1206163_neurosketch,24,furniture,bench,184,77,1,114001.98,3,19,bench,0
1206163_neurosketch,24,furniture,chair,185,78,1,117002.54,3,28,chair,1
1206163_neurosketch,24,furniture,chair,185,79,1,117002.54,3,28,chair,0
1206163_neurosketch,24,furniture,chair,185,80,1,117002.54,3,28,chair,0
1206163_neurosketch,24,furniture,bed,186,81,0,121502.41,3,32,bed,1
1206163_neurosketch,24,furniture,bed,186,82,0,121502.41,3,32,bed,0
1206163_neurosketch,24,furniture,bed,186,83,0,121502.41,3,32,bed,0
1206163_neurosketch,24,furniture,table,187,84,0,126002.88,3,16,table,1
1206163_neurosketch,24,furniture,table,187,85,0,126002.88,3,16,table,0
1206163_neurosketch,24,furniture,table,187,86,0,126002.88,3,16,table,0
1206163_neurosketch,24,furniture,bench,188,87,1,130502.47,3,31,bench,1
1206163_neurosketch,24,furniture,bench,188,88,1,130502.47,3,31,bench,0
1206163_neurosketch,24,2,chair,189,89,1,133502.52,3,2,chair,1
1206163_neurosketch,24,2,chair,189,90,1,133502.52,3,2,chair,0
1206163_neurosketch,24,2,chair,189,91,1,133502.52,3,2,chair,0
1206163_neurosketch,24,2,chair,189,92,1,133502.52,3,2,chair,0
1206163_neurosketch,24,furniture,table,190,93,0,139502.95,3,36,,1
1206163_neurosketch,24,furniture,table,190,94,0,139502.95,3,36,,0
1206163_neurosketch,24,furniture,bed,191,95,0,142501.99,3,24,bed,1
1206163_neurosketch,24,furniture,bed,191,96,0,142501.99,3,24,bed,0
1206163_neurosketch,24,furniture,bed,192,97,0,145502.58,3,2,bed,1
1206163_neurosketch,24,furniture,bed,192,98,0,145502.58,3,2,bed,0
1206163_neurosketch,24,furniture,bed,192,99,0,145502.58,3,2,bed,0
1206163_neurosketch,24,furniture,chair,193,100,1,150002.26,3,17,chair,1
1206163_neurosketch,24,furniture,chair,193,101,1,150002.26,3,17,chair,0
1206163_neurosketch,24,furniture,table,194,102,0,153002.51,3,29,table,1
1206163_neurosketch,24,furniture,table,194,103,0,153002.51,3,29,table,0
1206163_neurosketch,24,furniture,table,194,104,0,153002.51,3,29,table,0
1206163_neurosketch,24,furniture,table,194,105,0,153002.51,3,29,table,0
1206163_neurosketch,24,furniture,bench,195,106,1,159003.08,3,37,bench,1
1206163_neurosketch,24,furniture,bench,195,107,1,159003.08,3,37,bench,0
1206163_neurosketch,24,furniture,bed,196,108,0,162003.1,3,38,bed,1
1206163_neurosketch,24,furniture,bed,196,109,0,162003.1,3,38,bed,0
1206163_neurosketch,24,furniture,bed,196,110,0,162003.1,3,38,bed,0
1206163_neurosketch,24,furniture,table,197,111,0,166502.14,3,7,table,1
1206163_neurosketch,24,furniture,table,197,112,0,166502.14,3,7,table,0
1206163_neurosketch,24,furniture,table,197,113,0,166502.14,3,7,table,0
1206163_neurosketch,24,furniture,chair,198,114,1,171002.73,3,23,chair,1
1206163_neurosketch,24,furniture,chair,198,115,1,171002.73,3,23,chair,0
1206163_neurosketch,24,2,bench,199,116,1,174002.56,3,15,bench,1
1206163_neurosketch,24,2,bench,199,117,1,174002.56,3,15,bench,0
1206163_neurosketch,24,2,bench,199,118,1,174002.56,3,15,bench,0
1206163_neurosketch,24,2,bench,199,119,1,174002.56,3,15,bench,0
1206163_neurosketch,24,furniture,chair,200,120,1,180002.57,3,21,chair,1
1206163_neurosketch,24,furniture,chair,200,121,1,180002.57,3,21,chair,0
1206163_neurosketch,24,furniture,chair,200,122,1,180002.57,3,21,chair,0
1206163_neurosketch,24,furniture,bed,201,123,0,184502.31,3,33,bed,1
1206163_neurosketch,24,furniture,bed,201,124,0,184502.31,3,33,bed,0
1206163_neurosketch,24,furniture,bench,202,125,1,187503.03,3,27,,1
1206163_neurosketch,24,furniture,bench,202,126,1,187503.03,3,27,,0
1206163_neurosketch,24,furniture,bench,202,127,1,187503.03,3,27,,0
1206163_neurosketch,24,furniture,table,203,128,0,192002.71,3,2,table,1
1206163_neurosketch,24,furniture,table,203,129,0,192002.71,3,2,table,0
1206163_neurosketch,24,furniture,bench,204,130,1,195003.41,3,16,bench,1
1206163_neurosketch,24,furniture,bench,204,131,1,195003.41,3,16,bench,0
1206163_neurosketch,24,furniture,bench,204,132,1,195003.41,3,16,bench,0
1206163_neurosketch,24,furniture,chair,205,133,1,199502.93,3,39,chair,1
1206163_neurosketch,24,furniture,chair,205,134,1,199502.93,3,39,chair,0
1206163_neurosketch,24,furniture,bed,206,135,0,202502.51,3,14,bed,1
1206163_neurosketch,24,furniture,bed,206,136,0,202502.51,3,14,bed,0
1206163_neurosketch,24,furniture,bed,206,137,0,202502.51,3,14,bed,0
1206163_neurosketch,24,furniture,table,207,138,0,207002.11,3,22,table,1
1206163_neurosketch,24,furniture,table,207,139,0,207002.11,3,22,table,0
1206163_neurosketch,24,furniture,table,207,140,0,207002.11,3,22,table,0
1206163_neurosketch,24,furniture,bed,208,141,0,211503.02,3,35,bed,1
1206163_neurosketch,24,furniture,bed,208,142,0,211503.02,3,35,bed,0
1206163_neurosketch,24,furniture,bed,208,143,0,211503.02,3,35,bed,0
1206163_neurosketch,24,2,table,209,144,0,216002.36,3,30,table,1
1206163_neurosketch,24,2,table,209,145,0,216002.36,3,30,table,0
1206163_neurosketch,24,2,table,209,146,0,216002.36,3,30,table,0
1206163_neurosketch,24,2,table,209,147,0,216002.36,3,30,table,0
1206163_neurosketch,24,furniture,chair,210,148,1,222003.78,3,11,chair,1
1206163_neurosketch,24,furniture,chair,210,149,1,222003.78,3,11,chair,0
1206163_neurosketch,24,furniture,chair,210,150,1,222003.78,3,11,chair,0
1206163_neurosketch,24,furniture,bench,211,151,1,226504.49,3,33,bench,1
1206163_neurosketch,24,furniture,bench,211,152,1,226504.49,3,33,bench,0
1206163_neurosketch,24,furniture,table,212,153,0,229503.62,3,20,table,1
1206163_neurosketch,24,furniture,table,212,154,0,229503.62,3,20,table,0
1206163_neurosketch,24,furniture,chair,213,155,1,232502.96,3,1,chair,1
1206163_neurosketch,24,furniture,chair,213,156,1,232502.96,3,1,chair,0
1206163_neurosketch,24,furniture,bench,214,157,1,235502.24,3,24,bench,1
1206163_neurosketch,24,furniture,bench,214,158,1,235502.24,3,24,bench,0
1206163_neurosketch,24,furniture,bench,214,159,1,235502.24,3,24,bench,0
1206163_neurosketch,24,furniture,bed,215,160,0,240002.95,3,22,,1
1206163_neurosketch,24,furniture,bed,215,161,0,240002.95,3,22,,0
1206163_neurosketch,24,furniture,bed,215,162,0,240002.95,3,22,,0
1206163_neurosketch,24,furniture,bed,215,163,0,240002.95,3,22,,0
1206163_neurosketch,24,furniture,chair,216,164,1,246004.74,3,30,chair,1
1206163_neurosketch,24,furniture,chair,216,165,1,246004.74,3,30,chair,0
1206163_neurosketch,24,furniture,chair,216,166,1,246004.74,3,30,chair,0
1206163_neurosketch,24,furniture,bed,217,167,0,250503.16,3,3,bed,1
1206163_neurosketch,24,furniture,bed,217,168,0,250503.16,3,3,bed,0
1206163_neurosketch,24,furniture,bed,217,169,0,250503.16,3,3,bed,0
1206163_neurosketch,24,furniture,bed,217,170,0,250503.16,3,3,bed,0
1206163_neurosketch,24,furniture,table,218,171,0,256502.72,3,34,table,1
1206163_neurosketch,24,furniture,table,218,172,0,256502.72,3,34,table,0
1206163_neurosketch,24,2,bench,219,173,1,259502.23,3,35,bench,1
1206163_neurosketch,24,2,bench,219,174,1,259502.23,3,35,bench,0
1206163_neurosketch,24,furniture,table,220,175,0,262502.69,3,8,table,1
1206163_neurosketch,24,furniture,table,220,176,0,262502.69,3,8,table,0
1206163_neurosketch,24,furniture,table,220,177,0,262502.69,3,8,table,0
1206163_neurosketch,24,furniture,table,220,178,0,262502.69,3,8,table,0
1206163_neurosketch,24,furniture,bench,221,179,1,268503.41,3,8,bench,1
1206163_neurosketch,24,furniture,bench,221,180,1,268503.41,3,8,bench,0
1206163_neurosketch,24,furniture,bench,221,181,1,268503.41,3,8,bench,0
1206163_neurosketch,24,furniture,chair,222,182,1,273002.57,3,38,chair,1
1206163_neurosketch,24,furniture,chair,222,183,1,273002.57,3,38,chair,0
1206163_neurosketch,24,furniture,bed,223,184,0,276002.98,3,25,bed,1
1206163_neurosketch,24,furniture,bed,223,185,0,276002.98,3,25,bed,0
1206163_neurosketch,24,furniture,bed,223,186,0,276002.98,3,25,bed,0
1206163_neurosketch,24,furniture,bed,223,187,0,276002.98,3,25,bed,0
1206163_neurosketch,24,furniture,bench,224,188,1,282002.48,3,1,bench,1
1206163_neurosketch,24,furniture,bench,224,189,1,282002.48,3,1,bench,0
1206163_neurosketch,24,furniture,bed,225,190,0,285003.1,3,16,table,1
1206163_neurosketch,24,furniture,bed,225,191,0,285003.1,3,16,table,0
1206163_neurosketch,24,furniture,bed,225,192,0,285003.1,3,16,table,0
1206163_neurosketch,24,furniture,table,226,193,0,289502.17,3,25,table,1
1206163_neurosketch,24,furniture,table,226,194,0,289502.17,3,25,table,0
1206163_neurosketch,24,furniture,table,226,195,0,289502.17,3,25,table,0
1206163_neurosketch,24,furniture,chair,227,196,1,294002.88,3,4,chair,1
1206163_neurosketch,24,furniture,chair,227,197,1,294002.88,3,4,chair,0
1206163_neurosketch,24,furniture,chair,227,198,1,294002.88,3,4,chair,0
1206163_neurosketch,24,furniture,bench,228,199,1,298502.8,3,17,bench,1
1206163_neurosketch,24,furniture,bench,228,200,1,298502.8,3,17,bench,0
1206163_neurosketch,24,2,bed,229,201,0,301502.98,3,30,bed,1
1206163_neurosketch,24,2,bed,229,202,0,301502.98,3,30,bed,0
1206163_neurosketch,24,2,bed,229,203,0,301502.98,3,30,bed,0
1206163_neurosketch,24,2,bed,229,204,0,301502.98,3,30,bed,0
1206163_neurosketch,24,furniture,chair,230,205,1,307502.64,3,6,chair,1
1206163_neurosketch,24,furniture,chair,230,206,1,307502.64,3,6,chair,0
1206163_neurosketch,24,furniture,table,231,207,0,310502.97,3,37,table,1
1206163_neurosketch,24,furniture,table,231,208,0,310502.97,3,37,table,0
1206163_neurosketch,24,furniture,bench,232,209,1,313502.1,3,20,bench,1
1206163_neurosketch,24,furniture,bench,232,210,1,313502.1,3,20,bench,0
1206163_neurosketch,24,furniture,bench,232,211,1,313502.1,3,20,bench,0
1206163_neurosketch,24,furniture,bed,233,212,0,318002.61,3,29,bed,1
1206163_neurosketch,24,furniture,bed,233,213,0,318002.61,3,29,bed,0
1206163_neurosketch,24,furniture,chair,234,214,1,321002.7,3,18,chair,1
1206163_neurosketch,24,furniture,chair,234,215,1,321002.7,3,18,chair,0
1206163_neurosketch,24,furniture,chair,234,216,1,321002.7,3,18,chair,0
1206163_neurosketch,24,furniture,chair,234,217,1,321002.7,3,18,chair,0
1206163_neurosketch,24,furniture,table,235,218,0,327002.94,3,14,table,1
1206163_neurosketch,24,furniture,table,235,219,0,327002.94,3,14,table,0
1206163_neurosketch,24,furniture,chair,236,220,1,330002.71,3,19,chair,1
1206163_neurosketch,24,furniture,chair,236,221,1,330002.71,3,19,chair,0
1206163_neurosketch,24,furniture,chair,236,222,1,330002.71,3,19,chair,0
1206163_neurosketch,24,furniture,bench,237,223,1,334502.77,3,30,bench,1
1206163_neurosketch,24,furniture,bench,237,224,1,334502.77,3,30,bench,0
1206163_neurosketch,24,furniture,bench,237,225,1,334502.77,3,30,bench,0
1206163_neurosketch,24,furniture,bed,238,226,0,339002.21,3,36,,1
1206163_neurosketch,24,furniture,bed,238,227,0,339002.21,3,36,,0
1206163_neurosketch,24,2,table,239,228,0,342002.23,3,23,table,1
1206163_neurosketch,24,2,table,239,229,0,342002.23,3,23,table,0
1206163_neurosketch,24,2,table,239,230,0,342002.23,3,23,table,0
1206163_neurosketch,24,2,table,239,231,0,342002.23,3,23,table,0
1206163_neurosketch,24,2,table,239,232,0,342002.23,3,23,table,0
1206163_neurosketch,24,2,table,239,233,0,342002.23,3,23,table,0
1206163_neurosketch,24,2,table,239,234,0,342002.23,3,23,table,0
1206163_neurosketch,24,2,table,239,235,0,342002.23,3,23,table,0
1206163_neurosketch,24,2,table,239,236,0,342002.23,3,23,table,0
1206163_neurosketch,24,2,table,239,237,0,342002.23,3,23,table,0
1206163_neurosketch,24,2,table,239,238,0,342002.23,3,23,table,0
1206163_neurosketch,24,2,table,239,239,0,342002.23,3,23,table,0
1206163_neurosketch,24,furniture,table,240,0,-1,0.0,4,31,table,0
1206163_neurosketch,24,furniture,table,240,1,-1,0.0,4,31,table,0
1206163_neurosketch,24,furniture,table,240,2,-1,0.0,4,31,table,0
1206163_neurosketch,24,furniture,table,240,3,-1,0.0,4,31,table,0
1206163_neurosketch,24,furniture,table,240,4,-1,0.0,4,31,table,0
1206163_neurosketch,24,furniture,table,240,5,-1,0.0,4,31,table,0
1206163_neurosketch,24,furniture,table,240,6,-1,0.0,4,31,table,0
1206163_neurosketch,24,furniture,table,240,7,-1,0.0,4,31,table,0
1206163_neurosketch,24,furniture,table,240,8,0,12002.04,4,31,table,1
1206163_neurosketch,24,furniture,table,240,9,0,12002.04,4,31,table,0
1206163_neurosketch,24,furniture,table,240,10,0,12002.04,4,31,table,0
1206163_neurosketch,24,furniture,bench,241,11,1,16503.13,4,12,bench,1
1206163_neurosketch,24,furniture,bench,241,12,1,16503.13,4,12,bench,0
1206163_neurosketch,24,furniture,chair,242,13,1,19501.83,4,36,chair,1
1206163_neurosketch,24,furniture,chair,242,14,1,19501.83,4,36,chair,0
1206163_neurosketch,24,furniture,chair,242,15,1,19501.83,4,36,chair,0
1206163_neurosketch,24,furniture,bed,243,16,0,24002.14,4,13,bed,1
1206163_neurosketch,24,furniture,bed,243,17,0,24002.14,4,13,bed,0
1206163_neurosketch,24,furniture,bench,244,18,1,27001.77,4,7,,1
1206163_neurosketch,24,furniture,bench,244,19,1,27001.77,4,7,,0
1206163_neurosketch,24,furniture,bench,244,20,1,27001.77,4,7,,0
1206163_neurosketch,24,furniture,bed,245,21,0,31501.47,4,20,bed,1
1206163_neurosketch,24,furniture,bed,245,22,0,31501.47,4,20,bed,0
1206163_neurosketch,24,furniture,chair,246,23,1,34502.71,4,14,chair,1
1206163_neurosketch,24,furniture,chair,246,24,1,34502.71,4,14,chair,0
1206163_neurosketch,24,furniture,chair,246,25,1,34502.71,4,14,chair,0
1206163_neurosketch,24,furniture,table,247,26,0,39002.45,4,12,table,1
1206163_neurosketch,24,furniture,table,247,27,0,39002.45,4,12,table,0
1206163_neurosketch,24,furniture,table,247,28,0,39002.45,4,12,table,0
1206163_neurosketch,24,furniture,bed,248,29,0,43502.3,4,5,bed,1
1206163_neurosketch,24,furniture,bed,248,30,0,43502.3,4,5,bed,0
1206163_neurosketch,24,furniture,bed,248,31,0,43502.3,4,5,bed,0
1206163_neurosketch,24,2,bench,249,32,1,48002.44,4,9,bench,1
1206163_neurosketch,24,2,bench,249,33,1,48002.44,4,9,bench,0
1206163_neurosketch,24,2,bench,249,34,1,48002.44,4,9,bench,0
1206163_neurosketch,24,2,bench,249,35,1,48002.44,4,9,bench,0
1206163_neurosketch,24,furniture,table,250,36,0,54002.19,4,17,table,1
1206163_neurosketch,24,furniture,table,250,37,0,54002.19,4,17,table,0
1206163_neurosketch,24,furniture,table,250,38,0,54002.19,4,17,table,0
1206163_neurosketch,24,furniture,chair,251,39,1,58501.88,4,3,chair,1
1206163_neurosketch,24,furniture,chair,251,40,1,58501.88,4,3,chair,0
1206163_neurosketch,24,furniture,bed,252,41,0,61502.29,4,8,bed,1
1206163_neurosketch,24,furniture,bed,252,42,0,61502.29,4,8,bed,0
1206163_neurosketch,24,furniture,chair,253,43,1,64501.78,4,26,chair,1
1206163_neurosketch,24,furniture,chair,253,44,1,64501.78,4,26,chair,0
1206163_neurosketch,24,furniture,table,254,45,0,67502.03,4,35,table,1
1206163_neurosketch,24,furniture,table,254,46,0,67502.03,4,35,table,0
1206163_neurosketch,24,furniture,table,254,47,0,67502.03,4,35,table,0
1206163_neurosketch,24,furniture,bench,255,48,1,72002.35,4,6,bench,1
1206163_neurosketch,24,furniture,bench,255,49,1,72002.35,4,6,bench,0
1206163_neurosketch,24,furniture,bench,255,50,1,72002.35,4,6,bench,0
1206163_neurosketch,24,furniture,bench,255,51,1,72002.35,4,6,bench,0
1206163_neurosketch,24,furniture,bed,256,52,0,78002.32,4,9,bed,1
1206163_neurosketch,24,furniture,bed,256,53,0,78002.32,4,9,bed,0
1206163_neurosketch,24,furniture,bed,256,54,0,78002.32,4,9,bed,0
1206163_neurosketch,24,furniture,chair,257,55,1,82502.49,4,33,chair,1
1206163_neurosketch,24,furniture,chair,257,56,1,82502.49,4,33,chair,0
1206163_neurosketch,24,furniture,chair,257,57,1,82502.49,4,33,chair,0
1206163_neurosketch,24,furniture,chair,257,58,1,82502.49,4,33,chair,0
1206163_neurosketch,24,furniture,bench,258,59,1,88502.41,4,0,bench,1
1206163_neurosketch,24,furniture,bench,258,60,1,88502.41,4,0,bench,0
1206163_neurosketch,24,2,table,259,61,0,91501.69,4,24,table,1
1206163_neurosketch,24,2,table,259,62,0,91501.69,4,24,table,0
1206163_neurosketch,24,furniture,bench,260,63,1,94502.29,4,22,bench,1
1206163_neurosketch,24,furniture,bench,260,64,1,94502.29,4,22,bench,0
1206163_neurosketch,24,furniture,bench,260,65,1,94502.29,4,22,bench,0
1206163_neurosketch,24,furniture,bench,260,66,1,94502.29,4,22,bench,0
1206163_neurosketch,24,furniture,table,261,67,0,100501.95,4,5,table,1
1206163_neurosketch,24,furniture,table,261,68,0,100501.95,4,5,table,0
1206163_neurosketch,24,furniture,table,261,69,0,100501.95,4,5,table,0
1206163_neurosketch,24,furniture,chair,262,70,1,105002.08,4,10,chair,1
1206163_neurosketch,24,furniture,chair,262,71,1,105002.08,4,10,chair,0
1206163_neurosketch,24,furniture,bed,263,72,0,108002.87,4,10,,1
1206163_neurosketch,24,furniture,bed,263,73,0,108002.87,4,10,,0
1206163_neurosketch,24,furniture,bed,263,74,0,108002.87,4,10,,0
1206163_neurosketch,24,furniture,bed,263,75,0,108002.87,4,10,,0
1206163_neurosketch,24,furniture,chair,264,76,1,114002.91,4,13,chair,1
1206163_neurosketch,24,furniture,chair,264,77,1,114002.91,4,13,chair,0
1206163_neurosketch,24,furniture,table,265,78,0,117002.34,4,13,table,1
1206163_neurosketch,24,furniture,table,265,79,0,117002.34,4,13,table,0
1206163_neurosketch,24,furniture,table,265,80,0,117002.34,4,13,table,0
1206163_neurosketch,24,furniture,bed,266,81,0,121502.17,4,18,bed,1
1206163_neurosketch,24,furniture,bed,266,82,0,121502.17,4,18,bed,0
1206163_neurosketch,24,furniture,bed,266,83,0,121502.17,4,18,bed,0
1206163_neurosketch,24,furniture,bench,267,84,1,126002.96,4,39,bench,1
1206163_neurosketch,24,furniture,bench,267,85,1,126002.96,4,39,bench,0
1206163_neurosketch,24,furniture,bench,267,86,1,126002.96,4,39,bench,0
1206163_neurosketch,24,furniture,chair,268,87,1,130502.68,4,20,chair,1
1206163_neurosketch,24,furniture,chair,268,88,1,130502.68,4,20,chair,0
1206163_neurosketch,24,2,table,269,89,0,133502.7,4,0,table,1
1206163_neurosketch,24,2,table,269,90,0,133502.7,4,0,table,0
1206163_neurosketch,24,2,table,269,91,0,133502.7,4,0,table,0
1206163_neurosketch,24,2,table,269,92,0,133502.7,4,0,table,0
1206163_neurosketch,24,furniture,bed,270,93,0,139503.12,4,17,bed,1
1206163_neurosketch,24,furniture,bed,270,94,0,139503.12,4,17,bed,0
1206163_neurosketch,24,furniture,bench,271,95,1,142502.3,4,11,bench,1
1206163_neurosketch,24,furniture,bench,271,96,1,142502.3,4,11,bench,0
1206163_neurosketch,24,furniture,bed,272,97,0,145502.1,4,15,bed,1
1206163_neurosketch,24,furniture,bed,272,98,0,145502.1,4,15,bed,0
1206163_neurosketch,24,furniture,bed,272,99,0,145502.1,4,15,bed,0
1206163_neurosketch,24,furniture,bench,273,100,1,150002.83,4,34,bench,1
1206163_neurosketch,24,furniture,bench,273,101,1,150002.83,4,34,bench,0
1206163_neurosketch,24,furniture,table,274,102,0,153002.28,4,18,table,1
1206163_neurosketch,24,furniture,table,274,103,0,153002.28,4,18,table,0
1206163_neurosketch,24,furniture,table,274,104,0,153002.28,4,18,table,0
1206163_neurosketch,24,furniture,table,274,105,0,153002.28,4,18,table,0
1206163_neurosketch,24,furniture,chair,275,106,1,159002.28,4,15,chair,1
1206163_neurosketch,24,furniture,chair,275,107,1,159002.28,4,15,chair,0
1206163_neurosketch,24,furniture,bench,276,108,1,162002.57,4,13,bench,1
1206163_neurosketch,24,furniture,bench,276,109,1,162002.57,4,13,bench,0
1206163_neurosketch,24,furniture,bench,276,110,1,162002.57,4,13,bench,0
1206163_neurosketch,24,furniture,table,277,111,0,166502.48,4,39,table,1
1206163_neurosketch,24,furniture,table,277,112,0,166502.48,4,39,table,0
1206163_neurosketch,24,furniture,table,277,113,0,166502.48,4,39,table,0
1206163_neurosketch,24,furniture,bed,278,114,0,171002.33,4,27,bed,1
1206163_neurosketch,24,furniture,bed,278,115,0,171002.33,4,27,bed,0
1206163_neurosketch,24,2,chair,279,116,1,174002.46,4,12,chair,1
1206163_neurosketch,24,2,chair,279,117,1,174002.46,4,12,chair,0
1206163_neurosketch,24,2,chair,279,118,1,174002.46,4,12,chair,0
1206163_neurosketch,24,2,chair,279,119,1,174002.46,4,12,chair,0
1206163_neurosketch,24,furniture,bed,280,120,0,180002.61,4,1,bed,1
1206163_neurosketch,24,furniture,bed,280,121,0,180002.61,4,1,bed,0
1206163_neurosketch,24,furniture,bed,280,122,0,180002.61,4,1,bed,0
1206163_neurosketch,24,furniture,chair,281,123,1,184503.7,4,0,chair,1
1206163_neurosketch,24,furniture,chair,281,124,1,184503.7,4,0,chair,0
1206163_neurosketch,24,furniture,bench,282,125,1,187503.17,4,28,bench,1
1206163_neurosketch,24,furniture,bench,282,126,1,187503.17,4,28,bench,0
1206163_neurosketch,24,furniture,bench,282,127,1,187503.17,4,28,bench,0
1206163_neurosketch,24,furniture,table,283,128,0,192002.57,4,4,table,1
1206163_neurosketch,24,furniture,table,283,129,0,192002.57,4,4,table,0
1206163_neurosketch,24,furniture,table,284,130,0,195002.48,4,38,table,1
1206163_neurosketch,24,furniture,table,284,131,0,195002.48,4,38,table,0
1206163_neurosketch,24,furniture,table,284,132,0,195002.48,4,38,table,0
1206163_neurosketch,24,furniture,bench,285,133,1,199503.18,4,14,bench,1
1206163_neurosketch,24,furniture,bench,285,134,1,199503.18,4,14,bench,0
1206163_neurosketch,24,furniture,bed,286,135,0,202504.02,4,31,bed,1
1206163_neurosketch,24,furniture,bed,286,136,0,202504.02,4,31,bed,0
1206163_neurosketch,24,furniture,bed,286,137,0,202504.02,4,31,bed,0
1206163_neurosketch,24,furniture,chair,287,138,1,207002.42,4,37,chair,1
1206163_neurosketch,24,furniture,chair,287,139,1,207002.42,4,37,chair,0
1206163_neurosketch,24,furniture,chair,287,140,1,207002.42,4,37,chair,0
1206163_neurosketch,24,furniture,bench,288,141,1,211502.14,4,5,bench,1
1206163_neurosketch,24,furniture,bench,288,142,1,211502.14,4,5,bench,0
1206163_neurosketch,24,furniture,bench,288,143,1,211502.14,4,5,bench,0
1206163_neurosketch,24,2,bed,289,144,0,216002.69,4,28,bed,1
1206163_neurosketch,24,2,bed,289,145,0,216002.69,4,28,bed,0
1206163_neurosketch,24,2,bed,289,146,0,216002.69,4,28,bed,0
1206163_neurosketch,24,2,bed,289,147,0,216002.69,4,28,bed,0
1206163_neurosketch,24,furniture,chair,290,148,1,222002.21,4,25,chair,1
1206163_neurosketch,24,furniture,chair,290,149,1,222002.21,4,25,chair,0
1206163_neurosketch,24,furniture,chair,290,150,1,222002.21,4,25,chair,0
1206163_neurosketch,24,furniture,table,291,151,0,226502.5,4,3,table,1
1206163_neurosketch,24,furniture,table,291,152,0,226502.5,4,3,table,0
1206163_neurosketch,24,furniture,table,292,153,0,229502.74,4,33,table,1
1206163_neurosketch,24,furniture,table,292,154,0,229502.74,4,33,table,0
1206163_neurosketch,24,furniture,bed,293,155,0,232503.06,4,4,bed,1
1206163_neurosketch,24,furniture,bed,293,156,0,232503.06,4,4,bed,0
1206163_neurosketch,24,furniture,chair,294,157,1,235502.96,4,27,chair,1
1206163_neurosketch,24,furniture,chair,294,158,1,235502.96,4,27,chair,0
1206163_neurosketch,24,furniture,chair,294,159,1,235502.96,4,27,chair,0
1206163_neurosketch,24,furniture,bench,295,160,1,240002.21,4,2,bench,1
1206163_neurosketch,24,furniture,bench,295,161,1,240002.21,4,2,bench,0
1206163_neurosketch,24,furniture,bench,295,162,1,240002.21,4,2,bench,0
1206163_neurosketch,24,furniture,bench,295,163,1,240002.21,4,2,bench,0
1206163_neurosketch,24,furniture,chair,296,164,1,246002.7,4,32,chair,1
1206163_neurosketch,24,furniture,chair,296,165,1,246002.7,4,32,chair,0
1206163_neurosketch,24,furniture,chair,296,166,1,246002.7,4,32,chair,0
1206163_neurosketch,24,furniture,bed,297,167,0,250502.54,4,34,bed,1
1206163_neurosketch,24,furniture,bed,297,168,0,250502.54,4,34,bed,0
1206163_neurosketch,24,furniture,bed,297,169,0,250502.54,4,34,bed,0
1206163_neurosketch,24,furniture,bed,297,170,0,250502.54,4,34,bed,0
1206163_neurosketch,24,furniture,table,298,171,0,256502.16,4,10,table,1
1206163_neurosketch,24,furniture,table,298,172,0,256502.16,4,10,table,0
1206163_neurosketch,24,2,bench,299,173,1,259502.91,4,4,bench,1
1206163_neurosketch,24,2,bench,299,174,1,259502.91,4,4,bench,0
1206163_neurosketch,24,furniture,bench,300,175,1,262502.41,4,36,bench,1
1206163_neurosketch,24,furniture,bench,300,176,1,262502.41,4,36,bench,0
1206163_neurosketch,24,furniture,bench,300,177,1,262502.41,4,36,bench,0
1206163_neurosketch,24,furniture,bench,300,178,1,262502.41,4,36,bench,0
1206163_neurosketch,24,furniture,bed,301,179,0,268503.02,4,7,bed,1
1206163_neurosketch,24,furniture,bed,301,180,0,268503.02,4,7,bed,0
1206163_neurosketch,24,furniture,bed,301,181,0,268503.02,4,7,bed,0
1206163_neurosketch,24,furniture,table,302,182,0,273002.38,4,21,table,1
1206163_neurosketch,24,furniture,table,302,183,0,273002.38,4,21,table,0
1206163_neurosketch,24,furniture,chair,303,184,1,276002.26,4,9,chair,1
1206163_neurosketch,24,furniture,chair,303,185,1,276002.26,4,9,chair,0
1206163_neurosketch,24,furniture,chair,303,186,1,276002.26,4,9,chair,0
1206163_neurosketch,24,furniture,chair,303,187,1,276002.26,4,9,chair,0
1206163_neurosketch,24,furniture,chair,304,188,1,282002.33,4,8,chair,1
1206163_neurosketch,24,furniture,chair,304,189,1,282002.33,4,8,chair,0
1206163_neurosketch,24,furniture,bed,305,190,0,285002.31,4,37,table,1
1206163_neurosketch,24,furniture,bed,305,191,0,285002.31,4,37,table,0
1206163_neurosketch,24,furniture,bed,305,192,0,285002.31,4,37,table,0
1206163_neurosketch,24,furniture,table,306,193,0,289503.12,4,32,table,1
1206163_neurosketch,24,furniture,table,306,194,0,289503.12,4,32,table,0
1206163_neurosketch,24,furniture,table,306,195,0,289503.12,4,32,table,0
1206163_neurosketch,24,furniture,bench,307,196,1,294002.35,4,21,bench,1
1206163_neurosketch,24,furniture,bench,307,197,1,294002.35,4,21,bench,0
1206163_neurosketch,24,furniture,bench,307,198,1,294002.35,4,21,bench,0
1206163_neurosketch,24,furniture,chair,308,199,1,298502.44,4,35,chair,1
1206163_neurosketch,24,furniture,chair,308,200,1,298502.44,4,35,chair,0
1206163_neurosketch,24,2,bed,309,201,0,301502.58,4,0,bed,1
1206163_neurosketch,24,2,bed,309,202,0,301502.58,4,0,bed,0
1206163_neurosketch,24,2,bed,309,203,0,301502.58,4,0,bed,0
1206163_neurosketch,24,2,bed,309,204,0,301502.58,4,0,bed,0
1206163_neurosketch,24,furniture,table,310,205,0,307502.5,4,9,table,1
1206163_neurosketch,24,furniture,table,310,206,0,307502.5,4,9,table,0
1206163_neurosketch,24,furniture,bench,311,207,1,310502.48,4,29,bench,1
1206163_neurosketch,24,furniture,bench,311,208,1,310502.48,4,29,bench,0
1206163_neurosketch,24,furniture,table,312,209,0,313502.87,4,26,table,1
1206163_neurosketch,24,furniture,table,312,210,0,313502.87,4,26,table,0
1206163_neurosketch,24,furniture,table,312,211,0,313502.87,4,26,table,0
1206163_neurosketch,24,furniture,chair,313,212,1,318003.0,4,29,chair,1
1206163_neurosketch,24,furniture,chair,313,213,1,318003.0,4,29,chair,0
1206163_neurosketch,24,furniture,bed,314,214,0,321002.38,4,23,bed,1
1206163_neurosketch,24,furniture,bed,314,215,0,321002.38,4,23,bed,0
1206163_neurosketch,24,furniture,bed,314,216,0,321002.38,4,23,bed,0
1206163_neurosketch,24,furniture,bed,314,217,0,321002.38,4,23,bed,0
1206163_neurosketch,24,furniture,bench,315,218,1,327002.33,4,25,,1
1206163_neurosketch,24,furniture,bench,315,219,1,327002.33,4,25,,0
1206163_neurosketch,24,furniture,bench,316,220,1,330002.78,4,26,bench,1
1206163_neurosketch,24,furniture,bench,316,221,1,330002.78,4,26,bench,0
1206163_neurosketch,24,furniture,bench,316,222,1,330002.78,4,26,bench,0
1206163_neurosketch,24,furniture,bed,317,223,0,334502.3,4,12,bed,1
1206163_neurosketch,24,furniture,bed,317,224,0,334502.3,4,12,bed,0
1206163_neurosketch,24,furniture,bed,317,225,0,334502.3,4,12,bed,0
1206163_neurosketch,24,furniture,table,318,226,0,339002.34,4,6,table,1
1206163_neurosketch,24,furniture,table,318,227,0,339002.34,4,6,table,0
1206163_neurosketch,24,2,chair,319,228,1,342002.33,4,24,chair,1
1206163_neurosketch,24,2,chair,319,229,1,342002.33,4,24,chair,0
1206163_neurosketch,24,2,chair,319,230,1,342002.33,4,24,chair,0
1206163_neurosketch,24,2,chair,319,231,1,342002.33,4,24,chair,0
1206163_neurosketch,24,2,chair,319,232,1,342002.33,4,24,chair,0
1206163_neurosketch,24,2,chair,319,233,1,342002.33,4,24,chair,0
1206163_neurosketch,24,2,chair,319,234,1,342002.33,4,24,chair,0
1206163_neurosketch,24,2,chair,319,235,1,342002.33,4,24,chair,0
1206163_neurosketch,24,2,chair,319,236,1,342002.33,4,24,chair,0
1206163_neurosketch,24,2,chair,319,237,1,342002.33,4,24,chair,0
1206163_neurosketch,24,2,chair,319,238,1,342002.33,4,24,chair,0
1206163_neurosketch,24,2,chair,319,239,1,342002.33,4,24,chair,0
1206163_neurosketch,24,furniture,chair,360,0,-1,0.0,9,24,,0
1206163_neurosketch,24,furniture,chair,360,1,-1,0.0,9,24,,0
1206163_neurosketch,24,furniture,chair,360,2,-1,0.0,9,24,,0
1206163_neurosketch,24,furniture,chair,360,3,-1,0.0,9,24,,0
1206163_neurosketch,24,furniture,chair,360,4,-1,0.0,9,24,,0
1206163_neurosketch,24,furniture,chair,360,5,-1,0.0,9,24,,0
1206163_neurosketch,24,furniture,chair,360,6,-1,0.0,9,24,,0
1206163_neurosketch,24,furniture,chair,360,7,-1,0.0,9,24,,0
1206163_neurosketch,24,furniture,chair,360,8,1,12003.76,9,24,,1
1206163_neurosketch,24,furniture,chair,360,9,1,12003.76,9,24,,0
1206163_neurosketch,24,furniture,chair,360,10,1,12003.76,9,24,,0
1206163_neurosketch,24,furniture,table,361,11,0,16502.67,9,6,table,1
1206163_neurosketch,24,furniture,table,361,12,0,16502.67,9,6,table,0
1206163_neurosketch,24,furniture,bed,362,13,0,19502.2,9,12,table,1
1206163_neurosketch,24,furniture,bed,362,14,0,19502.2,9,12,table,0
1206163_neurosketch,24,furniture,bed,362,15,0,19502.2,9,12,table,0
1206163_neurosketch,24,furniture,bench,363,16,1,24002.05,9,26,chair,1
1206163_neurosketch,24,furniture,bench,363,17,1,24002.05,9,26,chair,0
1206163_neurosketch,24,furniture,bench,364,18,1,27004.68,9,25,bench,1
1206163_neurosketch,24,furniture,bench,364,19,1,27004.68,9,25,bench,0
1206163_neurosketch,24,furniture,bench,364,20,1,27004.68,9,25,bench,0
1206163_neurosketch,24,furniture,bed,365,21,0,31502.22,9,23,bed,1
1206163_neurosketch,24,furniture,bed,365,22,0,31502.22,9,23,bed,0
1206163_neurosketch,24,furniture,chair,366,23,1,34502.57,9,29,chair,1
1206163_neurosketch,24,furniture,chair,366,24,1,34502.57,9,29,chair,0
1206163_neurosketch,24,furniture,chair,366,25,1,34502.57,9,29,chair,0
1206163_neurosketch,24,furniture,table,367,26,0,39002.08,9,26,table,1
1206163_neurosketch,24,furniture,table,367,27,0,39002.08,9,26,table,0
1206163_neurosketch,24,furniture,table,367,28,0,39002.08,9,26,table,0
1206163_neurosketch,24,furniture,bench,368,29,1,43502.5,9,29,bench,1
1206163_neurosketch,24,furniture,bench,368,30,1,43502.5,9,29,bench,0
1206163_neurosketch,24,furniture,bench,368,31,1,43502.5,9,29,bench,0
1206163_neurosketch,24,2,table,369,32,0,48001.92,9,9,table,1
1206163_neurosketch,24,2,table,369,33,0,48001.92,9,9,table,0
1206163_neurosketch,24,2,table,369,34,0,48001.92,9,9,table,0
1206163_neurosketch,24,2,table,369,35,0,48001.92,9,9,table,0
1206163_neurosketch,24,furniture,bed,370,36,0,54001.86,9,0,bed,1
1206163_neurosketch,24,furniture,bed,370,37,0,54001.86,9,0,bed,0
1206163_neurosketch,24,furniture,bed,370,38,0,54001.86,9,0,bed,0
1206163_neurosketch,24,furniture,chair,371,39,1,58502.37,9,35,chair,1
1206163_neurosketch,24,furniture,chair,371,40,1,58502.37,9,35,chair,0
1206163_neurosketch,24,furniture,bench,372,41,1,61502.41,9,21,bench,1
1206163_neurosketch,24,furniture,bench,372,42,1,61502.41,9,21,bench,0
1206163_neurosketch,24,furniture,table,373,43,0,64501.97,9,32,table,1
1206163_neurosketch,24,furniture,table,373,44,0,64501.97,9,32,table,0
1206163_neurosketch,24,furniture,bed,374,45,0,67501.89,9,37,bed,1
1206163_neurosketch,24,furniture,bed,374,46,0,67501.89,9,37,bed,0
1206163_neurosketch,24,furniture,bed,374,47,0,67501.89,9,37,bed,0
1206163_neurosketch,24,furniture,chair,375,48,1,72002.85,9,8,chair,1
1206163_neurosketch,24,furniture,chair,375,49,1,72002.85,9,8,chair,0
1206163_neurosketch,24,furniture,chair,375,50,1,72002.85,9,8,chair,0
1206163_neurosketch,24,furniture,chair,375,51,1,72002.85,9,8,chair,0
1206163_neurosketch,24,furniture,chair,376,52,1,78002.92,9,9,chair,1
1206163_neurosketch,24,furniture,chair,376,53,1,78002.92,9,9,chair,0
1206163_neurosketch,24,furniture,chair,376,54,1,78002.92,9,9,chair,0
1206163_neurosketch,24,furniture,table,377,55,0,82502.71,9,21,table,1
1206163_neurosketch,24,furniture,table,377,56,0,82502.71,9,21,table,0
1206163_neurosketch,24,furniture,table,377,57,0,82502.71,9,21,table,0
1206163_neurosketch,24,furniture,table,377,58,0,82502.71,9,21,table,0
1206163_neurosketch,24,furniture,bed,378,59,0,88502.7,9,7,bed,1
1206163_neurosketch,24,furniture,bed,378,60,0,88502.7,9,7,bed,0
1206163_neurosketch,24,2,bench,379,61,1,91502.75,9,36,bench,1
1206163_neurosketch,24,2,bench,379,62,1,91502.75,9,36,bench,0
1206163_neurosketch,24,furniture,bench,380,63,1,94503.28,9,4,bench,1
1206163_neurosketch,24,furniture,bench,380,64,1,94503.28,9,4,bench,0
1206163_neurosketch,24,furniture,bench,380,65,1,94503.28,9,4,bench,0
1206163_neurosketch,24,furniture,bench,380,66,1,94503.28,9,4,bench,0
1206163_neurosketch,24,furniture,table,381,67,0,100502.97,9,10,table,1
1206163_neurosketch,24,furniture,table,381,68,0,100502.97,9,10,table,0
1206163_neurosketch,24,furniture,table,381,69,0,100502.97,9,10,table,0
1206163_neurosketch,24,furniture,bed,382,70,0,105002.44,9,34,table,1
1206163_neurosketch,24,furniture,bed,382,71,0,105002.44,9,34,table,0
1206163_neurosketch,24,furniture,chair,383,72,1,108002.7,9,32,chair,1
1206163_neurosketch,24,furniture,chair,383,73,1,108002.7,9,32,chair,0
1206163_neurosketch,24,furniture,chair,383,74,1,108002.7,9,32,chair,0
1206163_neurosketch,24,furniture,chair,383,75,1,108002.7,9,32,chair,0
1206163_neurosketch,24,furniture,bench,384,76,1,114002.02,9,2,bench,1
1206163_neurosketch,24,furniture,bench,384,77,1,114002.02,9,2,bench,0
1206163_neurosketch,24,furniture,chair,385,78,1,117003.99,9,27,chair,1
1206163_neurosketch,24,furniture,chair,385,79,1,117003.99,9,27,chair,0
1206163_neurosketch,24,furniture,chair,385,80,1,117003.99,9,27,chair,0
1206163_neurosketch,24,furniture,bed,386,81,0,121502.26,9,4,bed,1
1206163_neurosketch,24,furniture,bed,386,82,0,121502.26,9,4,bed,0
1206163_neurosketch,24,furniture,bed,386,83,0,121502.26,9,4,bed,0
1206163_neurosketch,24,furniture,table,387,84,0,126002.63,9,33,table,1
1206163_neurosketch,24,furniture,table,387,85,0,126002.63,9,33,table,0
1206163_neurosketch,24,furniture,table,387,86,0,126002.63,9,33,table,0
1206163_neurosketch,24,furniture,table,388,87,0,130503.24,9,3,table,1
1206163_neurosketch,24,furniture,table,388,88,0,130503.24,9,3,table,0
1206163_neurosketch,24,2,chair,389,89,1,133502.15,9,25,chair,1
1206163_neurosketch,24,2,chair,389,90,1,133502.15,9,25,chair,0
1206163_neurosketch,24,2,chair,389,91,1,133502.15,9,25,chair,0
1206163_neurosketch,24,2,chair,389,92,1,133502.15,9,25,chair,0
1206163_neurosketch,24,furniture,bed,390,93,0,139502.44,9,28,bed,1
1206163_neurosketch,24,furniture,bed,390,94,0,139502.44,9,28,bed,0
1206163_neurosketch,24,furniture,bench,391,95,1,142502.69,9,5,bench,1
1206163_neurosketch,24,furniture,bench,391,96,1,142502.69,9,5,bench,0
1206163_neurosketch,24,furniture,chair,392,97,1,145502.68,9,37,chair,1
1206163_neurosketch,24,furniture,chair,392,98,1,145502.68,9,37,chair,0
1206163_neurosketch,24,furniture,chair,392,99,1,145502.68,9,37,chair,0
1206163_neurosketch,24,furniture,bed,393,100,0,150002.59,9,31,bed,1
1206163_neurosketch,24,furniture,bed,393,101,0,150002.59,9,31,bed,0
1206163_neurosketch,24,furniture,bench,394,102,1,153002.24,9,14,bench,1
1206163_neurosketch,24,furniture,bench,394,103,1,153002.24,9,14,bench,0
1206163_neurosketch,24,furniture,bench,394,104,1,153002.24,9,14,bench,0
1206163_neurosketch,24,furniture,bench,394,105,1,153002.24,9,14,bench,0
1206163_neurosketch,24,furniture,table,395,106,0,159003.01,9,38,table,1
1206163_neurosketch,24,furniture,table,395,107,0,159003.01,9,38,table,0
1206163_neurosketch,24,furniture,table,396,108,0,162002.37,9,4,table,1
1206163_neurosketch,24,furniture,table,396,109,0,162002.37,9,4,table,0
1206163_neurosketch,24,furniture,table,396,110,0,162002.37,9,4,table,0
1206163_neurosketch,24,furniture,bench,397,111,1,166502.66,9,28,bench,1
1206163_neurosketch,24,furniture,bench,397,112,1,166502.66,9,28,bench,0
1206163_neurosketch,24,furniture,bench,397,113,1,166502.66,9,28,bench,0
1206163_neurosketch,24,furniture,chair,398,114,1,171002.34,9,0,chair,1
1206163_neurosketch,24,furniture,chair,398,115,1,171002.34,9,0,chair,0
1206163_neurosketch,24,2,bed,399,116,0,174002.65,9,1,bed,1
1206163_neurosketch,24,2,bed,399,117,0,174002.65,9,1,bed,0
1206163_neurosketch,24,2,bed,399,118,0,174002.65,9,1,bed,0
1206163_neurosketch,24,2,bed,399,119,0,174002.65,9,1,bed,0
1206163_neurosketch,24,furniture,chair,400,120,1,180002.25,9,12,chair,1
1206163_neurosketch,24,furniture,chair,400,121,1,180002.25,9,12,chair,0
1206163_neurosketch,24,furniture,chair,400,122,1,180002.25,9,12,chair,0
1206163_neurosketch,24,furniture,bed,401,123,0,184503.32,9,27,bed,1
1206163_neurosketch,24,furniture,bed,401,124,0,184503.32,9,27,bed,0
1206163_neurosketch,24,furniture,table,402,125,0,187503.32,9,39,table,1
1206163_neurosketch,24,furniture,table,402,126,0,187503.32,9,39,table,0
1206163_neurosketch,24,furniture,table,402,127,0,187503.32,9,39,table,0
1206163_neurosketch,24,furniture,bench,403,128,1,192003.02,9,13,bench,1
1206163_neurosketch,24,furniture,bench,403,129,1,192003.02,9,13,bench,0
1206163_neurosketch,24,furniture,chair,404,130,1,195003.24,9,15,chair,1
1206163_neurosketch,24,furniture,chair,404,131,1,195003.24,9,15,chair,0
1206163_neurosketch,24,furniture,chair,404,132,1,195003.24,9,15,chair,0
1206163_neurosketch,24,furniture,table,405,133,0,199502.06,9,18,table,1
1206163_neurosketch,24,furniture,table,405,134,0,199502.06,9,18,table,0
1206163_neurosketch,24,furniture,bench,406,135,1,202502.37,9,34,bench,1
1206163_neurosketch,24,furniture,bench,406,136,1,202502.37,9,34,bench,0
1206163_neurosketch,24,furniture,bench,406,137,1,202502.37,9,34,bench,0
1206163_neurosketch,24,furniture,bed,407,138,0,207002.83,9,15,bed,1
1206163_neurosketch,24,furniture,bed,407,139,0,207002.83,9,15,bed,0
1206163_neurosketch,24,furniture,bed,407,140,0,207002.83,9,15,bed,0
1206163_neurosketch,24,furniture,bench,408,141,1,211502.36,9,11,bench,1
1206163_neurosketch,24,furniture,bench,408,142,1,211502.36,9,11,bench,0
1206163_neurosketch,24,furniture,bench,408,143,1,211502.36,9,11,bench,0
1206163_neurosketch,24,2,bed,409,144,0,216002.75,9,17,bed,1
1206163_neurosketch,24,2,bed,409,145,0,216002.75,9,17,bed,0
1206163_neurosketch,24,2,bed,409,146,0,216002.75,9,17,bed,0
1206163_neurosketch,24,2,bed,409,147,0,216002.75,9,17,bed,0
1206163_neurosketch,24,furniture,table,410,148,0,222003.01,9,0,,1
1206163_neurosketch,24,furniture,table,410,149,0,222003.01,9,0,,0
1206163_neurosketch,24,furniture,table,410,150,0,222003.01,9,0,,0
1206163_neurosketch,24,furniture,chair,411,151,1,226502.51,9,20,chair,1
1206163_neurosketch,24,furniture,chair,411,152,1,226502.51,9,20,chair,0
1206163_neurosketch,24,furniture,bench,412,153,1,229502.17,9,39,bench,1
1206163_neurosketch,24,furniture,bench,412,154,1,229502.17,9,39,bench,0
1206163_neurosketch,24,furniture,bed,413,155,0,232502.73,9,18,bed,1
1206163_neurosketch,24,furniture,bed,413,156,0,232502.73,9,18,bed,0
1206163_neurosketch,24,furniture,table,414,157,0,235502.7,9,13,table,1
1206163_neurosketch,24,furniture,table,414,158,0,235502.7,9,13,table,0
1206163_neurosketch,24,furniture,table,414,159,0,235502.7,9,13,table,0
1206163_neurosketch,24,furniture,chair,415,160,1,240002.57,9,13,chair,1
1206163_neurosketch,24,furniture,chair,415,161,1,240002.57,9,13,chair,0
1206163_neurosketch,24,furniture,chair,415,162,1,240002.57,9,13,chair,0
1206163_neurosketch,24,furniture,chair,415,163,1,240002.57,9,13,chair,0
1206163_neurosketch,24,furniture,bed,416,164,0,246002.6,9,10,bed,1
1206163_neurosketch,24,furniture,bed,416,165,0,246002.6,9,10,bed,0
1206163_neurosketch,24,furniture,bed,416,166,0,246002.6,9,10,bed,0
1206163_neurosketch,24,furniture,chair,417,167,1,250502.96,9,10,,1
1206163_neurosketch,24,furniture,chair,417,168,1,250502.96,9,10,,0
1206163_neurosketch,24,furniture,chair,417,169,1,250502.96,9,10,,0
1206163_neurosketch,24,furniture,chair,417,170,1,250502.96,9,10,,0
1206163_neurosketch,24,furniture,table,418,171,0,256503.53,9,5,table,1
1206163_neurosketch,24,furniture,table,418,172,0,256503.53,9,5,table,0
1206163_neurosketch,24,2,bench,419,173,1,259502.75,9,22,bench,1
1206163_neurosketch,24,2,bench,419,174,1,259502.75,9,22,bench,0
1206163_neurosketch,24,furniture,table,420,175,0,262502.24,9,24,table,1
1206163_neurosketch,24,furniture,table,420,176,0,262502.24,9,24,table,0
1206163_neurosketch,24,furniture,table,420,177,0,262502.24,9,24,table,0
1206163_neurosketch,24,furniture,table,420,178,0,262502.24,9,24,table,0
1206163_neurosketch,24,furniture,bench,421,179,1,268502.63,9,0,bench,1
1206163_neurosketch,24,furniture,bench,421,180,1,268502.63,9,0,bench,0
1206163_neurosketch,24,furniture,bench,421,181,1,268502.63,9,0,bench,0
1206163_neurosketch,24,furniture,chair,422,182,1,273003.79,9,33,chair,1
1206163_neurosketch,24,furniture,chair,422,183,1,273003.79,9,33,chair,0
1206163_neurosketch,24,furniture,bed,423,184,0,276002.83,9,9,bed,1
1206163_neurosketch,24,furniture,bed,423,185,0,276002.83,9,9,bed,0
1206163_neurosketch,24,furniture,bed,423,186,0,276002.83,9,9,bed,0
1206163_neurosketch,24,furniture,bed,423,187,0,276002.83,9,9,bed,0
1206163_neurosketch,24,furniture,bench,424,188,1,282003.61,9,6,bench,1
1206163_neurosketch,24,furniture,bench,424,189,1,282003.61,9,6,bench,0
1206163_neurosketch,24,furniture,table,425,190,0,285002.46,9,35,,1
1206163_neurosketch,24,furniture,table,425,191,0,285002.46,9,35,,0
1206163_neurosketch,24,furniture,table,425,192,0,285002.46,9,35,,0
1206163_neurosketch,24,furniture,chair,426,193,1,289502.6,9,26,chair,1
1206163_neurosketch,24,furniture,chair,426,194,1,289502.6,9,26,chair,0
1206163_neurosketch,24,furniture,chair,426,195,1,289502.6,9,26,chair,0
1206163_neurosketch,24,furniture,bed,427,196,0,294003.12,9,8,bed,1
1206163_neurosketch,24,furniture,bed,427,197,0,294003.12,9,8,bed,0
1206163_neurosketch,24,furniture,bed,427,198,0,294003.12,9,8,bed,0
1206163_neurosketch,24,furniture,chair,428,199,1,298502.15,9,3,chair,1
1206163_neurosketch,24,furniture,chair,428,200,1,298502.15,9,3,chair,0
1206163_neurosketch,24,2,table,429,201,0,301502.8,9,17,table,1
1206163_neurosketch,24,2,table,429,202,0,301502.8,9,17,table,0
1206163_neurosketch,24,2,table,429,203,0,301502.8,9,17,table,0
1206163_neurosketch,24,2,table,429,204,0,301502.8,9,17,table,0
1206163_neurosketch,24,furniture,bench,430,205,1,307502.73,9,9,bench,1
1206163_neurosketch,24,furniture,bench,430,206,1,307502.73,9,9,bench,0
1206163_neurosketch,24,furniture,bed,431,207,0,310503.09,9,5,bed,1
1206163_neurosketch,24,furniture,bed,431,208,0,310503.09,9,5,bed,0
1206163_neurosketch,24,furniture,table,432,209,0,313503.2,9,12,table,1
1206163_neurosketch,24,furniture,table,432,210,0,313503.2,9,12,table,0
1206163_neurosketch,24,furniture,table,432,211,0,313503.2,9,12,table,0
1206163_neurosketch,24,furniture,chair,433,212,1,318002.74,9,14,chair,1
1206163_neurosketch,24,furniture,chair,433,213,1,318002.74,9,14,chair,0
1206163_neurosketch,24,furniture,bed,434,214,0,321003.12,9,20,,1
1206163_neurosketch,24,furniture,bed,434,215,0,321003.12,9,20,,0
1206163_neurosketch,24,furniture,bed,434,216,0,321003.12,9,20,,0
1206163_neurosketch,24,furniture,bed,434,217,0,321003.12,9,20,,0
1206163_neurosketch,24,furniture,bench,435,218,1,327003.15,9,7,bench,1
1206163_neurosketch,24,furniture,bench,435,219,1,327003.15,9,7,bench,0
1206163_neurosketch,24,furniture,bed,436,220,0,330002.88,9,13,bed,1
1206163_neurosketch,24,furniture,bed,436,221,0,330002.88,9,13,bed,0
1206163_neurosketch,24,furniture,bed,436,222,0,330002.88,9,13,bed,0
1206163_neurosketch,24,furniture,chair,437,223,1,334502.6,9,36,chair,1
1206163_neurosketch,24,furniture,chair,437,224,1,334502.6,9,36,chair,0
1206163_neurosketch,24,furniture,chair,437,225,1,334502.6,9,36,chair,0
1206163_neurosketch,24,furniture,bench,438,226,1,339003.48,9,12,bench,1
1206163_neurosketch,24,furniture,bench,438,227,1,339003.48,9,12,bench,0
1206163_neurosketch,24,2,table,439,228,0,342003.03,9,31,table,1
1206163_neurosketch,24,2,table,439,229,0,342003.03,9,31,table,0
1206163_neurosketch,24,2,table,439,230,0,342003.03,9,31,table,0
1206163_neurosketch,24,2,table,439,231,0,342003.03,9,31,table,0
1206163_neurosketch,24,2,table,439,232,0,342003.03,9,31,table,0
1206163_neurosketch,24,2,table,439,233,0,342003.03,9,31,table,0
1206163_neurosketch,24,2,table,439,234,0,342003.03,9,31,table,0
1206163_neurosketch,24,2,table,439,235,0,342003.03,9,31,table,0
1206163_neurosketch,24,2,table,439,236,0,342003.03,9,31,table,0
1206163_neurosketch,24,2,table,439,237,0,342003.03,9,31,table,0
1206163_neurosketch,24,2,table,439,238,0,342003.03,9,31,table,0
1206163_neurosketch,24,2,table,439,239,0,342003.03,9,31,table,0
1206163_neurosketch,24,furniture,table,440,0,-1,0.0,10,23,table,0
1206163_neurosketch,24,furniture,table,440,1,-1,0.0,10,23,table,0
1206163_neurosketch,24,furniture,table,440,2,-1,0.0,10,23,table,0
1206163_neurosketch,24,furniture,table,440,3,-1,0.0,10,23,table,0
1206163_neurosketch,24,furniture,table,440,4,-1,0.0,10,23,table,0
1206163_neurosketch,24,furniture,table,440,5,-1,0.0,10,23,table,0
1206163_neurosketch,24,furniture,table,440,6,-1,0.0,10,23,table,0
1206163_neurosketch,24,furniture,table,440,7,-1,0.0,10,23,table,0
1206163_neurosketch,24,furniture,table,440,8,0,12001.59,10,23,table,1
1206163_neurosketch,24,furniture,table,440,9,0,12001.59,10,23,table,0
1206163_neurosketch,24,furniture,table,440,10,0,12001.59,10,23,table,0
1206163_neurosketch,24,furniture,bed,441,11,0,16501.58,10,36,bed,1
1206163_neurosketch,24,furniture,bed,441,12,0,16501.58,10,36,bed,0
1206163_neurosketch,24,furniture,bench,442,13,1,19502.61,10,30,bench,1
1206163_neurosketch,24,furniture,bench,442,14,1,19502.61,10,30,bench,0
1206163_neurosketch,24,furniture,bench,442,15,1,19502.61,10,30,bench,0
1206163_neurosketch,24,furniture,chair,443,16,1,24001.78,10,19,chair,1
1206163_neurosketch,24,furniture,chair,443,17,1,24001.78,10,19,chair,0
1206163_neurosketch,24,furniture,table,444,18,0,27001.51,10,14,table,1
1206163_neurosketch,24,furniture,table,444,19,0,27001.51,10,14,table,0
1206163_neurosketch,24,furniture,table,444,20,0,27001.51,10,14,table,0
1206163_neurosketch,24,furniture,chair,445,21,1,31501.3,10,18,chair,1
1206163_neurosketch,24,furniture,chair,445,22,1,31501.3,10,18,chair,0
1206163_neurosketch,24,furniture,bed,446,23,0,34501.43,10,29,bed,1
1206163_neurosketch,24,furniture,bed,446,24,0,34501.43,10,29,bed,0
1206163_neurosketch,24,furniture,bed,446,25,0,34501.43,10,29,bed,0
1206163_neurosketch,24,furniture,bench,447,26,1,39002.48,10,20,bench,1
1206163_neurosketch,24,furniture,bench,447,27,1,39002.48,10,20,bench,0
1206163_neurosketch,24,furniture,bench,447,28,1,39002.48,10,20,bench,0
1206163_neurosketch,24,furniture,table,448,29,0,43501.17,10,37,table,1
1206163_neurosketch,24,furniture,table,448,30,0,43501.17,10,37,table,0
1206163_neurosketch,24,furniture,table,448,31,0,43501.17,10,37,table,0
1206163_neurosketch,24,2,chair,449,32,1,48001.75,10,6,chair,1
1206163_neurosketch,24,2,chair,449,33,1,48001.75,10,6,chair,0
1206163_neurosketch,24,2,chair,449,34,1,48001.75,10,6,chair,0
1206163_neurosketch,24,2,chair,449,35,1,48001.75,10,6,chair,0
1206163_neurosketch,24,furniture,bed,450,36,0,54002.2,10,30,bed,1
1206163_neurosketch,24,furniture,bed,450,37,0,54002.2,10,30,bed,0
1206163_neurosketch,24,furniture,bed,450,38,0,54002.2,10,30,bed,0
1206163_neurosketch,24,furniture,bench,451,39,1,58502.16,10,17,bench,1
1206163_neurosketch,24,furniture,bench,451,40,1,58502.16,10,17,bench,0
1206163_neurosketch,24,furniture,chair,452,41,1,61502.33,10,4,chair,1
1206163_neurosketch,24,furniture,chair,452,42,1,61502.33,10,4,chair,0
1206163_neurosketch,24,furniture,table,453,43,0,64502.88,10,25,table,1
1206163_neurosketch,24,furniture,table,453,44,0,64502.88,10,25,table,0
1206163_neurosketch,24,furniture,bed,454,45,0,67502.38,10,16,bed,1
1206163_neurosketch,24,furniture,bed,454,46,0,67502.38,10,16,bed,0
1206163_neurosketch,24,furniture,bed,454,47,0,67502.38,10,16,bed,0
1206163_neurosketch,24,furniture,bench,455,48,1,72002.01,10,1,bench,1
1206163_neurosketch,24,furniture,bench,455,49,1,72002.01,10,1,bench,0
1206163_neurosketch,24,furniture,bench,455,50,1,72002.01,10,1,bench,0
1206163_neurosketch,24,furniture,bench,455,51,1,72002.01,10,1,bench,0
1206163_neurosketch,24,furniture,bed,456,52,0,78002.62,10,25,bed,1
1206163_neurosketch,24,furniture,bed,456,53,0,78002.62,10,25,bed,0
1206163_neurosketch,24,furniture,bed,456,54,0,78002.62,10,25,bed,0
1206163_neurosketch,24,furniture,chair,457,55,1,82502.87,10,38,chair,1
1206163_neurosketch,24,furniture,chair,457,56,1,82502.87,10,38,chair,0
1206163_neurosketch,24,furniture,chair,457,57,1,82502.87,10,38,chair,0
1206163_neurosketch,24,furniture,chair,457,58,1,82502.87,10,38,chair,0
1206163_neurosketch,24,furniture,bench,458,59,1,88501.74,10,8,bench,1
1206163_neurosketch,24,furniture,bench,458,60,1,88501.74,10,8,bench,0
1206163_neurosketch,24,2,table,459,61,0,91501.97,10,8,table,1
1206163_neurosketch,24,2,table,459,62,0,91501.97,10,8,table,0
1206163_neurosketch,24,furniture,bench,460,63,1,94501.98,10,35,bench,1
1206163_neurosketch,24,furniture,bench,460,64,1,94501.98,10,35,bench,0
1206163_neurosketch,24,furniture,bench,460,65,1,94501.98,10,35,bench,0
1206163_neurosketch,24,furniture,bench,460,66,1,94501.98,10,35,bench,0
1206163_neurosketch,24,furniture,table,461,67,0,100502.44,10,34,table,1
1206163_neurosketch,24,furniture,table,461,68,0,100502.44,10,34,table,0
1206163_neurosketch,24,furniture,table,461,69,0,100502.44,10,34,table,0
1206163_neurosketch,24,furniture,bed,462,70,0,105002.26,10,3,bed,1
1206163_neurosketch,24,furniture,bed,462,71,0,105002.26,10,3,bed,0
1206163_neurosketch,24,furniture,chair,463,72,1,108001.98,10,30,chair,1
1206163_neurosketch,24,furniture,chair,463,73,1,108001.98,10,30,chair,0
1206163_neurosketch,24,furniture,chair,463,74,1,108001.98,10,30,chair,0
1206163_neurosketch,24,furniture,chair,463,75,1,108001.98,10,30,chair,0
1206163_neurosketch,24,furniture,bed,464,76,0,114001.85,10,22,bed,1
1206163_neurosketch,24,furniture,bed,464,77,0,114001.85,10,22,bed,0
1206163_neurosketch,24,furniture,bench,465,78,1,117001.82,10,24,bench,1
1206163_neurosketch,24,furniture,bench,465,79,1,117001.82,10,24,bench,0
1206163_neurosketch,24,furniture,bench,465,80,1,117001.82,10,24,bench,0
1206163_neurosketch,24,furniture,chair,466,81,1,121502.66,10,1,chair,1
1206163_neurosketch,24,furniture,chair,466,82,1,121502.66,10,1,chair,0
1206163_neurosketch,24,furniture,chair,466,83,1,121502.66,10,1,chair,0
1206163_neurosketch,24,furniture,table,467,84,0,126002.56,10,20,table,1
1206163_neurosketch,24,furniture,table,467,85,0,126002.56,10,20,table,0
1206163_neurosketch,24,furniture,table,467,86,0,126002.56,10,20,table,0
1206163_neurosketch,24,furniture,bench,468,87,1,130501.83,10,33,bench,1
1206163_neurosketch,24,furniture,bench,468,88,1,130501.83,10,33,bench,0
1206163_neurosketch,24,2,chair,469,89,1,133502.17,10,11,chair,1
1206163_neurosketch,24,2,chair,469,90,1,133502.17,10,11,chair,0
1206163_neurosketch,24,2,chair,469,91,1,133502.17,10,11,chair,0
1206163_neurosketch,24,2,chair,469,92,1,133502.17,10,11,chair,0
1206163_neurosketch,24,furniture,table,470,93,0,139502.74,10,30,table,1
1206163_neurosketch,24,furniture,table,470,94,0,139502.74,10,30,table,0
1206163_neurosketch,24,furniture,bed,471,95,0,142502.29,10,35,bed,1
1206163_neurosketch,24,furniture,bed,471,96,0,142502.29,10,35,bed,0
1206163_neurosketch,24,furniture,table,472,97,0,145502.08,10,22,table,1
1206163_neurosketch,24,furniture,table,472,98,0,145502.08,10,22,table,0
1206163_neurosketch,24,furniture,table,472,99,0,145502.08,10,22,table,0
1206163_neurosketch,24,furniture,bed,473,100,0,150002.08,10,14,bed,1
1206163_neurosketch,24,furniture,bed,473,101,0,150002.08,10,14,bed,0
1206163_neurosketch,24,furniture,chair,474,102,1,153001.99,10,39,chair,1
1206163_neurosketch,24,furniture,chair,474,103,1,153001.99,10,39,chair,0
1206163_neurosketch,24,furniture,chair,474,104,1,153001.99,10,39,chair,0
1206163_neurosketch,24,furniture,chair,474,105,1,153001.99,10,39,chair,0
1206163_neurosketch,24,furniture,bench,475,106,1,159002.71,10,16,bench,1
1206163_neurosketch,24,furniture,bench,475,107,1,159002.71,10,16,bench,0
1206163_neurosketch,24,furniture,table,476,108,0,162002.24,10,2,table,1
1206163_neurosketch,24,furniture,table,476,109,0,162002.24,10,2,table,0
1206163_neurosketch,24,furniture,table,476,110,0,162002.24,10,2,table,0
1206163_neurosketch,24,furniture,bench,477,111,1,166502.29,10,27,bench,1
1206163_neurosketch,24,furniture,bench,477,112,1,166502.29,10,27,bench,0
1206163_neurosketch,24,furniture,bench,477,113,1,166502.29,10,27,bench,0
1206163_neurosketch,24,furniture,bed,478,114,0,171002.62,10,33,bed,1
1206163_neurosketch,24,furniture,bed,478,115,0,171002.62,10,33,bed,0
1206163_neurosketch,24,2,chair,479,116,1,174002.67,10,21,chair,1
1206163_neurosketch,24,2,chair,479,117,1,174002.67,10,21,chair,0
1206163_neurosketch,24,2,chair,479,118,1,174002.67,10,21,chair,0
1206163_neurosketch,24,2,chair,479,119,1,174002.67,10,21,chair,0
1206163_neurosketch,24,furniture,bench,480,120,1,180003.77,10,15,bench,1
1206163_neurosketch,24,furniture,bench,480,121,1,180003.77,10,15,bench,0
1206163_neurosketch,24,furniture,bench,480,122,1,180003.77,10,15,bench,0
1206163_neurosketch,24,furniture,chair,481,123,1,184502.61,10,23,chair,1
1206163_neurosketch,24,furniture,chair,481,124,1,184502.61,10,23,chair,0
1206163_neurosketch,24,furniture,table,482,125,0,187504.61,10,7,table,1
1206163_neurosketch,24,furniture,table,482,126,0,187504.61,10,7,table,0
1206163_neurosketch,24,furniture,table,482,127,0,187504.61,10,7,table,0
1206163_neurosketch,24,furniture,bed,483,128,0,192003.33,10,38,bed,1
1206163_neurosketch,24,furniture,bed,483,129,0,192003.33,10,38,bed,0
1206163_neurosketch,24,furniture,bench,484,130,1,195002.39,10,37,bench,1
1206163_neurosketch,24,furniture,bench,484,131,1,195002.39,10,37,bench,0
1206163_neurosketch,24,furniture,bench,484,132,1,195002.39,10,37,bench,0
1206163_neurosketch,24,furniture,table,485,133,0,199503.66,10,29,table,1
1206163_neurosketch,24,furniture,table,485,134,0,199503.66,10,29,table,0
1206163_neurosketch,24,furniture,chair,486,135,1,202503.2,10,17,chair,1
1206163_neurosketch,24,furniture,chair,486,136,1,202503.2,10,17,chair,0
1206163_neurosketch,24,furniture,chair,486,137,1,202503.2,10,17,chair,0
1206163_neurosketch,24,furniture,bed,487,138,0,207003.93,10,2,bed,1
1206163_neurosketch,24,furniture,bed,487,139,0,207003.93,10,2,bed,0
1206163_neurosketch,24,furniture,bed,487,140,0,207003.93,10,2,bed,0
1206163_neurosketch,24,furniture,bed,488,141,0,211502.59,10,24,bed,1
1206163_neurosketch,24,furniture,bed,488,142,0,211502.59,10,24,bed,0
1206163_neurosketch,24,furniture,bed,488,143,0,211502.59,10,24,bed,0
1206163_neurosketch,24,2,table,489,144,0,216002.54,10,36,table,1
1206163_neurosketch,24,2,table,489,145,0,216002.54,10,36,table,0
1206163_neurosketch,24,2,table,489,146,0,216002.54,10,36,table,0
1206163_neurosketch,24,2,table,489,147,0,216002.54,10,36,table,0
1206163_neurosketch,24,furniture,chair,490,148,1,222002.27,10,2,chair,1
1206163_neurosketch,24,furniture,chair,490,149,1,222002.27,10,2,chair,0
1206163_neurosketch,24,furniture,chair,490,150,1,222002.27,10,2,chair,0
1206163_neurosketch,24,furniture,bench,491,151,1,226503.03,10,31,bench,1
1206163_neurosketch,24,furniture,bench,491,152,1,226503.03,10,31,bench,0
1206163_neurosketch,24,furniture,table,492,153,0,229503.71,10,16,table,1
1206163_neurosketch,24,furniture,table,492,154,0,229503.71,10,16,table,0
1206163_neurosketch,24,furniture,bed,493,155,0,232502.72,10,32,bed,1
1206163_neurosketch,24,furniture,bed,493,156,0,232502.72,10,32,bed,0
1206163_neurosketch,24,furniture,chair,494,157,1,235503.42,10,28,chair,1
1206163_neurosketch,24,furniture,chair,494,158,1,235503.42,10,28,chair,0
1206163_neurosketch,24,furniture,chair,494,159,1,235503.42,10,28,chair,0
1206163_neurosketch,24,furniture,bench,495,160,1,240002.98,10,19,bench,1
1206163_neurosketch,24,furniture,bench,495,161,1,240002.98,10,19,bench,0
1206163_neurosketch,24,furniture,bench,495,162,1,240002.98,10,19,bench,0
1206163_neurosketch,24,furniture,bench,495,163,1,240002.98,10,19,bench,0
1206163_neurosketch,24,furniture,bench,496,164,1,246003.0,10,10,bench,1
1206163_neurosketch,24,furniture,bench,496,165,1,246003.0,10,10,bench,0
1206163_neurosketch,24,furniture,bench,496,166,1,246003.0,10,10,bench,0
1206163_neurosketch,24,furniture,chair,497,167,1,250503.04,10,16,chair,1
1206163_neurosketch,24,furniture,chair,497,168,1,250503.04,10,16,chair,0
1206163_neurosketch,24,furniture,chair,497,169,1,250503.04,10,16,chair,0
1206163_neurosketch,24,furniture,chair,497,170,1,250503.04,10,16,chair,0
1206163_neurosketch,24,furniture,bed,498,171,0,256503.08,10,6,bed,1
1206163_neurosketch,24,furniture,bed,498,172,0,256503.08,10,6,bed,0
1206163_neurosketch,24,2,table,499,173,0,259502.69,10,19,table,1
1206163_neurosketch,24,2,table,499,174,0,259502.69,10,19,table,0
1206163_neurosketch,24,furniture,chair,500,175,1,262503.08,10,34,chair,1
1206163_neurosketch,24,furniture,chair,500,176,1,262503.08,10,34,chair,0
1206163_neurosketch,24,furniture,chair,500,177,1,262503.08,10,34,chair,0
1206163_neurosketch,24,furniture,chair,500,178,1,262503.08,10,34,chair,0
1206163_neurosketch,24,furniture,table,501,179,0,268502.88,10,28,table,1
1206163_neurosketch,24,furniture,table,501,180,0,268502.88,10,28,table,0
1206163_neurosketch,24,furniture,table,501,181,0,268502.88,10,28,table,0
1206163_neurosketch,24,furniture,bed,502,182,0,273002.49,10,11,bed,1
1206163_neurosketch,24,furniture,bed,502,183,0,273002.49,10,11,bed,0
1206163_neurosketch,24,furniture,bench,503,184,1,276002.44,10,18,bench,1
1206163_neurosketch,24,furniture,bench,503,185,1,276002.44,10,18,bench,0
1206163_neurosketch,24,furniture,bench,503,186,1,276002.44,10,18,bench,0
1206163_neurosketch,24,furniture,bench,503,187,1,276002.44,10,18,bench,0
1206163_neurosketch,24,furniture,chair,504,188,1,282003.18,10,7,chair,1
1206163_neurosketch,24,furniture,chair,504,189,1,282003.18,10,7,chair,0
1206163_neurosketch,24,furniture,bench,505,190,1,285002.36,10,3,bench,1
1206163_neurosketch,24,furniture,bench,505,191,1,285002.36,10,3,bench,0
1206163_neurosketch,24,furniture,bench,505,192,1,285002.36,10,3,bench,0
1206163_neurosketch,24,furniture,table,506,193,0,289502.96,10,11,table,1
1206163_neurosketch,24,furniture,table,506,194,0,289502.96,10,11,table,0
1206163_neurosketch,24,furniture,table,506,195,0,289502.96,10,11,table,0
1206163_neurosketch,24,furniture,bed,507,196,0,294002.49,10,39,bed,1
1206163_neurosketch,24,furniture,bed,507,197,0,294002.49,10,39,bed,0
1206163_neurosketch,24,furniture,bed,507,198,0,294002.49,10,39,bed,0
1206163_neurosketch,24,furniture,chair,508,199,1,298502.42,10,5,chair,1
1206163_neurosketch,24,furniture,chair,508,200,1,298502.42,10,5,chair,0
1206163_neurosketch,24,2,bench,509,201,1,301502.4,10,32,bench,1
1206163_neurosketch,24,2,bench,509,202,1,301502.4,10,32,bench,0
1206163_neurosketch,24,2,bench,509,203,1,301502.4,10,32,bench,0
1206163_neurosketch,24,2,bench,509,204,1,301502.4,10,32,bench,0
1206163_neurosketch,24,furniture,bed,510,205,0,307502.08,10,26,bed,1
1206163_neurosketch,24,furniture,bed,510,206,0,307502.08,10,26,bed,0
1206163_neurosketch,24,furniture,table,511,207,0,310502.55,10,1,table,1
1206163_neurosketch,24,furniture,table,511,208,0,310502.55,10,1,table,0
1206163_neurosketch,24,furniture,chair,512,209,1,313502.9,10,31,chair,1
1206163_neurosketch,24,furniture,chair,512,210,1,313502.9,10,31,chair,0
1206163_neurosketch,24,furniture,chair,512,211,1,313502.9,10,31,chair,0
1206163_neurosketch,24,furniture,bench,513,212,1,318003.09,10,23,bench,1
1206163_neurosketch,24,furniture,bench,513,213,1,318003.09,10,23,bench,0
1206163_neurosketch,24,furniture,table,514,214,0,321002.36,10,27,table,1
1206163_neurosketch,24,furniture,table,514,215,0,321002.36,10,27,table,0
1206163_neurosketch,24,furniture,table,514,216,0,321002.36,10,27,table,0
1206163_neurosketch,24,furniture,table,514,217,0,321002.36,10,27,table,0
1206163_neurosketch,24,furniture,bed,515,218,0,327003.25,10,19,bed,1
1206163_neurosketch,24,furniture,bed,515,219,0,327003.25,10,19,bed,0
1206163_neurosketch,24,furniture,bench,516,220,1,330002.26,10,38,bench,1
1206163_neurosketch,24,furniture,bench,516,221,1,330002.26,10,38,bench,0
1206163_neurosketch,24,furniture,bench,516,222,1,330002.26,10,38,bench,0
1206163_neurosketch,24,furniture,chair,517,223,1,334502.53,10,22,chair,1
1206163_neurosketch,24,furniture,chair,517,224,1,334502.53,10,22,chair,0
1206163_neurosketch,24,furniture,chair,517,225,1,334502.53,10,22,chair,0
1206163_neurosketch,24,furniture,table,518,226,0,339002.6,10,15,table,1
1206163_neurosketch,24,furniture,table,518,227,0,339002.6,10,15,table,0
1206163_neurosketch,24,2,bed,519,228,0,342002.81,10,21,bed,1
1206163_neurosketch,24,2,bed,519,229,0,342002.81,10,21,bed,0
1206163_neurosketch,24,2,bed,519,230,0,342002.81,10,21,bed,0
1206163_neurosketch,24,2,bed,519,231,0,342002.81,10,21,bed,0
1206163_neurosketch,24,2,bed,519,232,0,342002.81,10,21,bed,0
1206163_neurosketch,24,2,bed,519,233,0,342002.81,10,21,bed,0
1206163_neurosketch,24,2,bed,519,234,0,342002.81,10,21,bed,0
1206163_neurosketch,24,2,bed,519,235,0,342002.81,10,21,bed,0
1206163_neurosketch,24,2,bed,519,236,0,342002.81,10,21,bed,0
1206163_neurosketch,24,2,bed,519,237,0,342002.81,10,21,bed,0
1206163_neurosketch,24,2,bed,519,238,0,342002.81,10,21,bed,0
1206163_neurosketch,24,2,bed,519,239,0,342002.81,10,21,bed,0
