wID,versionNum,category,object,trial,TRnum,condition,onset_time,run_num,viewpoint,response,onset
1206162_neurosketch,21,furniture,bed,0,0,-1,0.0,1,38,,0
1206162_neurosketch,21,furniture,bed,0,1,-1,0.0,1,38,,0
1206162_neurosketch,21,furniture,bed,0,2,-1,0.0,1,38,,0
1206162_neurosketch,21,furniture,bed,0,3,-1,0.0,1,38,,0
1206162_neurosketch,21,furniture,bed,0,4,-1,0.0,1,38,,0
1206162_neurosketch,21,furniture,bed,0,5,-1,0.0,1,38,,0
1206162_neurosketch,21,furniture,bed,0,6,-1,0.0,1,38,,0
1206162_neurosketch,21,furniture,bed,0,7,-1,0.0,1,38,,0
1206162_neurosketch,21,furniture,bed,0,8,0,12004.19,1,38,,1
1206162_neurosketch,21,furniture,bed,0,9,0,12004.19,1,38,,0
1206162_neurosketch,21,furniture,bed,0,10,0,12004.19,1,38,,0
1206162_neurosketch,21,furniture,bed,0,11,0,12004.19,1,38,,0
1206162_neurosketch,21,furniture,bed,0,12,0,12004.19,1,38,,0
1206162_neurosketch,21,furniture,table,1,13,1,19502.62,1,39,,1
1206162_neurosketch,21,furniture,table,1,14,1,19502.62,1,39,,0
1206162_neurosketch,21,furniture,chair,2,15,0,22502.91,1,14,chair,1
1206162_neurosketch,21,furniture,chair,2,16,0,22502.91,1,14,chair,0
1206162_neurosketch,21,furniture,chair,2,17,0,22502.91,1,14,chair,0
1206162_neurosketch,21,furniture,bench,3,18,1,27003.95,1,4,bench,1
1206162_neurosketch,21,furniture,bench,3,19,1,27003.95,1,4,bench,0
1206162_neurosketch,21,furniture,bench,3,20,1,27003.95,1,4,bench,0
1206162_neurosketch,21,furniture,bench,3,21,1,27003.95,1,4,bench,0
1206162_neurosketch,21,furniture,bed,4,22,0,33004.05,1,12,bed,1
1206162_neurosketch,21,furniture,bed,4,23,0,33004.05,1,12,bed,0
1206162_neurosketch,21,furniture,bed,4,24,0,33004.05,1,12,bed,0
1206162_neurosketch,21,furniture,bench,5,25,1,37502.35,1,19,bench,1
1206162_neurosketch,21,furniture,bench,5,26,1,37502.35,1,19,bench,0
1206162_neurosketch,21,furniture,chair,6,27,0,40501.74,1,7,chair,1
1206162_neurosketch,21,furniture,chair,6,28,0,40501.74,1,7,chair,0
1206162_neurosketch,21,furniture,chair,6,29,0,40501.74,1,7,chair,0
1206162_neurosketch,21,furniture,chair,6,30,0,40501.74,1,7,chair,0
1206162_neurosketch,21,furniture,table,7,31,1,46501.63,1,33,table,1
1206162_neurosketch,21,furniture,table,7,32,1,46501.63,1,33,table,0
1206162_neurosketch,21,furniture,chair,8,33,0,49501.83,1,36,chair,1
1206162_neurosketch,21,furniture,chair,8,34,0,49501.83,1,36,chair,0
1206162_neurosketch,21,2,bench,9,35,1,52502.06,1,13,bench,1
1206162_neurosketch,21,2,bench,9,36,1,52502.06,1,13,bench,0
1206162_neurosketch,21,furniture,bed,10,37,0,55501.79,1,11,bed,1
1206162_neurosketch,21,furniture,bed,10,38,0,55501.79,1,11,bed,0
1206162_neurosketch,21,furniture,table,11,39,1,58502.24,1,31,table,1
1206162_neurosketch,21,furniture,table,11,40,1,58502.24,1,31,table,0
1206162_neurosketch,21,furniture,table,11,41,1,58502.24,1,31,table,0
1206162_neurosketch,21,furniture,table,11,42,1,58502.24,1,31,table,0
1206162_neurosketch,21,furniture,table,12,43,1,64502.0,1,20,table,1
1206162_neurosketch,21,furniture,table,12,44,1,64502.0,1,20,table,0
1206162_neurosketch,21,furniture,bed,13,45,0,67501.57,1,2,bed,1
1206162_neurosketch,21,furniture,bed,13,46,0,67501.57,1,2,bed,0
1206162_neurosketch,21,furniture,bench,14,47,1,70502.23,1,38,bench,1
1206162_neurosketch,21,furniture,bench,14,48,1,70502.23,1,38,bench,0
1206162_neurosketch,21,furniture,bench,14,49,1,70502.23,1,38,bench,0
1206162_neurosketch,21,furniture,bench,14,50,1,70502.23,1,38,bench,0
1206162_neurosketch,21,furniture,chair,15,51,0,76501.8,1,39,chair,1
1206162_neurosketch,21,furniture,chair,15,52,0,76501.8,1,39,chair,0
1206162_neurosketch,21,furniture,chair,15,53,0,76501.8,1,39,chair,0
1206162_neurosketch,21,furniture,bed,16,54,0,81001.92,1,29,bed,1
1206162_neurosketch,21,furniture,bed,16,55,0,81001.92,1,29,bed,0
1206162_neurosketch,21,furniture,bed,16,56,0,81001.92,1,29,bed,0
1206162_neurosketch,21,furniture,bed,16,57,0,81001.92,1,29,bed,0
1206162_neurosketch,21,furniture,chair,17,58,0,87002.32,1,10,chair,1
1206162_neurosketch,21,furniture,chair,17,59,0,87002.32,1,10,chair,0
1206162_neurosketch,21,furniture,bench,18,60,1,90002.04,1,1,bench,1
1206162_neurosketch,21,furniture,bench,18,61,1,90002.04,1,1,bench,0
1206162_neurosketch,21,2,table,19,62,1,93001.59,1,26,table,1
1206162_neurosketch,21,2,table,19,63,1,93001.59,1,26,table,0
1206162_neurosketch,21,furniture,bed,20,64,0,96002.67,1,32,bed,1
1206162_neurosketch,21,furniture,bed,20,65,0,96002.67,1,32,bed,0
1206162_neurosketch,21,furniture,chair,21,66,0,99001.88,1,13,chair,1
1206162_neurosketch,21,furniture,chair,21,67,0,99001.88,1,13,chair,0
1206162_neurosketch,21,furniture,chair,21,68,0,99001.88,1,13,chair,0
1206162_neurosketch,21,furniture,bench,22,69,1,103502.49,1,27,bench,1
1206162_neurosketch,21,furniture,bench,22,70,1,103502.49,1,27,bench,0
1206162_neurosketch,21,furniture,bench,22,71,1,103502.49,1,27,bench,0
1206162_neurosketch,21,furniture,bench,22,72,1,103502.49,1,27,bench,0
1206162_neurosketch,21,furniture,table,23,73,1,109502.52,1,28,table,1
1206162_neurosketch,21,furniture,table,23,74,1,109502.52,1,28,table,0
1206162_neurosketch,21,furniture,table,23,75,1,109502.52,1,28,table,0
1206162_neurosketch,21,furniture,chair,24,76,0,114001.96,1,22,chair,1
1206162_neurosketch,21,furniture,chair,24,77,0,114001.96,1,22,chair,0
1206162_neurosketch,21,furniture,chair,24,78,0,114001.96,1,22,chair,0
1206162_neurosketch,21,furniture,bench,25,79,1,118502.82,1,30,bench,1
1206162_neurosketch,21,furniture,bench,25,80,1,118502.82,1,30,bench,0
1206162_neurosketch,21,furniture,bench,25,81,1,118502.82,1,30,bench,0
1206162_neurosketch,21,furniture,table,26,82,1,123002.79,1,8,table,1
1206162_neurosketch,21,furniture,table,26,83,1,123002.79,1,8,table,0
1206162_neurosketch,21,furniture,table,26,84,1,123002.79,1,8,table,0
1206162_neurosketch,21,furniture,bed,27,85,0,127502.84,1,9,bed,1
1206162_neurosketch,21,furniture,bed,27,86,0,127502.84,1,9,bed,0
1206162_neurosketch,21,furniture,bed,27,87,0,127502.84,1,9,bed,0
1206162_neurosketch,21,furniture,bench,28,88,1,132002.7,1,10,bench,1
1206162_neurosketch,21,furniture,bench,28,89,1,132002.7,1,10,bench,0
1206162_neurosketch,21,2,chair,29,90,0,135002.68,1,35,chair,1
1206162_neurosketch,21,2,chair,29,91,0,135002.68,1,35,chair,0
1206162_neurosketch,21,2,chair,29,92,0,135002.68,1,35,chair,0
1206162_neurosketch,21,2,chair,29,93,0,135002.68,1,35,chair,0
1206162_neurosketch,21,furniture,table,30,94,1,141002.51,1,38,table,1
1206162_neurosketch,21,furniture,table,30,95,1,141002.51,1,38,table,0
1206162_neurosketch,21,furniture,table,30,96,1,141002.51,1,38,table,0
1206162_neurosketch,21,furniture,bed,31,97,0,145503.48,1,24,bed,1
1206162_neurosketch,21,furniture,bed,31,98,0,145503.48,1,24,bed,0
1206162_neurosketch,21,furniture,bench,32,99,1,148501.98,1,39,bench,1
1206162_neurosketch,21,furniture,bench,32,100,1,148501.98,1,39,bench,0
1206162_neurosketch,21,furniture,bench,32,101,1,148501.98,1,39,bench,0
1206162_neurosketch,21,furniture,bed,33,102,0,153002.6,1,39,bed,1
1206162_neurosketch,21,furniture,bed,33,103,0,153002.6,1,39,bed,0
1206162_neurosketch,21,furniture,bed,33,104,0,153002.6,1,39,bed,0
1206162_neurosketch,21,furniture,chair,34,105,0,157502.93,1,16,chair,1
1206162_neurosketch,21,furniture,chair,34,106,0,157502.93,1,16,chair,0
1206162_neurosketch,21,furniture,chair,34,107,0,157502.93,1,16,chair,0
1206162_neurosketch,21,furniture,chair,34,108,0,157502.93,1,16,chair,0
1206162_neurosketch,21,furniture,table,35,109,1,163502.74,1,37,table,1
1206162_neurosketch,21,furniture,table,35,110,1,163502.74,1,37,table,0
1206162_neurosketch,21,furniture,table,35,111,1,163502.74,1,37,table,0
1206162_neurosketch,21,furniture,bed,36,112,0,168004.32,1,19,bed,1
1206162_neurosketch,21,furniture,bed,36,113,0,168004.32,1,19,bed,0
1206162_neurosketch,21,furniture,bed,36,114,0,168004.32,1,19,bed,0
1206162_neurosketch,21,furniture,table,37,115,1,172503.05,1,35,table,1
1206162_neurosketch,21,furniture,table,37,116,1,172503.05,1,35,table,0
1206162_neurosketch,21,furniture,table,37,117,1,172503.05,1,35,table,0
1206162_neurosketch,21,furniture,chair,38,118,0,177002.94,1,0,chair,1
1206162_neurosketch,21,furniture,chair,38,119,0,177002.94,1,0,chair,0
1206162_neurosketch,21,2,bench,39,120,1,180002.93,1,7,bench,1
1206162_neurosketch,21,2,bench,39,121,1,180002.93,1,7,bench,0
1206162_neurosketch,21,2,bench,39,122,1,180002.93,1,7,bench,0
1206162_neurosketch,21,furniture,bed,40,123,0,184135.13,1,31,bed,1
1206162_neurosketch,21,furniture,bed,40,124,0,184135.13,1,31,bed,0
1206162_neurosketch,21,furniture,table,41,125,1,187502.8,1,19,table,1
1206162_neurosketch,21,furniture,table,41,126,1,187502.8,1,19,table,0
1206162_neurosketch,21,furniture,chair,42,127,0,190502.99,1,15,chair,1
1206162_neurosketch,21,furniture,chair,42,128,0,190502.99,1,15,chair,0
1206162_neurosketch,21,furniture,chair,42,129,0,190502.99,1,15,chair,0
1206162_neurosketch,21,furniture,bench,43,130,1,195003.07,1,17,bench,1
1206162_neurosketch,21,furniture,bench,43,131,1,195003.07,1,17,bench,0
1206162_neurosketch,21,furniture,bench,43,132,1,195003.07,1,17,bench,0
1206162_neurosketch,21,furniture,bench,43,133,1,195003.07,1,17,bench,0
1206162_neurosketch,21,furniture,bed,44,134,0,201002.37,1,7,bed,1
1206162_neurosketch,21,furniture,bed,44,135,0,201002.37,1,7,bed,0
1206162_neurosketch,21,furniture,bed,44,136,0,201002.37,1,7,bed,0
1206162_neurosketch,21,furniture,bench,45,137,1,205503.08,1,14,bench,1
1206162_neurosketch,21,furniture,bench,45,138,1,205503.08,1,14,bench,0
1206162_neurosketch,21,furniture,chair,46,139,0,208502.9,1,26,chair,1
1206162_neurosketch,21,furniture,chair,46,140,0,208502.9,1,26,chair,0
1206162_neurosketch,21,furniture,chair,46,141,0,208502.9,1,26,chair,0
1206162_neurosketch,21,furniture,chair,46,142,0,208502.9,1,26,chair,0
1206162_neurosketch,21,furniture,table,47,143,1,214502.66,1,0,table,1
1206162_neurosketch,21,furniture,table,47,144,1,214502.66,1,0,table,0
1206162_neurosketch,21,furniture,table,48,145,1,217503.03,1,3,table,1
1206162_neurosketch,21,furniture,table,48,146,1,217503.03,1,3,table,0
1206162_neurosketch,21,2,bench,49,147,1,220502.82,1,24,bench,1
1206162_neurosketch,21,2,bench,49,148,1,220502.82,1,24,bench,0
1206162_neurosketch,21,furniture,bed,50,149,0,223502.42,1,25,bed,1
1206162_neurosketch,21,furniture,bed,50,150,0,223502.42,1,25,bed,0
1206162_neurosketch,21,furniture,chair,51,151,0,226502.87,1,38,chair,1
1206162_neurosketch,21,furniture,chair,51,152,0,226502.87,1,38,chair,0
1206162_neurosketch,21,furniture,chair,51,153,0,226502.87,1,38,chair,0
1206162_neurosketch,21,furniture,chair,51,154,0,226502.87,1,38,chair,0
1206162_neurosketch,21,furniture,bed,52,155,0,232503.27,1,15,bed,1
1206162_neurosketch,21,furniture,bed,52,156,0,232503.27,1,15,bed,0
1206162_neurosketch,21,furniture,bench,53,157,1,235502.85,1,11,bench,1
1206162_neurosketch,21,furniture,bench,53,158,1,235502.85,1,11,bench,0
1206162_neurosketch,21,furniture,table,54,159,1,238502.7,1,9,table,1
1206162_neurosketch,21,furniture,table,54,160,1,238502.7,1,9,table,0
1206162_neurosketch,21,furniture,table,54,161,1,238502.7,1,9,table,0
1206162_neurosketch,21,furniture,table,54,162,1,238502.7,1,9,table,0
1206162_neurosketch,21,furniture,chair,55,163,0,244502.24,1,19,chair,1
1206162_neurosketch,21,furniture,chair,55,164,0,244502.24,1,19,chair,0
1206162_neurosketch,21,furniture,chair,55,165,0,244502.24,1,19,chair,0
1206162_neurosketch,21,furniture,bed,56,166,0,249002.29,1,5,bed,1
1206162_neurosketch,21,furniture,bed,56,167,0,249002.29,1,5,bed,0
1206162_neurosketch,21,furniture,bed,56,168,0,249002.29,1,5,bed,0
1206162_neurosketch,21,furniture,bed,56,169,0,249002.29,1,5,bed,0
1206162_neurosketch,21,furniture,bench,57,170,1,255004.46,1,36,bench,1
1206162_neurosketch,21,furniture,bench,57,171,1,255004.46,1,36,bench,0
1206162_neurosketch,21,furniture,table,58,172,1,258002.51,1,36,table,1
1206162_neurosketch,21,furniture,table,58,173,1,258002.51,1,36,table,0
1206162_neurosketch,21,2,chair,59,174,0,261002.31,1,11,chair,1
1206162_neurosketch,21,2,chair,59,175,0,261002.31,1,11,chair,0
1206162_neurosketch,21,furniture,bench,60,176,1,264002.86,1,6,bench,1
1206162_neurosketch,21,furniture,bench,60,177,1,264002.86,1,6,bench,0
1206162_neurosketch,21,furniture,chair,61,178,0,267001.75,1,3,chair,1
1206162_neurosketch,21,furniture,chair,61,179,0,267001.75,1,3,chair,0
1206162_neurosketch,21,furniture,chair,61,180,0,267001.75,1,3,chair,0
1206162_neurosketch,21,furniture,table,62,181,1,271501.17,1,7,table,1
1206162_neurosketch,21,furniture,table,62,182,1,271501.17,1,7,table,0
1206162_neurosketch,21,furniture,table,62,183,1,271501.17,1,7,table,0
1206162_neurosketch,21,furniture,table,62,184,1,271501.17,1,7,table,0
1206162_neurosketch,21,furniture,bed,63,185,0,277502.96,1,4,bed,1
1206162_neurosketch,21,furniture,bed,63,186,0,277502.96,1,4,bed,0
1206162_neurosketch,21,furniture,bed,63,187,0,277502.96,1,4,bed,0
1206162_neurosketch,21,furniture,bench,64,188,1,282003.01,1,37,bench,1
1206162_neurosketch,21,furniture,bench,64,189,1,282003.01,1,37,bench,0
1206162_neurosketch,21,furniture,bench,64,190,1,282003.01,1,37,bench,0
1206162_neurosketch,21,furniture,bed,65,191,0,286504.36,1,37,bed,1
1206162_neurosketch,21,furniture,bed,65,192,0,286504.36,1,37,bed,0
1206162_neurosketch,21,furniture,bed,65,193,0,286504.36,1,37,bed,0
1206162_neurosketch,21,furniture,chair,66,194,0,291003.62,1,12,chair,1
1206162_neurosketch,21,furniture,chair,66,195,0,291003.62,1,12,chair,0
1206162_neurosketch,21,furniture,chair,66,196,0,291003.62,1,12,chair,0
1206162_neurosketch,21,furniture,table,67,197,1,295502.59,1,32,table,1
1206162_neurosketch,21,furniture,table,67,198,1,295502.59,1,32,table,0
1206162_neurosketch,21,furniture,table,67,199,1,295502.59,1,32,table,0
1206162_neurosketch,21,furniture,chair,68,200,0,300003.64,1,21,chair,1
1206162_neurosketch,21,furniture,chair,68,201,0,300003.64,1,21,chair,0
1206162_neurosketch,21,2,bed,69,202,0,303002.75,1,13,bed,1
1206162_neurosketch,21,2,bed,69,203,0,303002.75,1,13,bed,0
1206162_neurosketch,21,2,bed,69,204,0,303002.75,1,13,bed,0
1206162_neurosketch,21,2,bed,69,205,0,303002.75,1,13,bed,0
1206162_neurosketch,21,furniture,bench,70,206,1,309003.23,1,34,bench,1
1206162_neurosketch,21,furniture,bench,70,207,1,309003.23,1,34,bench,0
1206162_neurosketch,21,furniture,bench,70,208,1,309003.23,1,34,bench,0
1206162_neurosketch,21,furniture,table,71,209,1,313503.07,1,16,table,1
1206162_neurosketch,21,furniture,table,71,210,1,313503.07,1,16,table,0
1206162_neurosketch,21,furniture,bench,72,211,1,316503.49,1,25,bench,1
1206162_neurosketch,21,furniture,bench,72,212,1,316503.49,1,25,bench,0
1206162_neurosketch,21,furniture,bench,72,213,1,316503.49,1,25,bench,0
1206162_neurosketch,21,furniture,chair,73,214,0,321002.55,1,20,chair,1
1206162_neurosketch,21,furniture,chair,73,215,0,321002.55,1,20,chair,0
1206162_neurosketch,21,furniture,chair,73,216,0,321002.55,1,20,chair,0
1206162_neurosketch,21,furniture,table,74,217,1,325502.58,1,5,table,1
1206162_neurosketch,21,furniture,table,74,218,1,325502.58,1,5,table,0
1206162_neurosketch,21,furniture,table,74,219,1,325502.58,1,5,table,0
1206162_neurosketch,21,furniture,table,74,220,1,325502.58,1,5,table,0
1206162_neurosketch,21,furniture,bed,75,221,0,331502.64,1,36,bed,1
1206162_neurosketch,21,furniture,bed,75,222,0,331502.64,1,36,bed,0
1206162_neurosketch,21,furniture,bed,75,223,0,331502.64,1,36,bed,0
1206162_neurosketch,21,furniture,bed,76,224,0,336002.52,1,30,bed,1
1206162_neurosketch,21,furniture,bed,76,225,0,336002.52,1,30,bed,0
1206162_neurosketch,21,furniture,bed,76,226,0,336002.52,1,30,bed,0
1206162_neurosketch,21,furniture,chair,77,227,0,340502.56,1,23,chair,1
1206162_neurosketch,21,furniture,chair,77,228,0,340502.56,1,23,chair,0
1206162_neurosketch,21,furniture,chair,77,229,0,340502.56,1,23,chair,0
1206162_neurosketch,21,furniture,table,78,230,1,345004.39,1,13,table,1
1206162_neurosketch,21,furniture,table,78,231,1,345004.39,1,13,table,0
1206162_neurosketch,21,2,bench,79,232,1,348001.8,1,0,,1
1206162_neurosketch,21,2,bench,79,233,1,348001.8,1,0,,0
1206162_neurosketch,21,2,bench,79,234,1,348001.8,1,0,,0
1206162_neurosketch,21,2,bench,79,235,1,348001.8,1,0,,0
1206162_neurosketch,21,2,bench,79,236,1,348001.8,1,0,,0
1206162_neurosketch,21,2,bench,79,237,1,348001.8,1,0,,0
1206162_neurosketch,21,2,bench,79,238,1,348001.8,1,0,,0
1206162_neurosketch,21,2,bench,79,239,1,348001.8,1,0,,0
1206162_neurosketch,21,furniture,bench,80,0,-1,0.0,2,18,bench,0
1206162_neurosketch,21,furniture,bench,80,1,-1,0.0,2,18,bench,0
1206162_neurosketch,21,furniture,bench,80,2,-1,0.0,2,18,bench,0
1206162_neurosketch,21,furniture,bench,80,3,-1,0.0,2,18,bench,0
1206162_neurosketch,21,furniture,bench,80,4,-1,0.0,2,18,bench,0
1206162_neurosketch,21,furniture,bench,80,5,-1,0.0,2,18,bench,0
1206162_neurosketch,21,furniture,bench,80,6,-1,0.0,2,18,bench,0
1206162_neurosketch,21,furniture,bench,80,7,-1,0.0,2,18,bench,0
1206162_neurosketch,21,furniture,bench,80,8,1,12004.36,2,18,bench,1
1206162_neurosketch,21,furniture,bench,80,9,1,12004.36,2,18,bench,0
1206162_neurosketch,21,furniture,bench,80,10,1,12004.36,2,18,bench,0
1206162_neurosketch,21,furniture,table,81,11,1,16502.43,2,1,table,1
1206162_neurosketch,21,furniture,table,81,12,1,16502.43,2,1,table,0
1206162_neurosketch,21,furniture,bed,82,13,0,19502.77,2,6,bed,1
1206162_neurosketch,21,furniture,bed,82,14,0,19502.77,2,6,bed,0
1206162_neurosketch,21,furniture,bed,82,15,0,19502.77,2,6,bed,0
1206162_neurosketch,21,furniture,chair,83,16,0,24001.71,2,30,chair,1
1206162_neurosketch,21,furniture,chair,83,17,0,24001.71,2,30,chair,0
1206162_neurosketch,21,furniture,chair,83,18,0,24001.71,2,30,chair,0
1206162_neurosketch,21,furniture,chair,83,19,0,24001.71,2,30,chair,0
1206162_neurosketch,21,furniture,table,84,20,1,30002.18,2,23,table,1
1206162_neurosketch,21,furniture,table,84,21,1,30002.18,2,23,table,0
1206162_neurosketch,21,furniture,table,84,22,1,30002.18,2,23,table,0
1206162_neurosketch,21,furniture,bed,85,23,0,34504.04,2,28,bed,1
1206162_neurosketch,21,furniture,bed,85,24,0,34504.04,2,28,bed,0
1206162_neurosketch,21,furniture,bench,86,25,1,37502.78,2,35,bench,1
1206162_neurosketch,21,furniture,bench,86,26,1,37502.78,2,35,bench,0
1206162_neurosketch,21,furniture,bench,86,27,1,37502.78,2,35,bench,0
1206162_neurosketch,21,furniture,bench,86,28,1,37502.78,2,35,bench,0
1206162_neurosketch,21,furniture,chair,87,29,0,43504.7,2,9,chair,1
1206162_neurosketch,21,furniture,chair,87,30,0,43504.7,2,9,chair,0
1206162_neurosketch,21,furniture,bed,88,31,0,46502.5,2,26,bed,1
1206162_neurosketch,21,furniture,bed,88,32,0,46502.5,2,26,bed,0
1206162_neurosketch,21,2,bench,89,33,1,49502.35,2,2,bench,1
1206162_neurosketch,21,2,bench,89,34,1,49502.35,2,2,bench,0
1206162_neurosketch,21,furniture,table,90,35,1,52501.88,2,25,table,1
1206162_neurosketch,21,furniture,table,90,36,1,52501.88,2,25,table,0
1206162_neurosketch,21,furniture,chair,91,37,0,55501.69,2,6,chair,1
1206162_neurosketch,21,furniture,chair,91,38,0,55501.69,2,6,chair,0
1206162_neurosketch,21,furniture,chair,91,39,0,55501.69,2,6,chair,0
1206162_neurosketch,21,furniture,chair,91,40,0,55501.69,2,6,chair,0
1206162_neurosketch,21,furniture,table,92,41,1,61502.63,2,11,table,1
1206162_neurosketch,21,furniture,table,92,42,1,61502.63,2,11,table,0
1206162_neurosketch,21,furniture,bench,93,43,1,64501.26,2,33,bench,1
1206162_neurosketch,21,furniture,bench,93,44,1,64501.26,2,33,bench,0
1206162_neurosketch,21,furniture,bed,94,45,0,67501.56,2,35,bed,1
1206162_neurosketch,21,furniture,bed,94,46,0,67501.56,2,35,bed,0
1206162_neurosketch,21,furniture,bed,94,47,0,67501.56,2,35,bed,0
1206162_neurosketch,21,furniture,bed,94,48,0,67501.56,2,35,bed,0
1206162_neurosketch,21,furniture,chair,95,49,0,73502.23,2,34,chair,1
1206162_neurosketch,21,furniture,chair,95,50,0,73502.23,2,34,chair,0
1206162_neurosketch,21,furniture,chair,95,51,0,73502.23,2,34,chair,0
1206162_neurosketch,21,furniture,bed,96,52,0,78002.9,2,0,bed,1
1206162_neurosketch,21,furniture,bed,96,53,0,78002.9,2,0,bed,0
1206162_neurosketch,21,furniture,bed,96,54,0,78002.9,2,0,bed,0
1206162_neurosketch,21,furniture,bed,96,55,0,78002.9,2,0,bed,0
1206162_neurosketch,21,furniture,table,97,56,1,84002.66,2,24,table,1
1206162_neurosketch,21,furniture,table,97,57,1,84002.66,2,24,table,0
1206162_neurosketch,21,furniture,chair,98,58,0,87002.68,2,31,chair,1
1206162_neurosketch,21,furniture,chair,98,59,0,87002.68,2,31,chair,0
1206162_neurosketch,21,2,bench,99,60,1,90001.75,2,28,bench,1
1206162_neurosketch,21,2,bench,99,61,1,90001.75,2,28,bench,0
1206162_neurosketch,21,furniture,bench,100,62,1,93002.16,2,21,bench,1
1206162_neurosketch,21,furniture,bench,100,63,1,93002.16,2,21,bench,0
1206162_neurosketch,21,furniture,bed,101,64,0,96001.79,2,10,bed,1
1206162_neurosketch,21,furniture,bed,101,65,0,96001.79,2,10,bed,0
1206162_neurosketch,21,furniture,bed,101,66,0,96001.79,2,10,bed,0
1206162_neurosketch,21,furniture,table,102,67,1,100502.57,2,17,table,1
1206162_neurosketch,21,furniture,table,102,68,1,100502.57,2,17,table,0
1206162_neurosketch,21,furniture,table,102,69,1,100502.57,2,17,table,0
1206162_neurosketch,21,furniture,table,102,70,1,100502.57,2,17,table,0
1206162_neurosketch,21,furniture,chair,103,71,0,106502.17,2,25,chair,1
1206162_neurosketch,21,furniture,chair,103,72,0,106502.17,2,25,chair,0
1206162_neurosketch,21,furniture,chair,103,73,0,106502.17,2,25,chair,0
1206162_neurosketch,21,furniture,bed,104,74,0,111002.46,2,14,bed,1
1206162_neurosketch,21,furniture,bed,104,75,0,111002.46,2,14,bed,0
1206162_neurosketch,21,furniture,bed,104,76,0,111002.46,2,14,bed,0
1206162_neurosketch,21,furniture,bench,105,77,1,115502.04,2,32,bench,1
1206162_neurosketch,21,furniture,bench,105,78,1,115502.04,2,32,bench,0
1206162_neurosketch,21,furniture,bench,105,79,1,115502.04,2,32,bench,0
1206162_neurosketch,21,furniture,table,106,80,1,120002.76,2,27,table,1
1206162_neurosketch,21,furniture,table,106,81,1,120002.76,2,27,table,0
1206162_neurosketch,21,furniture,table,106,82,1,120002.76,2,27,table,0
1206162_neurosketch,21,furniture,chair,107,83,0,124502.53,2,2,chair,1
1206162_neurosketch,21,furniture,chair,107,84,0,124502.53,2,2,chair,0
1206162_neurosketch,21,furniture,chair,107,85,0,124502.53,2,2,chair,0
1206162_neurosketch,21,furniture,bed,108,86,0,129002.77,2,21,bed,1
1206162_neurosketch,21,furniture,bed,108,87,0,129002.77,2,21,bed,0
1206162_neurosketch,21,2,chair,109,88,0,132002.42,2,8,chair,1
1206162_neurosketch,21,2,chair,109,89,0,132002.42,2,8,chair,0
1206162_neurosketch,21,2,chair,109,90,0,132002.42,2,8,chair,0
1206162_neurosketch,21,2,chair,109,91,0,132002.42,2,8,chair,0
1206162_neurosketch,21,furniture,bench,110,92,1,138001.81,2,12,bench,1
1206162_neurosketch,21,furniture,bench,110,93,1,138001.81,2,12,bench,0
1206162_neurosketch,21,furniture,bench,110,94,1,138001.81,2,12,bench,0
1206162_neurosketch,21,furniture,table,111,95,1,142501.41,2,15,table,1
1206162_neurosketch,21,furniture,table,111,96,1,142501.41,2,15,table,0
1206162_neurosketch,21,furniture,bed,112,97,0,145502.07,2,20,bed,1
1206162_neurosketch,21,furniture,bed,112,98,0,145502.07,2,20,bed,0
1206162_neurosketch,21,furniture,bed,112,99,0,145502.07,2,20,bed,0
1206162_neurosketch,21,furniture,bench,113,100,1,150002.68,2,20,bench,1
1206162_neurosketch,21,furniture,bench,113,101,1,150002.68,2,20,bench,0
1206162_neurosketch,21,furniture,bench,113,102,1,150002.68,2,20,bench,0
1206162_neurosketch,21,furniture,chair,114,103,0,154501.97,2,24,chair,1
1206162_neurosketch,21,furniture,chair,114,104,0,154501.97,2,24,chair,0
1206162_neurosketch,21,furniture,chair,114,105,0,154501.97,2,24,chair,0
1206162_neurosketch,21,furniture,chair,114,106,0,154501.97,2,24,chair,0
1206162_neurosketch,21,furniture,table,115,107,1,160502.26,2,21,table,1
1206162_neurosketch,21,furniture,table,115,108,1,160502.26,2,21,table,0
1206162_neurosketch,21,furniture,table,115,109,1,160502.26,2,21,table,0
1206162_neurosketch,21,furniture,bed,116,110,0,165002.62,2,16,bed,1
1206162_neurosketch,21,furniture,bed,116,111,0,165002.62,2,16,bed,0
1206162_neurosketch,21,furniture,bed,116,112,0,165002.62,2,16,bed,0
1206162_neurosketch,21,furniture,table,117,113,1,169502.12,2,14,table,1
1206162_neurosketch,21,furniture,table,117,114,1,169502.12,2,14,table,0
1206162_neurosketch,21,furniture,table,117,115,1,169502.12,2,14,table,0
1206162_neurosketch,21,furniture,chair,118,116,0,174002.81,2,37,chair,1
1206162_neurosketch,21,furniture,chair,118,117,0,174002.81,2,37,chair,0
1206162_neurosketch,21,2,bench,119,118,1,177002.45,2,8,bench,1
1206162_neurosketch,21,2,bench,119,119,1,177002.45,2,8,bench,0
1206162_neurosketch,21,furniture,chair,120,120,0,180002.42,2,32,,1
1206162_neurosketch,21,furniture,chair,120,121,0,180002.42,2,32,,0
1206162_neurosketch,21,furniture,chair,120,122,0,180002.42,2,32,,0
1206162_neurosketch,21,furniture,table,121,123,1,184503.02,2,22,table,1
1206162_neurosketch,21,furniture,table,121,124,1,184503.02,2,22,table,0
1206162_neurosketch,21,furniture,bed,122,125,0,187503.06,2,33,bed,1
1206162_neurosketch,21,furniture,bed,122,126,0,187503.06,2,33,bed,0
1206162_neurosketch,21,furniture,bed,122,127,0,187503.06,2,33,bed,0
1206162_neurosketch,21,furniture,bench,123,128,1,192002.24,2,9,bench,1
1206162_neurosketch,21,furniture,bench,123,129,1,192002.24,2,9,bench,0
1206162_neurosketch,21,furniture,bench,123,130,1,192002.24,2,9,bench,0
1206162_neurosketch,21,furniture,bench,123,131,1,192002.24,2,9,bench,0
1206162_neurosketch,21,furniture,bench,124,132,1,198003.17,2,16,bench,1
1206162_neurosketch,21,furniture,bench,124,133,1,198003.17,2,16,bench,0
1206162_neurosketch,21,furniture,bench,124,134,1,198003.17,2,16,bench,0
1206162_neurosketch,21,furniture,bed,125,135,0,202503.02,2,23,bed,1
1206162_neurosketch,21,furniture,bed,125,136,0,202503.02,2,23,bed,0
1206162_neurosketch,21,furniture,chair,126,137,0,205502.62,2,27,chair,1
1206162_neurosketch,21,furniture,chair,126,138,0,205502.62,2,27,chair,0
1206162_neurosketch,21,furniture,chair,126,139,0,205502.62,2,27,chair,0
1206162_neurosketch,21,furniture,chair,126,140,0,205502.62,2,27,chair,0
1206162_neurosketch,21,furniture,table,127,141,1,211503.24,2,4,table,1
1206162_neurosketch,21,furniture,table,127,142,1,211503.24,2,4,table,0
1206162_neurosketch,21,furniture,bench,128,143,1,214502.36,2,23,bench,1
1206162_neurosketch,21,furniture,bench,128,144,1,214502.36,2,23,bench,0
1206162_neurosketch,21,2,chair,129,145,0,217503.06,2,18,chair,1
1206162_neurosketch,21,2,chair,129,146,0,217503.06,2,18,chair,0
1206162_neurosketch,21,furniture,bed,130,147,0,220503.32,2,27,bed,1
1206162_neurosketch,21,furniture,bed,130,148,0,220503.32,2,27,bed,0
1206162_neurosketch,21,furniture,table,131,149,1,223502.65,2,6,table,1
1206162_neurosketch,21,furniture,table,131,150,1,223502.65,2,6,table,0
1206162_neurosketch,21,furniture,table,131,151,1,223502.65,2,6,table,0
1206162_neurosketch,21,furniture,table,131,152,1,223502.65,2,6,table,0
1206162_neurosketch,21,furniture,bench,132,153,1,229502.79,2,22,bench,1
1206162_neurosketch,21,furniture,bench,132,154,1,229502.79,2,22,bench,0
1206162_neurosketch,21,furniture,table,133,155,1,232502.53,2,12,table,1
1206162_neurosketch,21,furniture,table,133,156,1,232502.53,2,12,table,0
1206162_neurosketch,21,furniture,bed,134,157,0,235502.97,2,3,bed,1
1206162_neurosketch,21,furniture,bed,134,158,0,235502.97,2,3,bed,0
1206162_neurosketch,21,furniture,bed,134,159,0,235502.97,2,3,bed,0
1206162_neurosketch,21,furniture,bed,134,160,0,235502.97,2,3,bed,0
1206162_neurosketch,21,furniture,chair,135,161,0,241503.06,2,17,chair,1
1206162_neurosketch,21,furniture,chair,135,162,0,241503.06,2,17,chair,0
1206162_neurosketch,21,furniture,chair,135,163,0,241503.06,2,17,chair,0
1206162_neurosketch,21,furniture,bed,136,164,0,246002.91,2,17,bed,1
1206162_neurosketch,21,furniture,bed,136,165,0,246002.91,2,17,bed,0
1206162_neurosketch,21,furniture,bed,136,166,0,246002.91,2,17,bed,0
1206162_neurosketch,21,furniture,bed,136,167,0,246002.91,2,17,bed,0
1206162_neurosketch,21,furniture,bench,137,168,1,252002.3,2,5,bench,1
1206162_neurosketch,21,furniture,bench,137,169,1,252002.3,2,5,bench,0
1206162_neurosketch,21,furniture,chair,138,170,0,255003.07,2,29,chair,1
1206162_neurosketch,21,furniture,chair,138,171,0,255003.07,2,29,chair,0
1206162_neurosketch,21,2,table,139,172,1,258002.36,2,10,table,1
1206162_neurosketch,21,2,table,139,173,1,258002.36,2,10,table,0
1206162_neurosketch,21,furniture,bed,140,174,0,261003.52,2,8,bed,1
1206162_neurosketch,21,furniture,bed,140,175,0,261003.52,2,8,bed,0
1206162_neurosketch,21,furniture,bench,141,176,1,264002.5,2,26,bench,1
1206162_neurosketch,21,furniture,bench,141,177,1,264002.5,2,26,bench,0
1206162_neurosketch,21,furniture,bench,141,178,1,264002.5,2,26,bench,0
1206162_neurosketch,21,furniture,chair,142,179,0,268504.09,2,1,bed,1
1206162_neurosketch,21,furniture,chair,142,180,0,268504.09,2,1,bed,0
1206162_neurosketch,21,furniture,chair,142,181,0,268504.09,2,1,bed,0
1206162_neurosketch,21,furniture,chair,142,182,0,268504.09,2,1,bed,0
1206162_neurosketch,21,furniture,table,143,183,1,274503.61,2,30,table,1
1206162_neurosketch,21,furniture,table,143,184,1,274503.61,2,30,table,0
1206162_neurosketch,21,furniture,table,143,185,1,274503.61,2,30,table,0
1206162_neurosketch,21,furniture,bench,144,186,1,279002.94,2,31,bench,1
1206162_neurosketch,21,furniture,bench,144,187,1,279002.94,2,31,bench,0
1206162_neurosketch,21,furniture,bench,144,188,1,279002.94,2,31,bench,0
1206162_neurosketch,21,furniture,chair,145,189,0,283502.99,2,33,chair,1
1206162_neurosketch,21,furniture,chair,145,190,0,283502.99,2,33,chair,0
1206162_neurosketch,21,furniture,chair,145,191,0,283502.99,2,33,chair,0
1206162_neurosketch,21,furniture,table,146,192,1,288003.39,2,34,table,1
1206162_neurosketch,21,furniture,table,146,193,1,288003.39,2,34,table,0
1206162_neurosketch,21,furniture,table,146,194,1,288003.39,2,34,table,0
1206162_neurosketch,21,furniture,bed,147,195,0,292505.5,2,34,bed,1
1206162_neurosketch,21,furniture,bed,147,196,0,292505.5,2,34,bed,0
1206162_neurosketch,21,furniture,bed,147,197,0,292505.5,2,34,bed,0
1206162_neurosketch,21,furniture,bench,148,198,1,297002.77,2,15,bench,1
1206162_neurosketch,21,furniture,bench,148,199,1,297002.77,2,15,bench,0
1206162_neurosketch,21,2,table,149,200,1,300003.36,2,2,bench,1
1206162_neurosketch,21,2,table,149,201,1,300003.36,2,2,bench,0
1206162_neurosketch,21,2,table,149,202,1,300003.36,2,2,bench,0
1206162_neurosketch,21,2,table,149,203,1,300003.36,2,2,bench,0
1206162_neurosketch,21,furniture,bed,150,204,0,306002.71,2,1,bed,1
1206162_neurosketch,21,furniture,bed,150,205,0,306002.71,2,1,bed,0
1206162_neurosketch,21,furniture,bed,150,206,0,306002.71,2,1,bed,0
1206162_neurosketch,21,furniture,chair,151,207,0,310501.38,2,28,chair,1
1206162_neurosketch,21,furniture,chair,151,208,0,310501.38,2,28,chair,0
1206162_neurosketch,21,furniture,bench,152,209,1,313502.47,2,3,bench,1
1206162_neurosketch,21,furniture,bench,152,210,1,313502.47,2,3,bench,0
1206162_neurosketch,21,furniture,bench,152,211,1,313502.47,2,3,bench,0
1206162_neurosketch,21,furniture,table,153,212,1,318002.33,2,29,table,1
1206162_neurosketch,21,furniture,table,153,213,1,318002.33,2,29,table,0
1206162_neurosketch,21,furniture,table,153,214,1,318002.33,2,29,table,0
1206162_neurosketch,21,furniture,chair,154,215,0,322503.26,2,5,chair,1
1206162_neurosketch,21,furniture,chair,154,216,0,322503.26,2,5,chair,0
1206162_neurosketch,21,furniture,chair,154,217,0,322503.26,2,5,chair,0
1206162_neurosketch,21,furniture,chair,154,218,0,322503.26,2,5,chair,0
1206162_neurosketch,21,furniture,bed,155,219,0,328502.48,2,22,bed,1
1206162_neurosketch,21,furniture,bed,155,220,0,328502.48,2,22,bed,0
1206162_neurosketch,21,furniture,bed,155,221,0,328502.48,2,22,bed,0
1206162_neurosketch,21,furniture,bed,156,222,0,333002.84,2,18,bed,1
1206162_neurosketch,21,furniture,bed,156,223,0,333002.84,2,18,bed,0
1206162_neurosketch,21,furniture,bed,156,224,0,333002.84,2,18,bed,0
1206162_neurosketch,21,furniture,bench,157,225,1,337502.72,2,29,bench,1
1206162_neurosketch,21,furniture,bench,157,226,1,337502.72,2,29,bench,0
1206162_neurosketch,21,furniture,bench,157,227,1,337502.72,2,29,bench,0
1206162_neurosketch,21,furniture,chair,158,228,0,342002.98,2,4,chair,1
1206162_neurosketch,21,furniture,chair,158,229,0,342002.98,2,4,chair,0
1206162_neurosketch,21,2,table,159,230,1,345003.03,2,18,table,1
1206162_neurosketch,21,2,table,159,231,1,345003.03,2,18,table,0
1206162_neurosketch,21,2,table,159,232,1,345003.03,2,18,table,0
1206162_neurosketch,21,2,table,159,233,1,345003.03,2,18,table,0
1206162_neurosketch,21,2,table,159,234,1,345003.03,2,18,table,0
1206162_neurosketch,21,2,table,159,235,1,345003.03,2,18,table,0
1206162_neurosketch,21,2,table,159,236,1,345003.03,2,18,table,0
1206162_neurosketch,21,2,table,159,237,1,345003.03,2,18,table,0
1206162_neurosketch,21,2,table,159,238,1,345003.03,2,18,table,0
1206162_neurosketch,21,2,table,159,239,1,345003.03,2,18,table,0
1206162_neurosketch,21,furniture,table,160,0,-1,0.0,3,18,table,0
1206162_neurosketch,21,furniture,table,160,1,-1,0.0,3,18,table,0
1206162_neurosketch,21,furniture,table,160,2,-1,0.0,3,18,table,0
1206162_neurosketch,21,furniture,table,160,3,-1,0.0,3,18,table,0
1206162_neurosketch,21,furniture,table,160,4,-1,0.0,3,18,table,0
1206162_neurosketch,21,furniture,table,160,5,-1,0.0,3,18,table,0
1206162_neurosketch,21,furniture,table,160,6,-1,0.0,3,18,table,0
1206162_neurosketch,21,furniture,table,160,7,-1,0.0,3,18,table,0
1206162_neurosketch,21,furniture,table,160,8,1,12001.68,3,18,table,1
1206162_neurosketch,21,furniture,table,160,9,1,12001.68,3,18,table,0
1206162_neurosketch,21,furniture,table,160,10,1,12001.68,3,18,table,0
1206162_neurosketch,21,furniture,chair,161,11,0,16501.36,3,4,chair,1
1206162_neurosketch,21,furniture,chair,161,12,0,16501.36,3,4,chair,0
1206162_neurosketch,21,furniture,bench,162,13,1,19501.57,3,29,bench,1
1206162_neurosketch,21,furniture,bench,162,14,1,19501.57,3,29,bench,0
1206162_neurosketch,21,furniture,bench,162,15,1,19501.57,3,29,bench,0
1206162_neurosketch,21,furniture,bed,163,16,0,24001.85,3,18,bed,1
1206162_neurosketch,21,furniture,bed,163,17,0,24001.85,3,18,bed,0
1206162_neurosketch,21,furniture,bed,163,18,0,24001.85,3,18,bed,0
1206162_neurosketch,21,furniture,bed,163,19,0,24001.85,3,18,bed,0
1206162_neurosketch,21,furniture,bed,164,20,0,30002.1,3,22,bed,1
1206162_neurosketch,21,furniture,bed,164,21,0,30002.1,3,22,bed,0
1206162_neurosketch,21,furniture,bed,164,22,0,30002.1,3,22,bed,0
1206162_neurosketch,21,furniture,chair,165,23,0,34502.37,3,5,chair,1
1206162_neurosketch,21,furniture,chair,165,24,0,34502.37,3,5,chair,0
1206162_neurosketch,21,furniture,table,166,25,1,37502.21,3,29,table,1
1206162_neurosketch,21,furniture,table,166,26,1,37502.21,3,29,table,0
1206162_neurosketch,21,furniture,table,166,27,1,37502.21,3,29,table,0
1206162_neurosketch,21,furniture,table,166,28,1,37502.21,3,29,table,0
1206162_neurosketch,21,furniture,bench,167,29,1,43501.43,3,3,bench,1
1206162_neurosketch,21,furniture,bench,167,30,1,43501.43,3,3,bench,0
1206162_neurosketch,21,furniture,chair,168,31,0,46502.3,3,28,chair,1
1206162_neurosketch,21,furniture,chair,168,32,0,46502.3,3,28,chair,0
1206162_neurosketch,21,2,bed,169,33,0,49502.5,3,1,bed,1
1206162_neurosketch,21,2,bed,169,34,0,49502.5,3,1,bed,0
1206162_neurosketch,21,furniture,table,170,35,1,52502.42,3,2,table,1
1206162_neurosketch,21,furniture,table,170,36,1,52502.42,3,2,table,0
1206162_neurosketch,21,furniture,bench,171,37,1,55502.7,3,15,bench,1
1206162_neurosketch,21,furniture,bench,171,38,1,55502.7,3,15,bench,0
1206162_neurosketch,21,furniture,bench,171,39,1,55502.7,3,15,bench,0
1206162_neurosketch,21,furniture,bench,171,40,1,55502.7,3,15,bench,0
1206162_neurosketch,21,furniture,bed,172,41,0,61502.09,3,34,bed,1
1206162_neurosketch,21,furniture,bed,172,42,0,61502.09,3,34,bed,0
1206162_neurosketch,21,furniture,table,173,43,1,64501.8,3,34,table,1
1206162_neurosketch,21,furniture,table,173,44,1,64501.8,3,34,table,0
1206162_neurosketch,21,furniture,chair,174,45,0,67502.22,3,33,chair,1
1206162_neurosketch,21,furniture,chair,174,46,0,67502.22,3,33,chair,0
1206162_neurosketch,21,furniture,chair,174,47,0,67502.22,3,33,chair,0
1206162_neurosketch,21,furniture,chair,174,48,0,67502.22,3,33,chair,0
1206162_neurosketch,21,furniture,bench,175,49,1,73502.65,3,31,bench,1
1206162_neurosketch,21,furniture,bench,175,50,1,73502.65,3,31,bench,0
1206162_neurosketch,21,furniture,bench,175,51,1,73502.65,3,31,bench,0
1206162_neurosketch,21,furniture,table,176,52,1,78002.18,3,30,table,1
1206162_neurosketch,21,furniture,table,176,53,1,78002.18,3,30,table,0
1206162_neurosketch,21,furniture,table,176,54,1,78002.18,3,30,table,0
1206162_neurosketch,21,furniture,table,176,55,1,78002.18,3,30,table,0
1206162_neurosketch,21,furniture,chair,177,56,0,84002.57,3,1,chair,1
1206162_neurosketch,21,furniture,chair,177,57,0,84002.57,3,1,chair,0
1206162_neurosketch,21,furniture,bench,178,58,1,87002.15,3,26,bench,1
1206162_neurosketch,21,furniture,bench,178,59,1,87002.15,3,26,bench,0
1206162_neurosketch,21,2,bed,179,60,0,90002.52,3,8,bed,1
1206162_neurosketch,21,2,bed,179,61,0,90002.52,3,8,bed,0
1206162_neurosketch,21,furniture,table,180,62,1,93001.94,3,10,table,1
1206162_neurosketch,21,furniture,table,180,63,1,93001.94,3,10,table,0
1206162_neurosketch,21,furniture,chair,181,64,0,96002.16,3,29,chair,1
1206162_neurosketch,21,furniture,chair,181,65,0,96002.16,3,29,chair,0
1206162_neurosketch,21,furniture,chair,181,66,0,96002.16,3,29,chair,0
1206162_neurosketch,21,furniture,bench,182,67,1,100502.08,3,5,bench,1
1206162_neurosketch,21,furniture,bench,182,68,1,100502.08,3,5,bench,0
1206162_neurosketch,21,furniture,bench,182,69,1,100502.08,3,5,bench,0
1206162_neurosketch,21,furniture,bench,182,70,1,100502.08,3,5,bench,0
1206162_neurosketch,21,furniture,bed,183,71,0,106502.36,3,17,bed,1
1206162_neurosketch,21,furniture,bed,183,72,0,106502.36,3,17,bed,0
1206162_neurosketch,21,furniture,bed,183,73,0,106502.36,3,17,bed,0
1206162_neurosketch,21,furniture,chair,184,74,0,111002.04,3,17,chair,1
1206162_neurosketch,21,furniture,chair,184,75,0,111002.04,3,17,chair,0
1206162_neurosketch,21,furniture,chair,184,76,0,111002.04,3,17,chair,0
1206162_neurosketch,21,furniture,bed,185,77,0,115501.97,3,3,bed,1
1206162_neurosketch,21,furniture,bed,185,78,0,115501.97,3,3,bed,0
1206162_neurosketch,21,furniture,bed,185,79,0,115501.97,3,3,bed,0
1206162_neurosketch,21,furniture,table,186,80,1,120001.52,3,12,table,1
1206162_neurosketch,21,furniture,table,186,81,1,120001.52,3,12,table,0
1206162_neurosketch,21,furniture,table,186,82,1,120001.52,3,12,table,0
1206162_neurosketch,21,furniture,bench,187,83,1,124502.43,3,22,bench,1
1206162_neurosketch,21,furniture,bench,187,84,1,124502.43,3,22,bench,0
1206162_neurosketch,21,furniture,bench,187,85,1,124502.43,3,22,bench,0
1206162_neurosketch,21,furniture,table,188,86,1,129003.08,3,6,table,1
1206162_neurosketch,21,furniture,table,188,87,1,129003.08,3,6,table,0
1206162_neurosketch,21,2,bed,189,88,0,132002.72,3,27,bed,1
1206162_neurosketch,21,2,bed,189,89,0,132002.72,3,27,bed,0
1206162_neurosketch,21,2,bed,189,90,0,132002.72,3,27,bed,0
1206162_neurosketch,21,2,bed,189,91,0,132002.72,3,27,bed,0
1206162_neurosketch,21,furniture,chair,190,92,0,138003.08,3,18,chair,1
1206162_neurosketch,21,furniture,chair,190,93,0,138003.08,3,18,chair,0
1206162_neurosketch,21,furniture,chair,190,94,0,138003.08,3,18,chair,0
1206162_neurosketch,21,furniture,bench,191,95,1,142502.36,3,23,bench,1
1206162_neurosketch,21,furniture,bench,191,96,1,142502.36,3,23,bench,0
1206162_neurosketch,21,furniture,table,192,97,1,145502.77,3,4,table,1
1206162_neurosketch,21,furniture,table,192,98,1,145502.77,3,4,table,0
1206162_neurosketch,21,furniture,table,192,99,1,145502.77,3,4,table,0
1206162_neurosketch,21,furniture,chair,193,100,0,150002.56,3,27,chair,1
1206162_neurosketch,21,furniture,chair,193,101,0,150002.56,3,27,chair,0
1206162_neurosketch,21,furniture,chair,193,102,0,150002.56,3,27,chair,0
1206162_neurosketch,21,furniture,bed,194,103,0,154502.25,3,23,bed,1
1206162_neurosketch,21,furniture,bed,194,104,0,154502.25,3,23,bed,0
1206162_neurosketch,21,furniture,bed,194,105,0,154502.25,3,23,bed,0
1206162_neurosketch,21,furniture,bed,194,106,0,154502.25,3,23,bed,0
1206162_neurosketch,21,furniture,bench,195,107,1,160502.46,3,16,bench,1
1206162_neurosketch,21,furniture,bench,195,108,1,160502.46,3,16,bench,0
1206162_neurosketch,21,furniture,bench,195,109,1,160502.46,3,16,bench,0
1206162_neurosketch,21,furniture,bench,196,110,1,165002.7,3,9,bench,1
1206162_neurosketch,21,furniture,bench,196,111,1,165002.7,3,9,bench,0
1206162_neurosketch,21,furniture,bench,196,112,1,165002.7,3,9,bench,0
1206162_neurosketch,21,furniture,bed,197,113,0,169502.66,3,33,bed,1
1206162_neurosketch,21,furniture,bed,197,114,0,169502.66,3,33,bed,0
1206162_neurosketch,21,furniture,bed,197,115,0,169502.66,3,33,bed,0
1206162_neurosketch,21,furniture,table,198,116,1,174002.88,3,22,table,1
1206162_neurosketch,21,furniture,table,198,117,1,174002.88,3,22,table,0
1206162_neurosketch,21,2,chair,199,118,0,177002.88,3,32,chair,1
1206162_neurosketch,21,2,chair,199,119,0,177002.88,3,32,chair,0
1206162_neurosketch,21,furniture,bench,200,120,1,180003.01,3,8,bench,1
1206162_neurosketch,21,furniture,bench,200,121,1,180003.01,3,8,bench,0
1206162_neurosketch,21,furniture,bench,200,122,1,180003.01,3,8,bench,0
1206162_neurosketch,21,furniture,chair,201,123,0,184503.03,3,37,chair,1
1206162_neurosketch,21,furniture,chair,201,124,0,184503.03,3,37,chair,0
1206162_neurosketch,21,furniture,table,202,125,1,187502.51,3,14,table,1
1206162_neurosketch,21,furniture,table,202,126,1,187502.51,3,14,table,0
1206162_neurosketch,21,furniture,table,202,127,1,187502.51,3,14,table,0
1206162_neurosketch,21,furniture,bed,203,128,0,192003.62,3,16,bed,1
1206162_neurosketch,21,furniture,bed,203,129,0,192003.62,3,16,bed,0
1206162_neurosketch,21,furniture,bed,203,130,0,192003.62,3,16,bed,0
1206162_neurosketch,21,furniture,bed,203,131,0,192003.62,3,16,bed,0
1206162_neurosketch,21,furniture,table,204,132,1,198002.59,3,21,table,1
1206162_neurosketch,21,furniture,table,204,133,1,198002.59,3,21,table,0
1206162_neurosketch,21,furniture,table,204,134,1,198002.59,3,21,table,0
1206162_neurosketch,21,furniture,chair,205,135,0,202502.22,3,24,chair,1
1206162_neurosketch,21,furniture,chair,205,136,0,202502.22,3,24,chair,0
1206162_neurosketch,21,furniture,bench,206,137,1,205502.5,3,20,bench,1
1206162_neurosketch,21,furniture,bench,206,138,1,205502.5,3,20,bench,0
1206162_neurosketch,21,furniture,bench,206,139,1,205502.5,3,20,bench,0
1206162_neurosketch,21,furniture,bench,206,140,1,205502.5,3,20,bench,0
1206162_neurosketch,21,furniture,bed,207,141,0,211503.02,3,20,bed,1
1206162_neurosketch,21,furniture,bed,207,142,0,211503.02,3,20,bed,0
1206162_neurosketch,21,furniture,table,208,143,1,214502.25,3,15,table,1
1206162_neurosketch,21,furniture,table,208,144,1,214502.25,3,15,table,0
1206162_neurosketch,21,2,bench,209,145,1,217503.05,3,12,bench,1
1206162_neurosketch,21,2,bench,209,146,1,217503.05,3,12,bench,0
1206162_neurosketch,21,furniture,chair,210,147,0,220502.38,3,8,chair,1
1206162_neurosketch,21,furniture,chair,210,148,0,220502.38,3,8,chair,0
1206162_neurosketch,21,furniture,bed,211,149,0,223503.38,3,21,bed,1
1206162_neurosketch,21,furniture,bed,211,150,0,223503.38,3,21,bed,0
1206162_neurosketch,21,furniture,bed,211,151,0,223503.38,3,21,bed,0
1206162_neurosketch,21,furniture,bed,211,152,0,223503.38,3,21,bed,0
1206162_neurosketch,21,furniture,chair,212,153,0,229502.93,3,2,chair,1
1206162_neurosketch,21,furniture,chair,212,154,0,229502.93,3,2,chair,0
1206162_neurosketch,21,furniture,table,213,155,1,232502.81,3,27,table,1
1206162_neurosketch,21,furniture,table,213,156,1,232502.81,3,27,table,0
1206162_neurosketch,21,furniture,bench,214,157,1,235503.04,3,32,bench,1
1206162_neurosketch,21,furniture,bench,214,158,1,235503.04,3,32,bench,0
1206162_neurosketch,21,furniture,bench,214,159,1,235503.04,3,32,bench,0
1206162_neurosketch,21,furniture,bench,214,160,1,235503.04,3,32,bench,0
1206162_neurosketch,21,furniture,bed,215,161,0,241503.28,3,14,bed,1
1206162_neurosketch,21,furniture,bed,215,162,0,241503.28,3,14,bed,0
1206162_neurosketch,21,furniture,bed,215,163,0,241503.28,3,14,bed,0
1206162_neurosketch,21,furniture,chair,216,164,0,246002.19,3,25,chair,1
1206162_neurosketch,21,furniture,chair,216,165,0,246002.19,3,25,chair,0
1206162_neurosketch,21,furniture,chair,216,166,0,246002.19,3,25,chair,0
1206162_neurosketch,21,furniture,chair,216,167,0,246002.19,3,25,chair,0
1206162_neurosketch,21,furniture,table,217,168,1,252002.46,3,17,table,1
1206162_neurosketch,21,furniture,table,217,169,1,252002.46,3,17,table,0
1206162_neurosketch,21,furniture,bed,218,170,0,255002.69,3,10,bed,1
1206162_neurosketch,21,furniture,bed,218,171,0,255002.69,3,10,bed,0
1206162_neurosketch,21,2,bench,219,172,1,258002.69,3,21,table,1
1206162_neurosketch,21,2,bench,219,173,1,258002.69,3,21,table,0
1206162_neurosketch,21,furniture,bench,220,174,1,261002.84,3,28,bench,1
1206162_neurosketch,21,furniture,bench,220,175,1,261002.84,3,28,bench,0
1206162_neurosketch,21,furniture,chair,221,176,0,264003.46,3,31,chair,1
1206162_neurosketch,21,furniture,chair,221,177,0,264003.46,3,31,chair,0
1206162_neurosketch,21,furniture,chair,221,178,0,264003.46,3,31,chair,0
1206162_neurosketch,21,furniture,table,222,179,1,268502.88,3,24,table,1
1206162_neurosketch,21,furniture,table,222,180,1,268502.88,3,24,table,0
1206162_neurosketch,21,furniture,table,222,181,1,268502.88,3,24,table,0
1206162_neurosketch,21,furniture,table,222,182,1,268502.88,3,24,table,0
1206162_neurosketch,21,furniture,bed,223,183,0,274502.29,3,0,,1
1206162_neurosketch,21,furniture,bed,223,184,0,274502.29,3,0,,0
1206162_neurosketch,21,furniture,bed,223,185,0,274502.29,3,0,,0
1206162_neurosketch,21,furniture,chair,224,186,0,279002.38,3,34,chair,1
1206162_neurosketch,21,furniture,chair,224,187,0,279002.38,3,34,chair,0
1206162_neurosketch,21,furniture,chair,224,188,0,279002.38,3,34,chair,0
1206162_neurosketch,21,furniture,bed,225,189,0,283503.12,3,35,bed,1
1206162_neurosketch,21,furniture,bed,225,190,0,283503.12,3,35,bed,0
1206162_neurosketch,21,furniture,bed,225,191,0,283503.12,3,35,bed,0
1206162_neurosketch,21,furniture,bench,226,192,1,288002.29,3,33,bench,1
1206162_neurosketch,21,furniture,bench,226,193,1,288002.29,3,33,bench,0
1206162_neurosketch,21,furniture,bench,226,194,1,288002.29,3,33,bench,0
1206162_neurosketch,21,furniture,table,227,195,1,292502.57,3,11,table,1
1206162_neurosketch,21,furniture,table,227,196,1,292502.57,3,11,table,0
1206162_neurosketch,21,furniture,table,227,197,1,292502.57,3,11,table,0
1206162_neurosketch,21,furniture,chair,228,198,0,297002.86,3,6,chair,1
1206162_neurosketch,21,furniture,chair,228,199,0,297002.86,3,6,chair,0
1206162_neurosketch,21,2,table,229,200,1,300003.23,3,25,table,1
1206162_neurosketch,21,2,table,229,201,1,300003.23,3,25,table,0
1206162_neurosketch,21,2,table,229,202,1,300003.23,3,25,table,0
1206162_neurosketch,21,2,table,229,203,1,300003.23,3,25,table,0
1206162_neurosketch,21,furniture,bench,230,204,1,306002.83,3,2,bench,1
1206162_neurosketch,21,furniture,bench,230,205,1,306002.83,3,2,bench,0
1206162_neurosketch,21,furniture,bench,230,206,1,306002.83,3,2,bench,0
1206162_neurosketch,21,furniture,bed,231,207,0,310502.24,3,26,bed,1
1206162_neurosketch,21,furniture,bed,231,208,0,310502.24,3,26,bed,0
1206162_neurosketch,21,furniture,chair,232,209,0,313503.14,3,9,chair,1
1206162_neurosketch,21,furniture,chair,232,210,0,313503.14,3,9,chair,0
1206162_neurosketch,21,furniture,chair,232,211,0,313503.14,3,9,chair,0
1206162_neurosketch,21,furniture,bench,233,212,1,318002.4,3,35,bench,1
1206162_neurosketch,21,furniture,bench,233,213,1,318002.4,3,35,bench,0
1206162_neurosketch,21,furniture,bench,233,214,1,318002.4,3,35,bench,0
1206162_neurosketch,21,furniture,bed,234,215,0,322502.32,3,28,bed,1
1206162_neurosketch,21,furniture,bed,234,216,0,322502.32,3,28,bed,0
1206162_neurosketch,21,furniture,bed,234,217,0,322502.32,3,28,bed,0
1206162_neurosketch,21,furniture,bed,234,218,0,322502.32,3,28,bed,0
1206162_neurosketch,21,furniture,table,235,219,1,328502.29,3,23,table,1
1206162_neurosketch,21,furniture,table,235,220,1,328502.29,3,23,table,0
1206162_neurosketch,21,furniture,table,235,221,1,328502.29,3,23,table,0
1206162_neurosketch,21,furniture,chair,236,222,0,333002.83,3,30,chair,1
1206162_neurosketch,21,furniture,chair,236,223,0,333002.83,3,30,chair,0
1206162_neurosketch,21,furniture,chair,236,224,0,333002.83,3,30,chair,0
1206162_neurosketch,21,furniture,bed,237,225,0,337502.71,3,6,bed,1
1206162_neurosketch,21,furniture,bed,237,226,0,337502.71,3,6,bed,0
1206162_neurosketch,21,furniture,bed,237,227,0,337502.71,3,6,bed,0
1206162_neurosketch,21,furniture,table,238,228,1,342002.16,3,1,table,1
1206162_neurosketch,21,furniture,table,238,229,1,342002.16,3,1,table,0
1206162_neurosketch,21,2,bench,239,230,1,345002.86,3,18,bench,1
1206162_neurosketch,21,2,bench,239,231,1,345002.86,3,18,bench,0
1206162_neurosketch,21,2,bench,239,232,1,345002.86,3,18,bench,0
1206162_neurosketch,21,2,bench,239,233,1,345002.86,3,18,bench,0
1206162_neurosketch,21,2,bench,239,234,1,345002.86,3,18,bench,0
1206162_neurosketch,21,2,bench,239,235,1,345002.86,3,18,bench,0
1206162_neurosketch,21,2,bench,239,236,1,345002.86,3,18,bench,0
1206162_neurosketch,21,2,bench,239,237,1,345002.86,3,18,bench,0
1206162_neurosketch,21,2,bench,239,238,1,345002.86,3,18,bench,0
1206162_neurosketch,21,2,bench,239,239,1,345002.86,3,18,bench,0
1206162_neurosketch,21,furniture,bench,240,0,-1,0.0,4,0,bench,0
1206162_neurosketch,21,furniture,bench,240,1,-1,0.0,4,0,bench,0
1206162_neurosketch,21,furniture,bench,240,2,-1,0.0,4,0,bench,0
1206162_neurosketch,21,furniture,bench,240,3,-1,0.0,4,0,bench,0
1206162_neurosketch,21,furniture,bench,240,4,-1,0.0,4,0,bench,0
1206162_neurosketch,21,furniture,bench,240,5,-1,0.0,4,0,bench,0
1206162_neurosketch,21,furniture,bench,240,6,-1,0.0,4,0,bench,0
1206162_neurosketch,21,furniture,bench,240,7,-1,0.0,4,0,bench,0
1206162_neurosketch,21,furniture,bench,240,8,1,12001.87,4,0,bench,1
1206162_neurosketch,21,furniture,bench,240,9,1,12001.87,4,0,bench,0
1206162_neurosketch,21,furniture,bench,240,10,1,12001.87,4,0,bench,0
1206162_neurosketch,21,furniture,table,241,11,1,16501.98,4,13,table,1
1206162_neurosketch,21,furniture,table,241,12,1,16501.98,4,13,table,0
1206162_neurosketch,21,furniture,chair,242,13,0,19501.69,4,23,chair,1
1206162_neurosketch,21,furniture,chair,242,14,0,19501.69,4,23,chair,0
1206162_neurosketch,21,furniture,chair,242,15,0,19501.69,4,23,chair,0
1206162_neurosketch,21,furniture,bed,243,16,0,24002.38,4,30,bed,1
1206162_neurosketch,21,furniture,bed,243,17,0,24002.38,4,30,bed,0
1206162_neurosketch,21,furniture,bed,243,18,0,24002.38,4,30,bed,0
1206162_neurosketch,21,furniture,bed,243,19,0,24002.38,4,30,bed,0
1206162_neurosketch,21,furniture,bed,244,20,0,30002.01,4,36,bed,1
1206162_neurosketch,21,furniture,bed,244,21,0,30002.01,4,36,bed,0
1206162_neurosketch,21,furniture,bed,244,22,0,30002.01,4,36,bed,0
1206162_neurosketch,21,furniture,table,245,23,1,34501.76,4,5,table,1
1206162_neurosketch,21,furniture,table,245,24,1,34501.76,4,5,table,0
1206162_neurosketch,21,furniture,chair,246,25,0,37502.58,4,20,chair,1
1206162_neurosketch,21,furniture,chair,246,26,0,37502.58,4,20,chair,0
1206162_neurosketch,21,furniture,chair,246,27,0,37502.58,4,20,chair,0
1206162_neurosketch,21,furniture,chair,246,28,0,37502.58,4,20,chair,0
1206162_neurosketch,21,furniture,bench,247,29,1,43502.2,4,25,bench,1
1206162_neurosketch,21,furniture,bench,247,30,1,43502.2,4,25,bench,0
1206162_neurosketch,21,furniture,table,248,31,1,46501.57,4,16,table,1
1206162_neurosketch,21,furniture,table,248,32,1,46501.57,4,16,table,0
1206162_neurosketch,21,2,bench,249,33,1,49501.75,4,34,bench,1
1206162_neurosketch,21,2,bench,249,34,1,49501.75,4,34,bench,0
1206162_neurosketch,21,furniture,bed,250,35,0,52502.01,4,13,bed,1
1206162_neurosketch,21,furniture,bed,250,36,0,52502.01,4,13,bed,0
1206162_neurosketch,21,furniture,chair,251,37,0,55501.45,4,21,chair,1
1206162_neurosketch,21,furniture,chair,251,38,0,55501.45,4,21,chair,0
1206162_neurosketch,21,furniture,chair,251,39,0,55501.45,4,21,chair,0
1206162_neurosketch,21,furniture,chair,251,40,0,55501.45,4,21,chair,0
1206162_neurosketch,21,furniture,table,252,41,1,61501.7,4,32,table,1
1206162_neurosketch,21,furniture,table,252,42,1,61501.7,4,32,table,0
1206162_neurosketch,21,furniture,chair,253,43,0,64503.25,4,12,chair,1
1206162_neurosketch,21,furniture,chair,253,44,0,64503.25,4,12,chair,0
1206162_neurosketch,21,furniture,bed,254,45,0,67502.36,4,37,bed,1
1206162_neurosketch,21,furniture,bed,254,46,0,67502.36,4,37,bed,0
1206162_neurosketch,21,furniture,bed,254,47,0,67502.36,4,37,bed,0
1206162_neurosketch,21,furniture,bed,254,48,0,67502.36,4,37,bed,0
1206162_neurosketch,21,furniture,bench,255,49,1,73502.18,4,37,bench,1
1206162_neurosketch,21,furniture,bench,255,50,1,73502.18,4,37,bench,0
1206162_neurosketch,21,furniture,bench,255,51,1,73502.18,4,37,bench,0
1206162_neurosketch,21,furniture,bed,256,52,0,78002.8,4,4,bed,1
1206162_neurosketch,21,furniture,bed,256,53,0,78002.8,4,4,bed,0
1206162_neurosketch,21,furniture,bed,256,54,0,78002.8,4,4,bed,0
1206162_neurosketch,21,furniture,bed,256,55,0,78002.8,4,4,bed,0
1206162_neurosketch,21,furniture,table,257,56,1,84002.27,4,7,table,1
1206162_neurosketch,21,furniture,table,257,57,1,84002.27,4,7,table,0
1206162_neurosketch,21,furniture,chair,258,58,0,87002.1,4,3,chair,1
1206162_neurosketch,21,furniture,chair,258,59,0,87002.1,4,3,chair,0
1206162_neurosketch,21,2,bench,259,60,1,90001.97,4,6,bench,1
1206162_neurosketch,21,2,bench,259,61,1,90001.97,4,6,bench,0
1206162_neurosketch,21,furniture,chair,260,62,0,93002.49,4,11,chair,1
1206162_neurosketch,21,furniture,chair,260,63,0,93002.49,4,11,chair,0
1206162_neurosketch,21,furniture,table,261,64,1,96003.9,4,36,table,1
1206162_neurosketch,21,furniture,table,261,65,1,96003.9,4,36,table,0
1206162_neurosketch,21,furniture,table,261,66,1,96003.9,4,36,table,0
1206162_neurosketch,21,furniture,bench,262,67,1,100503.65,4,36,bench,1
1206162_neurosketch,21,furniture,bench,262,68,1,100503.65,4,36,bench,0
1206162_neurosketch,21,furniture,bench,262,69,1,100503.65,4,36,bench,0
1206162_neurosketch,21,furniture,bench,262,70,1,100503.65,4,36,bench,0
1206162_neurosketch,21,furniture,bed,263,71,0,106502.12,4,5,bed,1
1206162_neurosketch,21,furniture,bed,263,72,0,106502.12,4,5,bed,0
1206162_neurosketch,21,furniture,bed,263,73,0,106502.12,4,5,bed,0
1206162_neurosketch,21,furniture,chair,264,74,0,111002.24,4,19,chair,1
1206162_neurosketch,21,furniture,chair,264,75,0,111002.24,4,19,chair,0
1206162_neurosketch,21,furniture,chair,264,76,0,111002.24,4,19,chair,0
1206162_neurosketch,21,furniture,table,265,77,1,115502.44,4,9,table,1
1206162_neurosketch,21,furniture,table,265,78,1,115502.44,4,9,table,0
1206162_neurosketch,21,furniture,table,265,79,1,115502.44,4,9,table,0
1206162_neurosketch,21,furniture,bench,266,80,1,120002.14,4,11,table,1
1206162_neurosketch,21,furniture,bench,266,81,1,120002.14,4,11,table,0
1206162_neurosketch,21,furniture,bench,266,82,1,120002.14,4,11,table,0
1206162_neurosketch,21,furniture,bed,267,83,0,124502.22,4,15,bed,1
1206162_neurosketch,21,furniture,bed,267,84,0,124502.22,4,15,bed,0
1206162_neurosketch,21,furniture,bed,267,85,0,124502.22,4,15,bed,0
1206162_neurosketch,21,furniture,chair,268,86,0,129002.44,4,38,chair,1
1206162_neurosketch,21,furniture,chair,268,87,0,129002.44,4,38,chair,0
1206162_neurosketch,21,2,bed,269,88,0,132003.09,4,25,bed,1
1206162_neurosketch,21,2,bed,269,89,0,132003.09,4,25,bed,0
1206162_neurosketch,21,2,bed,269,90,0,132003.09,4,25,bed,0
1206162_neurosketch,21,2,bed,269,91,0,132003.09,4,25,bed,0
1206162_neurosketch,21,furniture,bench,270,92,1,138002.94,4,24,bench,1
1206162_neurosketch,21,furniture,bench,270,93,1,138002.94,4,24,bench,0
1206162_neurosketch,21,furniture,bench,270,94,1,138002.94,4,24,bench,0
1206162_neurosketch,21,furniture,table,271,95,1,142502.54,4,3,bench,1
1206162_neurosketch,21,furniture,table,271,96,1,142502.54,4,3,bench,0
1206162_neurosketch,21,furniture,table,272,97,1,145502.19,4,0,,1
1206162_neurosketch,21,furniture,table,272,98,1,145502.19,4,0,,0
1206162_neurosketch,21,furniture,table,272,99,1,145502.19,4,0,,0
1206162_neurosketch,21,furniture,chair,273,100,0,150002.99,4,26,chair,1
1206162_neurosketch,21,furniture,chair,273,101,0,150002.99,4,26,chair,0
1206162_neurosketch,21,furniture,chair,273,102,0,150002.99,4,26,chair,0
1206162_neurosketch,21,furniture,bench,274,103,1,154502.96,4,14,bench,1
1206162_neurosketch,21,furniture,bench,274,104,1,154502.96,4,14,bench,0
1206162_neurosketch,21,furniture,bench,274,105,1,154502.96,4,14,bench,0
1206162_neurosketch,21,furniture,bench,274,106,1,154502.96,4,14,bench,0
1206162_neurosketch,21,furniture,bed,275,107,0,160502.06,4,7,bed,1
1206162_neurosketch,21,furniture,bed,275,108,0,160502.06,4,7,bed,0
1206162_neurosketch,21,furniture,bed,275,109,0,160502.06,4,7,bed,0
1206162_neurosketch,21,furniture,bench,276,110,1,165003.05,4,17,bench,1
1206162_neurosketch,21,furniture,bench,276,111,1,165003.05,4,17,bench,0
1206162_neurosketch,21,furniture,bench,276,112,1,165003.05,4,17,bench,0
1206162_neurosketch,21,furniture,chair,277,113,0,169502.85,4,15,chair,1
1206162_neurosketch,21,furniture,chair,277,114,0,169502.85,4,15,chair,0
1206162_neurosketch,21,furniture,chair,277,115,0,169502.85,4,15,chair,0
1206162_neurosketch,21,furniture,table,278,116,1,174003.22,4,19,table,1
1206162_neurosketch,21,furniture,table,278,117,1,174003.22,4,19,table,0
1206162_neurosketch,21,2,bed,279,118,0,177003.19,4,31,bed,1
1206162_neurosketch,21,2,bed,279,119,0,177003.19,4,31,bed,0
1206162_neurosketch,21,furniture,bench,280,120,1,180002.7,4,7,bench,1
1206162_neurosketch,21,furniture,bench,280,121,1,180002.7,4,7,bench,0
1206162_neurosketch,21,furniture,bench,280,122,1,180002.7,4,7,bench,0
1206162_neurosketch,21,furniture,chair,281,123,0,184503.16,4,0,chair,1
1206162_neurosketch,21,furniture,chair,281,124,0,184503.16,4,0,chair,0
1206162_neurosketch,21,furniture,table,282,125,1,187502.21,4,35,table,1
1206162_neurosketch,21,furniture,table,282,126,1,187502.21,4,35,table,0
1206162_neurosketch,21,furniture,table,282,127,1,187502.21,4,35,table,0
1206162_neurosketch,21,furniture,bed,283,128,0,192002.54,4,19,bed,1
1206162_neurosketch,21,furniture,bed,283,129,0,192002.54,4,19,bed,0
1206162_neurosketch,21,furniture,bed,283,130,0,192002.54,4,19,bed,0
1206162_neurosketch,21,furniture,bed,283,131,0,192002.54,4,19,bed,0
1206162_neurosketch,21,furniture,table,284,132,1,198002.18,4,37,table,1
1206162_neurosketch,21,furniture,table,284,133,1,198002.18,4,37,table,0
1206162_neurosketch,21,furniture,table,284,134,1,198002.18,4,37,table,0
1206162_neurosketch,21,furniture,chair,285,135,0,202503.18,4,16,chair,1
1206162_neurosketch,21,furniture,chair,285,136,0,202503.18,4,16,chair,0
1206162_neurosketch,21,furniture,bed,286,137,0,205502.46,4,39,bed,1
1206162_neurosketch,21,furniture,bed,286,138,0,205502.46,4,39,bed,0
1206162_neurosketch,21,furniture,bed,286,139,0,205502.46,4,39,bed,0
1206162_neurosketch,21,furniture,bed,286,140,0,205502.46,4,39,bed,0
1206162_neurosketch,21,furniture,bench,287,141,1,211502.32,4,39,bench,1
1206162_neurosketch,21,furniture,bench,287,142,1,211502.32,4,39,bench,0
1206162_neurosketch,21,furniture,bed,288,143,0,214501.95,4,24,bed,1
1206162_neurosketch,21,furniture,bed,288,144,0,214501.95,4,24,bed,0
1206162_neurosketch,21,2,table,289,145,1,217503.35,4,38,table,1
1206162_neurosketch,21,2,table,289,146,1,217503.35,4,38,table,0
1206162_neurosketch,21,furniture,chair,290,147,0,220503.41,4,35,chair,1
1206162_neurosketch,21,furniture,chair,290,148,0,220503.41,4,35,chair,0
1206162_neurosketch,21,furniture,bench,291,149,1,223502.6,4,10,table,1
1206162_neurosketch,21,furniture,bench,291,150,1,223502.6,4,10,table,0
1206162_neurosketch,21,furniture,bench,291,151,1,223502.6,4,10,table,0
1206162_neurosketch,21,furniture,bench,291,152,1,223502.6,4,10,table,0
1206162_neurosketch,21,furniture,bed,292,153,0,229502.24,4,9,bed,1
1206162_neurosketch,21,furniture,bed,292,154,0,229502.24,4,9,bed,0
1206162_neurosketch,21,furniture,table,293,155,1,232502.51,4,8,table,1
1206162_neurosketch,21,furniture,table,293,156,1,232502.51,4,8,table,0
1206162_neurosketch,21,furniture,bench,294,157,1,235502.46,4,30,bench,1
1206162_neurosketch,21,furniture,bench,294,158,1,235502.46,4,30,bench,0
1206162_neurosketch,21,furniture,bench,294,159,1,235502.46,4,30,bench,0
1206162_neurosketch,21,furniture,bench,294,160,1,235502.46,4,30,bench,0
1206162_neurosketch,21,furniture,chair,295,161,0,241502.94,4,22,chair,1
1206162_neurosketch,21,furniture,chair,295,162,0,241502.94,4,22,chair,0
1206162_neurosketch,21,furniture,chair,295,163,0,241502.94,4,22,chair,0
1206162_neurosketch,21,furniture,table,296,164,1,246002.51,4,28,table,1
1206162_neurosketch,21,furniture,table,296,165,1,246002.51,4,28,table,0
1206162_neurosketch,21,furniture,table,296,166,1,246002.51,4,28,table,0
1206162_neurosketch,21,furniture,table,296,167,1,246002.51,4,28,table,0
1206162_neurosketch,21,furniture,bench,297,168,1,252003.08,4,27,bench,1
1206162_neurosketch,21,furniture,bench,297,169,1,252003.08,4,27,bench,0
1206162_neurosketch,21,furniture,chair,298,170,0,255001.26,4,13,chair,1
1206162_neurosketch,21,furniture,chair,298,171,0,255001.26,4,13,chair,0
1206162_neurosketch,21,2,bed,299,172,0,258002.28,4,32,bed,1
1206162_neurosketch,21,2,bed,299,173,0,258002.28,4,32,bed,0
1206162_neurosketch,21,furniture,table,300,174,1,261003.0,4,26,table,1
1206162_neurosketch,21,furniture,table,300,175,1,261003.0,4,26,table,0
1206162_neurosketch,21,furniture,bench,301,176,1,264002.42,4,1,bench,1
1206162_neurosketch,21,furniture,bench,301,177,1,264002.42,4,1,bench,0
1206162_neurosketch,21,furniture,bench,301,178,1,264002.42,4,1,bench,0
1206162_neurosketch,21,furniture,chair,302,179,0,268502.3,4,10,chair,1
1206162_neurosketch,21,furniture,chair,302,180,0,268502.3,4,10,chair,0
1206162_neurosketch,21,furniture,chair,302,181,0,268502.3,4,10,chair,0
1206162_neurosketch,21,furniture,chair,302,182,0,268502.3,4,10,chair,0
1206162_neurosketch,21,furniture,bed,303,183,0,274502.29,4,29,bed,1
1206162_neurosketch,21,furniture,bed,303,184,0,274502.29,4,29,bed,0
1206162_neurosketch,21,furniture,bed,303,185,0,274502.29,4,29,bed,0
1206162_neurosketch,21,furniture,chair,304,186,0,279002.37,4,39,chair,1
1206162_neurosketch,21,furniture,chair,304,187,0,279002.37,4,39,chair,0
1206162_neurosketch,21,furniture,chair,304,188,0,279002.37,4,39,chair,0
1206162_neurosketch,21,furniture,bench,305,189,1,283502.28,4,38,bench,1
1206162_neurosketch,21,furniture,bench,305,190,1,283502.28,4,38,bench,0
1206162_neurosketch,21,furniture,bench,305,191,1,283502.28,4,38,bench,0
1206162_neurosketch,21,furniture,bed,306,192,0,288002.49,4,2,bed,1
1206162_neurosketch,21,furniture,bed,306,193,0,288002.49,4,2,bed,0
1206162_neurosketch,21,furniture,bed,306,194,0,288002.49,4,2,bed,0
1206162_neurosketch,21,furniture,table,307,195,1,292502.39,4,20,table,1
1206162_neurosketch,21,furniture,table,307,196,1,292502.39,4,20,table,0
1206162_neurosketch,21,furniture,table,307,197,1,292502.39,4,20,table,0
1206162_neurosketch,21,furniture,table,308,198,1,297002.13,4,31,table,1
1206162_neurosketch,21,furniture,table,308,199,1,297002.13,4,31,table,0
1206162_neurosketch,21,2,bed,309,200,0,300002.7,4,11,bed,1
1206162_neurosketch,21,2,bed,309,201,0,300002.7,4,11,bed,0
1206162_neurosketch,21,2,bed,309,202,0,300002.7,4,11,bed,0
1206162_neurosketch,21,2,bed,309,203,0,300002.7,4,11,bed,0
1206162_neurosketch,21,furniture,bench,310,204,1,306002.17,4,13,bench,1
1206162_neurosketch,21,furniture,bench,310,205,1,306002.17,4,13,bench,0
1206162_neurosketch,21,furniture,bench,310,206,1,306002.17,4,13,bench,0
1206162_neurosketch,21,furniture,chair,311,207,0,310502.8,4,36,chair,1
1206162_neurosketch,21,furniture,chair,311,208,0,310502.8,4,36,chair,0
1206162_neurosketch,21,furniture,table,312,209,1,313502.91,4,33,table,1
1206162_neurosketch,21,furniture,table,312,210,1,313502.91,4,33,table,0
1206162_neurosketch,21,furniture,table,312,211,1,313502.91,4,33,table,0
1206162_neurosketch,21,furniture,chair,313,212,0,318002.68,4,7,chair,1
1206162_neurosketch,21,furniture,chair,313,213,0,318002.68,4,7,chair,0
1206162_neurosketch,21,furniture,chair,313,214,0,318002.68,4,7,chair,0
1206162_neurosketch,21,furniture,bench,314,215,1,322503.39,4,19,bench,1
1206162_neurosketch,21,furniture,bench,314,216,1,322503.39,4,19,bench,0
1206162_neurosketch,21,furniture,bench,314,217,1,322503.39,4,19,bench,0
1206162_neurosketch,21,furniture,bench,314,218,1,322503.39,4,19,bench,0
1206162_neurosketch,21,furniture,bed,315,219,0,328502.36,4,12,bed,1
1206162_neurosketch,21,furniture,bed,315,220,0,328502.36,4,12,bed,0
1206162_neurosketch,21,furniture,bed,315,221,0,328502.36,4,12,bed,0
1206162_neurosketch,21,furniture,bench,316,222,1,333002.43,4,4,bench,1
1206162_neurosketch,21,furniture,bench,316,223,1,333002.43,4,4,bench,0
1206162_neurosketch,21,furniture,bench,316,224,1,333002.43,4,4,bench,0
1206162_neurosketch,21,furniture,chair,317,225,0,337502.58,4,14,chair,1
1206162_neurosketch,21,furniture,chair,317,226,0,337502.58,4,14,chair,0
1206162_neurosketch,21,furniture,chair,317,227,0,337502.58,4,14,chair,0
1206162_neurosketch,21,furniture,table,318,228,1,342002.97,4,39,table,1
1206162_neurosketch,21,furniture,table,318,229,1,342002.97,4,39,table,0
1206162_neurosketch,21,2,bed,319,230,0,345003.43,4,38,bed,1
1206162_neurosketch,21,2,bed,319,231,0,345003.43,4,38,bed,0
1206162_neurosketch,21,2,bed,319,232,0,345003.43,4,38,bed,0
1206162_neurosketch,21,2,bed,319,233,0,345003.43,4,38,bed,0
1206162_neurosketch,21,2,bed,319,234,0,345003.43,4,38,bed,0
1206162_neurosketch,21,2,bed,319,235,0,345003.43,4,38,bed,0
1206162_neurosketch,21,2,bed,319,236,0,345003.43,4,38,bed,0
1206162_neurosketch,21,2,bed,319,237,0,345003.43,4,38,bed,0
1206162_neurosketch,21,2,bed,319,238,0,345003.43,4,38,bed,0
1206162_neurosketch,21,2,bed,319,239,0,345003.43,4,38,bed,0
1206162_neurosketch,21,furniture,bed,360,0,-1,0.0,9,38,,0
1206162_neurosketch,21,furniture,bed,360,1,-1,0.0,9,38,,0
1206162_neurosketch,21,furniture,bed,360,2,-1,0.0,9,38,,0
1206162_neurosketch,21,furniture,bed,360,3,-1,0.0,9,38,,0
1206162_neurosketch,21,furniture,bed,360,4,-1,0.0,9,38,,0
1206162_neurosketch,21,furniture,bed,360,5,-1,0.0,9,38,,0
1206162_neurosketch,21,furniture,bed,360,6,-1,0.0,9,38,,0
1206162_neurosketch,21,furniture,bed,360,7,-1,0.0,9,38,,0
1206162_neurosketch,21,furniture,bed,360,8,0,12003.18,9,38,,1
1206162_neurosketch,21,furniture,bed,360,9,0,12003.18,9,38,,0
1206162_neurosketch,21,furniture,bed,360,10,0,12003.18,9,38,,0
1206162_neurosketch,21,furniture,table,361,11,1,16502.69,9,39,table,1
1206162_neurosketch,21,furniture,table,361,12,1,16502.69,9,39,table,0
1206162_neurosketch,21,furniture,chair,362,13,0,19501.47,9,14,chair,1
1206162_neurosketch,21,furniture,chair,362,14,0,19501.47,9,14,chair,0
1206162_neurosketch,21,furniture,chair,362,15,0,19501.47,9,14,chair,0
1206162_neurosketch,21,furniture,bench,363,16,1,24002.29,9,4,bench,1
1206162_neurosketch,21,furniture,bench,363,17,1,24002.29,9,4,bench,0
1206162_neurosketch,21,furniture,bench,363,18,1,24002.29,9,4,bench,0
1206162_neurosketch,21,furniture,bench,363,19,1,24002.29,9,4,bench,0
1206162_neurosketch,21,furniture,bed,364,20,0,30004.09,9,12,bed,1
1206162_neurosketch,21,furniture,bed,364,21,0,30004.09,9,12,bed,0
1206162_neurosketch,21,furniture,bed,364,22,0,30004.09,9,12,bed,0
1206162_neurosketch,21,furniture,bench,365,23,1,34502.38,9,19,bench,1
1206162_neurosketch,21,furniture,bench,365,24,1,34502.38,9,19,bench,0
1206162_neurosketch,21,furniture,chair,366,25,0,37502.45,9,7,chair,1
1206162_neurosketch,21,furniture,chair,366,26,0,37502.45,9,7,chair,0
1206162_neurosketch,21,furniture,chair,366,27,0,37502.45,9,7,chair,0
1206162_neurosketch,21,furniture,chair,366,28,0,37502.45,9,7,chair,0
1206162_neurosketch,21,furniture,table,367,29,1,43502.74,9,33,table,1
1206162_neurosketch,21,furniture,table,367,30,1,43502.74,9,33,table,0
1206162_neurosketch,21,furniture,chair,368,31,0,46502.15,9,36,chair,1
1206162_neurosketch,21,furniture,chair,368,32,0,46502.15,9,36,chair,0
1206162_neurosketch,21,2,bench,369,33,1,49502.59,9,13,bench,1
1206162_neurosketch,21,2,bench,369,34,1,49502.59,9,13,bench,0
1206162_neurosketch,21,furniture,bed,370,35,0,52502.49,9,11,bed,1
1206162_neurosketch,21,furniture,bed,370,36,0,52502.49,9,11,bed,0
1206162_neurosketch,21,furniture,table,371,37,1,55502.08,9,31,table,1
1206162_neurosketch,21,furniture,table,371,38,1,55502.08,9,31,table,0
1206162_neurosketch,21,furniture,table,371,39,1,55502.08,9,31,table,0
1206162_neurosketch,21,furniture,table,371,40,1,55502.08,9,31,table,0
1206162_neurosketch,21,furniture,table,372,41,1,61501.52,9,20,bench,1
1206162_neurosketch,21,furniture,table,372,42,1,61501.52,9,20,bench,0
1206162_neurosketch,21,furniture,bed,373,43,0,64501.79,9,2,bed,1
1206162_neurosketch,21,furniture,bed,373,44,0,64501.79,9,2,bed,0
1206162_neurosketch,21,furniture,bench,374,45,1,67502.23,9,38,bench,1
1206162_neurosketch,21,furniture,bench,374,46,1,67502.23,9,38,bench,0
1206162_neurosketch,21,furniture,bench,374,47,1,67502.23,9,38,bench,0
1206162_neurosketch,21,furniture,bench,374,48,1,67502.23,9,38,bench,0
1206162_neurosketch,21,furniture,chair,375,49,0,73502.44,9,39,chair,1
1206162_neurosketch,21,furniture,chair,375,50,0,73502.44,9,39,chair,0
1206162_neurosketch,21,furniture,chair,375,51,0,73502.44,9,39,chair,0
1206162_neurosketch,21,furniture,bed,376,52,0,78002.47,9,29,bed,1
1206162_neurosketch,21,furniture,bed,376,53,0,78002.47,9,29,bed,0
1206162_neurosketch,21,furniture,bed,376,54,0,78002.47,9,29,bed,0
1206162_neurosketch,21,furniture,bed,376,55,0,78002.47,9,29,bed,0
1206162_neurosketch,21,furniture,chair,377,56,0,84002.68,9,10,chair,1
1206162_neurosketch,21,furniture,chair,377,57,0,84002.68,9,10,chair,0
1206162_neurosketch,21,furniture,bench,378,58,1,87002.33,9,1,bench,1
1206162_neurosketch,21,furniture,bench,378,59,1,87002.33,9,1,bench,0
1206162_neurosketch,21,2,table,379,60,1,90001.75,9,26,,1
1206162_neurosketch,21,2,table,379,61,1,90001.75,9,26,,0
1206162_neurosketch,21,furniture,bed,380,62,0,93002.25,9,32,bed,1
1206162_neurosketch,21,furniture,bed,380,63,0,93002.25,9,32,bed,0
1206162_neurosketch,21,furniture,chair,381,64,0,96001.7,9,13,chair,1
1206162_neurosketch,21,furniture,chair,381,65,0,96001.7,9,13,chair,0
1206162_neurosketch,21,furniture,chair,381,66,0,96001.7,9,13,chair,0
1206162_neurosketch,21,furniture,bench,382,67,1,100501.74,9,27,bench,1
1206162_neurosketch,21,furniture,bench,382,68,1,100501.74,9,27,bench,0
1206162_neurosketch,21,furniture,bench,382,69,1,100501.74,9,27,bench,0
1206162_neurosketch,21,furniture,bench,382,70,1,100501.74,9,27,bench,0
1206162_neurosketch,21,furniture,table,383,71,1,106502.8,9,28,table,1
1206162_neurosketch,21,furniture,table,383,72,1,106502.8,9,28,table,0
1206162_neurosketch,21,furniture,table,383,73,1,106502.8,9,28,table,0
1206162_neurosketch,21,furniture,chair,384,74,0,111003.32,9,22,chair,1
1206162_neurosketch,21,furniture,chair,384,75,0,111003.32,9,22,chair,0
1206162_neurosketch,21,furniture,chair,384,76,0,111003.32,9,22,chair,0
1206162_neurosketch,21,furniture,bench,385,77,1,115502.1,9,30,bench,1
1206162_neurosketch,21,furniture,bench,385,78,1,115502.1,9,30,bench,0
1206162_neurosketch,21,furniture,bench,385,79,1,115502.1,9,30,bench,0
1206162_neurosketch,21,furniture,table,386,80,1,120002.61,9,8,bench,1
1206162_neurosketch,21,furniture,table,386,81,1,120002.61,9,8,bench,0
1206162_neurosketch,21,furniture,table,386,82,1,120002.61,9,8,bench,0
1206162_neurosketch,21,furniture,bed,387,83,0,124502.05,9,9,bed,1
1206162_neurosketch,21,furniture,bed,387,84,0,124502.05,9,9,bed,0
1206162_neurosketch,21,furniture,bed,387,85,0,124502.05,9,9,bed,0
1206162_neurosketch,21,furniture,bench,388,86,1,129002.15,9,10,bench,1
1206162_neurosketch,21,furniture,bench,388,87,1,129002.15,9,10,bench,0
1206162_neurosketch,21,2,chair,389,88,0,132002.57,9,35,chair,1
1206162_neurosketch,21,2,chair,389,89,0,132002.57,9,35,chair,0
1206162_neurosketch,21,2,chair,389,90,0,132002.57,9,35,chair,0
1206162_neurosketch,21,2,chair,389,91,0,132002.57,9,35,chair,0
1206162_neurosketch,21,furniture,table,390,92,1,138002.4,9,38,table,1
1206162_neurosketch,21,furniture,table,390,93,1,138002.4,9,38,table,0
1206162_neurosketch,21,furniture,table,390,94,1,138002.4,9,38,table,0
1206162_neurosketch,21,furniture,bed,391,95,0,142501.82,9,24,bed,1
1206162_neurosketch,21,furniture,bed,391,96,0,142501.82,9,24,bed,0
1206162_neurosketch,21,furniture,bench,392,97,1,145502.85,9,39,bench,1
1206162_neurosketch,21,furniture,bench,392,98,1,145502.85,9,39,bench,0
1206162_neurosketch,21,furniture,bench,392,99,1,145502.85,9,39,bench,0
1206162_neurosketch,21,furniture,bed,393,100,0,150002.27,9,39,bed,1
1206162_neurosketch,21,furniture,bed,393,101,0,150002.27,9,39,bed,0
1206162_neurosketch,21,furniture,bed,393,102,0,150002.27,9,39,bed,0
1206162_neurosketch,21,furniture,chair,394,103,0,154503.1,9,16,chair,1
1206162_neurosketch,21,furniture,chair,394,104,0,154503.1,9,16,chair,0
1206162_neurosketch,21,furniture,chair,394,105,0,154503.1,9,16,chair,0
1206162_neurosketch,21,furniture,chair,394,106,0,154503.1,9,16,chair,0
1206162_neurosketch,21,furniture,table,395,107,1,160501.88,9,37,table,1
1206162_neurosketch,21,furniture,table,395,108,1,160501.88,9,37,table,0
1206162_neurosketch,21,furniture,table,395,109,1,160501.88,9,37,table,0
1206162_neurosketch,21,furniture,bed,396,110,0,165002.29,9,19,bed,1
1206162_neurosketch,21,furniture,bed,396,111,0,165002.29,9,19,bed,0
1206162_neurosketch,21,furniture,bed,396,112,0,165002.29,9,19,bed,0
1206162_neurosketch,21,furniture,table,397,113,1,169502.93,9,35,table,1
1206162_neurosketch,21,furniture,table,397,114,1,169502.93,9,35,table,0
1206162_neurosketch,21,furniture,table,397,115,1,169502.93,9,35,table,0
1206162_neurosketch,21,furniture,chair,398,116,0,174002.67,9,0,chair,1
1206162_neurosketch,21,furniture,chair,398,117,0,174002.67,9,0,chair,0
1206162_neurosketch,21,2,bench,399,118,1,177002.84,9,7,bench,1
1206162_neurosketch,21,2,bench,399,119,1,177002.84,9,7,bench,0
1206162_neurosketch,21,furniture,bed,400,120,0,180003.07,9,31,bed,1
1206162_neurosketch,21,furniture,bed,400,121,0,180003.07,9,31,bed,0
1206162_neurosketch,21,furniture,bed,400,122,0,180003.07,9,31,bed,0
1206162_neurosketch,21,furniture,table,401,123,1,184502.87,9,19,table,1
1206162_neurosketch,21,furniture,table,401,124,1,184502.87,9,19,table,0
1206162_neurosketch,21,furniture,chair,402,125,0,187502.63,9,15,chair,1
1206162_neurosketch,21,furniture,chair,402,126,0,187502.63,9,15,chair,0
1206162_neurosketch,21,furniture,chair,402,127,0,187502.63,9,15,chair,0
1206162_neurosketch,21,furniture,bench,403,128,1,192002.38,9,17,bench,1
1206162_neurosketch,21,furniture,bench,403,129,1,192002.38,9,17,bench,0
1206162_neurosketch,21,furniture,bench,403,130,1,192002.38,9,17,bench,0
1206162_neurosketch,21,furniture,bench,403,131,1,192002.38,9,17,bench,0
1206162_neurosketch,21,furniture,bed,404,132,0,198002.74,9,7,bed,1
1206162_neurosketch,21,furniture,bed,404,133,0,198002.74,9,7,bed,0
1206162_neurosketch,21,furniture,bed,404,134,0,198002.74,9,7,bed,0
1206162_neurosketch,21,furniture,bench,405,135,1,202501.79,9,14,bench,1
1206162_neurosketch,21,furniture,bench,405,136,1,202501.79,9,14,bench,0
1206162_neurosketch,21,furniture,chair,406,137,0,205502.9,9,26,chair,1
1206162_neurosketch,21,furniture,chair,406,138,0,205502.9,9,26,chair,0
1206162_neurosketch,21,furniture,chair,406,139,0,205502.9,9,26,chair,0
1206162_neurosketch,21,furniture,chair,406,140,0,205502.9,9,26,chair,0
1206162_neurosketch,21,furniture,table,407,141,1,211502.77,9,0,table,1
1206162_neurosketch,21,furniture,table,407,142,1,211502.77,9,0,table,0
1206162_neurosketch,21,furniture,table,408,143,1,214501.89,9,3,table,1
1206162_neurosketch,21,furniture,table,408,144,1,214501.89,9,3,table,0
1206162_neurosketch,21,2,bench,409,145,1,217503.08,9,24,bench,1
1206162_neurosketch,21,2,bench,409,146,1,217503.08,9,24,bench,0
1206162_neurosketch,21,furniture,bed,410,147,0,220501.76,9,25,bed,1
1206162_neurosketch,21,furniture,bed,410,148,0,220501.76,9,25,bed,0
1206162_neurosketch,21,furniture,chair,411,149,0,223503.68,9,38,chair,1
1206162_neurosketch,21,furniture,chair,411,150,0,223503.68,9,38,chair,0
1206162_neurosketch,21,furniture,chair,411,151,0,223503.68,9,38,chair,0
1206162_neurosketch,21,furniture,chair,411,152,0,223503.68,9,38,chair,0
1206162_neurosketch,21,furniture,bed,412,153,0,229503.02,9,15,bed,1
1206162_neurosketch,21,furniture,bed,412,154,0,229503.02,9,15,bed,0
1206162_neurosketch,21,furniture,bench,413,155,1,232503.22,9,11,bench,1
1206162_neurosketch,21,furniture,bench,413,156,1,232503.22,9,11,bench,0
1206162_neurosketch,21,furniture,table,414,157,1,235502.64,9,9,table,1
1206162_neurosketch,21,furniture,table,414,158,1,235502.64,9,9,table,0
1206162_neurosketch,21,furniture,table,414,159,1,235502.64,9,9,table,0
1206162_neurosketch,21,furniture,table,414,160,1,235502.64,9,9,table,0
1206162_neurosketch,21,furniture,chair,415,161,0,241502.81,9,19,chair,1
1206162_neurosketch,21,furniture,chair,415,162,0,241502.81,9,19,chair,0
1206162_neurosketch,21,furniture,chair,415,163,0,241502.81,9,19,chair,0
1206162_neurosketch,21,furniture,bed,416,164,0,246002.77,9,5,bed,1
1206162_neurosketch,21,furniture,bed,416,165,0,246002.77,9,5,bed,0
1206162_neurosketch,21,furniture,bed,416,166,0,246002.77,9,5,bed,0
1206162_neurosketch,21,furniture,bed,416,167,0,246002.77,9,5,bed,0
1206162_neurosketch,21,furniture,bench,417,168,1,252003.05,9,36,bench,1
1206162_neurosketch,21,furniture,bench,417,169,1,252003.05,9,36,bench,0
1206162_neurosketch,21,furniture,table,418,170,1,255003.48,9,36,table,1
1206162_neurosketch,21,furniture,table,418,171,1,255003.48,9,36,table,0
1206162_neurosketch,21,2,chair,419,172,0,258002.24,9,11,chair,1
1206162_neurosketch,21,2,chair,419,173,0,258002.24,9,11,chair,0
1206162_neurosketch,21,furniture,bench,420,174,1,261002.62,9,6,bench,1
1206162_neurosketch,21,furniture,bench,420,175,1,261002.62,9,6,bench,0
1206162_neurosketch,21,furniture,chair,421,176,0,264002.11,9,3,chair,1
1206162_neurosketch,21,furniture,chair,421,177,0,264002.11,9,3,chair,0
1206162_neurosketch,21,furniture,chair,421,178,0,264002.11,9,3,chair,0
1206162_neurosketch,21,furniture,table,422,179,1,268503.14,9,7,table,1
1206162_neurosketch,21,furniture,table,422,180,1,268503.14,9,7,table,0
1206162_neurosketch,21,furniture,table,422,181,1,268503.14,9,7,table,0
1206162_neurosketch,21,furniture,table,422,182,1,268503.14,9,7,table,0
1206162_neurosketch,21,furniture,bed,423,183,0,274502.88,9,4,bed,1
1206162_neurosketch,21,furniture,bed,423,184,0,274502.88,9,4,bed,0
1206162_neurosketch,21,furniture,bed,423,185,0,274502.88,9,4,bed,0
1206162_neurosketch,21,furniture,bench,424,186,1,279003.09,9,37,bench,1
1206162_neurosketch,21,furniture,bench,424,187,1,279003.09,9,37,bench,0
1206162_neurosketch,21,furniture,bench,424,188,1,279003.09,9,37,bench,0
1206162_neurosketch,21,furniture,bed,425,189,0,283502.69,9,37,bed,1
1206162_neurosketch,21,furniture,bed,425,190,0,283502.69,9,37,bed,0
1206162_neurosketch,21,furniture,bed,425,191,0,283502.69,9,37,bed,0
1206162_neurosketch,21,furniture,chair,426,192,0,288003.11,9,12,chair,1
1206162_neurosketch,21,furniture,chair,426,193,0,288003.11,9,12,chair,0
1206162_neurosketch,21,furniture,chair,426,194,0,288003.11,9,12,chair,0
1206162_neurosketch,21,furniture,table,427,195,1,292501.69,9,32,table,1
1206162_neurosketch,21,furniture,table,427,196,1,292501.69,9,32,table,0
1206162_neurosketch,21,furniture,table,427,197,1,292501.69,9,32,table,0
1206162_neurosketch,21,furniture,chair,428,198,0,297002.39,9,21,chair,1
1206162_neurosketch,21,furniture,chair,428,199,0,297002.39,9,21,chair,0
1206162_neurosketch,21,2,bed,429,200,0,300002.82,9,13,bed,1
1206162_neurosketch,21,2,bed,429,201,0,300002.82,9,13,bed,0
1206162_neurosketch,21,2,bed,429,202,0,300002.82,9,13,bed,0
1206162_neurosketch,21,2,bed,429,203,0,300002.82,9,13,bed,0
1206162_neurosketch,21,furniture,bench,430,204,1,306003.05,9,34,bench,1
1206162_neurosketch,21,furniture,bench,430,205,1,306003.05,9,34,bench,0
1206162_neurosketch,21,furniture,bench,430,206,1,306003.05,9,34,bench,0
1206162_neurosketch,21,furniture,table,431,207,1,310504.3,9,16,table,1
1206162_neurosketch,21,furniture,table,431,208,1,310504.3,9,16,table,0
1206162_neurosketch,21,furniture,bench,432,209,1,313502.87,9,25,bench,1
1206162_neurosketch,21,furniture,bench,432,210,1,313502.87,9,25,bench,0
1206162_neurosketch,21,furniture,bench,432,211,1,313502.87,9,25,bench,0
1206162_neurosketch,21,furniture,chair,433,212,0,318002.14,9,20,chair,1
1206162_neurosketch,21,furniture,chair,433,213,0,318002.14,9,20,chair,0
1206162_neurosketch,21,furniture,chair,433,214,0,318002.14,9,20,chair,0
1206162_neurosketch,21,furniture,table,434,215,1,322502.71,9,5,table,1
1206162_neurosketch,21,furniture,table,434,216,1,322502.71,9,5,table,0
1206162_neurosketch,21,furniture,table,434,217,1,322502.71,9,5,table,0
1206162_neurosketch,21,furniture,table,434,218,1,322502.71,9,5,table,0
1206162_neurosketch,21,furniture,bed,435,219,0,328502.6,9,36,bed,1
1206162_neurosketch,21,furniture,bed,435,220,0,328502.6,9,36,bed,0
1206162_neurosketch,21,furniture,bed,435,221,0,328502.6,9,36,bed,0
1206162_neurosketch,21,furniture,bed,436,222,0,333004.38,9,30,bed,1
1206162_neurosketch,21,furniture,bed,436,223,0,333004.38,9,30,bed,0
1206162_neurosketch,21,furniture,bed,436,224,0,333004.38,9,30,bed,0
1206162_neurosketch,21,furniture,chair,437,225,0,337502.15,9,23,chair,1
1206162_neurosketch,21,furniture,chair,437,226,0,337502.15,9,23,chair,0
1206162_neurosketch,21,furniture,chair,437,227,0,337502.15,9,23,chair,0
1206162_neurosketch,21,furniture,table,438,228,1,342003.69,9,13,table,1
1206162_neurosketch,21,furniture,table,438,229,1,342003.69,9,13,table,0
1206162_neurosketch,21,2,bench,439,230,1,345002.18,9,0,bench,1
1206162_neurosketch,21,2,bench,439,231,1,345002.18,9,0,bench,0
1206162_neurosketch,21,2,bench,439,232,1,345002.18,9,0,bench,0
1206162_neurosketch,21,2,bench,439,233,1,345002.18,9,0,bench,0
1206162_neurosketch,21,2,bench,439,234,1,345002.18,9,0,bench,0
1206162_neurosketch,21,2,bench,439,235,1,345002.18,9,0,bench,0
1206162_neurosketch,21,2,bench,439,236,1,345002.18,9,0,bench,0
1206162_neurosketch,21,2,bench,439,237,1,345002.18,9,0,bench,0
1206162_neurosketch,21,2,bench,439,238,1,345002.18,9,0,bench,0
1206162_neurosketch,21,2,bench,439,239,1,345002.18,9,0,bench,0
1206162_neurosketch,21,furniture,bench,440,0,-1,0.0,10,18,bench,0
1206162_neurosketch,21,furniture,bench,440,1,-1,0.0,10,18,bench,0
1206162_neurosketch,21,furniture,bench,440,2,-1,0.0,10,18,bench,0
1206162_neurosketch,21,furniture,bench,440,3,-1,0.0,10,18,bench,0
1206162_neurosketch,21,furniture,bench,440,4,-1,0.0,10,18,bench,0
1206162_neurosketch,21,furniture,bench,440,5,-1,0.0,10,18,bench,0
1206162_neurosketch,21,furniture,bench,440,6,-1,0.0,10,18,bench,0
1206162_neurosketch,21,furniture,bench,440,7,-1,0.0,10,18,bench,0
1206162_neurosketch,21,furniture,bench,440,8,1,12000.92,10,18,bench,1
1206162_neurosketch,21,furniture,bench,440,9,1,12000.92,10,18,bench,0
1206162_neurosketch,21,furniture,bench,440,10,1,12000.92,10,18,bench,0
1206162_neurosketch,21,furniture,table,441,11,1,16501.53,10,1,table,1
1206162_neurosketch,21,furniture,table,441,12,1,16501.53,10,1,table,0
1206162_neurosketch,21,furniture,bed,442,13,0,19502.42,10,6,bed,1
1206162_neurosketch,21,furniture,bed,442,14,0,19502.42,10,6,bed,0
1206162_neurosketch,21,furniture,bed,442,15,0,19502.42,10,6,bed,0
1206162_neurosketch,21,furniture,chair,443,16,0,24001.37,10,30,chair,1
1206162_neurosketch,21,furniture,chair,443,17,0,24001.37,10,30,chair,0
1206162_neurosketch,21,furniture,chair,443,18,0,24001.37,10,30,chair,0
1206162_neurosketch,21,furniture,chair,443,19,0,24001.37,10,30,chair,0
1206162_neurosketch,21,furniture,table,444,20,1,30002.2,10,23,table,1
1206162_neurosketch,21,furniture,table,444,21,1,30002.2,10,23,table,0
1206162_neurosketch,21,furniture,table,444,22,1,30002.2,10,23,table,0
1206162_neurosketch,21,furniture,bed,445,23,0,34501.4,10,28,bed,1
1206162_neurosketch,21,furniture,bed,445,24,0,34501.4,10,28,bed,0
1206162_neurosketch,21,furniture,bench,446,25,1,37501.96,10,35,bench,1
1206162_neurosketch,21,furniture,bench,446,26,1,37501.96,10,35,bench,0
1206162_neurosketch,21,furniture,bench,446,27,1,37501.96,10,35,bench,0
1206162_neurosketch,21,furniture,bench,446,28,1,37501.96,10,35,bench,0
1206162_neurosketch,21,furniture,chair,447,29,0,43501.57,10,9,chair,1
1206162_neurosketch,21,furniture,chair,447,30,0,43501.57,10,9,chair,0
1206162_neurosketch,21,furniture,bed,448,31,0,46502.1,10,26,bed,1
1206162_neurosketch,21,furniture,bed,448,32,0,46502.1,10,26,bed,0
1206162_neurosketch,21,2,bench,449,33,1,49501.56,10,2,bench,1
1206162_neurosketch,21,2,bench,449,34,1,49501.56,10,2,bench,0
1206162_neurosketch,21,furniture,table,450,35,1,52501.76,10,25,table,1
1206162_neurosketch,21,furniture,table,450,36,1,52501.76,10,25,table,0
1206162_neurosketch,21,furniture,chair,451,37,0,55501.97,10,6,chair,1
1206162_neurosketch,21,furniture,chair,451,38,0,55501.97,10,6,chair,0
1206162_neurosketch,21,furniture,chair,451,39,0,55501.97,10,6,chair,0
1206162_neurosketch,21,furniture,chair,451,40,0,55501.97,10,6,chair,0
1206162_neurosketch,21,furniture,table,452,41,1,61502.01,10,11,table,1
1206162_neurosketch,21,furniture,table,452,42,1,61502.01,10,11,table,0
1206162_neurosketch,21,furniture,bench,453,43,1,64502.4,10,33,bench,1
1206162_neurosketch,21,furniture,bench,453,44,1,64502.4,10,33,bench,0
1206162_neurosketch,21,furniture,bed,454,45,0,67501.74,10,35,bed,1
1206162_neurosketch,21,furniture,bed,454,46,0,67501.74,10,35,bed,0
1206162_neurosketch,21,furniture,bed,454,47,0,67501.74,10,35,bed,0
1206162_neurosketch,21,furniture,bed,454,48,0,67501.74,10,35,bed,0
1206162_neurosketch,21,furniture,chair,455,49,0,73502.05,10,34,chair,1
1206162_neurosketch,21,furniture,chair,455,50,0,73502.05,10,34,chair,0
1206162_neurosketch,21,furniture,chair,455,51,0,73502.05,10,34,chair,0
1206162_neurosketch,21,furniture,bed,456,52,0,78002.57,10,0,bed,1
1206162_neurosketch,21,furniture,bed,456,53,0,78002.57,10,0,bed,0
1206162_neurosketch,21,furniture,bed,456,54,0,78002.57,10,0,bed,0
1206162_neurosketch,21,furniture,bed,456,55,0,78002.57,10,0,bed,0
1206162_neurosketch,21,furniture,table,457,56,1,84002.19,10,24,table,1
1206162_neurosketch,21,furniture,table,457,57,1,84002.19,10,24,table,0
1206162_neurosketch,21,furniture,chair,458,58,0,87002.42,10,31,chair,1
1206162_neurosketch,21,furniture,chair,458,59,0,87002.42,10,31,chair,0
1206162_neurosketch,21,2,bench,459,60,1,90002.54,10,28,bench,1
1206162_neurosketch,21,2,bench,459,61,1,90002.54,10,28,bench,0
1206162_neurosketch,21,furniture,bench,460,62,1,93002.04,10,21,bench,1
1206162_neurosketch,21,furniture,bench,460,63,1,93002.04,10,21,bench,0
1206162_neurosketch,21,furniture,bed,461,64,0,96002.3,10,10,bed,1
1206162_neurosketch,21,furniture,bed,461,65,0,96002.3,10,10,bed,0
1206162_neurosketch,21,furniture,bed,461,66,0,96002.3,10,10,bed,0
1206162_neurosketch,21,furniture,table,462,67,1,100501.78,10,17,bench,1
1206162_neurosketch,21,furniture,table,462,68,1,100501.78,10,17,bench,0
1206162_neurosketch,21,furniture,table,462,69,1,100501.78,10,17,bench,0
1206162_neurosketch,21,furniture,table,462,70,1,100501.78,10,17,bench,0
1206162_neurosketch,21,furniture,chair,463,71,0,106503.21,10,25,chair,1
1206162_neurosketch,21,furniture,chair,463,72,0,106503.21,10,25,chair,0
1206162_neurosketch,21,furniture,chair,463,73,0,106503.21,10,25,chair,0
1206162_neurosketch,21,furniture,bed,464,74,0,111002.26,10,14,bed,1
1206162_neurosketch,21,furniture,bed,464,75,0,111002.26,10,14,bed,0
1206162_neurosketch,21,furniture,bed,464,76,0,111002.26,10,14,bed,0
1206162_neurosketch,21,furniture,bench,465,77,1,115501.71,10,32,bench,1
1206162_neurosketch,21,furniture,bench,465,78,1,115501.71,10,32,bench,0
1206162_neurosketch,21,furniture,bench,465,79,1,115501.71,10,32,bench,0
1206162_neurosketch,21,furniture,table,466,80,1,120002.33,10,27,table,1
1206162_neurosketch,21,furniture,table,466,81,1,120002.33,10,27,table,0
1206162_neurosketch,21,furniture,table,466,82,1,120002.33,10,27,table,0
1206162_neurosketch,21,furniture,chair,467,83,0,124502.72,10,2,chair,1
1206162_neurosketch,21,furniture,chair,467,84,0,124502.72,10,2,chair,0
1206162_neurosketch,21,furniture,chair,467,85,0,124502.72,10,2,chair,0
1206162_neurosketch,21,furniture,bed,468,86,0,129001.89,10,21,bed,1
1206162_neurosketch,21,furniture,bed,468,87,0,129001.89,10,21,bed,0
1206162_neurosketch,21,2,chair,469,88,0,132002.42,10,8,chair,1
1206162_neurosketch,21,2,chair,469,89,0,132002.42,10,8,chair,0
1206162_neurosketch,21,2,chair,469,90,0,132002.42,10,8,chair,0
1206162_neurosketch,21,2,chair,469,91,0,132002.42,10,8,chair,0
1206162_neurosketch,21,furniture,bench,470,92,1,138002.14,10,12,bench,1
1206162_neurosketch,21,furniture,bench,470,93,1,138002.14,10,12,bench,0
1206162_neurosketch,21,furniture,bench,470,94,1,138002.14,10,12,bench,0
1206162_neurosketch,21,furniture,table,471,95,1,142501.86,10,15,table,1
1206162_neurosketch,21,furniture,table,471,96,1,142501.86,10,15,table,0
1206162_neurosketch,21,furniture,bed,472,97,0,145502.96,10,20,bed,1
1206162_neurosketch,21,furniture,bed,472,98,0,145502.96,10,20,bed,0
1206162_neurosketch,21,furniture,bed,472,99,0,145502.96,10,20,bed,0
1206162_neurosketch,21,furniture,bench,473,100,1,150002.29,10,20,bench,1
1206162_neurosketch,21,furniture,bench,473,101,1,150002.29,10,20,bench,0
1206162_neurosketch,21,furniture,bench,473,102,1,150002.29,10,20,bench,0
1206162_neurosketch,21,furniture,chair,474,103,0,154502.28,10,24,chair,1
1206162_neurosketch,21,furniture,chair,474,104,0,154502.28,10,24,chair,0
1206162_neurosketch,21,furniture,chair,474,105,0,154502.28,10,24,chair,0
1206162_neurosketch,21,furniture,chair,474,106,0,154502.28,10,24,chair,0
1206162_neurosketch,21,furniture,table,475,107,1,160502.54,10,21,table,1
1206162_neurosketch,21,furniture,table,475,108,1,160502.54,10,21,table,0
1206162_neurosketch,21,furniture,table,475,109,1,160502.54,10,21,table,0
1206162_neurosketch,21,furniture,bed,476,110,0,165003.09,10,16,bed,1
1206162_neurosketch,21,furniture,bed,476,111,0,165003.09,10,16,bed,0
1206162_neurosketch,21,furniture,bed,476,112,0,165003.09,10,16,bed,0
1206162_neurosketch,21,furniture,table,477,113,1,169502.04,10,14,table,1
1206162_neurosketch,21,furniture,table,477,114,1,169502.04,10,14,table,0
1206162_neurosketch,21,furniture,table,477,115,1,169502.04,10,14,table,0
1206162_neurosketch,21,furniture,chair,478,116,0,174002.26,10,37,chair,1
1206162_neurosketch,21,furniture,chair,478,117,0,174002.26,10,37,chair,0
1206162_neurosketch,21,2,bench,479,118,1,177002.82,10,8,bench,1
1206162_neurosketch,21,2,bench,479,119,1,177002.82,10,8,bench,0
1206162_neurosketch,21,furniture,chair,480,120,0,180002.21,10,32,chair,1
1206162_neurosketch,21,furniture,chair,480,121,0,180002.21,10,32,chair,0
1206162_neurosketch,21,furniture,chair,480,122,0,180002.21,10,32,chair,0
1206162_neurosketch,21,furniture,table,481,123,1,184503.1,10,22,table,1
1206162_neurosketch,21,furniture,table,481,124,1,184503.1,10,22,table,0
1206162_neurosketch,21,furniture,bed,482,125,0,187502.79,10,33,bed,1
1206162_neurosketch,21,furniture,bed,482,126,0,187502.79,10,33,bed,0
1206162_neurosketch,21,furniture,bed,482,127,0,187502.79,10,33,bed,0
1206162_neurosketch,21,furniture,bench,483,128,1,192001.71,10,9,bench,1
1206162_neurosketch,21,furniture,bench,483,129,1,192001.71,10,9,bench,0
1206162_neurosketch,21,furniture,bench,483,130,1,192001.71,10,9,bench,0
1206162_neurosketch,21,furniture,bench,483,131,1,192001.71,10,9,bench,0
1206162_neurosketch,21,furniture,bench,484,132,1,198002.23,10,16,bench,1
1206162_neurosketch,21,furniture,bench,484,133,1,198002.23,10,16,bench,0
1206162_neurosketch,21,furniture,bench,484,134,1,198002.23,10,16,bench,0
1206162_neurosketch,21,furniture,bed,485,135,0,202502.26,10,23,bed,1
1206162_neurosketch,21,furniture,bed,485,136,0,202502.26,10,23,bed,0
1206162_neurosketch,21,furniture,chair,486,137,0,205502.58,10,27,chair,1
1206162_neurosketch,21,furniture,chair,486,138,0,205502.58,10,27,chair,0
1206162_neurosketch,21,furniture,chair,486,139,0,205502.58,10,27,chair,0
1206162_neurosketch,21,furniture,chair,486,140,0,205502.58,10,27,chair,0
1206162_neurosketch,21,furniture,table,487,141,1,211502.22,10,4,table,1
1206162_neurosketch,21,furniture,table,487,142,1,211502.22,10,4,table,0
1206162_neurosketch,21,furniture,bench,488,143,1,214502.8,10,23,bench,1
1206162_neurosketch,21,furniture,bench,488,144,1,214502.8,10,23,bench,0
1206162_neurosketch,21,2,chair,489,145,0,217502.54,10,18,chair,1
1206162_neurosketch,21,2,chair,489,146,0,217502.54,10,18,chair,0
1206162_neurosketch,21,furniture,bed,490,147,0,220502.3,10,27,bed,1
1206162_neurosketch,21,furniture,bed,490,148,0,220502.3,10,27,bed,0
1206162_neurosketch,21,furniture,table,491,149,1,223502.87,10,6,table,1
1206162_neurosketch,21,furniture,table,491,150,1,223502.87,10,6,table,0
1206162_neurosketch,21,furniture,table,491,151,1,223502.87,10,6,table,0
1206162_neurosketch,21,furniture,table,491,152,1,223502.87,10,6,table,0
1206162_neurosketch,21,furniture,bench,492,153,1,229502.33,10,22,bench,1
1206162_neurosketch,21,furniture,bench,492,154,1,229502.33,10,22,bench,0
1206162_neurosketch,21,furniture,table,493,155,1,232502.16,10,12,table,1
1206162_neurosketch,21,furniture,table,493,156,1,232502.16,10,12,table,0
1206162_neurosketch,21,furniture,bed,494,157,0,235502.1,10,3,bed,1
1206162_neurosketch,21,furniture,bed,494,158,0,235502.1,10,3,bed,0
1206162_neurosketch,21,furniture,bed,494,159,0,235502.1,10,3,bed,0
1206162_neurosketch,21,furniture,bed,494,160,0,235502.1,10,3,bed,0
1206162_neurosketch,21,furniture,chair,495,161,0,241502.33,10,17,chair,1
1206162_neurosketch,21,furniture,chair,495,162,0,241502.33,10,17,chair,0
1206162_neurosketch,21,furniture,chair,495,163,0,241502.33,10,17,chair,0
1206162_neurosketch,21,furniture,bed,496,164,0,246002.79,10,17,bed,1
1206162_neurosketch,21,furniture,bed,496,165,0,246002.79,10,17,bed,0
1206162_neurosketch,21,furniture,bed,496,166,0,246002.79,10,17,bed,0
1206162_neurosketch,21,furniture,bed,496,167,0,246002.79,10,17,bed,0
1206162_neurosketch,21,furniture,bench,497,168,1,252002.18,10,5,bench,1
1206162_neurosketch,21,furniture,bench,497,169,1,252002.18,10,5,bench,0
1206162_neurosketch,21,furniture,chair,498,170,0,255002.51,10,29,chair,1
1206162_neurosketch,21,furniture,chair,498,171,0,255002.51,10,29,chair,0
1206162_neurosketch,21,2,table,499,172,1,258002.19,10,10,table,1
1206162_neurosketch,21,2,table,499,173,1,258002.19,10,10,table,0
1206162_neurosketch,21,furniture,bed,500,174,0,261002.97,10,8,bed,1
1206162_neurosketch,21,furniture,bed,500,175,0,261002.97,10,8,bed,0
1206162_neurosketch,21,furniture,bench,501,176,1,264002.31,10,26,bench,1
1206162_neurosketch,21,furniture,bench,501,177,1,264002.31,10,26,bench,0
1206162_neurosketch,21,furniture,bench,501,178,1,264002.31,10,26,bench,0
1206162_neurosketch,21,furniture,chair,502,179,0,268503.83,10,1,chair,1
1206162_neurosketch,21,furniture,chair,502,180,0,268503.83,10,1,chair,0
1206162_neurosketch,21,furniture,chair,502,181,0,268503.83,10,1,chair,0
1206162_neurosketch,21,furniture,chair,502,182,0,268503.83,10,1,chair,0
1206162_neurosketch,21,furniture,table,503,183,1,274503.56,10,30,table,1
1206162_neurosketch,21,furniture,table,503,184,1,274503.56,10,30,table,0
1206162_neurosketch,21,furniture,table,503,185,1,274503.56,10,30,table,0
1206162_neurosketch,21,furniture,bench,504,186,1,279002.3,10,31,bench,1
1206162_neurosketch,21,furniture,bench,504,187,1,279002.3,10,31,bench,0
1206162_neurosketch,21,furniture,bench,504,188,1,279002.3,10,31,bench,0
1206162_neurosketch,21,furniture,chair,505,189,0,283503.47,10,33,chair,1
1206162_neurosketch,21,furniture,chair,505,190,0,283503.47,10,33,chair,0
1206162_neurosketch,21,furniture,chair,505,191,0,283503.47,10,33,chair,0
1206162_neurosketch,21,furniture,table,506,192,1,288002.39,10,34,table,1
1206162_neurosketch,21,furniture,table,506,193,1,288002.39,10,34,table,0
1206162_neurosketch,21,furniture,table,506,194,1,288002.39,10,34,table,0
1206162_neurosketch,21,furniture,bed,507,195,0,292503.81,10,34,bed,1
1206162_neurosketch,21,furniture,bed,507,196,0,292503.81,10,34,bed,0
1206162_neurosketch,21,furniture,bed,507,197,0,292503.81,10,34,bed,0
1206162_neurosketch,21,furniture,bench,508,198,1,297002.12,10,15,bench,1
1206162_neurosketch,21,furniture,bench,508,199,1,297002.12,10,15,bench,0
1206162_neurosketch,21,2,table,509,200,1,300002.22,10,2,table,1
1206162_neurosketch,21,2,table,509,201,1,300002.22,10,2,table,0
1206162_neurosketch,21,2,table,509,202,1,300002.22,10,2,table,0
1206162_neurosketch,21,2,table,509,203,1,300002.22,10,2,table,0
1206162_neurosketch,21,furniture,bed,510,204,0,306002.85,10,1,bed,1
1206162_neurosketch,21,furniture,bed,510,205,0,306002.85,10,1,bed,0
1206162_neurosketch,21,furniture,bed,510,206,0,306002.85,10,1,bed,0
1206162_neurosketch,21,furniture,chair,511,207,0,310503.24,10,28,chair,1
1206162_neurosketch,21,furniture,chair,511,208,0,310503.24,10,28,chair,0
1206162_neurosketch,21,furniture,bench,512,209,1,313502.25,10,3,,1
1206162_neurosketch,21,furniture,bench,512,210,1,313502.25,10,3,,0
1206162_neurosketch,21,furniture,bench,512,211,1,313502.25,10,3,,0
1206162_neurosketch,21,furniture,table,513,212,1,318002.2,10,29,table,1
1206162_neurosketch,21,furniture,table,513,213,1,318002.2,10,29,table,0
1206162_neurosketch,21,furniture,table,513,214,1,318002.2,10,29,table,0
1206162_neurosketch,21,furniture,chair,514,215,0,322502.78,10,5,chair,1
1206162_neurosketch,21,furniture,chair,514,216,0,322502.78,10,5,chair,0
1206162_neurosketch,21,furniture,chair,514,217,0,322502.78,10,5,chair,0
1206162_neurosketch,21,furniture,chair,514,218,0,322502.78,10,5,chair,0
1206162_neurosketch,21,furniture,bed,515,219,0,328502.08,10,22,bed,1
1206162_neurosketch,21,furniture,bed,515,220,0,328502.08,10,22,bed,0
1206162_neurosketch,21,furniture,bed,515,221,0,328502.08,10,22,bed,0
1206162_neurosketch,21,furniture,bed,516,222,0,333002.19,10,18,bed,1
1206162_neurosketch,21,furniture,bed,516,223,0,333002.19,10,18,bed,0
1206162_neurosketch,21,furniture,bed,516,224,0,333002.19,10,18,bed,0
1206162_neurosketch,21,furniture,bench,517,225,1,337502.92,10,29,bench,1
1206162_neurosketch,21,furniture,bench,517,226,1,337502.92,10,29,bench,0
1206162_neurosketch,21,furniture,bench,517,227,1,337502.92,10,29,bench,0
1206162_neurosketch,21,furniture,chair,518,228,0,342002.3,10,4,chair,1
1206162_neurosketch,21,furniture,chair,518,229,0,342002.3,10,4,chair,0
1206162_neurosketch,21,2,table,519,230,1,345002.44,10,18,table,1
1206162_neurosketch,21,2,table,519,231,1,345002.44,10,18,table,0
1206162_neurosketch,21,2,table,519,232,1,345002.44,10,18,table,0
1206162_neurosketch,21,2,table,519,233,1,345002.44,10,18,table,0
1206162_neurosketch,21,2,table,519,234,1,345002.44,10,18,table,0
1206162_neurosketch,21,2,table,519,235,1,345002.44,10,18,table,0
1206162_neurosketch,21,2,table,519,236,1,345002.44,10,18,table,0
1206162_neurosketch,21,2,table,519,237,1,345002.44,10,18,table,0
1206162_neurosketch,21,2,table,519,238,1,345002.44,10,18,table,0
1206162_neurosketch,21,2,table,519,239,1,345002.44,10,18,table,0
