wID,versionNum,category,object,trial,TRnum,condition,onset_time,run_num,viewpoint,response,onset
1206161_neurosketch,18,furniture,chair,0,0,-1,0.0,1,36,,0
1206161_neurosketch,18,furniture,chair,0,1,-1,0.0,1,36,,0
1206161_neurosketch,18,furniture,chair,0,2,-1,0.0,1,36,,0
1206161_neurosketch,18,furniture,chair,0,3,-1,0.0,1,36,,0
1206161_neurosketch,18,furniture,chair,0,4,-1,0.0,1,36,,0
1206161_neurosketch,18,furniture,chair,0,5,-1,0.0,1,36,,0
1206161_neurosketch,18,furniture,chair,0,6,-1,0.0,1,36,,0
1206161_neurosketch,18,furniture,chair,0,7,-1,0.0,1,36,,0
1206161_neurosketch,18,furniture,chair,0,8,1,12004.36,1,36,,1
1206161_neurosketch,18,furniture,chair,0,9,1,12004.36,1,36,,0
1206161_neurosketch,18,furniture,chair,0,10,1,12004.36,1,36,,0
1206161_neurosketch,18,furniture,chair,0,11,1,12004.36,1,36,,0
1206161_neurosketch,18,furniture,chair,0,12,1,12004.36,1,36,,0
1206161_neurosketch,18,furniture,chair,0,13,1,12004.36,1,36,,0
1206161_neurosketch,18,furniture,table,1,14,1,21002.83,1,33,,1
1206161_neurosketch,18,furniture,table,1,15,1,21002.83,1,33,,0
1206161_neurosketch,18,furniture,table,1,16,1,21002.83,1,33,,0
1206161_neurosketch,18,furniture,table,1,17,1,21002.83,1,33,,0
1206161_neurosketch,18,furniture,bench,2,18,0,27001.62,1,5,,1
1206161_neurosketch,18,furniture,bench,2,19,0,27001.62,1,5,,0
1206161_neurosketch,18,furniture,bench,2,20,0,27001.62,1,5,,0
1206161_neurosketch,18,furniture,bed,3,21,0,31501.8,1,32,,1
1206161_neurosketch,18,furniture,bed,3,22,0,31501.8,1,32,,0
1206161_neurosketch,18,furniture,bed,4,23,0,34502.64,1,11,bed,1
1206161_neurosketch,18,furniture,bed,4,24,0,34502.64,1,11,bed,0
1206161_neurosketch,18,furniture,bed,4,25,0,34502.64,1,11,bed,0
1206161_neurosketch,18,furniture,bed,4,26,0,34502.64,1,11,bed,0
1206161_neurosketch,18,furniture,bench,5,27,0,40502.22,1,0,,1
1206161_neurosketch,18,furniture,bench,5,28,0,40502.22,1,0,,0
1206161_neurosketch,18,furniture,bench,5,29,0,40502.22,1,0,,0
1206161_neurosketch,18,furniture,chair,6,30,1,45003.38,1,39,,1
1206161_neurosketch,18,furniture,chair,6,31,1,45003.38,1,39,,0
1206161_neurosketch,18,furniture,chair,6,32,1,45003.38,1,39,,0
1206161_neurosketch,18,furniture,table,7,33,1,49501.58,1,23,table,1
1206161_neurosketch,18,furniture,table,7,34,1,49501.58,1,23,table,0
1206161_neurosketch,18,furniture,bench,8,35,0,52501.58,1,34,,1
1206161_neurosketch,18,furniture,bench,8,36,0,52501.58,1,34,,0
1206161_neurosketch,18,2,table,9,37,1,55502.71,1,28,,1
1206161_neurosketch,18,2,table,9,38,1,55502.71,1,28,,0
1206161_neurosketch,18,2,table,9,39,1,55502.71,1,28,,0
1206161_neurosketch,18,furniture,bed,10,40,0,60001.86,1,3,bed,1
1206161_neurosketch,18,furniture,bed,10,41,0,60001.86,1,3,bed,0
1206161_neurosketch,18,furniture,bed,10,42,0,60001.86,1,3,bed,0
1206161_neurosketch,18,furniture,chair,11,43,1,64501.94,1,17,,1
1206161_neurosketch,18,furniture,chair,11,44,1,64501.94,1,17,,0
1206161_neurosketch,18,furniture,bed,12,45,0,67501.98,1,24,,1
1206161_neurosketch,18,furniture,bed,12,46,0,67501.98,1,24,,0
1206161_neurosketch,18,furniture,table,13,47,1,70502.83,1,35,,1
1206161_neurosketch,18,furniture,table,13,48,1,70502.83,1,35,,0
1206161_neurosketch,18,furniture,table,13,49,1,70502.83,1,35,,0
1206161_neurosketch,18,furniture,chair,14,50,1,75002.27,1,25,table,1
1206161_neurosketch,18,furniture,chair,14,51,1,75002.27,1,25,table,0
1206161_neurosketch,18,furniture,bench,15,52,0,78002.04,1,4,bench,1
1206161_neurosketch,18,furniture,bench,15,53,0,78002.04,1,4,bench,0
1206161_neurosketch,18,furniture,table,16,54,1,81003.57,1,36,,1
1206161_neurosketch,18,furniture,table,16,55,1,81003.57,1,36,,0
1206161_neurosketch,18,furniture,bench,17,56,0,84002.5,1,10,,1
1206161_neurosketch,18,furniture,bench,17,57,0,84002.5,1,10,,0
1206161_neurosketch,18,furniture,bench,17,58,0,84002.5,1,10,,0
1206161_neurosketch,18,furniture,chair,18,59,1,88503.14,1,12,table,1
1206161_neurosketch,18,furniture,chair,18,60,1,88503.14,1,12,table,0
1206161_neurosketch,18,2,bed,19,61,0,91502.09,1,7,bed,1
1206161_neurosketch,18,2,bed,19,62,0,91502.09,1,7,bed,0
1206161_neurosketch,18,2,bed,19,63,0,91502.09,1,7,bed,0
1206161_neurosketch,18,2,bed,19,64,0,91502.09,1,7,bed,0
1206161_neurosketch,18,furniture,table,20,65,1,97503.43,1,39,,1
1206161_neurosketch,18,furniture,table,20,66,1,97503.43,1,39,,0
1206161_neurosketch,18,furniture,table,20,67,1,97503.43,1,39,,0
1206161_neurosketch,18,furniture,chair,21,68,1,102002.97,1,29,table,1
1206161_neurosketch,18,furniture,chair,21,69,1,102002.97,1,29,table,0
1206161_neurosketch,18,furniture,chair,21,70,1,102002.97,1,29,table,0
1206161_neurosketch,18,furniture,chair,21,71,1,102002.97,1,29,table,0
1206161_neurosketch,18,furniture,bench,22,72,0,108002.05,1,9,,1
1206161_neurosketch,18,furniture,bench,22,73,0,108002.05,1,9,,0
1206161_neurosketch,18,furniture,bench,22,74,0,108002.05,1,9,,0
1206161_neurosketch,18,furniture,bed,23,75,0,112503.74,1,5,bed,1
1206161_neurosketch,18,furniture,bed,23,76,0,112503.74,1,5,bed,0
1206161_neurosketch,18,furniture,bed,23,77,0,112503.74,1,5,bed,0
1206161_neurosketch,18,furniture,bed,23,78,0,112503.74,1,5,bed,0
1206161_neurosketch,18,furniture,bench,24,79,0,118502.14,1,7,,1
1206161_neurosketch,18,furniture,bench,24,80,0,118502.14,1,7,,0
1206161_neurosketch,18,furniture,bench,24,81,0,118502.14,1,7,,0
1206161_neurosketch,18,furniture,bench,24,82,0,118502.14,1,7,,0
1206161_neurosketch,18,furniture,chair,25,83,1,124502.45,1,22,,1
1206161_neurosketch,18,furniture,chair,25,84,1,124502.45,1,22,,0
1206161_neurosketch,18,furniture,table,26,85,1,127502.29,1,8,,1
1206161_neurosketch,18,furniture,table,26,86,1,127502.29,1,8,,0
1206161_neurosketch,18,furniture,bed,27,87,0,130502.73,1,36,bed,1
1206161_neurosketch,18,furniture,bed,27,88,0,130502.73,1,36,bed,0
1206161_neurosketch,18,furniture,bed,27,89,0,130502.73,1,36,bed,0
1206161_neurosketch,18,furniture,bench,28,90,0,135002.35,1,31,bed,1
1206161_neurosketch,18,furniture,bench,28,91,0,135002.35,1,31,bed,0
1206161_neurosketch,18,furniture,bench,28,92,0,135002.35,1,31,bed,0
1206161_neurosketch,18,2,bed,29,93,0,139502.22,1,8,,1
1206161_neurosketch,18,2,bed,29,94,0,139502.22,1,8,,0
1206161_neurosketch,18,2,bed,29,95,0,139502.22,1,8,,0
1206161_neurosketch,18,2,bed,29,96,0,139502.22,1,8,,0
1206161_neurosketch,18,furniture,table,30,97,1,145502.29,1,14,,1
1206161_neurosketch,18,furniture,table,30,98,1,145502.29,1,14,,0
1206161_neurosketch,18,furniture,table,30,99,1,145502.29,1,14,,0
1206161_neurosketch,18,furniture,chair,31,100,1,150002.73,1,37,,1
1206161_neurosketch,18,furniture,chair,31,101,1,150002.73,1,37,,0
1206161_neurosketch,18,furniture,bed,32,102,0,153003.01,1,28,bed,1
1206161_neurosketch,18,furniture,bed,32,103,0,153003.01,1,28,bed,0
1206161_neurosketch,18,furniture,chair,33,104,1,156004.4,1,3,,1
1206161_neurosketch,18,furniture,chair,33,105,1,156004.4,1,3,,0
1206161_neurosketch,18,furniture,table,34,106,1,159003.15,1,15,table,1
1206161_neurosketch,18,furniture,table,34,107,1,159003.15,1,15,table,0
1206161_neurosketch,18,furniture,table,34,108,1,159003.15,1,15,table,0
1206161_neurosketch,18,furniture,table,34,109,1,159003.15,1,15,table,0
1206161_neurosketch,18,furniture,bench,35,110,0,165002.46,1,21,bench,1
1206161_neurosketch,18,furniture,bench,35,111,0,165002.46,1,21,bench,0
1206161_neurosketch,18,furniture,table,36,112,1,168002.68,1,29,table,1
1206161_neurosketch,18,furniture,table,36,113,1,168002.68,1,29,table,0
1206161_neurosketch,18,furniture,table,36,114,1,168002.68,1,29,table,0
1206161_neurosketch,18,furniture,bench,37,115,0,172502.98,1,6,bench,1
1206161_neurosketch,18,furniture,bench,37,116,0,172502.98,1,6,bench,0
1206161_neurosketch,18,furniture,chair,38,117,1,175503.08,1,0,chair,1
1206161_neurosketch,18,furniture,chair,38,118,1,175503.08,1,0,chair,0
1206161_neurosketch,18,furniture,chair,38,119,1,175503.08,1,0,chair,0
1206161_neurosketch,18,2,bed,39,120,0,180002.99,1,9,bed,1
1206161_neurosketch,18,2,bed,39,121,0,180002.99,1,9,bed,0
1206161_neurosketch,18,2,bed,39,122,0,180002.99,1,9,bed,0
1206161_neurosketch,18,furniture,bench,40,123,0,184503.14,1,26,,1
1206161_neurosketch,18,furniture,bench,40,124,0,184503.14,1,26,,0
1206161_neurosketch,18,furniture,bench,40,125,0,184503.14,1,26,,0
1206161_neurosketch,18,furniture,bed,41,126,0,189002.2,1,16,,1
1206161_neurosketch,18,furniture,bed,41,127,0,189002.2,1,16,,0
1206161_neurosketch,18,furniture,bed,41,128,0,189002.2,1,16,,0
1206161_neurosketch,18,furniture,bed,41,129,0,189002.2,1,16,,0
1206161_neurosketch,18,furniture,table,42,130,1,195002.97,1,3,table,1
1206161_neurosketch,18,furniture,table,42,131,1,195002.97,1,3,table,0
1206161_neurosketch,18,furniture,table,42,132,1,195002.97,1,3,table,0
1206161_neurosketch,18,furniture,chair,43,133,1,199502.22,1,4,,1
1206161_neurosketch,18,furniture,chair,43,134,1,199502.22,1,4,,0
1206161_neurosketch,18,furniture,table,44,135,1,202503.18,1,0,table,1
1206161_neurosketch,18,furniture,table,44,136,1,202503.18,1,0,table,0
1206161_neurosketch,18,furniture,table,44,137,1,202503.18,1,0,table,0
1206161_neurosketch,18,furniture,table,44,138,1,202503.18,1,0,table,0
1206161_neurosketch,18,furniture,chair,45,139,1,208502.5,1,11,chair,1
1206161_neurosketch,18,furniture,chair,45,140,1,208502.5,1,11,chair,0
1206161_neurosketch,18,furniture,chair,45,141,1,208502.5,1,11,chair,0
1206161_neurosketch,18,furniture,bench,46,142,0,213002.91,1,27,bench,1
1206161_neurosketch,18,furniture,bench,46,143,0,213002.91,1,27,bench,0
1206161_neurosketch,18,furniture,bench,46,144,0,213002.91,1,27,bench,0
1206161_neurosketch,18,furniture,bed,47,145,0,217502.13,1,22,bed,1
1206161_neurosketch,18,furniture,bed,47,146,0,217502.13,1,22,bed,0
1206161_neurosketch,18,furniture,table,48,147,1,220502.26,1,20,table,1
1206161_neurosketch,18,furniture,table,48,148,1,220502.26,1,20,table,0
1206161_neurosketch,18,2,bench,49,149,0,223502.16,1,18,bench,1
1206161_neurosketch,18,2,bench,49,150,0,223502.16,1,18,bench,0
1206161_neurosketch,18,2,bench,49,151,0,223502.16,1,18,bench,0
1206161_neurosketch,18,furniture,bed,50,152,0,228003.05,1,25,bed,1
1206161_neurosketch,18,furniture,bed,50,153,0,228003.05,1,25,bed,0
1206161_neurosketch,18,furniture,bed,50,154,0,228003.05,1,25,bed,0
1206161_neurosketch,18,furniture,chair,51,155,1,232502.91,1,1,chair,1
1206161_neurosketch,18,furniture,chair,51,156,1,232502.91,1,1,chair,0
1206161_neurosketch,18,furniture,table,52,157,1,235502.61,1,17,,1
1206161_neurosketch,18,furniture,table,52,158,1,235502.61,1,17,,0
1206161_neurosketch,18,furniture,chair,53,159,1,238502.86,1,7,table,1
1206161_neurosketch,18,furniture,chair,53,160,1,238502.86,1,7,table,0
1206161_neurosketch,18,furniture,chair,53,161,1,238502.86,1,7,table,0
1206161_neurosketch,18,furniture,bed,54,162,0,243003.06,1,17,bed,1
1206161_neurosketch,18,furniture,bed,54,163,0,243003.06,1,17,bed,0
1206161_neurosketch,18,furniture,bench,55,164,0,246002.34,1,19,bench,1
1206161_neurosketch,18,furniture,bench,55,165,0,246002.34,1,19,bench,0
1206161_neurosketch,18,furniture,chair,56,166,1,249002.22,1,9,,1
1206161_neurosketch,18,furniture,chair,56,167,1,249002.22,1,9,,0
1206161_neurosketch,18,furniture,table,57,168,1,252002.6,1,10,table,1
1206161_neurosketch,18,furniture,table,57,169,1,252002.6,1,10,table,0
1206161_neurosketch,18,furniture,table,57,170,1,252002.6,1,10,table,0
1206161_neurosketch,18,furniture,bed,58,171,0,256503.72,1,29,bed,1
1206161_neurosketch,18,furniture,bed,58,172,0,256503.72,1,29,bed,0
1206161_neurosketch,18,2,bench,59,173,0,259503.06,1,3,bench,1
1206161_neurosketch,18,2,bench,59,174,0,259503.06,1,3,bench,0
1206161_neurosketch,18,2,bench,59,175,0,259503.06,1,3,bench,0
1206161_neurosketch,18,2,bench,59,176,0,259503.06,1,3,bench,0
1206161_neurosketch,18,furniture,bed,60,177,0,265501.91,1,12,bed,1
1206161_neurosketch,18,furniture,bed,60,178,0,265501.91,1,12,bed,0
1206161_neurosketch,18,furniture,bed,60,179,0,265501.91,1,12,bed,0
1206161_neurosketch,18,furniture,bench,61,180,0,270004.03,1,14,bench,1
1206161_neurosketch,18,furniture,bench,61,181,0,270004.03,1,14,bench,0
1206161_neurosketch,18,furniture,bench,61,182,0,270004.03,1,14,bench,0
1206161_neurosketch,18,furniture,bench,61,183,0,270004.03,1,14,bench,0
1206161_neurosketch,18,furniture,table,62,184,1,276002.77,1,31,,1
1206161_neurosketch,18,furniture,table,62,185,1,276002.77,1,31,,0
1206161_neurosketch,18,furniture,table,62,186,1,276002.77,1,31,,0
1206161_neurosketch,18,furniture,chair,63,187,1,280503.02,1,6,chair,1
1206161_neurosketch,18,furniture,chair,63,188,1,280503.02,1,6,chair,0
1206161_neurosketch,18,furniture,chair,63,189,1,280503.02,1,6,chair,0
1206161_neurosketch,18,furniture,chair,63,190,1,280503.02,1,6,chair,0
1206161_neurosketch,18,furniture,bench,64,191,0,286503.41,1,33,bench,1
1206161_neurosketch,18,furniture,bench,64,192,0,286503.41,1,33,bench,0
1206161_neurosketch,18,furniture,bench,64,193,0,286503.41,1,33,bench,0
1206161_neurosketch,18,furniture,bench,64,194,0,286503.41,1,33,bench,0
1206161_neurosketch,18,furniture,chair,65,195,1,292503.22,1,8,,1
1206161_neurosketch,18,furniture,chair,65,196,1,292503.22,1,8,,0
1206161_neurosketch,18,furniture,table,66,197,1,295503.13,1,25,table,1
1206161_neurosketch,18,furniture,table,66,198,1,295503.13,1,25,table,0
1206161_neurosketch,18,furniture,bed,67,199,0,298502.9,1,18,bed,1
1206161_neurosketch,18,furniture,bed,67,200,0,298502.9,1,18,bed,0
1206161_neurosketch,18,furniture,bed,67,201,0,298502.9,1,18,bed,0
1206161_neurosketch,18,furniture,bed,68,202,0,303002.57,1,23,bed,1
1206161_neurosketch,18,furniture,bed,68,203,0,303002.57,1,23,bed,0
1206161_neurosketch,18,furniture,bed,68,204,0,303002.57,1,23,bed,0
1206161_neurosketch,18,2,chair,69,205,1,307502.75,1,28,chair,1
1206161_neurosketch,18,2,chair,69,206,1,307502.75,1,28,chair,0
1206161_neurosketch,18,2,chair,69,207,1,307502.75,1,28,chair,0
1206161_neurosketch,18,2,chair,69,208,1,307502.75,1,28,chair,0
1206161_neurosketch,18,furniture,table,70,209,1,313502.74,1,26,table,1
1206161_neurosketch,18,furniture,table,70,210,1,313502.74,1,26,table,0
1206161_neurosketch,18,furniture,table,70,211,1,313502.74,1,26,table,0
1206161_neurosketch,18,furniture,bench,71,212,0,318001.98,1,12,bench,1
1206161_neurosketch,18,furniture,bench,71,213,0,318001.98,1,12,bench,0
1206161_neurosketch,18,furniture,bench,72,214,0,321001.96,1,22,bench,1
1206161_neurosketch,18,furniture,bench,72,215,0,321001.96,1,22,bench,0
1206161_neurosketch,18,furniture,table,73,216,1,324002.18,1,24,,1
1206161_neurosketch,18,furniture,table,73,217,1,324002.18,1,24,,0
1206161_neurosketch,18,furniture,chair,74,218,1,327001.99,1,14,chair,1
1206161_neurosketch,18,furniture,chair,74,219,1,327001.99,1,14,chair,0
1206161_neurosketch,18,furniture,chair,74,220,1,327001.99,1,14,chair,0
1206161_neurosketch,18,furniture,chair,74,221,1,327001.99,1,14,chair,0
1206161_neurosketch,18,furniture,bed,75,222,0,333001.94,1,19,bed,1
1206161_neurosketch,18,furniture,bed,75,223,0,333001.94,1,19,bed,0
1206161_neurosketch,18,furniture,bed,76,224,0,336002.56,1,33,bed,1
1206161_neurosketch,18,furniture,bed,76,225,0,336002.56,1,33,bed,0
1206161_neurosketch,18,furniture,bed,76,226,0,336002.56,1,33,bed,0
1206161_neurosketch,18,furniture,chair,77,227,1,340503.38,1,38,chair,1
1206161_neurosketch,18,furniture,chair,77,228,1,340503.38,1,38,chair,0
1206161_neurosketch,18,furniture,table,78,229,1,343502.63,1,32,table,1
1206161_neurosketch,18,furniture,table,78,230,1,343502.63,1,32,table,0
1206161_neurosketch,18,furniture,table,78,231,1,343502.63,1,32,table,0
1206161_neurosketch,18,2,bench,79,232,0,348003.8,1,20,bench,1
1206161_neurosketch,18,2,bench,79,233,0,348003.8,1,20,bench,0
1206161_neurosketch,18,2,bench,79,234,0,348003.8,1,20,bench,0
1206161_neurosketch,18,2,bench,79,235,0,348003.8,1,20,bench,0
1206161_neurosketch,18,2,bench,79,236,0,348003.8,1,20,bench,0
1206161_neurosketch,18,2,bench,79,237,0,348003.8,1,20,bench,0
1206161_neurosketch,18,2,bench,79,238,0,348003.8,1,20,bench,0
1206161_neurosketch,18,2,bench,79,239,0,348003.8,1,20,bench,0
1206161_neurosketch,18,furniture,bench,80,0,-1,0.0,2,28,bench,0
1206161_neurosketch,18,furniture,bench,80,1,-1,0.0,2,28,bench,0
1206161_neurosketch,18,furniture,bench,80,2,-1,0.0,2,28,bench,0
1206161_neurosketch,18,furniture,bench,80,3,-1,0.0,2,28,bench,0
1206161_neurosketch,18,furniture,bench,80,4,-1,0.0,2,28,bench,0
1206161_neurosketch,18,furniture,bench,80,5,-1,0.0,2,28,bench,0
1206161_neurosketch,18,furniture,bench,80,6,-1,0.0,2,28,bench,0
1206161_neurosketch,18,furniture,bench,80,7,-1,0.0,2,28,bench,0
1206161_neurosketch,18,furniture,bench,80,8,0,12002.11,2,28,bench,1
1206161_neurosketch,18,furniture,bench,80,9,0,12002.11,2,28,bench,0
1206161_neurosketch,18,furniture,bench,80,10,0,12002.11,2,28,bench,0
1206161_neurosketch,18,furniture,table,81,11,1,16502.0,2,22,table,1
1206161_neurosketch,18,furniture,table,81,12,1,16502.0,2,22,table,0
1206161_neurosketch,18,furniture,table,81,13,1,16502.0,2,22,table,0
1206161_neurosketch,18,furniture,table,81,14,1,16502.0,2,22,table,0
1206161_neurosketch,18,furniture,chair,82,15,1,22501.54,2,15,chair,1
1206161_neurosketch,18,furniture,chair,82,16,1,22501.54,2,15,chair,0
1206161_neurosketch,18,furniture,chair,82,17,1,22501.54,2,15,chair,0
1206161_neurosketch,18,furniture,bed,83,18,0,27002.16,2,20,bed,1
1206161_neurosketch,18,furniture,bed,83,19,0,27002.16,2,20,bed,0
1206161_neurosketch,18,furniture,bed,84,20,0,30001.57,2,37,bed,1
1206161_neurosketch,18,furniture,bed,84,21,0,30001.57,2,37,bed,0
1206161_neurosketch,18,furniture,bed,84,22,0,30001.57,2,37,bed,0
1206161_neurosketch,18,furniture,bed,84,23,0,30001.57,2,37,bed,0
1206161_neurosketch,18,furniture,chair,85,24,1,36001.56,2,30,chair,1
1206161_neurosketch,18,furniture,chair,85,25,1,36001.56,2,30,chair,0
1206161_neurosketch,18,furniture,chair,85,26,1,36001.56,2,30,chair,0
1206161_neurosketch,18,furniture,table,86,27,1,40502.72,2,4,table,1
1206161_neurosketch,18,furniture,table,86,28,1,40502.72,2,4,table,0
1206161_neurosketch,18,furniture,table,86,29,1,40502.72,2,4,table,0
1206161_neurosketch,18,furniture,bench,87,30,0,45001.9,2,15,bench,1
1206161_neurosketch,18,furniture,bench,87,31,0,45001.9,2,15,bench,0
1206161_neurosketch,18,furniture,chair,88,32,1,48002.11,2,10,chair,1
1206161_neurosketch,18,furniture,chair,88,33,1,48002.11,2,10,chair,0
1206161_neurosketch,18,2,bench,89,34,0,51001.67,2,2,bench,1
1206161_neurosketch,18,2,bench,89,35,0,51001.67,2,2,bench,0
1206161_neurosketch,18,2,bench,89,36,0,51001.67,2,2,bench,0
1206161_neurosketch,18,furniture,table,90,37,1,55502.38,2,34,table,1
1206161_neurosketch,18,furniture,table,90,38,1,55502.38,2,34,table,0
1206161_neurosketch,18,furniture,table,90,39,1,55502.38,2,34,table,0
1206161_neurosketch,18,furniture,bed,91,40,0,60001.9,2,10,bed,1
1206161_neurosketch,18,furniture,bed,91,41,0,60001.9,2,10,bed,0
1206161_neurosketch,18,furniture,chair,92,42,1,63001.6,2,32,chair,1
1206161_neurosketch,18,furniture,chair,92,43,1,63001.6,2,32,chair,0
1206161_neurosketch,18,furniture,bench,93,44,0,66002.4,2,1,bench,1
1206161_neurosketch,18,furniture,bench,93,45,0,66002.4,2,1,bench,0
1206161_neurosketch,18,furniture,bench,93,46,0,66002.4,2,1,bench,0
1206161_neurosketch,18,furniture,table,94,47,1,70501.8,2,6,table,1
1206161_neurosketch,18,furniture,table,94,48,1,70501.8,2,6,table,0
1206161_neurosketch,18,furniture,bed,95,49,0,73502.66,2,30,bed,1
1206161_neurosketch,18,furniture,bed,95,50,0,73502.66,2,30,bed,0
1206161_neurosketch,18,furniture,bed,96,51,0,76502.32,2,1,bed,1
1206161_neurosketch,18,furniture,bed,96,52,0,76502.32,2,1,bed,0
1206161_neurosketch,18,furniture,bench,97,53,0,79502.16,2,16,bench,1
1206161_neurosketch,18,furniture,bench,97,54,0,79502.16,2,16,bench,0
1206161_neurosketch,18,furniture,bench,97,55,0,79502.16,2,16,bench,0
1206161_neurosketch,18,furniture,chair,98,56,1,84001.16,2,20,chair,1
1206161_neurosketch,18,furniture,chair,98,57,1,84001.16,2,20,chair,0
1206161_neurosketch,18,2,table,99,58,1,87002.15,2,18,table,1
1206161_neurosketch,18,2,table,99,59,1,87002.15,2,18,table,0
1206161_neurosketch,18,2,table,99,60,1,87002.15,2,18,table,0
1206161_neurosketch,18,2,table,99,61,1,87002.15,2,18,table,0
1206161_neurosketch,18,furniture,bench,100,62,0,93002.81,2,30,,1
1206161_neurosketch,18,furniture,bench,100,63,0,93002.81,2,30,,0
1206161_neurosketch,18,furniture,bench,100,64,0,93002.81,2,30,,0
1206161_neurosketch,18,furniture,chair,101,65,1,97503.57,2,16,,1
1206161_neurosketch,18,furniture,chair,101,66,1,97503.57,2,16,,0
1206161_neurosketch,18,furniture,chair,101,67,1,97503.57,2,16,,0
1206161_neurosketch,18,furniture,chair,101,68,1,97503.57,2,16,,0
1206161_neurosketch,18,furniture,bed,102,69,0,103502.27,2,6,bed,1
1206161_neurosketch,18,furniture,bed,102,70,0,103502.27,2,6,bed,0
1206161_neurosketch,18,furniture,bed,102,71,0,103502.27,2,6,bed,0
1206161_neurosketch,18,furniture,table,103,72,1,108002.9,2,12,table,1
1206161_neurosketch,18,furniture,table,103,73,1,108002.9,2,12,table,0
1206161_neurosketch,18,furniture,table,103,74,1,108002.9,2,12,table,0
1206161_neurosketch,18,furniture,table,103,75,1,108002.9,2,12,table,0
1206161_neurosketch,18,furniture,table,104,76,1,114002.43,2,19,table,1
1206161_neurosketch,18,furniture,table,104,77,1,114002.43,2,19,table,0
1206161_neurosketch,18,furniture,table,104,78,1,114002.43,2,19,table,0
1206161_neurosketch,18,furniture,table,104,79,1,114002.43,2,19,table,0
1206161_neurosketch,18,furniture,bed,105,80,0,120002.45,2,39,bed,1
1206161_neurosketch,18,furniture,bed,105,81,0,120002.45,2,39,bed,0
1206161_neurosketch,18,furniture,bench,106,82,0,123001.81,2,35,bench,1
1206161_neurosketch,18,furniture,bench,106,83,0,123001.81,2,35,bench,0
1206161_neurosketch,18,furniture,chair,107,84,1,126002.19,2,33,,1
1206161_neurosketch,18,furniture,chair,107,85,1,126002.19,2,33,,0
1206161_neurosketch,18,furniture,chair,107,86,1,126002.19,2,33,,0
1206161_neurosketch,18,furniture,table,108,87,1,130502.25,2,16,table,1
1206161_neurosketch,18,furniture,table,108,88,1,130502.25,2,16,table,0
1206161_neurosketch,18,furniture,table,108,89,1,130502.25,2,16,table,0
1206161_neurosketch,18,2,chair,109,90,1,135002.25,2,2,,1
1206161_neurosketch,18,2,chair,109,91,1,135002.25,2,2,,0
1206161_neurosketch,18,2,chair,109,92,1,135002.25,2,2,,0
1206161_neurosketch,18,2,chair,109,93,1,135002.25,2,2,,0
1206161_neurosketch,18,furniture,bench,110,94,0,141003.65,2,36,bench,1
1206161_neurosketch,18,furniture,bench,110,95,0,141003.65,2,36,bench,0
1206161_neurosketch,18,furniture,bench,110,96,0,141003.65,2,36,bench,0
1206161_neurosketch,18,furniture,bed,111,97,0,145502.73,2,31,bed,1
1206161_neurosketch,18,furniture,bed,111,98,0,145502.73,2,31,bed,0
1206161_neurosketch,18,furniture,bed,112,99,0,148502.42,2,38,bed,1
1206161_neurosketch,18,furniture,bed,112,100,0,148502.42,2,38,bed,0
1206161_neurosketch,18,furniture,table,113,101,1,151503.12,2,38,table,1
1206161_neurosketch,18,furniture,table,113,102,1,151503.12,2,38,table,0
1206161_neurosketch,18,furniture,bench,114,103,0,154501.48,2,23,bench,1
1206161_neurosketch,18,furniture,bench,114,104,0,154501.48,2,23,bench,0
1206161_neurosketch,18,furniture,bench,114,105,0,154501.48,2,23,bench,0
1206161_neurosketch,18,furniture,bench,114,106,0,154501.48,2,23,bench,0
1206161_neurosketch,18,furniture,chair,115,107,1,160502.89,2,31,,1
1206161_neurosketch,18,furniture,chair,115,108,1,160502.89,2,31,,0
1206161_neurosketch,18,furniture,table,116,109,1,163501.41,2,5,table,1
1206161_neurosketch,18,furniture,table,116,110,1,163501.41,2,5,table,0
1206161_neurosketch,18,furniture,table,116,111,1,163501.41,2,5,table,0
1206161_neurosketch,18,furniture,bed,117,112,0,168002.68,2,14,bed,1
1206161_neurosketch,18,furniture,bed,117,113,0,168002.68,2,14,bed,0
1206161_neurosketch,18,furniture,bench,118,114,0,171002.9,2,38,bench,1
1206161_neurosketch,18,furniture,bench,118,115,0,171002.9,2,38,bench,0
1206161_neurosketch,18,furniture,bench,118,116,0,171002.9,2,38,bench,0
1206161_neurosketch,18,2,chair,119,117,1,175501.46,2,26,chair,1
1206161_neurosketch,18,2,chair,119,118,1,175501.46,2,26,chair,0
1206161_neurosketch,18,2,chair,119,119,1,175501.46,2,26,chair,0
1206161_neurosketch,18,furniture,chair,120,120,1,180002.95,2,24,chair,1
1206161_neurosketch,18,furniture,chair,120,121,1,180002.95,2,24,chair,0
1206161_neurosketch,18,furniture,chair,120,122,1,180002.95,2,24,chair,0
1206161_neurosketch,18,furniture,table,121,123,1,184502.54,2,13,table,1
1206161_neurosketch,18,furniture,table,121,124,1,184502.54,2,13,table,0
1206161_neurosketch,18,furniture,table,121,125,1,184502.54,2,13,table,0
1206161_neurosketch,18,furniture,table,121,126,1,184502.54,2,13,table,0
1206161_neurosketch,18,furniture,bench,122,127,0,190502.92,2,24,bench,1
1206161_neurosketch,18,furniture,bench,122,128,0,190502.92,2,24,bench,0
1206161_neurosketch,18,furniture,bench,122,129,0,190502.92,2,24,bench,0
1206161_neurosketch,18,furniture,bed,123,130,0,195002.86,2,13,bed,1
1206161_neurosketch,18,furniture,bed,123,131,0,195002.86,2,13,bed,0
1206161_neurosketch,18,furniture,bench,124,132,0,198002.51,2,32,,1
1206161_neurosketch,18,furniture,bench,124,133,0,198002.51,2,32,,0
1206161_neurosketch,18,furniture,bench,124,134,0,198002.51,2,32,,0
1206161_neurosketch,18,furniture,bench,124,135,0,198002.51,2,32,,0
1206161_neurosketch,18,furniture,chair,125,136,1,204002.28,2,13,,1
1206161_neurosketch,18,furniture,chair,125,137,1,204002.28,2,13,,0
1206161_neurosketch,18,furniture,chair,125,138,1,204002.28,2,13,,0
1206161_neurosketch,18,furniture,table,126,139,1,208503.32,2,11,table,1
1206161_neurosketch,18,furniture,table,126,140,1,208503.32,2,11,table,0
1206161_neurosketch,18,furniture,table,126,141,1,208503.32,2,11,table,0
1206161_neurosketch,18,furniture,bed,127,142,0,213002.23,2,35,bed,1
1206161_neurosketch,18,furniture,bed,127,143,0,213002.23,2,35,bed,0
1206161_neurosketch,18,furniture,table,128,144,1,216002.65,2,21,table,1
1206161_neurosketch,18,furniture,table,128,145,1,216002.65,2,21,table,0
1206161_neurosketch,18,2,bench,129,146,0,219002.67,2,13,bench,1
1206161_neurosketch,18,2,bench,129,147,0,219002.67,2,13,bench,0
1206161_neurosketch,18,2,bench,129,148,0,219002.67,2,13,bench,0
1206161_neurosketch,18,furniture,bed,130,149,0,223502.71,2,34,bed,1
1206161_neurosketch,18,furniture,bed,130,150,0,223502.71,2,34,bed,0
1206161_neurosketch,18,furniture,bed,130,151,0,223502.71,2,34,bed,0
1206161_neurosketch,18,furniture,chair,131,152,1,228003.21,2,18,chair,1
1206161_neurosketch,18,furniture,chair,131,153,1,228003.21,2,18,chair,0
1206161_neurosketch,18,furniture,table,132,154,1,231002.8,2,9,table,1
1206161_neurosketch,18,furniture,table,132,155,1,231002.8,2,9,table,0
1206161_neurosketch,18,furniture,bench,133,156,0,234002.74,2,8,bench,1
1206161_neurosketch,18,furniture,bench,133,157,0,234002.74,2,8,bench,0
1206161_neurosketch,18,furniture,bench,133,158,0,234002.74,2,8,bench,0
1206161_neurosketch,18,furniture,bed,134,159,0,238502.77,2,0,,1
1206161_neurosketch,18,furniture,bed,134,160,0,238502.77,2,0,,0
1206161_neurosketch,18,furniture,chair,135,161,1,241501.5,2,21,chair,1
1206161_neurosketch,18,furniture,chair,135,162,1,241501.5,2,21,chair,0
1206161_neurosketch,18,furniture,bench,136,163,0,244502.75,2,39,bench,1
1206161_neurosketch,18,furniture,bench,136,164,0,244502.75,2,39,bench,0
1206161_neurosketch,18,furniture,table,137,165,1,247501.41,2,2,table,1
1206161_neurosketch,18,furniture,table,137,166,1,247501.41,2,2,table,0
1206161_neurosketch,18,furniture,table,137,167,1,247501.41,2,2,table,0
1206161_neurosketch,18,furniture,bed,138,168,0,252002.52,2,27,bed,1
1206161_neurosketch,18,furniture,bed,138,169,0,252002.52,2,27,bed,0
1206161_neurosketch,18,2,chair,139,170,1,255003.21,2,23,chair,1
1206161_neurosketch,18,2,chair,139,171,1,255003.21,2,23,chair,0
1206161_neurosketch,18,2,chair,139,172,1,255003.21,2,23,chair,0
1206161_neurosketch,18,2,chair,139,173,1,255003.21,2,23,chair,0
1206161_neurosketch,18,furniture,table,140,174,1,261002.74,2,1,table,1
1206161_neurosketch,18,furniture,table,140,175,1,261002.74,2,1,table,0
1206161_neurosketch,18,furniture,table,140,176,1,261002.74,2,1,table,0
1206161_neurosketch,18,furniture,bed,141,177,0,265502.33,2,4,bed,1
1206161_neurosketch,18,furniture,bed,141,178,0,265502.33,2,4,bed,0
1206161_neurosketch,18,furniture,bed,141,179,0,265502.33,2,4,bed,0
1206161_neurosketch,18,furniture,bed,141,180,0,265502.33,2,4,bed,0
1206161_neurosketch,18,furniture,chair,142,181,1,271503.1,2,35,chair,1
1206161_neurosketch,18,furniture,chair,142,182,1,271503.1,2,35,chair,0
1206161_neurosketch,18,furniture,chair,142,183,1,271503.1,2,35,chair,0
1206161_neurosketch,18,furniture,bench,143,184,0,276002.94,2,25,bench,1
1206161_neurosketch,18,furniture,bench,143,185,0,276002.94,2,25,bench,0
1206161_neurosketch,18,furniture,bench,143,186,0,276002.94,2,25,bench,0
1206161_neurosketch,18,furniture,bench,143,187,0,276002.94,2,25,bench,0
1206161_neurosketch,18,furniture,chair,144,188,1,282002.31,2,5,chair,1
1206161_neurosketch,18,furniture,chair,144,189,1,282002.31,2,5,chair,0
1206161_neurosketch,18,furniture,chair,144,190,1,282002.31,2,5,chair,0
1206161_neurosketch,18,furniture,chair,144,191,1,282002.31,2,5,chair,0
1206161_neurosketch,18,furniture,bed,145,192,0,288003.39,2,2,bed,1
1206161_neurosketch,18,furniture,bed,145,193,0,288003.39,2,2,bed,0
1206161_neurosketch,18,furniture,bench,146,194,0,291002.46,2,17,,1
1206161_neurosketch,18,furniture,bench,146,195,0,291002.46,2,17,,0
1206161_neurosketch,18,furniture,table,147,196,1,294003.0,2,30,,1
1206161_neurosketch,18,furniture,table,147,197,1,294003.0,2,30,,0
1206161_neurosketch,18,furniture,table,147,198,1,294003.0,2,30,,0
1206161_neurosketch,18,furniture,table,148,199,1,298503.0,2,7,table,1
1206161_neurosketch,18,furniture,table,148,200,1,298503.0,2,7,table,0
1206161_neurosketch,18,furniture,table,148,201,1,298503.0,2,7,table,0
1206161_neurosketch,18,2,bed,149,202,0,303002.27,2,15,bed,1
1206161_neurosketch,18,2,bed,149,203,0,303002.27,2,15,bed,0
1206161_neurosketch,18,2,bed,149,204,0,303002.27,2,15,bed,0
1206161_neurosketch,18,2,bed,149,205,0,303002.27,2,15,bed,0
1206161_neurosketch,18,furniture,bench,150,206,0,309002.54,2,37,bench,1
1206161_neurosketch,18,furniture,bench,150,207,0,309002.54,2,37,bench,0
1206161_neurosketch,18,furniture,bench,150,208,0,309002.54,2,37,bench,0
1206161_neurosketch,18,furniture,chair,151,209,1,313503.14,2,27,chair,1
1206161_neurosketch,18,furniture,chair,151,210,1,313503.14,2,27,chair,0
1206161_neurosketch,18,furniture,table,152,211,1,316502.3,2,37,table,1
1206161_neurosketch,18,furniture,table,152,212,1,316502.3,2,37,table,0
1206161_neurosketch,18,furniture,bed,153,213,0,319503.12,2,21,bed,1
1206161_neurosketch,18,furniture,bed,153,214,0,319503.12,2,21,bed,0
1206161_neurosketch,18,furniture,chair,154,215,1,322502.45,2,34,table,1
1206161_neurosketch,18,furniture,chair,154,216,1,322502.45,2,34,table,0
1206161_neurosketch,18,furniture,chair,154,217,1,322502.45,2,34,table,0
1206161_neurosketch,18,furniture,chair,154,218,1,322502.45,2,34,table,0
1206161_neurosketch,18,furniture,bench,155,219,0,328502.6,2,11,bench,1
1206161_neurosketch,18,furniture,bench,155,220,0,328502.6,2,11,bench,0
1206161_neurosketch,18,furniture,table,156,221,1,331501.45,2,27,chair,1
1206161_neurosketch,18,furniture,table,156,222,1,331501.45,2,27,chair,0
1206161_neurosketch,18,furniture,table,156,223,1,331501.45,2,27,chair,0
1206161_neurosketch,18,furniture,bed,157,224,0,336002.77,2,26,bed,1
1206161_neurosketch,18,furniture,bed,157,225,0,336002.77,2,26,bed,0
1206161_neurosketch,18,furniture,bench,158,226,0,339002.3,2,29,,1
1206161_neurosketch,18,furniture,bench,158,227,0,339002.3,2,29,,0
1206161_neurosketch,18,furniture,bench,158,228,0,339002.3,2,29,,0
1206161_neurosketch,18,2,chair,159,229,1,343503.14,2,19,chair,1
1206161_neurosketch,18,2,chair,159,230,1,343503.14,2,19,chair,0
1206161_neurosketch,18,2,chair,159,231,1,343503.14,2,19,chair,0
1206161_neurosketch,18,2,chair,159,232,1,343503.14,2,19,chair,0
1206161_neurosketch,18,2,chair,159,233,1,343503.14,2,19,chair,0
1206161_neurosketch,18,2,chair,159,234,1,343503.14,2,19,chair,0
1206161_neurosketch,18,2,chair,159,235,1,343503.14,2,19,chair,0
1206161_neurosketch,18,2,chair,159,236,1,343503.14,2,19,chair,0
1206161_neurosketch,18,2,chair,159,237,1,343503.14,2,19,chair,0
1206161_neurosketch,18,2,chair,159,238,1,343503.14,2,19,chair,0
1206161_neurosketch,18,2,chair,159,239,1,343503.14,2,19,chair,0
1206161_neurosketch,18,furniture,chair,160,0,-1,0.0,3,19,,0
1206161_neurosketch,18,furniture,chair,160,1,-1,0.0,3,19,,0
1206161_neurosketch,18,furniture,chair,160,2,-1,0.0,3,19,,0
1206161_neurosketch,18,furniture,chair,160,3,-1,0.0,3,19,,0
1206161_neurosketch,18,furniture,chair,160,4,-1,0.0,3,19,,0
1206161_neurosketch,18,furniture,chair,160,5,-1,0.0,3,19,,0
1206161_neurosketch,18,furniture,chair,160,6,-1,0.0,3,19,,0
1206161_neurosketch,18,furniture,chair,160,7,-1,0.0,3,19,,0
1206161_neurosketch,18,furniture,chair,160,8,1,12003.04,3,19,,1
1206161_neurosketch,18,furniture,chair,160,9,1,12003.04,3,19,,0
1206161_neurosketch,18,furniture,chair,160,10,1,12003.04,3,19,,0
1206161_neurosketch,18,furniture,bench,161,11,0,16502.21,3,29,bench,1
1206161_neurosketch,18,furniture,bench,161,12,0,16502.21,3,29,bench,0
1206161_neurosketch,18,furniture,bench,161,13,0,16502.21,3,29,bench,0
1206161_neurosketch,18,furniture,bench,161,14,0,16502.21,3,29,bench,0
1206161_neurosketch,18,furniture,bed,162,15,0,22501.93,3,26,bed,1
1206161_neurosketch,18,furniture,bed,162,16,0,22501.93,3,26,bed,0
1206161_neurosketch,18,furniture,bed,162,17,0,22501.93,3,26,bed,0
1206161_neurosketch,18,furniture,table,163,18,1,27002.64,3,27,table,1
1206161_neurosketch,18,furniture,table,163,19,1,27002.64,3,27,table,0
1206161_neurosketch,18,furniture,bench,164,20,0,30001.73,3,11,bench,1
1206161_neurosketch,18,furniture,bench,164,21,0,30001.73,3,11,bench,0
1206161_neurosketch,18,furniture,bench,164,22,0,30001.73,3,11,bench,0
1206161_neurosketch,18,furniture,bench,164,23,0,30001.73,3,11,bench,0
1206161_neurosketch,18,furniture,chair,165,24,1,36002.59,3,34,chair,1
1206161_neurosketch,18,furniture,chair,165,25,1,36002.59,3,34,chair,0
1206161_neurosketch,18,furniture,chair,165,26,1,36002.59,3,34,chair,0
1206161_neurosketch,18,furniture,bed,166,27,0,40502.5,3,21,bed,1
1206161_neurosketch,18,furniture,bed,166,28,0,40502.5,3,21,bed,0
1206161_neurosketch,18,furniture,bed,166,29,0,40502.5,3,21,bed,0
1206161_neurosketch,18,furniture,table,167,30,1,45002.26,3,37,table,1
1206161_neurosketch,18,furniture,table,167,31,1,45002.26,3,37,table,0
1206161_neurosketch,18,furniture,chair,168,32,1,48002.14,3,27,chair,1
1206161_neurosketch,18,furniture,chair,168,33,1,48002.14,3,27,chair,0
1206161_neurosketch,18,2,bench,169,34,0,51002.31,3,37,bench,1
1206161_neurosketch,18,2,bench,169,35,0,51002.31,3,37,bench,0
1206161_neurosketch,18,2,bench,169,36,0,51002.31,3,37,bench,0
1206161_neurosketch,18,furniture,bed,170,37,0,55502.44,3,15,bed,1
1206161_neurosketch,18,furniture,bed,170,38,0,55502.44,3,15,bed,0
1206161_neurosketch,18,furniture,bed,170,39,0,55502.44,3,15,bed,0
1206161_neurosketch,18,furniture,table,171,40,1,60002.01,3,7,table,1
1206161_neurosketch,18,furniture,table,171,41,1,60002.01,3,7,table,0
1206161_neurosketch,18,furniture,table,172,42,1,63002.29,3,30,,1
1206161_neurosketch,18,furniture,table,172,43,1,63002.29,3,30,,0
1206161_neurosketch,18,furniture,bench,173,44,0,66001.7,3,17,bench,1
1206161_neurosketch,18,furniture,bench,173,45,0,66001.7,3,17,bench,0
1206161_neurosketch,18,furniture,bench,173,46,0,66001.7,3,17,bench,0
1206161_neurosketch,18,furniture,bed,174,47,0,70502.0,3,2,,1
1206161_neurosketch,18,furniture,bed,174,48,0,70502.0,3,2,,0
1206161_neurosketch,18,furniture,chair,175,49,1,73502.66,3,5,chair,1
1206161_neurosketch,18,furniture,chair,175,50,1,73502.66,3,5,chair,0
1206161_neurosketch,18,furniture,bench,176,51,0,76502.51,3,25,bench,1
1206161_neurosketch,18,furniture,bench,176,52,0,76502.51,3,25,bench,0
1206161_neurosketch,18,furniture,chair,177,53,1,79502.01,3,35,chair,1
1206161_neurosketch,18,furniture,chair,177,54,1,79502.01,3,35,chair,0
1206161_neurosketch,18,furniture,chair,177,55,1,79502.01,3,35,chair,0
1206161_neurosketch,18,furniture,bed,178,56,0,84001.86,3,4,bed,1
1206161_neurosketch,18,furniture,bed,178,57,0,84001.86,3,4,bed,0
1206161_neurosketch,18,2,table,179,58,1,87002.23,3,1,table,1
1206161_neurosketch,18,2,table,179,59,1,87002.23,3,1,table,0
1206161_neurosketch,18,2,table,179,60,1,87002.23,3,1,table,0
1206161_neurosketch,18,2,table,179,61,1,87002.23,3,1,table,0
1206161_neurosketch,18,furniture,chair,180,62,1,93001.77,3,23,chair,1
1206161_neurosketch,18,furniture,chair,180,63,1,93001.77,3,23,chair,0
1206161_neurosketch,18,furniture,chair,180,64,1,93001.77,3,23,chair,0
1206161_neurosketch,18,furniture,bed,181,65,0,97503.41,3,27,bed,1
1206161_neurosketch,18,furniture,bed,181,66,0,97503.41,3,27,bed,0
1206161_neurosketch,18,furniture,bed,181,67,0,97503.41,3,27,bed,0
1206161_neurosketch,18,furniture,bed,181,68,0,97503.41,3,27,bed,0
1206161_neurosketch,18,furniture,table,182,69,1,103502.37,3,2,table,1
1206161_neurosketch,18,furniture,table,182,70,1,103502.37,3,2,table,0
1206161_neurosketch,18,furniture,table,182,71,1,103502.37,3,2,table,0
1206161_neurosketch,18,furniture,bench,183,72,0,108001.83,3,39,bench,1
1206161_neurosketch,18,furniture,bench,183,73,0,108001.83,3,39,bench,0
1206161_neurosketch,18,furniture,bench,183,74,0,108001.83,3,39,bench,0
1206161_neurosketch,18,furniture,bench,183,75,0,108001.83,3,39,bench,0
1206161_neurosketch,18,furniture,chair,184,76,1,114002.47,3,21,chair,1
1206161_neurosketch,18,furniture,chair,184,77,1,114002.47,3,21,chair,0
1206161_neurosketch,18,furniture,chair,184,78,1,114002.47,3,21,chair,0
1206161_neurosketch,18,furniture,chair,184,79,1,114002.47,3,21,chair,0
1206161_neurosketch,18,furniture,bed,185,80,0,120002.82,3,0,bed,1
1206161_neurosketch,18,furniture,bed,185,81,0,120002.82,3,0,bed,0
1206161_neurosketch,18,furniture,bench,186,82,0,123002.37,3,8,bed,1
1206161_neurosketch,18,furniture,bench,186,83,0,123002.37,3,8,bed,0
1206161_neurosketch,18,furniture,table,187,84,1,126002.29,3,9,,1
1206161_neurosketch,18,furniture,table,187,85,1,126002.29,3,9,,0
1206161_neurosketch,18,furniture,table,187,86,1,126002.29,3,9,,0
1206161_neurosketch,18,furniture,chair,188,87,1,130502.38,3,18,chair,1
1206161_neurosketch,18,furniture,chair,188,88,1,130502.38,3,18,chair,0
1206161_neurosketch,18,furniture,chair,188,89,1,130502.38,3,18,chair,0
1206161_neurosketch,18,2,bed,189,90,0,135002.33,3,34,bed,1
1206161_neurosketch,18,2,bed,189,91,0,135002.33,3,34,bed,0
1206161_neurosketch,18,2,bed,189,92,0,135002.33,3,34,bed,0
1206161_neurosketch,18,2,bed,189,93,0,135002.33,3,34,bed,0
1206161_neurosketch,18,furniture,bench,190,94,0,141001.67,3,13,bench,1
1206161_neurosketch,18,furniture,bench,190,95,0,141001.67,3,13,bench,0
1206161_neurosketch,18,furniture,bench,190,96,0,141001.67,3,13,bench,0
1206161_neurosketch,18,furniture,table,191,97,1,145501.85,3,21,,1
1206161_neurosketch,18,furniture,table,191,98,1,145501.85,3,21,,0
1206161_neurosketch,18,furniture,bed,192,99,0,148503.02,3,35,bed,1
1206161_neurosketch,18,furniture,bed,192,100,0,148503.02,3,35,bed,0
1206161_neurosketch,18,furniture,table,193,101,1,151503.1,3,11,table,1
1206161_neurosketch,18,furniture,table,193,102,1,151503.1,3,11,table,0
1206161_neurosketch,18,furniture,chair,194,103,1,154502.31,3,13,chair,1
1206161_neurosketch,18,furniture,chair,194,104,1,154502.31,3,13,chair,0
1206161_neurosketch,18,furniture,chair,194,105,1,154502.31,3,13,chair,0
1206161_neurosketch,18,furniture,chair,194,106,1,154502.31,3,13,chair,0
1206161_neurosketch,18,furniture,bench,195,107,0,160502.74,3,32,bench,1
1206161_neurosketch,18,furniture,bench,195,108,0,160502.74,3,32,bench,0
1206161_neurosketch,18,furniture,bed,196,109,0,163503.07,3,13,,1
1206161_neurosketch,18,furniture,bed,196,110,0,163503.07,3,13,,0
1206161_neurosketch,18,furniture,bed,196,111,0,163503.07,3,13,,0
1206161_neurosketch,18,furniture,bench,197,112,0,168003.19,3,24,bench,1
1206161_neurosketch,18,furniture,bench,197,113,0,168003.19,3,24,bench,0
1206161_neurosketch,18,furniture,table,198,114,1,171002.04,3,13,table,1
1206161_neurosketch,18,furniture,table,198,115,1,171002.04,3,13,table,0
1206161_neurosketch,18,furniture,table,198,116,1,171002.04,3,13,table,0
1206161_neurosketch,18,2,chair,199,117,1,175503.01,3,24,chair,1
1206161_neurosketch,18,2,chair,199,118,1,175503.01,3,24,chair,0
1206161_neurosketch,18,2,chair,199,119,1,175503.01,3,24,chair,0
1206161_neurosketch,18,furniture,chair,200,120,1,180003.44,3,26,chair,1
1206161_neurosketch,18,furniture,chair,200,121,1,180003.44,3,26,chair,0
1206161_neurosketch,18,furniture,chair,200,122,1,180003.44,3,26,chair,0
1206161_neurosketch,18,furniture,bench,201,123,0,184501.72,3,38,,1
1206161_neurosketch,18,furniture,bench,201,124,0,184501.72,3,38,,0
1206161_neurosketch,18,furniture,bench,201,125,0,184501.72,3,38,,0
1206161_neurosketch,18,furniture,bench,201,126,0,184501.72,3,38,,0
1206161_neurosketch,18,furniture,bed,202,127,0,190502.75,3,14,bed,1
1206161_neurosketch,18,furniture,bed,202,128,0,190502.75,3,14,bed,0
1206161_neurosketch,18,furniture,bed,202,129,0,190502.75,3,14,bed,0
1206161_neurosketch,18,furniture,table,203,130,1,195002.98,3,5,chair,1
1206161_neurosketch,18,furniture,table,203,131,1,195002.98,3,5,chair,0
1206161_neurosketch,18,furniture,chair,204,132,1,198001.27,3,31,chair,1
1206161_neurosketch,18,furniture,chair,204,133,1,198001.27,3,31,chair,0
1206161_neurosketch,18,furniture,chair,204,134,1,198001.27,3,31,chair,0
1206161_neurosketch,18,furniture,chair,204,135,1,198001.27,3,31,chair,0
1206161_neurosketch,18,furniture,bench,205,136,0,204002.75,3,23,bench,1
1206161_neurosketch,18,furniture,bench,205,137,0,204002.75,3,23,bench,0
1206161_neurosketch,18,furniture,bench,205,138,0,204002.75,3,23,bench,0
1206161_neurosketch,18,furniture,table,206,139,1,208502.71,3,38,table,1
1206161_neurosketch,18,furniture,table,206,140,1,208502.71,3,38,table,0
1206161_neurosketch,18,furniture,table,206,141,1,208502.71,3,38,table,0
1206161_neurosketch,18,furniture,bed,207,142,0,213002.35,3,38,bed,1
1206161_neurosketch,18,furniture,bed,207,143,0,213002.35,3,38,bed,0
1206161_neurosketch,18,furniture,bed,208,144,0,216002.95,3,31,,1
1206161_neurosketch,18,furniture,bed,208,145,0,216002.95,3,31,,0
1206161_neurosketch,18,2,bench,209,146,0,219002.71,3,36,bench,1
1206161_neurosketch,18,2,bench,209,147,0,219002.71,3,36,bench,0
1206161_neurosketch,18,2,bench,209,148,0,219002.71,3,36,bench,0
1206161_neurosketch,18,furniture,chair,210,149,1,223501.89,3,2,table,1
1206161_neurosketch,18,furniture,chair,210,150,1,223501.89,3,2,table,0
1206161_neurosketch,18,furniture,chair,210,151,1,223501.89,3,2,table,0
1206161_neurosketch,18,furniture,table,211,152,1,228002.31,3,16,,1
1206161_neurosketch,18,furniture,table,211,153,1,228002.31,3,16,,0
1206161_neurosketch,18,furniture,chair,212,154,1,231002.35,3,33,,1
1206161_neurosketch,18,furniture,chair,212,155,1,231002.35,3,33,,0
1206161_neurosketch,18,furniture,bench,213,156,0,234002.14,3,35,bench,1
1206161_neurosketch,18,furniture,bench,213,157,0,234002.14,3,35,bench,0
1206161_neurosketch,18,furniture,bench,213,158,0,234002.14,3,35,bench,0
1206161_neurosketch,18,furniture,bed,214,159,0,238502.79,3,39,,1
1206161_neurosketch,18,furniture,bed,214,160,0,238502.79,3,39,,0
1206161_neurosketch,18,furniture,table,215,161,1,241501.85,3,19,table,1
1206161_neurosketch,18,furniture,table,215,162,1,241501.85,3,19,table,0
1206161_neurosketch,18,furniture,table,216,163,1,244501.88,3,12,table,1
1206161_neurosketch,18,furniture,table,216,164,1,244501.88,3,12,table,0
1206161_neurosketch,18,furniture,bed,217,165,0,247501.88,3,6,bed,1
1206161_neurosketch,18,furniture,bed,217,166,0,247501.88,3,6,bed,0
1206161_neurosketch,18,furniture,bed,217,167,0,247501.88,3,6,bed,0
1206161_neurosketch,18,furniture,chair,218,168,1,252002.41,3,16,chair,1
1206161_neurosketch,18,furniture,chair,218,169,1,252002.41,3,16,chair,0
1206161_neurosketch,18,2,bench,219,170,0,255002.97,3,30,,1
1206161_neurosketch,18,2,bench,219,171,0,255002.97,3,30,,0
1206161_neurosketch,18,2,bench,219,172,0,255002.97,3,30,,0
1206161_neurosketch,18,2,bench,219,173,0,255002.97,3,30,,0
1206161_neurosketch,18,furniture,table,220,174,1,261002.82,3,18,table,1
1206161_neurosketch,18,furniture,table,220,175,1,261002.82,3,18,table,0
1206161_neurosketch,18,furniture,table,220,176,1,261002.82,3,18,table,0
1206161_neurosketch,18,furniture,chair,221,177,1,265503.21,3,20,chair,1
1206161_neurosketch,18,furniture,chair,221,178,1,265503.21,3,20,chair,0
1206161_neurosketch,18,furniture,chair,221,179,1,265503.21,3,20,chair,0
1206161_neurosketch,18,furniture,chair,221,180,1,265503.21,3,20,chair,0
1206161_neurosketch,18,furniture,bench,222,181,0,271502.33,3,16,bench,1
1206161_neurosketch,18,furniture,bench,222,182,0,271502.33,3,16,bench,0
1206161_neurosketch,18,furniture,bench,222,183,0,271502.33,3,16,bench,0
1206161_neurosketch,18,furniture,bed,223,184,0,276002.87,3,1,bed,1
1206161_neurosketch,18,furniture,bed,223,185,0,276002.87,3,1,bed,0
1206161_neurosketch,18,furniture,bed,223,186,0,276002.87,3,1,bed,0
1206161_neurosketch,18,furniture,bed,223,187,0,276002.87,3,1,bed,0
1206161_neurosketch,18,furniture,bed,224,188,0,282002.63,3,30,,1
1206161_neurosketch,18,furniture,bed,224,189,0,282002.63,3,30,,0
1206161_neurosketch,18,furniture,bed,224,190,0,282002.63,3,30,,0
1206161_neurosketch,18,furniture,bed,224,191,0,282002.63,3,30,,0
1206161_neurosketch,18,furniture,table,225,192,1,288003.18,3,6,table,1
1206161_neurosketch,18,furniture,table,225,193,1,288003.18,3,6,table,0
1206161_neurosketch,18,furniture,bench,226,194,0,291003.03,3,1,bench,1
1206161_neurosketch,18,furniture,bench,226,195,0,291003.03,3,1,bench,0
1206161_neurosketch,18,furniture,chair,227,196,1,294003.07,3,32,chair,1
1206161_neurosketch,18,furniture,chair,227,197,1,294003.07,3,32,chair,0
1206161_neurosketch,18,furniture,chair,227,198,1,294003.07,3,32,chair,0
1206161_neurosketch,18,furniture,bed,228,199,0,298503.08,3,10,bed,1
1206161_neurosketch,18,furniture,bed,228,200,0,298503.08,3,10,bed,0
1206161_neurosketch,18,furniture,bed,228,201,0,298503.08,3,10,bed,0
1206161_neurosketch,18,2,table,229,202,1,303002.24,3,34,table,1
1206161_neurosketch,18,2,table,229,203,1,303002.24,3,34,table,0
1206161_neurosketch,18,2,table,229,204,1,303002.24,3,34,table,0
1206161_neurosketch,18,2,table,229,205,1,303002.24,3,34,table,0
1206161_neurosketch,18,furniture,bench,230,206,0,309003.4,3,2,bench,1
1206161_neurosketch,18,furniture,bench,230,207,0,309003.4,3,2,bench,0
1206161_neurosketch,18,furniture,bench,230,208,0,309003.4,3,2,bench,0
1206161_neurosketch,18,furniture,chair,231,209,1,313504.92,3,10,,1
1206161_neurosketch,18,furniture,chair,231,210,1,313504.92,3,10,,0
1206161_neurosketch,18,furniture,bench,232,211,0,316503.39,3,15,bench,1
1206161_neurosketch,18,furniture,bench,232,212,0,316503.39,3,15,bench,0
1206161_neurosketch,18,furniture,table,233,213,1,319501.85,3,4,table,1
1206161_neurosketch,18,furniture,table,233,214,1,319501.85,3,4,table,0
1206161_neurosketch,18,furniture,chair,234,215,1,322502.68,3,30,chair,1
1206161_neurosketch,18,furniture,chair,234,216,1,322502.68,3,30,chair,0
1206161_neurosketch,18,furniture,chair,234,217,1,322502.68,3,30,chair,0
1206161_neurosketch,18,furniture,chair,234,218,1,322502.68,3,30,chair,0
1206161_neurosketch,18,furniture,bed,235,219,0,328503.42,3,37,bed,1
1206161_neurosketch,18,furniture,bed,235,220,0,328503.42,3,37,bed,0
1206161_neurosketch,18,furniture,bed,236,221,0,331503.48,3,20,bed,1
1206161_neurosketch,18,furniture,bed,236,222,0,331503.48,3,20,bed,0
1206161_neurosketch,18,furniture,bed,236,223,0,331503.48,3,20,bed,0
1206161_neurosketch,18,furniture,chair,237,224,1,336002.24,3,15,chair,1
1206161_neurosketch,18,furniture,chair,237,225,1,336002.24,3,15,chair,0
1206161_neurosketch,18,furniture,table,238,226,1,339002.36,3,22,,1
1206161_neurosketch,18,furniture,table,238,227,1,339002.36,3,22,,0
1206161_neurosketch,18,furniture,table,238,228,1,339002.36,3,22,,0
1206161_neurosketch,18,2,bench,239,229,0,343501.77,3,28,bench,1
1206161_neurosketch,18,2,bench,239,230,0,343501.77,3,28,bench,0
1206161_neurosketch,18,2,bench,239,231,0,343501.77,3,28,bench,0
1206161_neurosketch,18,2,bench,239,232,0,343501.77,3,28,bench,0
1206161_neurosketch,18,2,bench,239,233,0,343501.77,3,28,bench,0
1206161_neurosketch,18,2,bench,239,234,0,343501.77,3,28,bench,0
1206161_neurosketch,18,2,bench,239,235,0,343501.77,3,28,bench,0
1206161_neurosketch,18,2,bench,239,236,0,343501.77,3,28,bench,0
1206161_neurosketch,18,2,bench,239,237,0,343501.77,3,28,bench,0
1206161_neurosketch,18,2,bench,239,238,0,343501.77,3,28,bench,0
1206161_neurosketch,18,2,bench,239,239,0,343501.77,3,28,bench,0
1206161_neurosketch,18,furniture,bench,240,0,-1,0.0,4,20,bench,0
1206161_neurosketch,18,furniture,bench,240,1,-1,0.0,4,20,bench,0
1206161_neurosketch,18,furniture,bench,240,2,-1,0.0,4,20,bench,0
1206161_neurosketch,18,furniture,bench,240,3,-1,0.0,4,20,bench,0
1206161_neurosketch,18,furniture,bench,240,4,-1,0.0,4,20,bench,0
1206161_neurosketch,18,furniture,bench,240,5,-1,0.0,4,20,bench,0
1206161_neurosketch,18,furniture,bench,240,6,-1,0.0,4,20,bench,0
1206161_neurosketch,18,furniture,bench,240,7,-1,0.0,4,20,bench,0
1206161_neurosketch,18,furniture,bench,240,8,0,12001.44,4,20,bench,1
1206161_neurosketch,18,furniture,bench,240,9,0,12001.44,4,20,bench,0
1206161_neurosketch,18,furniture,bench,240,10,0,12001.44,4,20,bench,0
1206161_neurosketch,18,furniture,table,241,11,1,16502.21,4,32,table,1
1206161_neurosketch,18,furniture,table,241,12,1,16502.21,4,32,table,0
1206161_neurosketch,18,furniture,table,241,13,1,16502.21,4,32,table,0
1206161_neurosketch,18,furniture,table,241,14,1,16502.21,4,32,table,0
1206161_neurosketch,18,furniture,chair,242,15,1,22501.4,4,38,chair,1
1206161_neurosketch,18,furniture,chair,242,16,1,22501.4,4,38,chair,0
1206161_neurosketch,18,furniture,chair,242,17,1,22501.4,4,38,chair,0
1206161_neurosketch,18,furniture,bed,243,18,0,27002.33,4,33,bed,1
1206161_neurosketch,18,furniture,bed,243,19,0,27002.33,4,33,bed,0
1206161_neurosketch,18,furniture,bed,244,20,0,30002.17,4,19,bed,1
1206161_neurosketch,18,furniture,bed,244,21,0,30002.17,4,19,bed,0
1206161_neurosketch,18,furniture,bed,244,22,0,30002.17,4,19,bed,0
1206161_neurosketch,18,furniture,bed,244,23,0,30002.17,4,19,bed,0
1206161_neurosketch,18,furniture,chair,245,24,1,36002.93,4,14,chair,1
1206161_neurosketch,18,furniture,chair,245,25,1,36002.93,4,14,chair,0
1206161_neurosketch,18,furniture,chair,245,26,1,36002.93,4,14,chair,0
1206161_neurosketch,18,furniture,table,246,27,1,40502.21,4,24,,1
1206161_neurosketch,18,furniture,table,246,28,1,40502.21,4,24,,0
1206161_neurosketch,18,furniture,table,246,29,1,40502.21,4,24,,0
1206161_neurosketch,18,furniture,bench,247,30,0,45002.0,4,22,bench,1
1206161_neurosketch,18,furniture,bench,247,31,0,45002.0,4,22,bench,0
1206161_neurosketch,18,furniture,bench,248,32,0,48001.52,4,12,,1
1206161_neurosketch,18,furniture,bench,248,33,0,48001.52,4,12,,0
1206161_neurosketch,18,2,table,249,34,1,51001.98,4,26,table,1
1206161_neurosketch,18,2,table,249,35,1,51001.98,4,26,table,0
1206161_neurosketch,18,2,table,249,36,1,51001.98,4,26,table,0
1206161_neurosketch,18,furniture,chair,250,37,1,55502.46,4,28,chair,1
1206161_neurosketch,18,furniture,chair,250,38,1,55502.46,4,28,chair,0
1206161_neurosketch,18,furniture,chair,250,39,1,55502.46,4,28,chair,0
1206161_neurosketch,18,furniture,bed,251,40,0,60001.75,4,23,bed,1
1206161_neurosketch,18,furniture,bed,251,41,0,60001.75,4,23,bed,0
1206161_neurosketch,18,furniture,bed,252,42,0,63001.86,4,18,,1
1206161_neurosketch,18,furniture,bed,252,43,0,63001.86,4,18,,0
1206161_neurosketch,18,furniture,table,253,44,1,66002.1,4,25,table,1
1206161_neurosketch,18,furniture,table,253,45,1,66002.1,4,25,table,0
1206161_neurosketch,18,furniture,table,253,46,1,66002.1,4,25,table,0
1206161_neurosketch,18,furniture,chair,254,47,1,70502.41,4,8,chair,1
1206161_neurosketch,18,furniture,chair,254,48,1,70502.41,4,8,chair,0
1206161_neurosketch,18,furniture,bench,255,49,0,73501.53,4,33,bench,1
1206161_neurosketch,18,furniture,bench,255,50,0,73501.53,4,33,bench,0
1206161_neurosketch,18,furniture,chair,256,51,1,76502.17,4,6,chair,1
1206161_neurosketch,18,furniture,chair,256,52,1,76502.17,4,6,chair,0
1206161_neurosketch,18,furniture,table,257,53,1,79501.8,4,31,table,1
1206161_neurosketch,18,furniture,table,257,54,1,79501.8,4,31,table,0
1206161_neurosketch,18,furniture,table,257,55,1,79501.8,4,31,table,0
1206161_neurosketch,18,furniture,bench,258,56,0,84002.58,4,14,,1
1206161_neurosketch,18,furniture,bench,258,57,0,84002.58,4,14,,0
1206161_neurosketch,18,2,bed,259,58,0,87002.33,4,12,bed,1
1206161_neurosketch,18,2,bed,259,59,0,87002.33,4,12,bed,0
1206161_neurosketch,18,2,bed,259,60,0,87002.33,4,12,bed,0
1206161_neurosketch,18,2,bed,259,61,0,87002.33,4,12,bed,0
1206161_neurosketch,18,furniture,bench,260,62,0,93002.66,4,3,bench,1
1206161_neurosketch,18,furniture,bench,260,63,0,93002.66,4,3,bench,0
1206161_neurosketch,18,furniture,bench,260,64,0,93002.66,4,3,bench,0
1206161_neurosketch,18,furniture,bed,261,65,0,97501.93,4,29,,1
1206161_neurosketch,18,furniture,bed,261,66,0,97501.93,4,29,,0
1206161_neurosketch,18,furniture,bed,261,67,0,97501.93,4,29,,0
1206161_neurosketch,18,furniture,bed,261,68,0,97501.93,4,29,,0
1206161_neurosketch,18,furniture,table,262,69,1,103502.03,4,10,chair,1
1206161_neurosketch,18,furniture,table,262,70,1,103502.03,4,10,chair,0
1206161_neurosketch,18,furniture,table,262,71,1,103502.03,4,10,chair,0
1206161_neurosketch,18,furniture,chair,263,72,1,108001.92,4,9,chair,1
1206161_neurosketch,18,furniture,chair,263,73,1,108001.92,4,9,chair,0
1206161_neurosketch,18,furniture,chair,263,74,1,108001.92,4,9,chair,0
1206161_neurosketch,18,furniture,chair,263,75,1,108001.92,4,9,chair,0
1206161_neurosketch,18,furniture,bench,264,76,0,114002.21,4,19,,1
1206161_neurosketch,18,furniture,bench,264,77,0,114002.21,4,19,,0
1206161_neurosketch,18,furniture,bench,264,78,0,114002.21,4,19,,0
1206161_neurosketch,18,furniture,bench,264,79,0,114002.21,4,19,,0
1206161_neurosketch,18,furniture,bed,265,80,0,120002.1,4,17,bed,1
1206161_neurosketch,18,furniture,bed,265,81,0,120002.1,4,17,bed,0
1206161_neurosketch,18,furniture,chair,266,82,1,123002.23,4,7,chair,1
1206161_neurosketch,18,furniture,chair,266,83,1,123002.23,4,7,chair,0
1206161_neurosketch,18,furniture,table,267,84,1,126002.5,4,17,table,1
1206161_neurosketch,18,furniture,table,267,85,1,126002.5,4,17,table,0
1206161_neurosketch,18,furniture,table,267,86,1,126002.5,4,17,table,0
1206161_neurosketch,18,furniture,chair,268,87,1,130502.28,4,1,chair,1
1206161_neurosketch,18,furniture,chair,268,88,1,130502.28,4,1,chair,0
1206161_neurosketch,18,furniture,chair,268,89,1,130502.28,4,1,chair,0
1206161_neurosketch,18,2,bed,269,90,0,135002.4,4,25,bed,1
1206161_neurosketch,18,2,bed,269,91,0,135002.4,4,25,bed,0
1206161_neurosketch,18,2,bed,269,92,0,135002.4,4,25,bed,0
1206161_neurosketch,18,2,bed,269,93,0,135002.4,4,25,bed,0
1206161_neurosketch,18,furniture,bench,270,94,0,141003.0,4,18,bench,1
1206161_neurosketch,18,furniture,bench,270,95,0,141003.0,4,18,bench,0
1206161_neurosketch,18,furniture,bench,270,96,0,141003.0,4,18,bench,0
1206161_neurosketch,18,furniture,table,271,97,1,145503.98,4,20,,1
1206161_neurosketch,18,furniture,table,271,98,1,145503.98,4,20,,0
1206161_neurosketch,18,furniture,bed,272,99,0,148502.15,4,22,bed,1
1206161_neurosketch,18,furniture,bed,272,100,0,148502.15,4,22,bed,0
1206161_neurosketch,18,furniture,bench,273,101,0,151503.02,4,27,bench,1
1206161_neurosketch,18,furniture,bench,273,102,0,151503.02,4,27,bench,0
1206161_neurosketch,18,furniture,chair,274,103,1,154502.99,4,11,chair,1
1206161_neurosketch,18,furniture,chair,274,104,1,154502.99,4,11,chair,0
1206161_neurosketch,18,furniture,chair,274,105,1,154502.99,4,11,chair,0
1206161_neurosketch,18,furniture,chair,274,106,1,154502.99,4,11,chair,0
1206161_neurosketch,18,furniture,table,275,107,1,160502.23,4,0,table,1
1206161_neurosketch,18,furniture,table,275,108,1,160502.23,4,0,table,0
1206161_neurosketch,18,furniture,chair,276,109,1,163502.78,4,4,chair,1
1206161_neurosketch,18,furniture,chair,276,110,1,163502.78,4,4,chair,0
1206161_neurosketch,18,furniture,chair,276,111,1,163502.78,4,4,chair,0
1206161_neurosketch,18,furniture,table,277,112,1,168002.24,4,3,table,1
1206161_neurosketch,18,furniture,table,277,113,1,168002.24,4,3,table,0
1206161_neurosketch,18,furniture,bed,278,114,0,171002.29,4,16,bed,1
1206161_neurosketch,18,furniture,bed,278,115,0,171002.29,4,16,bed,0
1206161_neurosketch,18,furniture,bed,278,116,0,171002.29,4,16,bed,0
1206161_neurosketch,18,2,bench,279,117,0,175501.44,4,26,bench,1
1206161_neurosketch,18,2,bench,279,118,0,175501.44,4,26,bench,0
1206161_neurosketch,18,2,bench,279,119,0,175501.44,4,26,bench,0
1206161_neurosketch,18,furniture,bed,280,120,0,180003.14,4,9,bed,1
1206161_neurosketch,18,furniture,bed,280,121,0,180003.14,4,9,bed,0
1206161_neurosketch,18,furniture,bed,280,122,0,180003.14,4,9,bed,0
1206161_neurosketch,18,furniture,chair,281,123,1,184502.17,4,0,chair,1
1206161_neurosketch,18,furniture,chair,281,124,1,184502.17,4,0,chair,0
1206161_neurosketch,18,furniture,chair,281,125,1,184502.17,4,0,chair,0
1206161_neurosketch,18,furniture,chair,281,126,1,184502.17,4,0,chair,0
1206161_neurosketch,18,furniture,bench,282,127,0,190503.03,4,6,bed,1
1206161_neurosketch,18,furniture,bench,282,128,0,190503.03,4,6,bed,0
1206161_neurosketch,18,furniture,bench,282,129,0,190503.03,4,6,bed,0
1206161_neurosketch,18,furniture,table,283,130,1,195002.32,4,29,table,1
1206161_neurosketch,18,furniture,table,283,131,1,195002.32,4,29,table,0
1206161_neurosketch,18,furniture,bench,284,132,0,198002.24,4,21,,1
1206161_neurosketch,18,furniture,bench,284,133,0,198002.24,4,21,,0
1206161_neurosketch,18,furniture,bench,284,134,0,198002.24,4,21,,0
1206161_neurosketch,18,furniture,bench,284,135,0,198002.24,4,21,,0
1206161_neurosketch,18,furniture,table,285,136,1,204002.56,4,15,table,1
1206161_neurosketch,18,furniture,table,285,137,1,204002.56,4,15,table,0
1206161_neurosketch,18,furniture,table,285,138,1,204002.56,4,15,table,0
1206161_neurosketch,18,furniture,chair,286,139,1,208502.22,4,3,chair,1
1206161_neurosketch,18,furniture,chair,286,140,1,208502.22,4,3,chair,0
1206161_neurosketch,18,furniture,chair,286,141,1,208502.22,4,3,chair,0
1206161_neurosketch,18,furniture,bed,287,142,0,213002.17,4,28,bed,1
1206161_neurosketch,18,furniture,bed,287,143,0,213002.17,4,28,bed,0
1206161_neurosketch,18,furniture,chair,288,144,1,216002.57,4,37,chair,1
1206161_neurosketch,18,furniture,chair,288,145,1,216002.57,4,37,chair,0
1206161_neurosketch,18,2,table,289,146,1,219002.64,4,14,table,1
1206161_neurosketch,18,2,table,289,147,1,219002.64,4,14,table,0
1206161_neurosketch,18,2,table,289,148,1,219002.64,4,14,table,0
1206161_neurosketch,18,furniture,bed,290,149,0,223503.03,4,8,bed,1
1206161_neurosketch,18,furniture,bed,290,150,0,223503.03,4,8,bed,0
1206161_neurosketch,18,furniture,bed,290,151,0,223503.03,4,8,bed,0
1206161_neurosketch,18,furniture,bench,291,152,0,228003.04,4,31,bench,1
1206161_neurosketch,18,furniture,bench,291,153,0,228003.04,4,31,bench,0
1206161_neurosketch,18,furniture,bed,292,154,0,231002.94,4,36,,1
1206161_neurosketch,18,furniture,bed,292,155,0,231002.94,4,36,,0
1206161_neurosketch,18,furniture,table,293,156,1,234004.27,4,8,,1
1206161_neurosketch,18,furniture,table,293,157,1,234004.27,4,8,,0
1206161_neurosketch,18,furniture,table,293,158,1,234004.27,4,8,,0
1206161_neurosketch,18,furniture,chair,294,159,1,238503.39,4,22,chair,1
1206161_neurosketch,18,furniture,chair,294,160,1,238503.39,4,22,chair,0
1206161_neurosketch,18,furniture,bench,295,161,0,241501.56,4,7,bench,1
1206161_neurosketch,18,furniture,bench,295,162,0,241501.56,4,7,bench,0
1206161_neurosketch,18,furniture,bed,296,163,0,244502.99,4,5,bed,1
1206161_neurosketch,18,furniture,bed,296,164,0,244502.99,4,5,bed,0
1206161_neurosketch,18,furniture,bench,297,165,0,247501.64,4,9,bench,1
1206161_neurosketch,18,furniture,bench,297,166,0,247501.64,4,9,bench,0
1206161_neurosketch,18,furniture,bench,297,167,0,247501.64,4,9,bench,0
1206161_neurosketch,18,furniture,chair,298,168,1,252003.36,4,29,chair,1
1206161_neurosketch,18,furniture,chair,298,169,1,252003.36,4,29,chair,0
1206161_neurosketch,18,2,table,299,170,1,255002.81,4,39,table,1
1206161_neurosketch,18,2,table,299,171,1,255002.81,4,39,table,0
1206161_neurosketch,18,2,table,299,172,1,255002.81,4,39,table,0
1206161_neurosketch,18,2,table,299,173,1,255002.81,4,39,table,0
1206161_neurosketch,18,furniture,bed,300,174,0,261002.33,4,7,bed,1
1206161_neurosketch,18,furniture,bed,300,175,0,261002.33,4,7,bed,0
1206161_neurosketch,18,furniture,bed,300,176,0,261002.33,4,7,bed,0
1206161_neurosketch,18,furniture,chair,301,177,1,265502.79,4,12,chair,1
1206161_neurosketch,18,furniture,chair,301,178,1,265502.79,4,12,chair,0
1206161_neurosketch,18,furniture,chair,301,179,1,265502.79,4,12,chair,0
1206161_neurosketch,18,furniture,chair,301,180,1,265502.79,4,12,chair,0
1206161_neurosketch,18,furniture,bench,302,181,0,271502.85,4,10,bench,1
1206161_neurosketch,18,furniture,bench,302,182,0,271502.85,4,10,bench,0
1206161_neurosketch,18,furniture,bench,302,183,0,271502.85,4,10,bench,0
1206161_neurosketch,18,furniture,table,303,184,1,276003.03,4,36,table,1
1206161_neurosketch,18,furniture,table,303,185,1,276003.03,4,36,table,0
1206161_neurosketch,18,furniture,table,303,186,1,276003.03,4,36,table,0
1206161_neurosketch,18,furniture,table,303,187,1,276003.03,4,36,table,0
1206161_neurosketch,18,furniture,bench,304,188,0,282002.96,4,4,,1
1206161_neurosketch,18,furniture,bench,304,189,0,282002.96,4,4,,0
1206161_neurosketch,18,furniture,bench,304,190,0,282002.96,4,4,,0
1206161_neurosketch,18,furniture,bench,304,191,0,282002.96,4,4,,0
1206161_neurosketch,18,furniture,chair,305,192,1,288002.36,4,25,,1
1206161_neurosketch,18,furniture,chair,305,193,1,288002.36,4,25,,0
1206161_neurosketch,18,furniture,table,306,194,1,291003.04,4,35,table,1
1206161_neurosketch,18,furniture,table,306,195,1,291003.04,4,35,table,0
1206161_neurosketch,18,furniture,bed,307,196,0,294002.54,4,24,bed,1
1206161_neurosketch,18,furniture,bed,307,197,0,294002.54,4,24,bed,0
1206161_neurosketch,18,furniture,bed,307,198,0,294002.54,4,24,bed,0
1206161_neurosketch,18,furniture,chair,308,199,1,298502.14,4,17,chair,1
1206161_neurosketch,18,furniture,chair,308,200,1,298502.14,4,17,chair,0
1206161_neurosketch,18,furniture,chair,308,201,1,298502.14,4,17,chair,0
1206161_neurosketch,18,2,bed,309,202,0,303002.64,4,3,bed,1
1206161_neurosketch,18,2,bed,309,203,0,303002.64,4,3,bed,0
1206161_neurosketch,18,2,bed,309,204,0,303002.64,4,3,bed,0
1206161_neurosketch,18,2,bed,309,205,0,303002.64,4,3,bed,0
1206161_neurosketch,18,furniture,table,310,206,1,309002.46,4,28,table,1
1206161_neurosketch,18,furniture,table,310,207,1,309002.46,4,28,table,0
1206161_neurosketch,18,furniture,table,310,208,1,309002.46,4,28,table,0
1206161_neurosketch,18,furniture,bench,311,209,0,313502.83,4,34,bench,1
1206161_neurosketch,18,furniture,bench,311,210,0,313502.83,4,34,bench,0
1206161_neurosketch,18,furniture,table,312,211,1,316502.73,4,23,table,1
1206161_neurosketch,18,furniture,table,312,212,1,316502.73,4,23,table,0
1206161_neurosketch,18,furniture,chair,313,213,1,319501.77,4,39,,1
1206161_neurosketch,18,furniture,chair,313,214,1,319501.77,4,39,,0
1206161_neurosketch,18,furniture,bench,314,215,0,322502.53,4,0,bench,1
1206161_neurosketch,18,furniture,bench,314,216,0,322502.53,4,0,bench,0
1206161_neurosketch,18,furniture,bench,314,217,0,322502.53,4,0,bench,0
1206161_neurosketch,18,furniture,bench,314,218,0,322502.53,4,0,bench,0
1206161_neurosketch,18,furniture,bed,315,219,0,328502.53,4,11,bed,1
1206161_neurosketch,18,furniture,bed,315,220,0,328502.53,4,11,bed,0
1206161_neurosketch,18,furniture,bed,316,221,0,331502.64,4,32,,1
1206161_neurosketch,18,furniture,bed,316,222,0,331502.64,4,32,,0
1206161_neurosketch,18,furniture,bed,316,223,0,331502.64,4,32,,0
1206161_neurosketch,18,furniture,bench,317,224,0,336002.38,4,5,bench,1
1206161_neurosketch,18,furniture,bench,317,225,0,336002.38,4,5,bench,0
1206161_neurosketch,18,furniture,table,318,226,1,339002.73,4,33,table,1
1206161_neurosketch,18,furniture,table,318,227,1,339002.73,4,33,table,0
1206161_neurosketch,18,furniture,table,318,228,1,339002.73,4,33,table,0
1206161_neurosketch,18,2,chair,319,229,1,343502.73,4,36,,1
1206161_neurosketch,18,2,chair,319,230,1,343502.73,4,36,,0
1206161_neurosketch,18,2,chair,319,231,1,343502.73,4,36,,0
1206161_neurosketch,18,2,chair,319,232,1,343502.73,4,36,,0
1206161_neurosketch,18,2,chair,319,233,1,343502.73,4,36,,0
1206161_neurosketch,18,2,chair,319,234,1,343502.73,4,36,,0
1206161_neurosketch,18,2,chair,319,235,1,343502.73,4,36,,0
1206161_neurosketch,18,2,chair,319,236,1,343502.73,4,36,,0
1206161_neurosketch,18,2,chair,319,237,1,343502.73,4,36,,0
1206161_neurosketch,18,2,chair,319,238,1,343502.73,4,36,,0
1206161_neurosketch,18,2,chair,319,239,1,343502.73,4,36,,0
1206161_neurosketch,18,furniture,chair,360,0,-1,0.0,9,36,,0
1206161_neurosketch,18,furniture,chair,360,1,-1,0.0,9,36,,0
1206161_neurosketch,18,furniture,chair,360,2,-1,0.0,9,36,,0
1206161_neurosketch,18,furniture,chair,360,3,-1,0.0,9,36,,0
1206161_neurosketch,18,furniture,chair,360,4,-1,0.0,9,36,,0
1206161_neurosketch,18,furniture,chair,360,5,-1,0.0,9,36,,0
1206161_neurosketch,18,furniture,chair,360,6,-1,0.0,9,36,,0
1206161_neurosketch,18,furniture,chair,360,7,-1,0.0,9,36,,0
1206161_neurosketch,18,furniture,chair,360,8,1,12003.25,9,36,,1
1206161_neurosketch,18,furniture,chair,360,9,1,12003.25,9,36,,0
1206161_neurosketch,18,furniture,chair,360,10,1,12003.25,9,36,,0
1206161_neurosketch,18,furniture,table,361,11,1,16501.92,9,33,table,1
1206161_neurosketch,18,furniture,table,361,12,1,16501.92,9,33,table,0
1206161_neurosketch,18,furniture,table,361,13,1,16501.92,9,33,table,0
1206161_neurosketch,18,furniture,table,361,14,1,16501.92,9,33,table,0
1206161_neurosketch,18,furniture,bench,362,15,0,22502.43,9,5,,1
1206161_neurosketch,18,furniture,bench,362,16,0,22502.43,9,5,,0
1206161_neurosketch,18,furniture,bench,362,17,0,22502.43,9,5,,0
1206161_neurosketch,18,furniture,bed,363,18,0,27002.24,9,32,bed,1
1206161_neurosketch,18,furniture,bed,363,19,0,27002.24,9,32,bed,0
1206161_neurosketch,18,furniture,bed,364,20,0,30005.45,9,11,,1
1206161_neurosketch,18,furniture,bed,364,21,0,30005.45,9,11,,0
1206161_neurosketch,18,furniture,bed,364,22,0,30005.45,9,11,,0
1206161_neurosketch,18,furniture,bed,364,23,0,30005.45,9,11,,0
1206161_neurosketch,18,furniture,bench,365,24,0,36001.78,9,0,bench,1
1206161_neurosketch,18,furniture,bench,365,25,0,36001.78,9,0,bench,0
1206161_neurosketch,18,furniture,bench,365,26,0,36001.78,9,0,bench,0
1206161_neurosketch,18,furniture,chair,366,27,1,40502.56,9,39,chair,1
1206161_neurosketch,18,furniture,chair,366,28,1,40502.56,9,39,chair,0
1206161_neurosketch,18,furniture,chair,366,29,1,40502.56,9,39,chair,0
1206161_neurosketch,18,furniture,table,367,30,1,45001.85,9,23,table,1
1206161_neurosketch,18,furniture,table,367,31,1,45001.85,9,23,table,0
1206161_neurosketch,18,furniture,bench,368,32,0,48002.49,9,34,bench,1
1206161_neurosketch,18,furniture,bench,368,33,0,48002.49,9,34,bench,0
1206161_neurosketch,18,2,table,369,34,1,51003.19,9,28,table,1
1206161_neurosketch,18,2,table,369,35,1,51003.19,9,28,table,0
1206161_neurosketch,18,2,table,369,36,1,51003.19,9,28,table,0
1206161_neurosketch,18,2,table,369,37,1,51003.19,9,28,table,0
1206161_neurosketch,18,2,table,369,38,1,51003.19,9,28,table,0
1206161_neurosketch,18,2,table,369,39,1,51003.19,9,28,table,0
1206161_neurosketch,18,2,table,369,40,1,51003.19,9,28,table,0
1206161_neurosketch,18,2,table,369,41,1,51003.19,9,28,table,0
1206161_neurosketch,18,furniture,bed,370,42,0,63430.3,9,3,bed,1
1206161_neurosketch,18,furniture,chair,371,43,1,65092.23,9,17,,1
1206161_neurosketch,18,furniture,chair,371,44,1,65092.23,9,17,,0
1206161_neurosketch,18,furniture,bed,372,45,0,67036.71,9,24,bed,1
1206161_neurosketch,18,furniture,table,373,46,1,68580.68,9,35,table,1
1206161_neurosketch,18,furniture,chair,374,47,1,70502.51,9,25,chair,1
1206161_neurosketch,18,furniture,chair,374,48,1,70502.51,9,25,chair,0
1206161_neurosketch,18,furniture,bench,375,49,0,73501.89,9,4,bench,1
1206161_neurosketch,18,furniture,bench,375,50,0,73501.89,9,4,bench,0
1206161_neurosketch,18,furniture,table,376,51,1,76501.83,9,36,table,1
1206161_neurosketch,18,furniture,table,376,52,1,76501.83,9,36,table,0
1206161_neurosketch,18,furniture,bench,377,53,0,79501.92,9,10,bench,1
1206161_neurosketch,18,furniture,bench,377,54,0,79501.92,9,10,bench,0
1206161_neurosketch,18,furniture,bench,377,55,0,79501.92,9,10,bench,0
1206161_neurosketch,18,furniture,chair,378,56,1,84002.84,9,12,chair,1
1206161_neurosketch,18,furniture,chair,378,57,1,84002.84,9,12,chair,0
1206161_neurosketch,18,2,bed,379,58,0,87001.68,9,7,bed,1
1206161_neurosketch,18,2,bed,379,59,0,87001.68,9,7,bed,0
1206161_neurosketch,18,2,bed,379,60,0,87001.68,9,7,bed,0
1206161_neurosketch,18,2,bed,379,61,0,87001.68,9,7,bed,0
1206161_neurosketch,18,furniture,table,380,62,1,93001.85,9,39,table,1
1206161_neurosketch,18,furniture,table,380,63,1,93001.85,9,39,table,0
1206161_neurosketch,18,furniture,table,380,64,1,93001.85,9,39,table,0
1206161_neurosketch,18,furniture,chair,381,65,1,97502.9,9,29,chair,1
1206161_neurosketch,18,furniture,chair,381,66,1,97502.9,9,29,chair,0
1206161_neurosketch,18,furniture,chair,381,67,1,97502.9,9,29,chair,0
1206161_neurosketch,18,furniture,chair,381,68,1,97502.9,9,29,chair,0
1206161_neurosketch,18,furniture,bench,382,69,0,103501.9,9,9,bench,1
1206161_neurosketch,18,furniture,bench,382,70,0,103501.9,9,9,bench,0
1206161_neurosketch,18,furniture,bench,382,71,0,103501.9,9,9,bench,0
1206161_neurosketch,18,furniture,bed,383,72,0,108002.44,9,5,bench,1
1206161_neurosketch,18,furniture,bed,383,73,0,108002.44,9,5,bench,0
1206161_neurosketch,18,furniture,bed,383,74,0,108002.44,9,5,bench,0
1206161_neurosketch,18,furniture,bed,383,75,0,108002.44,9,5,bench,0
1206161_neurosketch,18,furniture,bench,384,76,0,114002.21,9,7,bench,1
1206161_neurosketch,18,furniture,bench,384,77,0,114002.21,9,7,bench,0
1206161_neurosketch,18,furniture,bench,384,78,0,114002.21,9,7,bench,0
1206161_neurosketch,18,furniture,bench,384,79,0,114002.21,9,7,bench,0
1206161_neurosketch,18,furniture,chair,385,80,1,120002.23,9,22,chair,1
1206161_neurosketch,18,furniture,chair,385,81,1,120002.23,9,22,chair,0
1206161_neurosketch,18,furniture,table,386,82,1,123002.93,9,8,table,1
1206161_neurosketch,18,furniture,table,386,83,1,123002.93,9,8,table,0
1206161_neurosketch,18,furniture,bed,387,84,0,126003.03,9,36,bed,1
1206161_neurosketch,18,furniture,bed,387,85,0,126003.03,9,36,bed,0
1206161_neurosketch,18,furniture,bed,387,86,0,126003.03,9,36,bed,0
1206161_neurosketch,18,furniture,bench,388,87,0,130501.88,9,31,bench,1
1206161_neurosketch,18,furniture,bench,388,88,0,130501.88,9,31,bench,0
1206161_neurosketch,18,furniture,bench,388,89,0,130501.88,9,31,bench,0
1206161_neurosketch,18,2,bed,389,90,0,135002.0,9,8,bed,1
1206161_neurosketch,18,2,bed,389,91,0,135002.0,9,8,bed,0
1206161_neurosketch,18,2,bed,389,92,0,135002.0,9,8,bed,0
1206161_neurosketch,18,2,bed,389,93,0,135002.0,9,8,bed,0
1206161_neurosketch,18,furniture,table,390,94,1,141002.19,9,14,table,1
1206161_neurosketch,18,furniture,table,390,95,1,141002.19,9,14,table,0
1206161_neurosketch,18,furniture,table,390,96,1,141002.19,9,14,table,0
1206161_neurosketch,18,furniture,chair,391,97,1,145502.08,9,37,chair,1
1206161_neurosketch,18,furniture,chair,391,98,1,145502.08,9,37,chair,0
1206161_neurosketch,18,furniture,bed,392,99,0,148502.76,9,28,,1
1206161_neurosketch,18,furniture,bed,392,100,0,148502.76,9,28,,0
1206161_neurosketch,18,furniture,chair,393,101,1,151502.02,9,3,chair,1
1206161_neurosketch,18,furniture,chair,393,102,1,151502.02,9,3,chair,0
1206161_neurosketch,18,furniture,table,394,103,1,154503.27,9,15,table,1
1206161_neurosketch,18,furniture,table,394,104,1,154503.27,9,15,table,0
1206161_neurosketch,18,furniture,table,394,105,1,154503.27,9,15,table,0
1206161_neurosketch,18,furniture,table,394,106,1,154503.27,9,15,table,0
1206161_neurosketch,18,furniture,bench,395,107,0,160502.38,9,21,bench,1
1206161_neurosketch,18,furniture,bench,395,108,0,160502.38,9,21,bench,0
1206161_neurosketch,18,furniture,table,396,109,1,163503.41,9,29,table,1
1206161_neurosketch,18,furniture,table,396,110,1,163503.41,9,29,table,0
1206161_neurosketch,18,furniture,table,396,111,1,163503.41,9,29,table,0
1206161_neurosketch,18,furniture,bench,397,112,0,168002.58,9,6,bench,1
1206161_neurosketch,18,furniture,bench,397,113,0,168002.58,9,6,bench,0
1206161_neurosketch,18,furniture,chair,398,114,1,171003.06,9,0,chair,1
1206161_neurosketch,18,furniture,chair,398,115,1,171003.06,9,0,chair,0
1206161_neurosketch,18,furniture,chair,398,116,1,171003.06,9,0,chair,0
1206161_neurosketch,18,2,bed,399,117,0,175502.45,9,9,bed,1
1206161_neurosketch,18,2,bed,399,118,0,175502.45,9,9,bed,0
1206161_neurosketch,18,2,bed,399,119,0,175502.45,9,9,bed,0
1206161_neurosketch,18,furniture,bench,400,120,0,180002.77,9,26,bench,1
1206161_neurosketch,18,furniture,bench,400,121,0,180002.77,9,26,bench,0
1206161_neurosketch,18,furniture,bench,400,122,0,180002.77,9,26,bench,0
1206161_neurosketch,18,furniture,bed,401,123,0,184501.78,9,16,bed,1
1206161_neurosketch,18,furniture,bed,401,124,0,184501.78,9,16,bed,0
1206161_neurosketch,18,furniture,bed,401,125,0,184501.78,9,16,bed,0
1206161_neurosketch,18,furniture,bed,401,126,0,184501.78,9,16,bed,0
1206161_neurosketch,18,furniture,table,402,127,1,190502.29,9,3,table,1
1206161_neurosketch,18,furniture,table,402,128,1,190502.29,9,3,table,0
1206161_neurosketch,18,furniture,table,402,129,1,190502.29,9,3,table,0
1206161_neurosketch,18,furniture,chair,403,130,1,195002.2,9,4,chair,1
1206161_neurosketch,18,furniture,chair,403,131,1,195002.2,9,4,chair,0
1206161_neurosketch,18,furniture,table,404,132,1,198002.77,9,0,table,1
1206161_neurosketch,18,furniture,table,404,133,1,198002.77,9,0,table,0
1206161_neurosketch,18,furniture,table,404,134,1,198002.77,9,0,table,0
1206161_neurosketch,18,furniture,table,404,135,1,198002.77,9,0,table,0
1206161_neurosketch,18,furniture,chair,405,136,1,204003.16,9,11,chair,1
1206161_neurosketch,18,furniture,chair,405,137,1,204003.16,9,11,chair,0
1206161_neurosketch,18,furniture,chair,405,138,1,204003.16,9,11,chair,0
1206161_neurosketch,18,furniture,bench,406,139,0,208501.98,9,27,bench,1
1206161_neurosketch,18,furniture,bench,406,140,0,208501.98,9,27,bench,0
1206161_neurosketch,18,furniture,bench,406,141,0,208501.98,9,27,bench,0
1206161_neurosketch,18,furniture,bed,407,142,0,213003.76,9,22,bed,1
1206161_neurosketch,18,furniture,bed,407,143,0,213003.76,9,22,bed,0
1206161_neurosketch,18,furniture,table,408,144,1,216002.28,9,20,table,1
1206161_neurosketch,18,furniture,table,408,145,1,216002.28,9,20,table,0
1206161_neurosketch,18,2,bench,409,146,0,219004.55,9,18,,1
1206161_neurosketch,18,2,bench,409,147,0,219004.55,9,18,,0
1206161_neurosketch,18,2,bench,409,148,0,219004.55,9,18,,0
1206161_neurosketch,18,furniture,bed,410,149,0,223502.89,9,25,bed,1
1206161_neurosketch,18,furniture,bed,410,150,0,223502.89,9,25,bed,0
1206161_neurosketch,18,furniture,bed,410,151,0,223502.89,9,25,bed,0
1206161_neurosketch,18,furniture,chair,411,152,1,228002.44,9,1,chair,1
1206161_neurosketch,18,furniture,chair,411,153,1,228002.44,9,1,chair,0
1206161_neurosketch,18,furniture,table,412,154,1,231004.11,9,17,table,1
1206161_neurosketch,18,furniture,table,412,155,1,231004.11,9,17,table,0
1206161_neurosketch,18,furniture,chair,413,156,1,234002.1,9,7,chair,1
1206161_neurosketch,18,furniture,chair,413,157,1,234002.1,9,7,chair,0
1206161_neurosketch,18,furniture,chair,413,158,1,234002.1,9,7,chair,0
1206161_neurosketch,18,furniture,bed,414,159,0,238501.92,9,17,bed,1
1206161_neurosketch,18,furniture,bed,414,160,0,238501.92,9,17,bed,0
1206161_neurosketch,18,furniture,bench,415,161,0,241502.5,9,19,bench,1
1206161_neurosketch,18,furniture,bench,415,162,0,241502.5,9,19,bench,0
1206161_neurosketch,18,furniture,chair,416,163,1,244502.97,9,9,chair,1
1206161_neurosketch,18,furniture,chair,416,164,1,244502.97,9,9,chair,0
1206161_neurosketch,18,furniture,table,417,165,1,247502.56,9,10,table,1
1206161_neurosketch,18,furniture,table,417,166,1,247502.56,9,10,table,0
1206161_neurosketch,18,furniture,table,417,167,1,247502.56,9,10,table,0
1206161_neurosketch,18,furniture,bed,418,168,0,252002.45,9,29,,1
1206161_neurosketch,18,furniture,bed,418,169,0,252002.45,9,29,,0
1206161_neurosketch,18,2,bench,419,170,0,255003.69,9,3,bench,1
1206161_neurosketch,18,2,bench,419,171,0,255003.69,9,3,bench,0
1206161_neurosketch,18,2,bench,419,172,0,255003.69,9,3,bench,0
1206161_neurosketch,18,2,bench,419,173,0,255003.69,9,3,bench,0
1206161_neurosketch,18,furniture,bed,420,174,0,261001.86,9,12,,1
1206161_neurosketch,18,furniture,bed,420,175,0,261001.86,9,12,,0
1206161_neurosketch,18,furniture,bed,420,176,0,261001.86,9,12,,0
1206161_neurosketch,18,furniture,bench,421,177,0,265502.16,9,14,bench,1
1206161_neurosketch,18,furniture,bench,421,178,0,265502.16,9,14,bench,0
1206161_neurosketch,18,furniture,bench,421,179,0,265502.16,9,14,bench,0
1206161_neurosketch,18,furniture,bench,421,180,0,265502.16,9,14,bench,0
1206161_neurosketch,18,furniture,table,422,181,1,271503.13,9,31,table,1
1206161_neurosketch,18,furniture,table,422,182,1,271503.13,9,31,table,0
1206161_neurosketch,18,furniture,table,422,183,1,271503.13,9,31,table,0
1206161_neurosketch,18,furniture,chair,423,184,1,276002.16,9,6,chair,1
1206161_neurosketch,18,furniture,chair,423,185,1,276002.16,9,6,chair,0
1206161_neurosketch,18,furniture,chair,423,186,1,276002.16,9,6,chair,0
1206161_neurosketch,18,furniture,chair,423,187,1,276002.16,9,6,chair,0
1206161_neurosketch,18,furniture,bench,424,188,0,282002.88,9,33,bench,1
1206161_neurosketch,18,furniture,bench,424,189,0,282002.88,9,33,bench,0
1206161_neurosketch,18,furniture,bench,424,190,0,282002.88,9,33,bench,0
1206161_neurosketch,18,furniture,bench,424,191,0,282002.88,9,33,bench,0
1206161_neurosketch,18,furniture,chair,425,192,1,288002.78,9,8,chair,1
1206161_neurosketch,18,furniture,chair,425,193,1,288002.78,9,8,chair,0
1206161_neurosketch,18,furniture,table,426,194,1,291002.24,9,25,table,1
1206161_neurosketch,18,furniture,table,426,195,1,291002.24,9,25,table,0
1206161_neurosketch,18,furniture,bed,427,196,0,294002.95,9,18,,1
1206161_neurosketch,18,furniture,bed,427,197,0,294002.95,9,18,,0
1206161_neurosketch,18,furniture,bed,427,198,0,294002.95,9,18,,0
1206161_neurosketch,18,furniture,bed,428,199,0,298501.92,9,23,bed,1
1206161_neurosketch,18,furniture,bed,428,200,0,298501.92,9,23,bed,0
1206161_neurosketch,18,furniture,bed,428,201,0,298501.92,9,23,bed,0
1206161_neurosketch,18,2,chair,429,202,1,303002.23,9,28,chair,1
1206161_neurosketch,18,2,chair,429,203,1,303002.23,9,28,chair,0
1206161_neurosketch,18,2,chair,429,204,1,303002.23,9,28,chair,0
1206161_neurosketch,18,2,chair,429,205,1,303002.23,9,28,chair,0
1206161_neurosketch,18,furniture,table,430,206,1,309002.57,9,26,table,1
1206161_neurosketch,18,furniture,table,430,207,1,309002.57,9,26,table,0
1206161_neurosketch,18,furniture,table,430,208,1,309002.57,9,26,table,0
1206161_neurosketch,18,furniture,bench,431,209,0,313502.62,9,12,bench,1
1206161_neurosketch,18,furniture,bench,431,210,0,313502.62,9,12,bench,0
1206161_neurosketch,18,furniture,bench,432,211,0,316501.96,9,22,bench,1
1206161_neurosketch,18,furniture,bench,432,212,0,316501.96,9,22,bench,0
1206161_neurosketch,18,furniture,table,433,213,1,319502.17,9,24,table,1
1206161_neurosketch,18,furniture,table,433,214,1,319502.17,9,24,table,0
1206161_neurosketch,18,furniture,chair,434,215,1,322502.02,9,14,chair,1
1206161_neurosketch,18,furniture,chair,434,216,1,322502.02,9,14,chair,0
1206161_neurosketch,18,furniture,chair,434,217,1,322502.02,9,14,chair,0
1206161_neurosketch,18,furniture,chair,434,218,1,322502.02,9,14,chair,0
1206161_neurosketch,18,furniture,bed,435,219,0,328503.04,9,19,,1
1206161_neurosketch,18,furniture,bed,435,220,0,328503.04,9,19,,0
1206161_neurosketch,18,furniture,bed,436,221,0,331502.39,9,33,bed,1
1206161_neurosketch,18,furniture,bed,436,222,0,331502.39,9,33,bed,0
1206161_neurosketch,18,furniture,bed,436,223,0,331502.39,9,33,bed,0
1206161_neurosketch,18,furniture,chair,437,224,1,336002.91,9,38,,1
1206161_neurosketch,18,furniture,chair,437,225,1,336002.91,9,38,,0
1206161_neurosketch,18,furniture,table,438,226,1,339002.28,9,32,table,1
1206161_neurosketch,18,furniture,table,438,227,1,339002.28,9,32,table,0
1206161_neurosketch,18,furniture,table,438,228,1,339002.28,9,32,table,0
1206161_neurosketch,18,2,bench,439,229,0,343502.85,9,20,bench,1
1206161_neurosketch,18,2,bench,439,230,0,343502.85,9,20,bench,0
1206161_neurosketch,18,2,bench,439,231,0,343502.85,9,20,bench,0
1206161_neurosketch,18,2,bench,439,232,0,343502.85,9,20,bench,0
1206161_neurosketch,18,2,bench,439,233,0,343502.85,9,20,bench,0
1206161_neurosketch,18,2,bench,439,234,0,343502.85,9,20,bench,0
1206161_neurosketch,18,2,bench,439,235,0,343502.85,9,20,bench,0
1206161_neurosketch,18,2,bench,439,236,0,343502.85,9,20,bench,0
1206161_neurosketch,18,2,bench,439,237,0,343502.85,9,20,bench,0
1206161_neurosketch,18,2,bench,439,238,0,343502.85,9,20,bench,0
1206161_neurosketch,18,2,bench,439,239,0,343502.85,9,20,bench,0
1206161_neurosketch,18,furniture,bench,440,0,-1,0.0,10,28,bench,0
1206161_neurosketch,18,furniture,bench,440,1,-1,0.0,10,28,bench,0
1206161_neurosketch,18,furniture,bench,440,2,-1,0.0,10,28,bench,0
1206161_neurosketch,18,furniture,bench,440,3,-1,0.0,10,28,bench,0
1206161_neurosketch,18,furniture,bench,440,4,-1,0.0,10,28,bench,0
1206161_neurosketch,18,furniture,bench,440,5,-1,0.0,10,28,bench,0
1206161_neurosketch,18,furniture,bench,440,6,-1,0.0,10,28,bench,0
1206161_neurosketch,18,furniture,bench,440,7,-1,0.0,10,28,bench,0
1206161_neurosketch,18,furniture,bench,440,8,0,12001.69,10,28,bench,1
1206161_neurosketch,18,furniture,bench,440,9,0,12001.69,10,28,bench,0
1206161_neurosketch,18,furniture,bench,440,10,0,12001.69,10,28,bench,0
1206161_neurosketch,18,furniture,table,441,11,1,16501.78,10,22,table,1
1206161_neurosketch,18,furniture,table,441,12,1,16501.78,10,22,table,0
1206161_neurosketch,18,furniture,table,441,13,1,16501.78,10,22,table,0
1206161_neurosketch,18,furniture,table,441,14,1,16501.78,10,22,table,0
1206161_neurosketch,18,furniture,chair,442,15,1,22501.67,10,15,chair,1
1206161_neurosketch,18,furniture,chair,442,16,1,22501.67,10,15,chair,0
1206161_neurosketch,18,furniture,chair,442,17,1,22501.67,10,15,chair,0
1206161_neurosketch,18,furniture,bed,443,18,0,27002.38,10,20,bed,1
1206161_neurosketch,18,furniture,bed,443,19,0,27002.38,10,20,bed,0
1206161_neurosketch,18,furniture,bed,444,20,0,30001.78,10,37,,1
1206161_neurosketch,18,furniture,bed,444,21,0,30001.78,10,37,,0
1206161_neurosketch,18,furniture,bed,444,22,0,30001.78,10,37,,0
1206161_neurosketch,18,furniture,bed,444,23,0,30001.78,10,37,,0
1206161_neurosketch,18,furniture,chair,445,24,1,36001.84,10,30,chair,1
1206161_neurosketch,18,furniture,chair,445,25,1,36001.84,10,30,chair,0
1206161_neurosketch,18,furniture,chair,445,26,1,36001.84,10,30,chair,0
1206161_neurosketch,18,furniture,table,446,27,1,40502.46,10,4,table,1
1206161_neurosketch,18,furniture,table,446,28,1,40502.46,10,4,table,0
1206161_neurosketch,18,furniture,table,446,29,1,40502.46,10,4,table,0
1206161_neurosketch,18,furniture,bench,447,30,0,45001.95,10,15,bench,1
1206161_neurosketch,18,furniture,bench,447,31,0,45001.95,10,15,bench,0
1206161_neurosketch,18,furniture,chair,448,32,1,48001.19,10,10,chair,1
1206161_neurosketch,18,furniture,chair,448,33,1,48001.19,10,10,chair,0
1206161_neurosketch,18,2,bench,449,34,0,51001.61,10,2,bench,1
1206161_neurosketch,18,2,bench,449,35,0,51001.61,10,2,bench,0
1206161_neurosketch,18,2,bench,449,36,0,51001.61,10,2,bench,0
1206161_neurosketch,18,furniture,table,450,37,1,55502.22,10,34,table,1
1206161_neurosketch,18,furniture,table,450,38,1,55502.22,10,34,table,0
1206161_neurosketch,18,furniture,table,450,39,1,55502.22,10,34,table,0
1206161_neurosketch,18,furniture,bed,451,40,0,60001.85,10,10,bed,1
1206161_neurosketch,18,furniture,bed,451,41,0,60001.85,10,10,bed,0
1206161_neurosketch,18,furniture,chair,452,42,1,63002.2,10,32,chair,1
1206161_neurosketch,18,furniture,chair,452,43,1,63002.2,10,32,chair,0
1206161_neurosketch,18,furniture,bench,453,44,0,66002.84,10,1,bench,1
1206161_neurosketch,18,furniture,bench,453,45,0,66002.84,10,1,bench,0
1206161_neurosketch,18,furniture,bench,453,46,0,66002.84,10,1,bench,0
1206161_neurosketch,18,furniture,table,454,47,1,70501.38,10,6,table,1
1206161_neurosketch,18,furniture,table,454,48,1,70501.38,10,6,table,0
1206161_neurosketch,18,furniture,bed,455,49,0,73502.42,10,30,,1
1206161_neurosketch,18,furniture,bed,455,50,0,73502.42,10,30,,0
1206161_neurosketch,18,furniture,bed,456,51,0,76502.65,10,1,bed,1
1206161_neurosketch,18,furniture,bed,456,52,0,76502.65,10,1,bed,0
1206161_neurosketch,18,furniture,bench,457,53,0,79502.47,10,16,,1
1206161_neurosketch,18,furniture,bench,457,54,0,79502.47,10,16,,0
1206161_neurosketch,18,furniture,bench,457,55,0,79502.47,10,16,,0
1206161_neurosketch,18,furniture,chair,458,56,1,84003.62,10,20,chair,1
1206161_neurosketch,18,furniture,chair,458,57,1,84003.62,10,20,chair,0
1206161_neurosketch,18,2,table,459,58,1,87002.0,10,18,table,1
1206161_neurosketch,18,2,table,459,59,1,87002.0,10,18,table,0
1206161_neurosketch,18,2,table,459,60,1,87002.0,10,18,table,0
1206161_neurosketch,18,2,table,459,61,1,87002.0,10,18,table,0
1206161_neurosketch,18,furniture,bench,460,62,0,93002.7,10,30,,1
1206161_neurosketch,18,furniture,bench,460,63,0,93002.7,10,30,,0
1206161_neurosketch,18,furniture,bench,460,64,0,93002.7,10,30,,0
1206161_neurosketch,18,furniture,chair,461,65,1,97502.29,10,16,chair,1
1206161_neurosketch,18,furniture,chair,461,66,1,97502.29,10,16,chair,0
1206161_neurosketch,18,furniture,chair,461,67,1,97502.29,10,16,chair,0
1206161_neurosketch,18,furniture,chair,461,68,1,97502.29,10,16,chair,0
1206161_neurosketch,18,furniture,bed,462,69,0,103502.57,10,6,,1
1206161_neurosketch,18,furniture,bed,462,70,0,103502.57,10,6,,0
1206161_neurosketch,18,furniture,bed,462,71,0,103502.57,10,6,,0
1206161_neurosketch,18,furniture,table,463,72,1,108002.67,10,12,table,1
1206161_neurosketch,18,furniture,table,463,73,1,108002.67,10,12,table,0
1206161_neurosketch,18,furniture,table,463,74,1,108002.67,10,12,table,0
1206161_neurosketch,18,furniture,table,463,75,1,108002.67,10,12,table,0
1206161_neurosketch,18,furniture,table,464,76,1,114002.27,10,19,table,1
1206161_neurosketch,18,furniture,table,464,77,1,114002.27,10,19,table,0
1206161_neurosketch,18,furniture,table,464,78,1,114002.27,10,19,table,0
1206161_neurosketch,18,furniture,table,464,79,1,114002.27,10,19,table,0
1206161_neurosketch,18,furniture,bed,465,80,0,120002.87,10,39,bench,1
1206161_neurosketch,18,furniture,bed,465,81,0,120002.87,10,39,bench,0
1206161_neurosketch,18,furniture,bench,466,82,0,123002.5,10,35,bench,1
1206161_neurosketch,18,furniture,bench,466,83,0,123002.5,10,35,bench,0
1206161_neurosketch,18,furniture,chair,467,84,1,126002.29,10,33,chair,1
1206161_neurosketch,18,furniture,chair,467,85,1,126002.29,10,33,chair,0
1206161_neurosketch,18,furniture,chair,467,86,1,126002.29,10,33,chair,0
1206161_neurosketch,18,furniture,table,468,87,1,130502.55,10,16,table,1
1206161_neurosketch,18,furniture,table,468,88,1,130502.55,10,16,table,0
1206161_neurosketch,18,furniture,table,468,89,1,130502.55,10,16,table,0
1206161_neurosketch,18,2,chair,469,90,1,135002.65,10,2,chair,1
1206161_neurosketch,18,2,chair,469,91,1,135002.65,10,2,chair,0
1206161_neurosketch,18,2,chair,469,92,1,135002.65,10,2,chair,0
1206161_neurosketch,18,2,chair,469,93,1,135002.65,10,2,chair,0
1206161_neurosketch,18,furniture,bench,470,94,0,141003.27,10,36,bench,1
1206161_neurosketch,18,furniture,bench,470,95,0,141003.27,10,36,bench,0
1206161_neurosketch,18,furniture,bench,470,96,0,141003.27,10,36,bench,0
1206161_neurosketch,18,furniture,bed,471,97,0,145504.56,10,31,bed,1
1206161_neurosketch,18,furniture,bed,471,98,0,145504.56,10,31,bed,0
1206161_neurosketch,18,furniture,bed,472,99,0,148502.67,10,38,,1
1206161_neurosketch,18,furniture,bed,472,100,0,148502.67,10,38,,0
1206161_neurosketch,18,furniture,table,473,101,1,151502.2,10,38,table,1
1206161_neurosketch,18,furniture,table,473,102,1,151502.2,10,38,table,0
1206161_neurosketch,18,furniture,bench,474,103,0,154502.89,10,23,,1
1206161_neurosketch,18,furniture,bench,474,104,0,154502.89,10,23,,0
1206161_neurosketch,18,furniture,bench,474,105,0,154502.89,10,23,,0
1206161_neurosketch,18,furniture,bench,474,106,0,154502.89,10,23,,0
1206161_neurosketch,18,furniture,chair,475,107,1,160502.69,10,31,,1
1206161_neurosketch,18,furniture,chair,475,108,1,160502.69,10,31,,0
1206161_neurosketch,18,furniture,table,476,109,1,163503.58,10,5,table,1
1206161_neurosketch,18,furniture,table,476,110,1,163503.58,10,5,table,0
1206161_neurosketch,18,furniture,table,476,111,1,163503.58,10,5,table,0
1206161_neurosketch,18,furniture,bed,477,112,0,168002.64,10,14,bed,1
1206161_neurosketch,18,furniture,bed,477,113,0,168002.64,10,14,bed,0
1206161_neurosketch,18,furniture,bench,478,114,0,171002.26,10,38,bench,1
1206161_neurosketch,18,furniture,bench,478,115,0,171002.26,10,38,bench,0
1206161_neurosketch,18,furniture,bench,478,116,0,171002.26,10,38,bench,0
1206161_neurosketch,18,2,chair,479,117,1,175502.57,10,26,chair,1
1206161_neurosketch,18,2,chair,479,118,1,175502.57,10,26,chair,0
1206161_neurosketch,18,2,chair,479,119,1,175502.57,10,26,chair,0
1206161_neurosketch,18,furniture,chair,480,120,1,180003.08,10,24,chair,1
1206161_neurosketch,18,furniture,chair,480,121,1,180003.08,10,24,chair,0
1206161_neurosketch,18,furniture,chair,480,122,1,180003.08,10,24,chair,0
1206161_neurosketch,18,furniture,table,481,123,1,184502.29,10,13,table,1
1206161_neurosketch,18,furniture,table,481,124,1,184502.29,10,13,table,0
1206161_neurosketch,18,furniture,table,481,125,1,184502.29,10,13,table,0
1206161_neurosketch,18,furniture,table,481,126,1,184502.29,10,13,table,0
1206161_neurosketch,18,furniture,bench,482,127,0,190502.58,10,24,bench,1
1206161_neurosketch,18,furniture,bench,482,128,0,190502.58,10,24,bench,0
1206161_neurosketch,18,furniture,bench,482,129,0,190502.58,10,24,bench,0
1206161_neurosketch,18,furniture,bed,483,130,0,195002.8,10,13,bed,1
1206161_neurosketch,18,furniture,bed,483,131,0,195002.8,10,13,bed,0
1206161_neurosketch,18,furniture,bench,484,132,0,198002.51,10,32,,1
1206161_neurosketch,18,furniture,bench,484,133,0,198002.51,10,32,,0
1206161_neurosketch,18,furniture,bench,484,134,0,198002.51,10,32,,0
1206161_neurosketch,18,furniture,bench,484,135,0,198002.51,10,32,,0
1206161_neurosketch,18,furniture,chair,485,136,1,204002.89,10,13,chair,1
1206161_neurosketch,18,furniture,chair,485,137,1,204002.89,10,13,chair,0
1206161_neurosketch,18,furniture,chair,485,138,1,204002.89,10,13,chair,0
1206161_neurosketch,18,furniture,table,486,139,1,208503.08,10,11,table,1
1206161_neurosketch,18,furniture,table,486,140,1,208503.08,10,11,table,0
1206161_neurosketch,18,furniture,table,486,141,1,208503.08,10,11,table,0
1206161_neurosketch,18,furniture,bed,487,142,0,213002.96,10,35,bed,1
1206161_neurosketch,18,furniture,bed,487,143,0,213002.96,10,35,bed,0
1206161_neurosketch,18,furniture,table,488,144,1,216002.89,10,21,table,1
1206161_neurosketch,18,furniture,table,488,145,1,216002.89,10,21,table,0
1206161_neurosketch,18,2,bench,489,146,0,219002.57,10,13,bench,1
1206161_neurosketch,18,2,bench,489,147,0,219002.57,10,13,bench,0
1206161_neurosketch,18,2,bench,489,148,0,219002.57,10,13,bench,0
1206161_neurosketch,18,furniture,bed,490,149,0,223502.21,10,34,,1
1206161_neurosketch,18,furniture,bed,490,150,0,223502.21,10,34,,0
1206161_neurosketch,18,furniture,bed,490,151,0,223502.21,10,34,,0
1206161_neurosketch,18,furniture,chair,491,152,1,228002.05,10,18,chair,1
1206161_neurosketch,18,furniture,chair,491,153,1,228002.05,10,18,chair,0
1206161_neurosketch,18,furniture,table,492,154,1,231003.12,10,9,table,1
1206161_neurosketch,18,furniture,table,492,155,1,231003.12,10,9,table,0
1206161_neurosketch,18,furniture,bench,493,156,0,234003.21,10,8,bench,1
1206161_neurosketch,18,furniture,bench,493,157,0,234003.21,10,8,bench,0
1206161_neurosketch,18,furniture,bench,493,158,0,234003.21,10,8,bench,0
1206161_neurosketch,18,furniture,bed,494,159,0,238502.63,10,0,bed,1
1206161_neurosketch,18,furniture,bed,494,160,0,238502.63,10,0,bed,0
1206161_neurosketch,18,furniture,chair,495,161,1,241503.08,10,21,chair,1
1206161_neurosketch,18,furniture,chair,495,162,1,241503.08,10,21,chair,0
1206161_neurosketch,18,furniture,bench,496,163,0,244502.44,10,39,bench,1
1206161_neurosketch,18,furniture,bench,496,164,0,244502.44,10,39,bench,0
1206161_neurosketch,18,furniture,table,497,165,1,247502.76,10,2,table,1
1206161_neurosketch,18,furniture,table,497,166,1,247502.76,10,2,table,0
1206161_neurosketch,18,furniture,table,497,167,1,247502.76,10,2,table,0
1206161_neurosketch,18,furniture,bed,498,168,0,252002.4,10,27,bed,1
1206161_neurosketch,18,furniture,bed,498,169,0,252002.4,10,27,bed,0
1206161_neurosketch,18,2,chair,499,170,1,255002.98,10,23,chair,1
1206161_neurosketch,18,2,chair,499,171,1,255002.98,10,23,chair,0
1206161_neurosketch,18,2,chair,499,172,1,255002.98,10,23,chair,0
1206161_neurosketch,18,2,chair,499,173,1,255002.98,10,23,chair,0
1206161_neurosketch,18,furniture,table,500,174,1,261003.02,10,1,table,1
1206161_neurosketch,18,furniture,table,500,175,1,261003.02,10,1,table,0
1206161_neurosketch,18,furniture,table,500,176,1,261003.02,10,1,table,0
1206161_neurosketch,18,furniture,bed,501,177,0,265502.2,10,4,bench,1
1206161_neurosketch,18,furniture,bed,501,178,0,265502.2,10,4,bench,0
1206161_neurosketch,18,furniture,bed,501,179,0,265502.2,10,4,bench,0
1206161_neurosketch,18,furniture,bed,501,180,0,265502.2,10,4,bench,0
1206161_neurosketch,18,furniture,chair,502,181,1,271503.14,10,35,chair,1
1206161_neurosketch,18,furniture,chair,502,182,1,271503.14,10,35,chair,0
1206161_neurosketch,18,furniture,chair,502,183,1,271503.14,10,35,chair,0
1206161_neurosketch,18,furniture,bench,503,184,0,276002.36,10,25,bench,1
1206161_neurosketch,18,furniture,bench,503,185,0,276002.36,10,25,bench,0
1206161_neurosketch,18,furniture,bench,503,186,0,276002.36,10,25,bench,0
1206161_neurosketch,18,furniture,bench,503,187,0,276002.36,10,25,bench,0
1206161_neurosketch,18,furniture,chair,504,188,1,282002.71,10,5,chair,1
1206161_neurosketch,18,furniture,chair,504,189,1,282002.71,10,5,chair,0
1206161_neurosketch,18,furniture,chair,504,190,1,282002.71,10,5,chair,0
1206161_neurosketch,18,furniture,chair,504,191,1,282002.71,10,5,chair,0
1206161_neurosketch,18,furniture,bed,505,192,0,288002.65,10,2,bed,1
1206161_neurosketch,18,furniture,bed,505,193,0,288002.65,10,2,bed,0
1206161_neurosketch,18,furniture,bench,506,194,0,291002.8,10,17,bench,1
1206161_neurosketch,18,furniture,bench,506,195,0,291002.8,10,17,bench,0
1206161_neurosketch,18,furniture,table,507,196,1,294003.0,10,30,table,1
1206161_neurosketch,18,furniture,table,507,197,1,294003.0,10,30,table,0
1206161_neurosketch,18,furniture,table,507,198,1,294003.0,10,30,table,0
1206161_neurosketch,18,furniture,table,508,199,1,298503.36,10,7,,1
1206161_neurosketch,18,furniture,table,508,200,1,298503.36,10,7,,0
1206161_neurosketch,18,furniture,table,508,201,1,298503.36,10,7,,0
1206161_neurosketch,18,2,bed,509,202,0,303002.68,10,15,bed,1
1206161_neurosketch,18,2,bed,509,203,0,303002.68,10,15,bed,0
1206161_neurosketch,18,2,bed,509,204,0,303002.68,10,15,bed,0
1206161_neurosketch,18,2,bed,509,205,0,303002.68,10,15,bed,0
1206161_neurosketch,18,furniture,bench,510,206,0,309002.78,10,37,bench,1
1206161_neurosketch,18,furniture,bench,510,207,0,309002.78,10,37,bench,0
1206161_neurosketch,18,furniture,bench,510,208,0,309002.78,10,37,bench,0
1206161_neurosketch,18,furniture,chair,511,209,1,313502.57,10,27,chair,1
1206161_neurosketch,18,furniture,chair,511,210,1,313502.57,10,27,chair,0
1206161_neurosketch,18,furniture,table,512,211,1,316502.2,10,37,table,1
1206161_neurosketch,18,furniture,table,512,212,1,316502.2,10,37,table,0
1206161_neurosketch,18,furniture,bed,513,213,0,319502.9,10,21,,1
1206161_neurosketch,18,furniture,bed,513,214,0,319502.9,10,21,,0
1206161_neurosketch,18,furniture,chair,514,215,1,322502.38,10,34,chair,1
1206161_neurosketch,18,furniture,chair,514,216,1,322502.38,10,34,chair,0
1206161_neurosketch,18,furniture,chair,514,217,1,322502.38,10,34,chair,0
1206161_neurosketch,18,furniture,chair,514,218,1,322502.38,10,34,chair,0
1206161_neurosketch,18,furniture,bench,515,219,0,328503.01,10,11,bench,1
1206161_neurosketch,18,furniture,bench,515,220,0,328503.01,10,11,bench,0
1206161_neurosketch,18,furniture,table,516,221,1,331502.2,10,27,table,1
1206161_neurosketch,18,furniture,table,516,222,1,331502.2,10,27,table,0
1206161_neurosketch,18,furniture,table,516,223,1,331502.2,10,27,table,0
1206161_neurosketch,18,furniture,bed,517,224,0,336003.01,10,26,bed,1
1206161_neurosketch,18,furniture,bed,517,225,0,336003.01,10,26,bed,0
1206161_neurosketch,18,furniture,bench,518,226,0,339002.32,10,29,bench,1
1206161_neurosketch,18,furniture,bench,518,227,0,339002.32,10,29,bench,0
1206161_neurosketch,18,furniture,bench,518,228,0,339002.32,10,29,bench,0
1206161_neurosketch,18,2,chair,519,229,1,343502.54,10,19,chair,1
1206161_neurosketch,18,2,chair,519,230,1,343502.54,10,19,chair,0
1206161_neurosketch,18,2,chair,519,231,1,343502.54,10,19,chair,0
1206161_neurosketch,18,2,chair,519,232,1,343502.54,10,19,chair,0
1206161_neurosketch,18,2,chair,519,233,1,343502.54,10,19,chair,0
1206161_neurosketch,18,2,chair,519,234,1,343502.54,10,19,chair,0
1206161_neurosketch,18,2,chair,519,235,1,343502.54,10,19,chair,0
1206161_neurosketch,18,2,chair,519,236,1,343502.54,10,19,chair,0
1206161_neurosketch,18,2,chair,519,237,1,343502.54,10,19,chair,0
1206161_neurosketch,18,2,chair,519,238,1,343502.54,10,19,chair,0
1206161_neurosketch,18,2,chair,519,239,1,343502.54,10,19,chair,0
