wID,versionNum,category,object,trial,TRnum,condition,onset_time,run_num,viewpoint,response,onset
1207162_neurosketch,30,furniture,table,0,0,-1,0.0,1,21,,0
1207162_neurosketch,30,furniture,table,0,1,-1,0.0,1,21,,0
1207162_neurosketch,30,furniture,table,0,2,-1,0.0,1,21,,0
1207162_neurosketch,30,furniture,table,0,3,-1,0.0,1,21,,0
1207162_neurosketch,30,furniture,table,0,4,-1,0.0,1,21,,0
1207162_neurosketch,30,furniture,table,0,5,-1,0.0,1,21,,0
1207162_neurosketch,30,furniture,table,0,6,-1,0.0,1,21,,0
1207162_neurosketch,30,furniture,table,0,7,-1,0.0,1,21,,0
1207162_neurosketch,30,furniture,table,0,8,0,12004.87,1,21,,1
1207162_neurosketch,30,furniture,table,0,9,0,12004.87,1,21,,0
1207162_neurosketch,30,furniture,table,0,10,0,12004.87,1,21,,0
1207162_neurosketch,30,furniture,table,0,11,0,12004.87,1,21,,0
1207162_neurosketch,30,furniture,bench,1,12,0,18004.09,1,25,bench,1
1207162_neurosketch,30,furniture,bench,1,13,0,18004.09,1,25,bench,0
1207162_neurosketch,30,furniture,bench,1,14,0,18004.09,1,25,bench,0
1207162_neurosketch,30,furniture,bench,1,15,0,18004.09,1,25,bench,0
1207162_neurosketch,30,furniture,bed,2,16,1,24002.21,1,11,,1
1207162_neurosketch,30,furniture,bed,2,17,1,24002.21,1,11,,0
1207162_neurosketch,30,furniture,chair,3,18,1,27002.58,1,27,chair,1
1207162_neurosketch,30,furniture,chair,3,19,1,27002.58,1,27,chair,0
1207162_neurosketch,30,furniture,chair,4,20,1,30003.68,1,8,chair,1
1207162_neurosketch,30,furniture,chair,4,21,1,30003.68,1,8,chair,0
1207162_neurosketch,30,furniture,chair,4,22,1,30003.68,1,8,chair,0
1207162_neurosketch,30,furniture,bench,5,23,0,34502.61,1,0,,1
1207162_neurosketch,30,furniture,bench,5,24,0,34502.61,1,0,,0
1207162_neurosketch,30,furniture,table,6,25,0,37502.62,1,39,bench,1
1207162_neurosketch,30,furniture,table,6,26,0,37502.62,1,39,bench,0
1207162_neurosketch,30,furniture,table,6,27,0,37502.62,1,39,bench,0
1207162_neurosketch,30,furniture,table,6,28,0,37502.62,1,39,bench,0
1207162_neurosketch,30,furniture,bed,7,29,1,43502.8,1,16,bed,1
1207162_neurosketch,30,furniture,bed,7,30,1,43502.8,1,16,bed,0
1207162_neurosketch,30,furniture,bed,7,31,1,43502.8,1,16,bed,0
1207162_neurosketch,30,furniture,bench,8,32,0,48001.72,1,32,bench,1
1207162_neurosketch,30,furniture,bench,8,33,0,48001.72,1,32,bench,0
1207162_neurosketch,30,furniture,bench,8,34,0,48001.72,1,32,bench,0
1207162_neurosketch,30,2,bed,9,35,1,52503.35,1,18,,1
1207162_neurosketch,30,2,bed,9,36,1,52503.35,1,18,,0
1207162_neurosketch,30,2,bed,9,37,1,52503.35,1,18,,0
1207162_neurosketch,30,2,bed,9,38,1,52503.35,1,18,,0
1207162_neurosketch,30,furniture,table,10,39,0,58502.68,1,28,table,1
1207162_neurosketch,30,furniture,table,10,40,0,58502.68,1,28,table,0
1207162_neurosketch,30,furniture,table,10,41,0,58502.68,1,28,table,0
1207162_neurosketch,30,furniture,table,10,42,0,58502.68,1,28,table,0
1207162_neurosketch,30,furniture,chair,11,43,1,64502.24,1,2,chair,1
1207162_neurosketch,30,furniture,chair,11,44,1,64502.24,1,2,chair,0
1207162_neurosketch,30,furniture,chair,11,45,1,64502.24,1,2,chair,0
1207162_neurosketch,30,furniture,bench,12,46,0,69001.82,1,13,bench,1
1207162_neurosketch,30,furniture,bench,12,47,0,69001.82,1,13,bench,0
1207162_neurosketch,30,furniture,bench,12,48,0,69001.82,1,13,bench,0
1207162_neurosketch,30,furniture,bench,12,49,0,69001.82,1,13,bench,0
1207162_neurosketch,30,furniture,bed,13,50,1,75002.44,1,7,bed,1
1207162_neurosketch,30,furniture,bed,13,51,1,75002.44,1,7,bed,0
1207162_neurosketch,30,furniture,bed,13,52,1,75002.44,1,7,bed,0
1207162_neurosketch,30,furniture,table,14,53,0,79501.77,1,38,table,1
1207162_neurosketch,30,furniture,table,14,54,0,79501.77,1,38,table,0
1207162_neurosketch,30,furniture,table,14,55,0,79501.77,1,38,table,0
1207162_neurosketch,30,furniture,table,14,56,0,79501.77,1,38,table,0
1207162_neurosketch,30,furniture,chair,15,57,1,85502.13,1,26,chair,1
1207162_neurosketch,30,furniture,chair,15,58,1,85502.13,1,26,chair,0
1207162_neurosketch,30,furniture,chair,15,59,1,85502.13,1,26,chair,0
1207162_neurosketch,30,furniture,bench,16,60,0,90002.69,1,4,bench,1
1207162_neurosketch,30,furniture,bench,16,61,0,90002.69,1,4,bench,0
1207162_neurosketch,30,furniture,bed,17,62,1,93001.86,1,31,bed,1
1207162_neurosketch,30,furniture,bed,17,63,1,93001.86,1,31,bed,0
1207162_neurosketch,30,furniture,bed,17,64,1,93001.86,1,31,bed,0
1207162_neurosketch,30,furniture,table,18,65,0,97501.52,1,24,table,1
1207162_neurosketch,30,furniture,table,18,66,0,97501.52,1,24,table,0
1207162_neurosketch,30,furniture,table,18,67,0,97501.52,1,24,table,0
1207162_neurosketch,30,2,chair,19,68,1,102003.26,1,39,chair,1
1207162_neurosketch,30,2,chair,19,69,1,102003.26,1,39,chair,0
1207162_neurosketch,30,furniture,table,20,70,0,105002.52,1,7,bench,1
1207162_neurosketch,30,furniture,table,20,71,0,105002.52,1,7,bench,0
1207162_neurosketch,30,furniture,table,20,72,0,105002.52,1,7,bench,0
1207162_neurosketch,30,furniture,chair,21,73,1,109502.5,1,1,chair,1
1207162_neurosketch,30,furniture,chair,21,74,1,109502.5,1,1,chair,0
1207162_neurosketch,30,furniture,chair,21,75,1,109502.5,1,1,chair,0
1207162_neurosketch,30,furniture,bench,22,76,0,114004.09,1,17,bench,1
1207162_neurosketch,30,furniture,bench,22,77,0,114004.09,1,17,bench,0
1207162_neurosketch,30,furniture,bed,23,78,1,117004.59,1,35,bed,1
1207162_neurosketch,30,furniture,bed,23,79,1,117004.59,1,35,bed,0
1207162_neurosketch,30,furniture,bed,23,80,1,117004.59,1,35,bed,0
1207162_neurosketch,30,furniture,chair,24,81,1,121501.56,1,5,chair,1
1207162_neurosketch,30,furniture,chair,24,82,1,121501.56,1,5,chair,0
1207162_neurosketch,30,furniture,chair,24,83,1,121501.56,1,5,chair,0
1207162_neurosketch,30,furniture,bed,25,84,1,126003.12,1,25,bed,1
1207162_neurosketch,30,furniture,bed,25,85,1,126003.12,1,25,bed,0
1207162_neurosketch,30,furniture,table,26,86,0,129002.44,1,8,,1
1207162_neurosketch,30,furniture,table,26,87,0,129002.44,1,8,,0
1207162_neurosketch,30,furniture,table,26,88,0,129002.44,1,8,,0
1207162_neurosketch,30,furniture,bench,27,89,0,133502.26,1,12,bench,1
1207162_neurosketch,30,furniture,bench,27,90,0,133502.26,1,12,bench,0
1207162_neurosketch,30,furniture,bench,28,91,0,136502.47,1,29,bench,1
1207162_neurosketch,30,furniture,bench,28,92,0,136502.47,1,29,bench,0
1207162_neurosketch,30,2,bed,29,93,1,139502.72,1,33,bed,1
1207162_neurosketch,30,2,bed,29,94,1,139502.72,1,33,bed,0
1207162_neurosketch,30,furniture,chair,30,95,1,142502.85,1,30,chair,1
1207162_neurosketch,30,furniture,chair,30,96,1,142502.85,1,30,chair,0
1207162_neurosketch,30,furniture,chair,30,97,1,142502.85,1,30,chair,0
1207162_neurosketch,30,furniture,table,31,98,0,147002.96,1,16,table,1
1207162_neurosketch,30,furniture,table,31,99,0,147002.96,1,16,table,0
1207162_neurosketch,30,furniture,bench,32,100,0,150002.38,1,20,bench,1
1207162_neurosketch,30,furniture,bench,32,101,0,150002.38,1,20,bench,0
1207162_neurosketch,30,furniture,bench,32,102,0,150002.38,1,20,bench,0
1207162_neurosketch,30,furniture,table,33,103,0,154503.03,1,5,table,1
1207162_neurosketch,30,furniture,table,33,104,0,154503.03,1,5,table,0
1207162_neurosketch,30,furniture,bed,34,105,1,157502.45,1,4,bed,1
1207162_neurosketch,30,furniture,bed,34,106,1,157502.45,1,4,bed,0
1207162_neurosketch,30,furniture,bed,34,107,1,157502.45,1,4,bed,0
1207162_neurosketch,30,furniture,bed,34,108,1,157502.45,1,4,bed,0
1207162_neurosketch,30,furniture,chair,35,109,1,163502.8,1,15,chair,1
1207162_neurosketch,30,furniture,chair,35,110,1,163502.8,1,15,chair,0
1207162_neurosketch,30,furniture,chair,35,111,1,163502.8,1,15,chair,0
1207162_neurosketch,30,furniture,table,36,112,0,168003.72,1,9,table,1
1207162_neurosketch,30,furniture,table,36,113,0,168003.72,1,9,table,0
1207162_neurosketch,30,furniture,table,36,114,0,168003.72,1,9,table,0
1207162_neurosketch,30,furniture,table,36,115,0,168003.72,1,9,table,0
1207162_neurosketch,30,furniture,bench,37,116,0,174003.5,1,7,bench,1
1207162_neurosketch,30,furniture,bench,37,117,0,174003.5,1,7,bench,0
1207162_neurosketch,30,furniture,bed,38,118,1,177002.82,1,17,bed,1
1207162_neurosketch,30,furniture,bed,38,119,1,177002.82,1,17,bed,0
1207162_neurosketch,30,2,chair,39,120,1,180002.85,1,0,chair,1
1207162_neurosketch,30,2,chair,39,121,1,180002.85,1,0,chair,0
1207162_neurosketch,30,furniture,bed,40,122,1,183002.64,1,5,,1
1207162_neurosketch,30,furniture,bed,40,123,1,183002.64,1,5,,0
1207162_neurosketch,30,furniture,table,41,124,0,186001.37,1,37,,1
1207162_neurosketch,30,furniture,table,41,125,0,186001.37,1,37,,0
1207162_neurosketch,30,furniture,table,41,126,0,186001.37,1,37,,0
1207162_neurosketch,30,furniture,table,41,127,0,186001.37,1,37,,0
1207162_neurosketch,30,furniture,bench,42,128,0,192002.41,1,3,bench,1
1207162_neurosketch,30,furniture,bench,42,129,0,192002.41,1,3,bench,0
1207162_neurosketch,30,furniture,chair,43,130,1,195003.1,1,7,chair,1
1207162_neurosketch,30,furniture,chair,43,131,1,195003.1,1,7,chair,0
1207162_neurosketch,30,furniture,bed,44,132,1,198002.85,1,32,,1
1207162_neurosketch,30,furniture,bed,44,133,1,198002.85,1,32,,0
1207162_neurosketch,30,furniture,bed,44,134,1,198002.85,1,32,,0
1207162_neurosketch,30,furniture,table,45,135,0,202502.86,1,18,,1
1207162_neurosketch,30,furniture,table,45,136,0,202502.86,1,18,,0
1207162_neurosketch,30,furniture,bench,46,137,0,205502.99,1,39,bench,1
1207162_neurosketch,30,furniture,bench,46,138,0,205502.99,1,39,bench,0
1207162_neurosketch,30,furniture,bench,46,139,0,205502.99,1,39,bench,0
1207162_neurosketch,30,furniture,bench,46,140,0,205502.99,1,39,bench,0
1207162_neurosketch,30,furniture,chair,47,141,1,211502.55,1,17,bed,1
1207162_neurosketch,30,furniture,chair,47,142,1,211502.55,1,17,bed,0
1207162_neurosketch,30,furniture,chair,47,143,1,211502.55,1,17,bed,0
1207162_neurosketch,30,furniture,bed,48,144,1,216002.64,1,22,bed,1
1207162_neurosketch,30,furniture,bed,48,145,1,216002.64,1,22,bed,0
1207162_neurosketch,30,furniture,bed,48,146,1,216002.64,1,22,bed,0
1207162_neurosketch,30,2,chair,49,147,1,220502.91,1,10,chair,1
1207162_neurosketch,30,2,chair,49,148,1,220502.91,1,10,chair,0
1207162_neurosketch,30,2,chair,49,149,1,220502.91,1,10,chair,0
1207162_neurosketch,30,2,chair,49,150,1,220502.91,1,10,chair,0
1207162_neurosketch,30,furniture,table,50,151,0,226502.98,1,11,,1
1207162_neurosketch,30,furniture,table,50,152,0,226502.98,1,11,,0
1207162_neurosketch,30,furniture,table,50,153,0,226502.98,1,11,,0
1207162_neurosketch,30,furniture,table,50,154,0,226502.98,1,11,,0
1207162_neurosketch,30,furniture,bench,51,155,0,232503.03,1,34,,1
1207162_neurosketch,30,furniture,bench,51,156,0,232503.03,1,34,,0
1207162_neurosketch,30,furniture,bench,51,157,0,232503.03,1,34,,0
1207162_neurosketch,30,furniture,chair,52,158,1,237002.84,1,6,chair,1
1207162_neurosketch,30,furniture,chair,52,159,1,237002.84,1,6,chair,0
1207162_neurosketch,30,furniture,chair,52,160,1,237002.84,1,6,chair,0
1207162_neurosketch,30,furniture,chair,52,161,1,237002.84,1,6,chair,0
1207162_neurosketch,30,furniture,bed,53,162,1,243002.37,1,38,bed,1
1207162_neurosketch,30,furniture,bed,53,163,1,243002.37,1,38,bed,0
1207162_neurosketch,30,furniture,bed,53,164,1,243002.37,1,38,bed,0
1207162_neurosketch,30,furniture,bench,54,165,0,247502.41,1,6,,1
1207162_neurosketch,30,furniture,bench,54,166,0,247502.41,1,6,,0
1207162_neurosketch,30,furniture,bench,54,167,0,247502.41,1,6,,0
1207162_neurosketch,30,furniture,bench,54,168,0,247502.41,1,6,,0
1207162_neurosketch,30,furniture,table,55,169,0,253503.47,1,17,table,1
1207162_neurosketch,30,furniture,table,55,170,0,253503.47,1,17,table,0
1207162_neurosketch,30,furniture,table,55,171,0,253503.47,1,17,table,0
1207162_neurosketch,30,furniture,table,56,172,0,258002.56,1,30,table,1
1207162_neurosketch,30,furniture,table,56,173,0,258002.56,1,30,table,0
1207162_neurosketch,30,furniture,chair,57,174,1,261003.6,1,13,,1
1207162_neurosketch,30,furniture,chair,57,175,1,261003.6,1,13,,0
1207162_neurosketch,30,furniture,chair,57,176,1,261003.6,1,13,,0
1207162_neurosketch,30,furniture,bench,58,177,0,265503.19,1,33,bench,1
1207162_neurosketch,30,furniture,bench,58,178,0,265503.19,1,33,bench,0
1207162_neurosketch,30,furniture,bench,58,179,0,265503.19,1,33,bench,0
1207162_neurosketch,30,2,bed,59,180,1,270003.04,1,20,bed,1
1207162_neurosketch,30,2,bed,59,181,1,270003.04,1,20,bed,0
1207162_neurosketch,30,furniture,chair,60,182,1,273003.23,1,14,chair,1
1207162_neurosketch,30,furniture,chair,60,183,1,273003.23,1,14,chair,0
1207162_neurosketch,30,furniture,chair,60,184,1,273003.23,1,14,chair,0
1207162_neurosketch,30,furniture,table,61,185,0,277503.22,1,10,table,1
1207162_neurosketch,30,furniture,table,61,186,0,277503.22,1,10,table,0
1207162_neurosketch,30,furniture,table,61,187,0,277503.22,1,10,table,0
1207162_neurosketch,30,furniture,bench,62,188,0,282004.84,1,2,,1
1207162_neurosketch,30,furniture,bench,62,189,0,282004.84,1,2,,0
1207162_neurosketch,30,furniture,bed,63,190,1,285003.78,1,6,,1
1207162_neurosketch,30,furniture,bed,63,191,1,285003.78,1,6,,0
1207162_neurosketch,30,furniture,bed,63,192,1,285003.78,1,6,,0
1207162_neurosketch,30,furniture,table,64,193,0,289502.89,1,4,table,1
1207162_neurosketch,30,furniture,table,64,194,0,289502.89,1,4,table,0
1207162_neurosketch,30,furniture,table,64,195,0,289502.89,1,4,table,0
1207162_neurosketch,30,furniture,bench,65,196,0,294003.3,1,18,bench,1
1207162_neurosketch,30,furniture,bench,65,197,0,294003.3,1,18,bench,0
1207162_neurosketch,30,furniture,bed,66,198,1,297003.06,1,21,,1
1207162_neurosketch,30,furniture,bed,66,199,1,297003.06,1,21,,0
1207162_neurosketch,30,furniture,bed,66,200,1,297003.06,1,21,,0
1207162_neurosketch,30,furniture,chair,67,201,1,301502.54,1,33,chair,1
1207162_neurosketch,30,furniture,chair,67,202,1,301502.54,1,33,chair,0
1207162_neurosketch,30,furniture,table,68,203,0,304502.89,1,31,table,1
1207162_neurosketch,30,furniture,table,68,204,0,304502.89,1,31,table,0
1207162_neurosketch,30,2,bed,69,205,1,307502.82,1,28,bed,1
1207162_neurosketch,30,2,bed,69,206,1,307502.82,1,28,bed,0
1207162_neurosketch,30,furniture,chair,70,207,1,310502.41,1,9,chair,1
1207162_neurosketch,30,furniture,chair,70,208,1,310502.41,1,9,chair,0
1207162_neurosketch,30,furniture,chair,70,209,1,310502.41,1,9,chair,0
1207162_neurosketch,30,furniture,bench,71,210,0,315002.06,1,36,,1
1207162_neurosketch,30,furniture,bench,71,211,0,315002.06,1,36,,0
1207162_neurosketch,30,furniture,table,72,212,0,318002.09,1,36,,1
1207162_neurosketch,30,furniture,table,72,213,0,318002.09,1,36,,0
1207162_neurosketch,30,furniture,table,72,214,0,318002.09,1,36,,0
1207162_neurosketch,30,furniture,bench,73,215,0,322502.44,1,5,bench,1
1207162_neurosketch,30,furniture,bench,73,216,0,322502.44,1,5,bench,0
1207162_neurosketch,30,furniture,chair,74,217,1,325502.04,1,36,chair,1
1207162_neurosketch,30,furniture,chair,74,218,1,325502.04,1,36,chair,0
1207162_neurosketch,30,furniture,chair,74,219,1,325502.04,1,36,chair,0
1207162_neurosketch,30,furniture,chair,74,220,1,325502.04,1,36,chair,0
1207162_neurosketch,30,furniture,bed,75,221,1,331502.75,1,15,bed,1
1207162_neurosketch,30,furniture,bed,75,222,1,331502.75,1,15,bed,0
1207162_neurosketch,30,furniture,bed,75,223,1,331502.75,1,15,bed,0
1207162_neurosketch,30,furniture,bench,76,224,0,336002.76,1,23,bench,1
1207162_neurosketch,30,furniture,bench,76,225,0,336002.76,1,23,bench,0
1207162_neurosketch,30,furniture,bench,76,226,0,336002.76,1,23,bench,0
1207162_neurosketch,30,furniture,bench,76,227,0,336002.76,1,23,bench,0
1207162_neurosketch,30,furniture,table,77,228,0,342003.44,1,23,bench,1
1207162_neurosketch,30,furniture,table,77,229,0,342003.44,1,23,bench,0
1207162_neurosketch,30,furniture,bed,78,230,1,345001.48,1,2,,1
1207162_neurosketch,30,furniture,bed,78,231,1,345001.48,1,2,,0
1207162_neurosketch,30,2,chair,79,232,1,348002.79,1,16,chair,1
1207162_neurosketch,30,2,chair,79,233,1,348002.79,1,16,chair,0
1207162_neurosketch,30,2,chair,79,234,1,348002.79,1,16,chair,0
1207162_neurosketch,30,2,chair,79,235,1,348002.79,1,16,chair,0
1207162_neurosketch,30,2,chair,79,236,1,348002.79,1,16,chair,0
1207162_neurosketch,30,2,chair,79,237,1,348002.79,1,16,chair,0
1207162_neurosketch,30,2,chair,79,238,1,348002.79,1,16,chair,0
1207162_neurosketch,30,2,chair,79,239,1,348002.79,1,16,chair,0
1207162_neurosketch,30,furniture,bench,80,0,-1,0.0,2,19,,0
1207162_neurosketch,30,furniture,bench,80,1,-1,0.0,2,19,,0
1207162_neurosketch,30,furniture,bench,80,2,-1,0.0,2,19,,0
1207162_neurosketch,30,furniture,bench,80,3,-1,0.0,2,19,,0
1207162_neurosketch,30,furniture,bench,80,4,-1,0.0,2,19,,0
1207162_neurosketch,30,furniture,bench,80,5,-1,0.0,2,19,,0
1207162_neurosketch,30,furniture,bench,80,6,-1,0.0,2,19,,0
1207162_neurosketch,30,furniture,bench,80,7,-1,0.0,2,19,,0
1207162_neurosketch,30,furniture,bench,80,8,0,12002.26,2,19,,1
1207162_neurosketch,30,furniture,bench,80,9,0,12002.26,2,19,,0
1207162_neurosketch,30,furniture,bed,81,10,1,15001.76,2,9,bed,1
1207162_neurosketch,30,furniture,bed,81,11,1,15001.76,2,9,bed,0
1207162_neurosketch,30,furniture,bed,81,12,1,15001.76,2,9,bed,0
1207162_neurosketch,30,furniture,bed,81,13,1,15001.76,2,9,bed,0
1207162_neurosketch,30,furniture,chair,82,14,1,21000.74,2,23,chair,1
1207162_neurosketch,30,furniture,chair,82,15,1,21000.74,2,23,chair,0
1207162_neurosketch,30,furniture,table,83,16,0,24001.9,2,26,,1
1207162_neurosketch,30,furniture,table,83,17,0,24001.9,2,26,,0
1207162_neurosketch,30,furniture,chair,84,18,1,27001.66,2,24,chair,1
1207162_neurosketch,30,furniture,chair,84,19,1,27001.66,2,24,chair,0
1207162_neurosketch,30,furniture,chair,84,20,1,27001.66,2,24,chair,0
1207162_neurosketch,30,furniture,bed,85,21,1,31502.53,2,1,bed,1
1207162_neurosketch,30,furniture,bed,85,22,1,31502.53,2,1,bed,0
1207162_neurosketch,30,furniture,bench,86,23,0,34502.4,2,37,bench,1
1207162_neurosketch,30,furniture,bench,86,24,0,34502.4,2,37,bench,0
1207162_neurosketch,30,furniture,bench,86,25,0,34502.4,2,37,bench,0
1207162_neurosketch,30,furniture,bench,86,26,0,34502.4,2,37,bench,0
1207162_neurosketch,30,furniture,table,87,27,0,40502.53,2,2,,1
1207162_neurosketch,30,furniture,table,87,28,0,40502.53,2,2,,0
1207162_neurosketch,30,furniture,table,87,29,0,40502.53,2,2,,0
1207162_neurosketch,30,furniture,bed,88,30,1,45002.92,2,27,bed,1
1207162_neurosketch,30,furniture,bed,88,31,1,45002.92,2,27,bed,0
1207162_neurosketch,30,furniture,bed,88,32,1,45002.92,2,27,bed,0
1207162_neurosketch,30,2,table,89,33,0,49502.93,2,20,table,1
1207162_neurosketch,30,2,table,89,34,0,49502.93,2,20,table,0
1207162_neurosketch,30,2,table,89,35,0,49502.93,2,20,table,0
1207162_neurosketch,30,2,table,89,36,0,49502.93,2,20,table,0
1207162_neurosketch,30,furniture,bench,90,37,0,55502.3,2,16,bench,1
1207162_neurosketch,30,furniture,bench,90,38,0,55502.3,2,16,bench,0
1207162_neurosketch,30,furniture,bench,90,39,0,55502.3,2,16,bench,0
1207162_neurosketch,30,furniture,bench,90,40,0,55502.3,2,16,bench,0
1207162_neurosketch,30,furniture,chair,91,41,1,61501.39,2,18,chair,1
1207162_neurosketch,30,furniture,chair,91,42,1,61501.39,2,18,chair,0
1207162_neurosketch,30,furniture,chair,91,43,1,61501.39,2,18,chair,0
1207162_neurosketch,30,furniture,chair,92,44,1,66002.58,2,32,chair,1
1207162_neurosketch,30,furniture,chair,92,45,1,66002.58,2,32,chair,0
1207162_neurosketch,30,furniture,chair,92,46,1,66002.58,2,32,chair,0
1207162_neurosketch,30,furniture,chair,92,47,1,66002.58,2,32,chair,0
1207162_neurosketch,30,furniture,bed,93,48,1,72001.56,2,23,bed,1
1207162_neurosketch,30,furniture,bed,93,49,1,72001.56,2,23,bed,0
1207162_neurosketch,30,furniture,bed,93,50,1,72001.56,2,23,bed,0
1207162_neurosketch,30,furniture,table,94,51,0,76502.25,2,15,table,1
1207162_neurosketch,30,furniture,table,94,52,0,76502.25,2,15,table,0
1207162_neurosketch,30,furniture,table,94,53,0,76502.25,2,15,table,0
1207162_neurosketch,30,furniture,table,94,54,0,76502.25,2,15,table,0
1207162_neurosketch,30,furniture,bench,95,55,0,82501.71,2,27,bench,1
1207162_neurosketch,30,furniture,bench,95,56,0,82501.71,2,27,bench,0
1207162_neurosketch,30,furniture,bench,95,57,0,82501.71,2,27,bench,0
1207162_neurosketch,30,furniture,table,96,58,0,87002.38,2,22,,1
1207162_neurosketch,30,furniture,table,96,59,0,87002.38,2,22,,0
1207162_neurosketch,30,furniture,bed,97,60,1,90003.09,2,19,bed,1
1207162_neurosketch,30,furniture,bed,97,61,1,90003.09,2,19,bed,0
1207162_neurosketch,30,furniture,bed,97,62,1,90003.09,2,19,bed,0
1207162_neurosketch,30,furniture,chair,98,63,1,94501.89,2,37,chair,1
1207162_neurosketch,30,furniture,chair,98,64,1,94501.89,2,37,chair,0
1207162_neurosketch,30,furniture,chair,98,65,1,94501.89,2,37,chair,0
1207162_neurosketch,30,2,bench,99,66,0,99002.14,2,22,bench,1
1207162_neurosketch,30,2,bench,99,67,0,99002.14,2,22,bench,0
1207162_neurosketch,30,furniture,bed,100,68,1,102002.21,2,14,bed,1
1207162_neurosketch,30,furniture,bed,100,69,1,102002.21,2,14,bed,0
1207162_neurosketch,30,furniture,bed,100,70,1,102002.21,2,14,bed,0
1207162_neurosketch,30,furniture,chair,101,71,1,106502.71,2,29,chair,1
1207162_neurosketch,30,furniture,chair,101,72,1,106502.71,2,29,chair,0
1207162_neurosketch,30,furniture,chair,101,73,1,106502.71,2,29,chair,0
1207162_neurosketch,30,furniture,table,102,74,0,111002.25,2,1,bench,1
1207162_neurosketch,30,furniture,table,102,75,0,111002.25,2,1,bench,0
1207162_neurosketch,30,furniture,bench,103,76,0,114002.75,2,35,bench,1
1207162_neurosketch,30,furniture,bench,103,77,0,114002.75,2,35,bench,0
1207162_neurosketch,30,furniture,bench,103,78,0,114002.75,2,35,bench,0
1207162_neurosketch,30,furniture,table,104,79,0,118502.29,2,34,table,1
1207162_neurosketch,30,furniture,table,104,80,0,118502.29,2,34,table,0
1207162_neurosketch,30,furniture,table,104,81,0,118502.29,2,34,table,0
1207162_neurosketch,30,furniture,bench,105,82,0,123002.26,2,11,bench,1
1207162_neurosketch,30,furniture,bench,105,83,0,123002.26,2,11,bench,0
1207162_neurosketch,30,furniture,bed,106,84,1,126001.79,2,29,,1
1207162_neurosketch,30,furniture,bed,106,85,1,126001.79,2,29,,0
1207162_neurosketch,30,furniture,bed,106,86,1,126001.79,2,29,,0
1207162_neurosketch,30,furniture,chair,107,87,1,130502.01,2,28,chair,1
1207162_neurosketch,30,furniture,chair,107,88,1,130502.01,2,28,chair,0
1207162_neurosketch,30,furniture,table,108,89,0,133501.43,2,29,table,1
1207162_neurosketch,30,furniture,table,108,90,0,133501.43,2,29,table,0
1207162_neurosketch,30,2,bench,109,91,0,136502.46,2,10,bench,1
1207162_neurosketch,30,2,bench,109,92,0,136502.46,2,10,bench,0
1207162_neurosketch,30,furniture,chair,110,93,1,139502.85,2,20,chair,1
1207162_neurosketch,30,furniture,chair,110,94,1,139502.85,2,20,chair,0
1207162_neurosketch,30,furniture,chair,110,95,1,139502.85,2,20,chair,0
1207162_neurosketch,30,furniture,bed,111,96,1,144002.46,2,30,bed,1
1207162_neurosketch,30,furniture,bed,111,97,1,144002.46,2,30,bed,0
1207162_neurosketch,30,furniture,bench,112,98,0,147002.03,2,1,bench,1
1207162_neurosketch,30,furniture,bench,112,99,0,147002.03,2,1,bench,0
1207162_neurosketch,30,furniture,bench,112,100,0,147002.03,2,1,bench,0
1207162_neurosketch,30,furniture,bed,113,101,1,151503.32,2,12,bed,1
1207162_neurosketch,30,furniture,bed,113,102,1,151503.32,2,12,bed,0
1207162_neurosketch,30,furniture,chair,114,103,1,154502.8,2,4,chair,1
1207162_neurosketch,30,furniture,chair,114,104,1,154502.8,2,4,chair,0
1207162_neurosketch,30,furniture,chair,114,105,1,154502.8,2,4,chair,0
1207162_neurosketch,30,furniture,chair,114,106,1,154502.8,2,4,chair,0
1207162_neurosketch,30,furniture,table,115,107,0,160503.23,2,6,,1
1207162_neurosketch,30,furniture,table,115,108,0,160503.23,2,6,,0
1207162_neurosketch,30,furniture,table,115,109,0,160503.23,2,6,,0
1207162_neurosketch,30,furniture,table,116,110,0,165002.48,2,32,table,1
1207162_neurosketch,30,furniture,table,116,111,0,165002.48,2,32,table,0
1207162_neurosketch,30,furniture,table,116,112,0,165002.48,2,32,table,0
1207162_neurosketch,30,furniture,table,116,113,0,165002.48,2,32,table,0
1207162_neurosketch,30,furniture,bed,117,114,1,171003.0,2,8,bed,1
1207162_neurosketch,30,furniture,bed,117,115,1,171003.0,2,8,bed,0
1207162_neurosketch,30,furniture,chair,118,116,1,174002.81,2,22,,1
1207162_neurosketch,30,furniture,chair,118,117,1,174002.81,2,22,,0
1207162_neurosketch,30,2,bench,119,118,0,177003.05,2,28,bench,1
1207162_neurosketch,30,2,bench,119,119,0,177003.05,2,28,bench,0
1207162_neurosketch,30,furniture,chair,120,120,1,180002.75,2,34,chair,1
1207162_neurosketch,30,furniture,chair,120,121,1,180002.75,2,34,chair,0
1207162_neurosketch,30,furniture,bench,121,122,0,183002.82,2,38,bench,1
1207162_neurosketch,30,furniture,bench,121,123,0,183002.82,2,38,bench,0
1207162_neurosketch,30,furniture,bench,121,124,0,183002.82,2,38,bench,0
1207162_neurosketch,30,furniture,bench,121,125,0,183002.82,2,38,bench,0
1207162_neurosketch,30,furniture,bed,122,126,1,189003.24,2,0,bed,1
1207162_neurosketch,30,furniture,bed,122,127,1,189003.24,2,0,bed,0
1207162_neurosketch,30,furniture,table,123,128,0,192002.88,2,35,table,1
1207162_neurosketch,30,furniture,table,123,129,0,192002.88,2,35,table,0
1207162_neurosketch,30,furniture,bench,124,130,0,195002.91,2,31,bench,1
1207162_neurosketch,30,furniture,bench,124,131,0,195002.91,2,31,bench,0
1207162_neurosketch,30,furniture,bench,124,132,0,195002.91,2,31,bench,0
1207162_neurosketch,30,furniture,table,125,133,0,199502.47,2,0,table,1
1207162_neurosketch,30,furniture,table,125,134,0,199502.47,2,0,table,0
1207162_neurosketch,30,furniture,bed,126,135,1,202502.75,2,24,bed,1
1207162_neurosketch,30,furniture,bed,126,136,1,202502.75,2,24,bed,0
1207162_neurosketch,30,furniture,bed,126,137,1,202502.75,2,24,bed,0
1207162_neurosketch,30,furniture,bed,126,138,1,202502.75,2,24,bed,0
1207162_neurosketch,30,furniture,chair,127,139,1,208503.05,2,21,chair,1
1207162_neurosketch,30,furniture,chair,127,140,1,208503.05,2,21,chair,0
1207162_neurosketch,30,furniture,chair,127,141,1,208503.05,2,21,chair,0
1207162_neurosketch,30,furniture,bench,128,142,0,213003.08,2,15,bench,1
1207162_neurosketch,30,furniture,bench,128,143,0,213003.08,2,15,bench,0
1207162_neurosketch,30,furniture,bench,128,144,0,213003.08,2,15,bench,0
1207162_neurosketch,30,2,bed,129,145,1,217503.57,2,39,bed,1
1207162_neurosketch,30,2,bed,129,146,1,217503.57,2,39,bed,0
1207162_neurosketch,30,2,bed,129,147,1,217503.57,2,39,bed,0
1207162_neurosketch,30,2,bed,129,148,1,217503.57,2,39,bed,0
1207162_neurosketch,30,furniture,table,130,149,0,223503.08,2,27,table,1
1207162_neurosketch,30,furniture,table,130,150,0,223503.08,2,27,table,0
1207162_neurosketch,30,furniture,table,130,151,0,223503.08,2,27,table,0
1207162_neurosketch,30,furniture,table,130,152,0,223503.08,2,27,table,0
1207162_neurosketch,30,furniture,chair,131,153,1,229502.89,2,35,chair,1
1207162_neurosketch,30,furniture,chair,131,154,1,229502.89,2,35,chair,0
1207162_neurosketch,30,furniture,chair,131,155,1,229502.89,2,35,chair,0
1207162_neurosketch,30,furniture,bed,132,156,1,234002.73,2,10,bed,1
1207162_neurosketch,30,furniture,bed,132,157,1,234002.73,2,10,bed,0
1207162_neurosketch,30,furniture,bed,132,158,1,234002.73,2,10,bed,0
1207162_neurosketch,30,furniture,bed,132,159,1,234002.73,2,10,bed,0
1207162_neurosketch,30,furniture,bench,133,160,0,240002.62,2,21,bench,1
1207162_neurosketch,30,furniture,bench,133,161,0,240002.62,2,21,bench,0
1207162_neurosketch,30,furniture,bench,133,162,0,240002.62,2,21,bench,0
1207162_neurosketch,30,furniture,table,134,163,0,244502.43,2,13,table,1
1207162_neurosketch,30,furniture,table,134,164,0,244502.43,2,13,table,0
1207162_neurosketch,30,furniture,table,134,165,0,244502.43,2,13,table,0
1207162_neurosketch,30,furniture,table,134,166,0,244502.43,2,13,table,0
1207162_neurosketch,30,furniture,chair,135,167,1,250502.85,2,19,chair,1
1207162_neurosketch,30,furniture,chair,135,168,1,250502.85,2,19,chair,0
1207162_neurosketch,30,furniture,chair,135,169,1,250502.85,2,19,chair,0
1207162_neurosketch,30,furniture,table,136,170,0,255003.07,2,19,bench,1
1207162_neurosketch,30,furniture,table,136,171,0,255003.07,2,19,bench,0
1207162_neurosketch,30,furniture,chair,137,172,1,258002.54,2,12,chair,1
1207162_neurosketch,30,furniture,chair,137,173,1,258002.54,2,12,chair,0
1207162_neurosketch,30,furniture,chair,137,174,1,258002.54,2,12,chair,0
1207162_neurosketch,30,furniture,bench,138,175,0,262503.45,2,9,bench,1
1207162_neurosketch,30,furniture,bench,138,176,0,262503.45,2,9,bench,0
1207162_neurosketch,30,furniture,bench,138,177,0,262503.45,2,9,bench,0
1207162_neurosketch,30,2,bed,139,178,1,267002.65,2,26,bed,1
1207162_neurosketch,30,2,bed,139,179,1,267002.65,2,26,bed,0
1207162_neurosketch,30,furniture,bench,140,180,0,270002.23,2,26,table,1
1207162_neurosketch,30,furniture,bench,140,181,0,270002.23,2,26,table,0
1207162_neurosketch,30,furniture,bench,140,182,0,270002.23,2,26,table,0
1207162_neurosketch,30,furniture,table,141,183,0,274503.0,2,14,table,1
1207162_neurosketch,30,furniture,table,141,184,0,274503.0,2,14,table,0
1207162_neurosketch,30,furniture,table,141,185,0,274503.0,2,14,table,0
1207162_neurosketch,30,furniture,chair,142,186,1,279002.92,2,3,chair,1
1207162_neurosketch,30,furniture,chair,142,187,1,279002.92,2,3,chair,0
1207162_neurosketch,30,furniture,bed,143,188,1,282002.81,2,3,bed,1
1207162_neurosketch,30,furniture,bed,143,189,1,282002.81,2,3,bed,0
1207162_neurosketch,30,furniture,bed,143,190,1,282002.81,2,3,bed,0
1207162_neurosketch,30,furniture,table,144,191,0,286502.53,2,33,table,1
1207162_neurosketch,30,furniture,table,144,192,0,286502.53,2,33,table,0
1207162_neurosketch,30,furniture,table,144,193,0,286502.53,2,33,table,0
1207162_neurosketch,30,furniture,chair,145,194,1,291003.13,2,38,chair,1
1207162_neurosketch,30,furniture,chair,145,195,1,291003.13,2,38,chair,0
1207162_neurosketch,30,furniture,bench,146,196,0,294002.42,2,24,,1
1207162_neurosketch,30,furniture,bench,146,197,0,294002.42,2,24,,0
1207162_neurosketch,30,furniture,bench,146,198,0,294002.42,2,24,,0
1207162_neurosketch,30,furniture,bed,147,199,1,298501.38,2,36,bed,1
1207162_neurosketch,30,furniture,bed,147,200,1,298501.38,2,36,bed,0
1207162_neurosketch,30,furniture,bed,148,201,1,301503.2,2,13,bed,1
1207162_neurosketch,30,furniture,bed,148,202,1,301503.2,2,13,bed,0
1207162_neurosketch,30,2,chair,149,203,1,304501.46,2,11,chair,1
1207162_neurosketch,30,2,chair,149,204,1,304501.46,2,11,chair,0
1207162_neurosketch,30,furniture,bench,150,205,0,307502.88,2,8,,1
1207162_neurosketch,30,furniture,bench,150,206,0,307502.88,2,8,,0
1207162_neurosketch,30,furniture,bench,150,207,0,307502.88,2,8,,0
1207162_neurosketch,30,furniture,table,151,208,0,312003.14,2,12,table,1
1207162_neurosketch,30,furniture,table,151,209,0,312003.14,2,12,table,0
1207162_neurosketch,30,furniture,table,152,210,0,315002.8,2,25,table,1
1207162_neurosketch,30,furniture,table,152,211,0,315002.8,2,25,table,0
1207162_neurosketch,30,furniture,table,152,212,0,315002.8,2,25,table,0
1207162_neurosketch,30,furniture,bench,153,213,0,319502.52,2,14,bench,1
1207162_neurosketch,30,furniture,bench,153,214,0,319502.52,2,14,bench,0
1207162_neurosketch,30,furniture,bed,154,215,1,322502.09,2,37,,1
1207162_neurosketch,30,furniture,bed,154,216,1,322502.09,2,37,,0
1207162_neurosketch,30,furniture,bed,154,217,1,322502.09,2,37,,0
1207162_neurosketch,30,furniture,bed,154,218,1,322502.09,2,37,,0
1207162_neurosketch,30,furniture,chair,155,219,1,328503.01,2,31,chair,1
1207162_neurosketch,30,furniture,chair,155,220,1,328503.01,2,31,chair,0
1207162_neurosketch,30,furniture,chair,155,221,1,328503.01,2,31,chair,0
1207162_neurosketch,30,furniture,bench,156,222,0,333002.58,2,30,bench,1
1207162_neurosketch,30,furniture,bench,156,223,0,333002.58,2,30,bench,0
1207162_neurosketch,30,furniture,bench,156,224,0,333002.58,2,30,bench,0
1207162_neurosketch,30,furniture,bench,156,225,0,333002.58,2,30,bench,0
1207162_neurosketch,30,furniture,table,157,226,0,339002.86,2,3,table,1
1207162_neurosketch,30,furniture,table,157,227,0,339002.86,2,3,table,0
1207162_neurosketch,30,furniture,bed,158,228,1,342002.78,2,34,bed,1
1207162_neurosketch,30,furniture,bed,158,229,1,342002.78,2,34,bed,0
1207162_neurosketch,30,2,chair,159,230,1,345002.35,2,25,chair,1
1207162_neurosketch,30,2,chair,159,231,1,345002.35,2,25,chair,0
1207162_neurosketch,30,2,chair,159,232,1,345002.35,2,25,chair,0
1207162_neurosketch,30,2,chair,159,233,1,345002.35,2,25,chair,0
1207162_neurosketch,30,2,chair,159,234,1,345002.35,2,25,chair,0
1207162_neurosketch,30,2,chair,159,235,1,345002.35,2,25,chair,0
1207162_neurosketch,30,2,chair,159,236,1,345002.35,2,25,chair,0
1207162_neurosketch,30,2,chair,159,237,1,345002.35,2,25,chair,0
1207162_neurosketch,30,2,chair,159,238,1,345002.35,2,25,chair,0
1207162_neurosketch,30,2,chair,159,239,1,345002.35,2,25,chair,0
1207162_neurosketch,30,furniture,chair,160,0,-1,0.0,3,25,chair,0
1207162_neurosketch,30,furniture,chair,160,1,-1,0.0,3,25,chair,0
1207162_neurosketch,30,furniture,chair,160,2,-1,0.0,3,25,chair,0
1207162_neurosketch,30,furniture,chair,160,3,-1,0.0,3,25,chair,0
1207162_neurosketch,30,furniture,chair,160,4,-1,0.0,3,25,chair,0
1207162_neurosketch,30,furniture,chair,160,5,-1,0.0,3,25,chair,0
1207162_neurosketch,30,furniture,chair,160,6,-1,0.0,3,25,chair,0
1207162_neurosketch,30,furniture,chair,160,7,-1,0.0,3,25,chair,0
1207162_neurosketch,30,furniture,chair,160,8,1,12002.55,3,25,chair,1
1207162_neurosketch,30,furniture,chair,160,9,1,12002.55,3,25,chair,0
1207162_neurosketch,30,furniture,bed,161,10,1,15002.19,3,34,bed,1
1207162_neurosketch,30,furniture,bed,161,11,1,15002.19,3,34,bed,0
1207162_neurosketch,30,furniture,bed,161,12,1,15002.19,3,34,bed,0
1207162_neurosketch,30,furniture,bed,161,13,1,15002.19,3,34,bed,0
1207162_neurosketch,30,furniture,table,162,14,0,21002.39,3,3,table,1
1207162_neurosketch,30,furniture,table,162,15,0,21002.39,3,3,table,0
1207162_neurosketch,30,furniture,bench,163,16,0,24001.61,3,30,bench,1
1207162_neurosketch,30,furniture,bench,163,17,0,24001.61,3,30,bench,0
1207162_neurosketch,30,furniture,chair,164,18,1,27002.34,3,31,chair,1
1207162_neurosketch,30,furniture,chair,164,19,1,27002.34,3,31,chair,0
1207162_neurosketch,30,furniture,chair,164,20,1,27002.34,3,31,chair,0
1207162_neurosketch,30,furniture,bed,165,21,1,31503.23,3,37,bed,1
1207162_neurosketch,30,furniture,bed,165,22,1,31503.23,3,37,bed,0
1207162_neurosketch,30,furniture,bench,166,23,0,34502.1,3,14,bench,1
1207162_neurosketch,30,furniture,bench,166,24,0,34502.1,3,14,bench,0
1207162_neurosketch,30,furniture,bench,166,25,0,34502.1,3,14,bench,0
1207162_neurosketch,30,furniture,bench,166,26,0,34502.1,3,14,bench,0
1207162_neurosketch,30,furniture,table,167,27,0,40502.11,3,25,table,1
1207162_neurosketch,30,furniture,table,167,28,0,40502.11,3,25,table,0
1207162_neurosketch,30,furniture,table,167,29,0,40502.11,3,25,table,0
1207162_neurosketch,30,furniture,table,168,30,0,45002.99,3,12,table,1
1207162_neurosketch,30,furniture,table,168,31,0,45002.99,3,12,table,0
1207162_neurosketch,30,furniture,table,168,32,0,45002.99,3,12,table,0
1207162_neurosketch,30,2,bench,169,33,0,49502.29,3,8,bench,1
1207162_neurosketch,30,2,bench,169,34,0,49502.29,3,8,bench,0
1207162_neurosketch,30,2,bench,169,35,0,49502.29,3,8,bench,0
1207162_neurosketch,30,2,bench,169,36,0,49502.29,3,8,bench,0
1207162_neurosketch,30,furniture,chair,170,37,1,55501.94,3,11,chair,1
1207162_neurosketch,30,furniture,chair,170,38,1,55501.94,3,11,chair,0
1207162_neurosketch,30,furniture,chair,170,39,1,55501.94,3,11,chair,0
1207162_neurosketch,30,furniture,chair,170,40,1,55501.94,3,11,chair,0
1207162_neurosketch,30,furniture,bed,171,41,1,61502.75,3,13,bed,1
1207162_neurosketch,30,furniture,bed,171,42,1,61502.75,3,13,bed,0
1207162_neurosketch,30,furniture,bed,171,43,1,61502.75,3,13,bed,0
1207162_neurosketch,30,furniture,bed,172,44,1,66001.93,3,36,bed,1
1207162_neurosketch,30,furniture,bed,172,45,1,66001.93,3,36,bed,0
1207162_neurosketch,30,furniture,bed,172,46,1,66001.93,3,36,bed,0
1207162_neurosketch,30,furniture,bed,172,47,1,66001.93,3,36,bed,0
1207162_neurosketch,30,furniture,bench,173,48,0,72001.95,3,24,bench,1
1207162_neurosketch,30,furniture,bench,173,49,0,72001.95,3,24,bench,0
1207162_neurosketch,30,furniture,bench,173,50,0,72001.95,3,24,bench,0
1207162_neurosketch,30,furniture,chair,174,51,1,76502.31,3,38,,1
1207162_neurosketch,30,furniture,chair,174,52,1,76502.31,3,38,,0
1207162_neurosketch,30,furniture,chair,174,53,1,76502.31,3,38,,0
1207162_neurosketch,30,furniture,chair,174,54,1,76502.31,3,38,,0
1207162_neurosketch,30,furniture,table,175,55,0,82502.36,3,33,table,1
1207162_neurosketch,30,furniture,table,175,56,0,82502.36,3,33,table,0
1207162_neurosketch,30,furniture,table,175,57,0,82502.36,3,33,table,0
1207162_neurosketch,30,furniture,bed,176,58,1,87001.93,3,3,bed,1
1207162_neurosketch,30,furniture,bed,176,59,1,87001.93,3,3,bed,0
1207162_neurosketch,30,furniture,chair,177,60,1,90002.74,3,3,chair,1
1207162_neurosketch,30,furniture,chair,177,61,1,90002.74,3,3,chair,0
1207162_neurosketch,30,furniture,chair,177,62,1,90002.74,3,3,chair,0
1207162_neurosketch,30,furniture,table,178,63,0,94502.8,3,14,table,1
1207162_neurosketch,30,furniture,table,178,64,0,94502.8,3,14,table,0
1207162_neurosketch,30,furniture,table,178,65,0,94502.8,3,14,table,0
1207162_neurosketch,30,2,bench,179,66,0,99003.44,3,26,bench,1
1207162_neurosketch,30,2,bench,179,67,0,99003.44,3,26,bench,0
1207162_neurosketch,30,furniture,bed,180,68,1,102001.91,3,26,bed,1
1207162_neurosketch,30,furniture,bed,180,69,1,102001.91,3,26,bed,0
1207162_neurosketch,30,furniture,bed,180,70,1,102001.91,3,26,bed,0
1207162_neurosketch,30,furniture,bench,181,71,0,106502.44,3,9,bench,1
1207162_neurosketch,30,furniture,bench,181,72,0,106502.44,3,9,bench,0
1207162_neurosketch,30,furniture,bench,181,73,0,106502.44,3,9,bench,0
1207162_neurosketch,30,furniture,chair,182,74,1,111001.93,3,12,chair,1
1207162_neurosketch,30,furniture,chair,182,75,1,111001.93,3,12,chair,0
1207162_neurosketch,30,furniture,table,183,76,0,114002.05,3,19,table,1
1207162_neurosketch,30,furniture,table,183,77,0,114002.05,3,19,table,0
1207162_neurosketch,30,furniture,table,183,78,0,114002.05,3,19,table,0
1207162_neurosketch,30,furniture,chair,184,79,1,118502.75,3,19,chair,1
1207162_neurosketch,30,furniture,chair,184,80,1,118502.75,3,19,chair,0
1207162_neurosketch,30,furniture,chair,184,81,1,118502.75,3,19,chair,0
1207162_neurosketch,30,furniture,table,185,82,0,123001.64,3,13,,1
1207162_neurosketch,30,furniture,table,185,83,0,123001.64,3,13,,0
1207162_neurosketch,30,furniture,bench,186,84,0,126001.99,3,21,bench,1
1207162_neurosketch,30,furniture,bench,186,85,0,126001.99,3,21,bench,0
1207162_neurosketch,30,furniture,bench,186,86,0,126001.99,3,21,bench,0
1207162_neurosketch,30,furniture,bed,187,87,1,130502.17,3,10,bed,1
1207162_neurosketch,30,furniture,bed,187,88,1,130502.17,3,10,bed,0
1207162_neurosketch,30,furniture,chair,188,89,1,133502.54,3,35,chair,1
1207162_neurosketch,30,furniture,chair,188,90,1,133502.54,3,35,chair,0
1207162_neurosketch,30,2,table,189,91,0,136502.52,3,27,table,1
1207162_neurosketch,30,2,table,189,92,0,136502.52,3,27,table,0
1207162_neurosketch,30,2,table,189,93,0,136502.52,3,27,table,0
1207162_neurosketch,30,furniture,bed,190,94,1,140665.22,3,39,bed,1
1207162_neurosketch,30,furniture,bed,190,95,1,140665.22,3,39,bed,0
1207162_neurosketch,30,furniture,bench,191,96,0,144001.9,3,15,bench,1
1207162_neurosketch,30,furniture,bench,191,97,0,144001.9,3,15,bench,0
1207162_neurosketch,30,furniture,chair,192,98,1,147002.24,3,21,chair,1
1207162_neurosketch,30,furniture,chair,192,99,1,147002.24,3,21,chair,0
1207162_neurosketch,30,furniture,chair,192,100,1,147002.24,3,21,chair,0
1207162_neurosketch,30,furniture,bed,193,101,1,151503.13,3,24,bed,1
1207162_neurosketch,30,furniture,bed,193,102,1,151503.13,3,24,bed,0
1207162_neurosketch,30,furniture,table,194,103,0,154502.45,3,0,table,1
1207162_neurosketch,30,furniture,table,194,104,0,154502.45,3,0,table,0
1207162_neurosketch,30,furniture,table,194,105,0,154502.45,3,0,table,0
1207162_neurosketch,30,furniture,table,194,106,0,154502.45,3,0,table,0
1207162_neurosketch,30,furniture,bench,195,107,0,160502.94,3,31,bench,1
1207162_neurosketch,30,furniture,bench,195,108,0,160502.94,3,31,bench,0
1207162_neurosketch,30,furniture,bench,195,109,0,160502.94,3,31,bench,0
1207162_neurosketch,30,furniture,table,196,110,0,165002.88,3,35,table,1
1207162_neurosketch,30,furniture,table,196,111,0,165002.88,3,35,table,0
1207162_neurosketch,30,furniture,table,196,112,0,165002.88,3,35,table,0
1207162_neurosketch,30,furniture,table,196,113,0,165002.88,3,35,table,0
1207162_neurosketch,30,furniture,bed,197,114,1,171002.88,3,0,bed,1
1207162_neurosketch,30,furniture,bed,197,115,1,171002.88,3,0,bed,0
1207162_neurosketch,30,furniture,bench,198,116,0,174001.99,3,38,bench,1
1207162_neurosketch,30,furniture,bench,198,117,0,174001.99,3,38,bench,0
1207162_neurosketch,30,2,chair,199,118,1,177002.61,3,34,chair,1
1207162_neurosketch,30,2,chair,199,119,1,177002.61,3,34,chair,0
1207162_neurosketch,30,2,chair,199,120,1,177002.61,3,34,chair,0
1207162_neurosketch,30,furniture,bench,200,121,0,180802.06,3,28,bench,1
1207162_neurosketch,30,furniture,chair,201,122,1,183003.13,3,22,chair,1
1207162_neurosketch,30,furniture,chair,201,123,1,183003.13,3,22,chair,0
1207162_neurosketch,30,furniture,chair,201,124,1,183003.13,3,22,chair,0
1207162_neurosketch,30,furniture,chair,201,125,1,183003.13,3,22,chair,0
1207162_neurosketch,30,furniture,bed,202,126,1,189002.63,3,8,bed,1
1207162_neurosketch,30,furniture,bed,202,127,1,189002.63,3,8,bed,0
1207162_neurosketch,30,furniture,table,203,128,0,192002.82,3,32,table,1
1207162_neurosketch,30,furniture,table,203,129,0,192002.82,3,32,table,0
1207162_neurosketch,30,furniture,table,204,130,0,195003.07,3,6,table,1
1207162_neurosketch,30,furniture,table,204,131,0,195003.07,3,6,table,0
1207162_neurosketch,30,furniture,table,204,132,0,195003.07,3,6,table,0
1207162_neurosketch,30,furniture,chair,205,133,1,199502.43,3,4,chair,1
1207162_neurosketch,30,furniture,chair,205,134,1,199502.43,3,4,chair,0
1207162_neurosketch,30,furniture,bed,206,135,1,202502.49,3,12,bed,1
1207162_neurosketch,30,furniture,bed,206,136,1,202502.49,3,12,bed,0
1207162_neurosketch,30,furniture,bed,206,137,1,202502.49,3,12,bed,0
1207162_neurosketch,30,furniture,bed,206,138,1,202502.49,3,12,bed,0
1207162_neurosketch,30,furniture,bench,207,139,0,208502.45,3,1,bench,1
1207162_neurosketch,30,furniture,bench,207,140,0,208502.45,3,1,bench,0
1207162_neurosketch,30,furniture,bench,207,141,0,208502.45,3,1,bench,0
1207162_neurosketch,30,furniture,bed,208,142,1,213001.94,3,30,bed,1
1207162_neurosketch,30,furniture,bed,208,143,1,213001.94,3,30,bed,0
1207162_neurosketch,30,furniture,bed,208,144,1,213001.94,3,30,bed,0
1207162_neurosketch,30,2,chair,209,145,1,217503.07,3,20,chair,1
1207162_neurosketch,30,2,chair,209,146,1,217503.07,3,20,chair,0
1207162_neurosketch,30,2,chair,209,147,1,217503.07,3,20,chair,0
1207162_neurosketch,30,2,chair,209,148,1,217503.07,3,20,chair,0
1207162_neurosketch,30,furniture,bench,210,149,0,223502.61,3,10,bench,1
1207162_neurosketch,30,furniture,bench,210,150,0,223502.61,3,10,bench,0
1207162_neurosketch,30,furniture,bench,210,151,0,223502.61,3,10,bench,0
1207162_neurosketch,30,furniture,bench,210,152,0,223502.61,3,10,bench,0
1207162_neurosketch,30,furniture,table,211,153,0,229502.4,3,29,table,1
1207162_neurosketch,30,furniture,table,211,154,0,229502.4,3,29,table,0
1207162_neurosketch,30,furniture,table,211,155,0,229502.4,3,29,table,0
1207162_neurosketch,30,furniture,chair,212,156,1,234002.27,3,28,chair,1
1207162_neurosketch,30,furniture,chair,212,157,1,234002.27,3,28,chair,0
1207162_neurosketch,30,furniture,chair,212,158,1,234002.27,3,28,chair,0
1207162_neurosketch,30,furniture,chair,212,159,1,234002.27,3,28,chair,0
1207162_neurosketch,30,furniture,bed,213,160,1,240001.94,3,29,bed,1
1207162_neurosketch,30,furniture,bed,213,161,1,240001.94,3,29,bed,0
1207162_neurosketch,30,furniture,bed,213,162,1,240001.94,3,29,bed,0
1207162_neurosketch,30,furniture,bench,214,163,0,244502.19,3,11,bench,1
1207162_neurosketch,30,furniture,bench,214,164,0,244502.19,3,11,bench,0
1207162_neurosketch,30,furniture,bench,214,165,0,244502.19,3,11,bench,0
1207162_neurosketch,30,furniture,bench,214,166,0,244502.19,3,11,bench,0
1207162_neurosketch,30,furniture,table,215,167,0,250502.94,3,34,bench,1
1207162_neurosketch,30,furniture,table,215,168,0,250502.94,3,34,bench,0
1207162_neurosketch,30,furniture,table,215,169,0,250502.94,3,34,bench,0
1207162_neurosketch,30,furniture,bench,216,170,0,255002.56,3,35,bench,1
1207162_neurosketch,30,furniture,bench,216,171,0,255002.56,3,35,bench,0
1207162_neurosketch,30,furniture,table,217,172,0,258002.62,3,1,table,1
1207162_neurosketch,30,furniture,table,217,173,0,258002.62,3,1,table,0
1207162_neurosketch,30,furniture,table,217,174,0,258002.62,3,1,table,0
1207162_neurosketch,30,furniture,chair,218,175,1,262502.2,3,29,chair,1
1207162_neurosketch,30,furniture,chair,218,176,1,262502.2,3,29,chair,0
1207162_neurosketch,30,furniture,chair,218,177,1,262502.2,3,29,chair,0
1207162_neurosketch,30,2,bed,219,178,1,267002.63,3,14,bed,1
1207162_neurosketch,30,2,bed,219,179,1,267002.63,3,14,bed,0
1207162_neurosketch,30,furniture,bench,220,180,0,270002.02,3,22,bench,1
1207162_neurosketch,30,furniture,bench,220,181,0,270002.02,3,22,bench,0
1207162_neurosketch,30,furniture,bench,220,182,0,270002.02,3,22,bench,0
1207162_neurosketch,30,furniture,chair,221,183,1,274502.47,3,37,chair,1
1207162_neurosketch,30,furniture,chair,221,184,1,274502.47,3,37,chair,0
1207162_neurosketch,30,furniture,chair,221,185,1,274502.47,3,37,chair,0
1207162_neurosketch,30,furniture,bed,222,186,1,279001.92,3,19,bed,1
1207162_neurosketch,30,furniture,bed,222,187,1,279001.92,3,19,bed,0
1207162_neurosketch,30,furniture,table,223,188,0,282002.05,3,22,table,1
1207162_neurosketch,30,furniture,table,223,189,0,282002.05,3,22,table,0
1207162_neurosketch,30,furniture,table,223,190,0,282002.05,3,22,table,0
1207162_neurosketch,30,furniture,bench,224,191,0,286502.33,3,27,,1
1207162_neurosketch,30,furniture,bench,224,192,0,286502.33,3,27,,0
1207162_neurosketch,30,furniture,bench,224,193,0,286502.33,3,27,,0
1207162_neurosketch,30,furniture,table,225,194,0,291003.0,3,15,table,1
1207162_neurosketch,30,furniture,table,225,195,0,291003.0,3,15,table,0
1207162_neurosketch,30,furniture,bed,226,196,1,294001.9,3,23,bed,1
1207162_neurosketch,30,furniture,bed,226,197,1,294001.9,3,23,bed,0
1207162_neurosketch,30,furniture,bed,226,198,1,294001.9,3,23,bed,0
1207162_neurosketch,30,furniture,chair,227,199,1,298502.26,3,32,chair,1
1207162_neurosketch,30,furniture,chair,227,200,1,298502.26,3,32,chair,0
1207162_neurosketch,30,furniture,chair,228,201,1,301502.38,3,18,chair,1
1207162_neurosketch,30,furniture,chair,228,202,1,301502.38,3,18,chair,0
1207162_neurosketch,30,2,bench,229,203,0,304502.46,3,16,bench,1
1207162_neurosketch,30,2,bench,229,204,0,304502.46,3,16,bench,0
1207162_neurosketch,30,furniture,table,230,205,0,307503.26,3,20,table,1
1207162_neurosketch,30,furniture,table,230,206,0,307503.26,3,20,table,0
1207162_neurosketch,30,furniture,table,230,207,0,307503.26,3,20,table,0
1207162_neurosketch,30,furniture,bed,231,208,1,312001.96,3,27,bed,1
1207162_neurosketch,30,furniture,bed,231,209,1,312001.96,3,27,bed,0
1207162_neurosketch,30,furniture,table,232,210,0,315005.63,3,2,table,1
1207162_neurosketch,30,furniture,table,232,211,0,315005.63,3,2,table,0
1207162_neurosketch,30,furniture,table,232,212,0,315005.63,3,2,table,0
1207162_neurosketch,30,furniture,bench,233,213,0,319502.69,3,37,bench,1
1207162_neurosketch,30,furniture,bench,233,214,0,319502.69,3,37,bench,0
1207162_neurosketch,30,furniture,bed,234,215,1,322503.04,3,1,bed,1
1207162_neurosketch,30,furniture,bed,234,216,1,322503.04,3,1,bed,0
1207162_neurosketch,30,furniture,bed,234,217,1,322503.04,3,1,bed,0
1207162_neurosketch,30,furniture,bed,234,218,1,322503.04,3,1,bed,0
1207162_neurosketch,30,furniture,chair,235,219,1,328502.99,3,24,chair,1
1207162_neurosketch,30,furniture,chair,235,220,1,328502.99,3,24,chair,0
1207162_neurosketch,30,furniture,chair,235,221,1,328502.99,3,24,chair,0
1207162_neurosketch,30,furniture,table,236,222,0,333002.02,3,26,,1
1207162_neurosketch,30,furniture,table,236,223,0,333002.02,3,26,,0
1207162_neurosketch,30,furniture,table,236,224,0,333002.02,3,26,,0
1207162_neurosketch,30,furniture,table,236,225,0,333002.02,3,26,,0
1207162_neurosketch,30,furniture,chair,237,226,1,339003.62,3,23,chair,1
1207162_neurosketch,30,furniture,chair,237,227,1,339003.62,3,23,chair,0
1207162_neurosketch,30,furniture,bed,238,228,1,342002.06,3,9,bed,1
1207162_neurosketch,30,furniture,bed,238,229,1,342002.06,3,9,bed,0
1207162_neurosketch,30,2,bench,239,230,0,345002.55,3,19,bench,1
1207162_neurosketch,30,2,bench,239,231,0,345002.55,3,19,bench,0
1207162_neurosketch,30,2,bench,239,232,0,345002.55,3,19,bench,0
1207162_neurosketch,30,2,bench,239,233,0,345002.55,3,19,bench,0
1207162_neurosketch,30,2,bench,239,234,0,345002.55,3,19,bench,0
1207162_neurosketch,30,2,bench,239,235,0,345002.55,3,19,bench,0
1207162_neurosketch,30,2,bench,239,236,0,345002.55,3,19,bench,0
1207162_neurosketch,30,2,bench,239,237,0,345002.55,3,19,bench,0
1207162_neurosketch,30,2,bench,239,238,0,345002.55,3,19,bench,0
1207162_neurosketch,30,2,bench,239,239,0,345002.55,3,19,bench,0
1207162_neurosketch,30,furniture,chair,240,0,-1,0.0,4,16,chair,0
1207162_neurosketch,30,furniture,chair,240,1,-1,0.0,4,16,chair,0
1207162_neurosketch,30,furniture,chair,240,2,-1,0.0,4,16,chair,0
1207162_neurosketch,30,furniture,chair,240,3,-1,0.0,4,16,chair,0
1207162_neurosketch,30,furniture,chair,240,4,-1,0.0,4,16,chair,0
1207162_neurosketch,30,furniture,chair,240,5,-1,0.0,4,16,chair,0
1207162_neurosketch,30,furniture,chair,240,6,-1,0.0,4,16,chair,0
1207162_neurosketch,30,furniture,chair,240,7,-1,0.0,4,16,chair,0
1207162_neurosketch,30,furniture,chair,240,8,1,12001.91,4,16,chair,1
1207162_neurosketch,30,furniture,chair,240,9,1,12001.91,4,16,chair,0
1207162_neurosketch,30,furniture,bed,241,10,1,15001.67,4,2,bed,1
1207162_neurosketch,30,furniture,bed,241,11,1,15001.67,4,2,bed,0
1207162_neurosketch,30,furniture,bed,241,12,1,15001.67,4,2,bed,0
1207162_neurosketch,30,furniture,bed,241,13,1,15001.67,4,2,bed,0
1207162_neurosketch,30,furniture,table,242,14,0,21001.55,4,23,table,1
1207162_neurosketch,30,furniture,table,242,15,0,21001.55,4,23,table,0
1207162_neurosketch,30,furniture,bench,243,16,0,24002.59,4,23,bench,1
1207162_neurosketch,30,furniture,bench,243,17,0,24002.59,4,23,bench,0
1207162_neurosketch,30,furniture,bed,244,18,1,27001.89,4,15,bed,1
1207162_neurosketch,30,furniture,bed,244,19,1,27001.89,4,15,bed,0
1207162_neurosketch,30,furniture,bed,244,20,1,27001.89,4,15,bed,0
1207162_neurosketch,30,furniture,chair,245,21,1,31501.9,4,36,chair,1
1207162_neurosketch,30,furniture,chair,245,22,1,31501.9,4,36,chair,0
1207162_neurosketch,30,furniture,bench,246,23,0,34501.59,4,5,bench,1
1207162_neurosketch,30,furniture,bench,246,24,0,34501.59,4,5,bench,0
1207162_neurosketch,30,furniture,bench,246,25,0,34501.59,4,5,bench,0
1207162_neurosketch,30,furniture,bench,246,26,0,34501.59,4,5,bench,0
1207162_neurosketch,30,furniture,table,247,27,0,40502.37,4,36,table,1
1207162_neurosketch,30,furniture,table,247,28,0,40502.37,4,36,table,0
1207162_neurosketch,30,furniture,table,247,29,0,40502.37,4,36,table,0
1207162_neurosketch,30,furniture,bench,248,30,0,45002.27,4,36,bench,1
1207162_neurosketch,30,furniture,bench,248,31,0,45002.27,4,36,bench,0
1207162_neurosketch,30,furniture,bench,248,32,0,45002.27,4,36,bench,0
1207162_neurosketch,30,2,chair,249,33,1,49502.17,4,9,chair,1
1207162_neurosketch,30,2,chair,249,34,1,49502.17,4,9,chair,0
1207162_neurosketch,30,2,chair,249,35,1,49502.17,4,9,chair,0
1207162_neurosketch,30,2,chair,249,36,1,49502.17,4,9,chair,0
1207162_neurosketch,30,furniture,bed,250,37,1,55503.02,4,28,bed,1
1207162_neurosketch,30,furniture,bed,250,38,1,55503.02,4,28,bed,0
1207162_neurosketch,30,furniture,bed,250,39,1,55503.02,4,28,bed,0
1207162_neurosketch,30,furniture,bed,250,40,1,55503.02,4,28,bed,0
1207162_neurosketch,30,furniture,table,251,41,0,61502.4,4,31,table,1
1207162_neurosketch,30,furniture,table,251,42,0,61502.4,4,31,table,0
1207162_neurosketch,30,furniture,table,251,43,0,61502.4,4,31,table,0
1207162_neurosketch,30,furniture,chair,252,44,1,66001.65,4,33,chair,1
1207162_neurosketch,30,furniture,chair,252,45,1,66001.65,4,33,chair,0
1207162_neurosketch,30,furniture,chair,252,46,1,66001.65,4,33,chair,0
1207162_neurosketch,30,furniture,chair,252,47,1,66001.65,4,33,chair,0
1207162_neurosketch,30,furniture,bed,253,48,1,72002.07,4,21,bed,1
1207162_neurosketch,30,furniture,bed,253,49,1,72002.07,4,21,bed,0
1207162_neurosketch,30,furniture,bed,253,50,1,72002.07,4,21,bed,0
1207162_neurosketch,30,furniture,bench,254,51,0,76502.81,4,18,bench,1
1207162_neurosketch,30,furniture,bench,254,52,0,76502.81,4,18,bench,0
1207162_neurosketch,30,furniture,bench,254,53,0,76502.81,4,18,bench,0
1207162_neurosketch,30,furniture,bench,254,54,0,76502.81,4,18,bench,0
1207162_neurosketch,30,furniture,table,255,55,0,82501.66,4,4,table,1
1207162_neurosketch,30,furniture,table,255,56,0,82501.66,4,4,table,0
1207162_neurosketch,30,furniture,table,255,57,0,82501.66,4,4,table,0
1207162_neurosketch,30,furniture,bed,256,58,1,87002.9,4,6,bed,1
1207162_neurosketch,30,furniture,bed,256,59,1,87002.9,4,6,bed,0
1207162_neurosketch,30,furniture,bench,257,60,0,90002.27,4,2,bench,1
1207162_neurosketch,30,furniture,bench,257,61,0,90002.27,4,2,bench,0
1207162_neurosketch,30,furniture,bench,257,62,0,90002.27,4,2,bench,0
1207162_neurosketch,30,furniture,table,258,63,0,94502.35,4,10,table,1
1207162_neurosketch,30,furniture,table,258,64,0,94502.35,4,10,table,0
1207162_neurosketch,30,furniture,table,258,65,0,94502.35,4,10,table,0
1207162_neurosketch,30,2,chair,259,66,1,99002.79,4,14,chair,1
1207162_neurosketch,30,2,chair,259,67,1,99002.79,4,14,chair,0
1207162_neurosketch,30,furniture,bed,260,68,1,102001.91,4,20,bed,1
1207162_neurosketch,30,furniture,bed,260,69,1,102001.91,4,20,bed,0
1207162_neurosketch,30,furniture,bed,260,70,1,102001.91,4,20,bed,0
1207162_neurosketch,30,furniture,bench,261,71,0,106503.19,4,33,table,1
1207162_neurosketch,30,furniture,bench,261,72,0,106503.19,4,33,table,0
1207162_neurosketch,30,furniture,bench,261,73,0,106503.19,4,33,table,0
1207162_neurosketch,30,furniture,chair,262,74,1,111003.3,4,13,chair,1
1207162_neurosketch,30,furniture,chair,262,75,1,111003.3,4,13,chair,0
1207162_neurosketch,30,furniture,table,263,76,0,114002.83,4,30,table,1
1207162_neurosketch,30,furniture,table,263,77,0,114002.83,4,30,table,0
1207162_neurosketch,30,furniture,table,263,78,0,114002.83,4,30,table,0
1207162_neurosketch,30,furniture,table,264,79,0,118502.95,4,17,,1
1207162_neurosketch,30,furniture,table,264,80,0,118502.95,4,17,,0
1207162_neurosketch,30,furniture,table,264,81,0,118502.95,4,17,,0
1207162_neurosketch,30,furniture,bench,265,82,0,123002.29,4,6,bench,1
1207162_neurosketch,30,furniture,bench,265,83,0,123002.29,4,6,bench,0
1207162_neurosketch,30,furniture,bed,266,84,1,126003.1,4,38,bed,1
1207162_neurosketch,30,furniture,bed,266,85,1,126003.1,4,38,bed,0
1207162_neurosketch,30,furniture,bed,266,86,1,126003.1,4,38,bed,0
1207162_neurosketch,30,furniture,chair,267,87,1,130502.6,4,6,chair,1
1207162_neurosketch,30,furniture,chair,267,88,1,130502.6,4,6,chair,0
1207162_neurosketch,30,furniture,bench,268,89,0,133502.48,4,34,bench,1
1207162_neurosketch,30,furniture,bench,268,90,0,133502.48,4,34,bench,0
1207162_neurosketch,30,2,table,269,91,0,136502.28,4,11,table,1
1207162_neurosketch,30,2,table,269,92,0,136502.28,4,11,table,0
1207162_neurosketch,30,furniture,chair,270,93,1,139502.17,4,10,chair,1
1207162_neurosketch,30,furniture,chair,270,94,1,139502.17,4,10,chair,0
1207162_neurosketch,30,furniture,chair,270,95,1,139502.17,4,10,chair,0
1207162_neurosketch,30,furniture,bed,271,96,1,144002.13,4,22,bed,1
1207162_neurosketch,30,furniture,bed,271,97,1,144002.13,4,22,bed,0
1207162_neurosketch,30,furniture,chair,272,98,1,147003.09,4,17,chair,1
1207162_neurosketch,30,furniture,chair,272,99,1,147003.09,4,17,chair,0
1207162_neurosketch,30,furniture,chair,272,100,1,147003.09,4,17,chair,0
1207162_neurosketch,30,furniture,bench,273,101,0,151503.58,4,39,bench,1
1207162_neurosketch,30,furniture,bench,273,102,0,151503.58,4,39,bench,0
1207162_neurosketch,30,furniture,table,274,103,0,154502.54,4,18,table,1
1207162_neurosketch,30,furniture,table,274,104,0,154502.54,4,18,table,0
1207162_neurosketch,30,furniture,table,274,105,0,154502.54,4,18,table,0
1207162_neurosketch,30,furniture,table,274,106,0,154502.54,4,18,table,0
1207162_neurosketch,30,furniture,bed,275,107,1,160502.71,4,32,bed,1
1207162_neurosketch,30,furniture,bed,275,108,1,160502.71,4,32,bed,0
1207162_neurosketch,30,furniture,bed,275,109,1,160502.71,4,32,bed,0
1207162_neurosketch,30,furniture,chair,276,110,1,165002.17,4,7,chair,1
1207162_neurosketch,30,furniture,chair,276,111,1,165002.17,4,7,chair,0
1207162_neurosketch,30,furniture,chair,276,112,1,165002.17,4,7,chair,0
1207162_neurosketch,30,furniture,chair,276,113,1,165002.17,4,7,chair,0
1207162_neurosketch,30,furniture,bench,277,114,0,171002.22,4,3,bench,1
1207162_neurosketch,30,furniture,bench,277,115,0,171002.22,4,3,bench,0
1207162_neurosketch,30,furniture,table,278,116,0,174002.66,4,37,table,1
1207162_neurosketch,30,furniture,table,278,117,0,174002.66,4,37,table,0
1207162_neurosketch,30,2,bed,279,118,1,177002.99,4,5,bed,1
1207162_neurosketch,30,2,bed,279,119,1,177002.99,4,5,bed,0
1207162_neurosketch,30,furniture,chair,280,120,1,180002.69,4,0,chair,1
1207162_neurosketch,30,furniture,chair,280,121,1,180002.69,4,0,chair,0
1207162_neurosketch,30,furniture,bed,281,122,1,183002.37,4,17,bed,1
1207162_neurosketch,30,furniture,bed,281,123,1,183002.37,4,17,bed,0
1207162_neurosketch,30,furniture,bed,281,124,1,183002.37,4,17,bed,0
1207162_neurosketch,30,furniture,bed,281,125,1,183002.37,4,17,bed,0
1207162_neurosketch,30,furniture,bench,282,126,0,189004.28,4,7,bench,1
1207162_neurosketch,30,furniture,bench,282,127,0,189004.28,4,7,bench,0
1207162_neurosketch,30,furniture,table,283,128,0,192003.21,4,9,table,1
1207162_neurosketch,30,furniture,table,283,129,0,192003.21,4,9,table,0
1207162_neurosketch,30,furniture,chair,284,130,1,195002.36,4,15,chair,1
1207162_neurosketch,30,furniture,chair,284,131,1,195002.36,4,15,chair,0
1207162_neurosketch,30,furniture,chair,284,132,1,195002.36,4,15,chair,0
1207162_neurosketch,30,furniture,bed,285,133,1,199502.99,4,4,bed,1
1207162_neurosketch,30,furniture,bed,285,134,1,199502.99,4,4,bed,0
1207162_neurosketch,30,furniture,table,286,135,0,202502.81,4,5,,1
1207162_neurosketch,30,furniture,table,286,136,0,202502.81,4,5,,0
1207162_neurosketch,30,furniture,table,286,137,0,202502.81,4,5,,0
1207162_neurosketch,30,furniture,table,286,138,0,202502.81,4,5,,0
1207162_neurosketch,30,furniture,bench,287,139,0,208503.92,4,20,bench,1
1207162_neurosketch,30,furniture,bench,287,140,0,208503.92,4,20,bench,0
1207162_neurosketch,30,furniture,bench,287,141,0,208503.92,4,20,bench,0
1207162_neurosketch,30,furniture,table,288,142,0,213002.82,4,16,table,1
1207162_neurosketch,30,furniture,table,288,143,0,213002.82,4,16,table,0
1207162_neurosketch,30,furniture,table,288,144,0,213002.82,4,16,table,0
1207162_neurosketch,30,2,chair,289,145,1,217502.35,4,30,chair,1
1207162_neurosketch,30,2,chair,289,146,1,217502.35,4,30,chair,0
1207162_neurosketch,30,2,chair,289,147,1,217502.35,4,30,chair,0
1207162_neurosketch,30,2,chair,289,148,1,217502.35,4,30,chair,0
1207162_neurosketch,30,furniture,bed,290,149,1,223502.44,4,33,bed,1
1207162_neurosketch,30,furniture,bed,290,150,1,223502.44,4,33,bed,0
1207162_neurosketch,30,furniture,bed,290,151,1,223502.44,4,33,bed,0
1207162_neurosketch,30,furniture,bed,290,152,1,223502.44,4,33,bed,0
1207162_neurosketch,30,furniture,bench,291,153,0,229503.29,4,29,bench,1
1207162_neurosketch,30,furniture,bench,291,154,0,229503.29,4,29,bench,0
1207162_neurosketch,30,furniture,bench,291,155,0,229503.29,4,29,bench,0
1207162_neurosketch,30,furniture,bench,292,156,0,234002.7,4,12,,1
1207162_neurosketch,30,furniture,bench,292,157,0,234002.7,4,12,,0
1207162_neurosketch,30,furniture,bench,292,158,0,234002.7,4,12,,0
1207162_neurosketch,30,furniture,bench,292,159,0,234002.7,4,12,,0
1207162_neurosketch,30,furniture,table,293,160,0,240002.09,4,8,table,1
1207162_neurosketch,30,furniture,table,293,161,0,240002.09,4,8,table,0
1207162_neurosketch,30,furniture,table,293,162,0,240002.09,4,8,table,0
1207162_neurosketch,30,furniture,bed,294,163,1,244502.98,4,25,,1
1207162_neurosketch,30,furniture,bed,294,164,1,244502.98,4,25,,0
1207162_neurosketch,30,furniture,bed,294,165,1,244502.98,4,25,,0
1207162_neurosketch,30,furniture,bed,294,166,1,244502.98,4,25,,0
1207162_neurosketch,30,furniture,chair,295,167,1,250502.15,4,5,chair,1
1207162_neurosketch,30,furniture,chair,295,168,1,250502.15,4,5,chair,0
1207162_neurosketch,30,furniture,chair,295,169,1,250502.15,4,5,chair,0
1207162_neurosketch,30,furniture,bed,296,170,1,255003.21,4,35,bed,1
1207162_neurosketch,30,furniture,bed,296,171,1,255003.21,4,35,bed,0
1207162_neurosketch,30,furniture,bench,297,172,0,258002.9,4,17,bench,1
1207162_neurosketch,30,furniture,bench,297,173,0,258002.9,4,17,bench,0
1207162_neurosketch,30,furniture,bench,297,174,0,258002.9,4,17,bench,0
1207162_neurosketch,30,furniture,chair,298,175,1,262502.95,4,1,chair,1
1207162_neurosketch,30,furniture,chair,298,176,1,262502.95,4,1,chair,0
1207162_neurosketch,30,furniture,chair,298,177,1,262502.95,4,1,chair,0
1207162_neurosketch,30,2,table,299,178,0,267002.76,4,7,table,1
1207162_neurosketch,30,2,table,299,179,0,267002.76,4,7,table,0
1207162_neurosketch,30,furniture,chair,300,180,1,270002.38,4,39,chair,1
1207162_neurosketch,30,furniture,chair,300,181,1,270002.38,4,39,chair,0
1207162_neurosketch,30,furniture,chair,300,182,1,270002.38,4,39,chair,0
1207162_neurosketch,30,furniture,table,301,183,0,274502.97,4,24,table,1
1207162_neurosketch,30,furniture,table,301,184,0,274502.97,4,24,table,0
1207162_neurosketch,30,furniture,table,301,185,0,274502.97,4,24,table,0
1207162_neurosketch,30,furniture,bed,302,186,1,279003.83,4,31,bed,1
1207162_neurosketch,30,furniture,bed,302,187,1,279003.83,4,31,bed,0
1207162_neurosketch,30,furniture,bench,303,188,0,282002.19,4,4,bench,1
1207162_neurosketch,30,furniture,bench,303,189,0,282002.19,4,4,bench,0
1207162_neurosketch,30,furniture,bench,303,190,0,282002.19,4,4,bench,0
1207162_neurosketch,30,furniture,chair,304,191,1,286503.04,4,26,chair,1
1207162_neurosketch,30,furniture,chair,304,192,1,286503.04,4,26,chair,0
1207162_neurosketch,30,furniture,chair,304,193,1,286503.04,4,26,chair,0
1207162_neurosketch,30,furniture,table,305,194,0,291003.03,4,38,table,1
1207162_neurosketch,30,furniture,table,305,195,0,291003.03,4,38,table,0
1207162_neurosketch,30,furniture,bed,306,196,1,294002.84,4,7,bed,1
1207162_neurosketch,30,furniture,bed,306,197,1,294002.84,4,7,bed,0
1207162_neurosketch,30,furniture,bed,306,198,1,294002.84,4,7,bed,0
1207162_neurosketch,30,furniture,bench,307,199,0,298502.79,4,13,table,1
1207162_neurosketch,30,furniture,bench,307,200,0,298502.79,4,13,table,0
1207162_neurosketch,30,furniture,chair,308,201,1,301502.32,4,2,chair,1
1207162_neurosketch,30,furniture,chair,308,202,1,301502.32,4,2,chair,0
1207162_neurosketch,30,2,table,309,203,0,304502.78,4,28,table,1
1207162_neurosketch,30,2,table,309,204,0,304502.78,4,28,table,0
1207162_neurosketch,30,furniture,bed,310,205,1,307503.01,4,18,bed,1
1207162_neurosketch,30,furniture,bed,310,206,1,307503.01,4,18,bed,0
1207162_neurosketch,30,furniture,bed,310,207,1,307503.01,4,18,bed,0
1207162_neurosketch,30,furniture,bench,311,208,0,312002.41,4,32,bench,1
1207162_neurosketch,30,furniture,bench,311,209,0,312002.41,4,32,bench,0
1207162_neurosketch,30,furniture,bed,312,210,1,315002.62,4,16,bed,1
1207162_neurosketch,30,furniture,bed,312,211,1,315002.62,4,16,bed,0
1207162_neurosketch,30,furniture,bed,312,212,1,315002.62,4,16,bed,0
1207162_neurosketch,30,furniture,table,313,213,0,319502.6,4,39,table,1
1207162_neurosketch,30,furniture,table,313,214,0,319502.6,4,39,table,0
1207162_neurosketch,30,furniture,bench,314,215,0,322502.29,4,0,bench,1
1207162_neurosketch,30,furniture,bench,314,216,0,322502.29,4,0,bench,0
1207162_neurosketch,30,furniture,bench,314,217,0,322502.29,4,0,bench,0
1207162_neurosketch,30,furniture,bench,314,218,0,322502.29,4,0,bench,0
1207162_neurosketch,30,furniture,chair,315,219,1,328502.13,4,8,chair,1
1207162_neurosketch,30,furniture,chair,315,220,1,328502.13,4,8,chair,0
1207162_neurosketch,30,furniture,chair,315,221,1,328502.13,4,8,chair,0
1207162_neurosketch,30,furniture,chair,316,222,1,333002.19,4,27,chair,1
1207162_neurosketch,30,furniture,chair,316,223,1,333002.19,4,27,chair,0
1207162_neurosketch,30,furniture,chair,316,224,1,333002.19,4,27,chair,0
1207162_neurosketch,30,furniture,chair,316,225,1,333002.19,4,27,chair,0
1207162_neurosketch,30,furniture,bed,317,226,1,339002.18,4,11,bed,1
1207162_neurosketch,30,furniture,bed,317,227,1,339002.18,4,11,bed,0
1207162_neurosketch,30,furniture,bench,318,228,0,342002.7,4,25,bench,1
1207162_neurosketch,30,furniture,bench,318,229,0,342002.7,4,25,bench,0
1207162_neurosketch,30,2,table,319,230,0,345003.27,4,21,table,1
1207162_neurosketch,30,2,table,319,231,0,345003.27,4,21,table,0
1207162_neurosketch,30,2,table,319,232,0,345003.27,4,21,table,0
1207162_neurosketch,30,2,table,319,233,0,345003.27,4,21,table,0
1207162_neurosketch,30,2,table,319,234,0,345003.27,4,21,table,0
1207162_neurosketch,30,2,table,319,235,0,345003.27,4,21,table,0
1207162_neurosketch,30,2,table,319,236,0,345003.27,4,21,table,0
1207162_neurosketch,30,2,table,319,237,0,345003.27,4,21,table,0
1207162_neurosketch,30,2,table,319,238,0,345003.27,4,21,table,0
1207162_neurosketch,30,2,table,319,239,0,345003.27,4,21,table,0
1207162_neurosketch,30,furniture,table,360,0,-1,0.0,9,21,,0
1207162_neurosketch,30,furniture,table,360,1,-1,0.0,9,21,,0
1207162_neurosketch,30,furniture,table,360,2,-1,0.0,9,21,,0
1207162_neurosketch,30,furniture,table,360,3,-1,0.0,9,21,,0
1207162_neurosketch,30,furniture,table,360,4,-1,0.0,9,21,,0
1207162_neurosketch,30,furniture,table,360,5,-1,0.0,9,21,,0
1207162_neurosketch,30,furniture,table,360,6,-1,0.0,9,21,,0
1207162_neurosketch,30,furniture,table,360,7,-1,0.0,9,21,,0
1207162_neurosketch,30,furniture,table,360,8,0,12003.66,9,21,,1
1207162_neurosketch,30,furniture,table,360,9,0,12003.66,9,21,,0
1207162_neurosketch,30,furniture,bench,361,10,0,15001.96,9,25,bench,1
1207162_neurosketch,30,furniture,bench,361,11,0,15001.96,9,25,bench,0
1207162_neurosketch,30,furniture,bench,361,12,0,15001.96,9,25,bench,0
1207162_neurosketch,30,furniture,bench,361,13,0,15001.96,9,25,bench,0
1207162_neurosketch,30,furniture,bed,362,14,1,21002.22,9,11,bed,1
1207162_neurosketch,30,furniture,bed,362,15,1,21002.22,9,11,bed,0
1207162_neurosketch,30,furniture,chair,363,16,1,24001.94,9,27,chair,1
1207162_neurosketch,30,furniture,chair,363,17,1,24001.94,9,27,chair,0
1207162_neurosketch,30,furniture,chair,364,18,1,27003.38,9,8,chair,1
1207162_neurosketch,30,furniture,chair,364,19,1,27003.38,9,8,chair,0
1207162_neurosketch,30,furniture,chair,364,20,1,27003.38,9,8,chair,0
1207162_neurosketch,30,furniture,bench,365,21,0,31502.38,9,0,bench,1
1207162_neurosketch,30,furniture,bench,365,22,0,31502.38,9,0,bench,0
1207162_neurosketch,30,furniture,table,366,23,0,34501.56,9,39,table,1
1207162_neurosketch,30,furniture,table,366,24,0,34501.56,9,39,table,0
1207162_neurosketch,30,furniture,table,366,25,0,34501.56,9,39,table,0
1207162_neurosketch,30,furniture,table,366,26,0,34501.56,9,39,table,0
1207162_neurosketch,30,furniture,bed,367,27,1,40502.38,9,16,bed,1
1207162_neurosketch,30,furniture,bed,367,28,1,40502.38,9,16,bed,0
1207162_neurosketch,30,furniture,bed,367,29,1,40502.38,9,16,bed,0
1207162_neurosketch,30,furniture,bench,368,30,0,45002.54,9,32,bench,1
1207162_neurosketch,30,furniture,bench,368,31,0,45002.54,9,32,bench,0
1207162_neurosketch,30,furniture,bench,368,32,0,45002.54,9,32,bench,0
1207162_neurosketch,30,2,bed,369,33,1,49502.5,9,18,bed,1
1207162_neurosketch,30,2,bed,369,34,1,49502.5,9,18,bed,0
1207162_neurosketch,30,2,bed,369,35,1,49502.5,9,18,bed,0
1207162_neurosketch,30,2,bed,369,36,1,49502.5,9,18,bed,0
1207162_neurosketch,30,furniture,table,370,37,0,55501.87,9,28,,1
1207162_neurosketch,30,furniture,table,370,38,0,55501.87,9,28,,0
1207162_neurosketch,30,furniture,table,370,39,0,55501.87,9,28,,0
1207162_neurosketch,30,furniture,table,370,40,0,55501.87,9,28,,0
1207162_neurosketch,30,furniture,chair,371,41,1,61502.25,9,2,chair,1
1207162_neurosketch,30,furniture,chair,371,42,1,61502.25,9,2,chair,0
1207162_neurosketch,30,furniture,chair,371,43,1,61502.25,9,2,chair,0
1207162_neurosketch,30,furniture,bench,372,44,0,66002.08,9,13,bench,1
1207162_neurosketch,30,furniture,bench,372,45,0,66002.08,9,13,bench,0
1207162_neurosketch,30,furniture,bench,372,46,0,66002.08,9,13,bench,0
1207162_neurosketch,30,furniture,bench,372,47,0,66002.08,9,13,bench,0
1207162_neurosketch,30,furniture,bed,373,48,1,72002.75,9,7,bed,1
1207162_neurosketch,30,furniture,bed,373,49,1,72002.75,9,7,bed,0
1207162_neurosketch,30,furniture,bed,373,50,1,72002.75,9,7,bed,0
1207162_neurosketch,30,furniture,table,374,51,0,76502.29,9,38,table,1
1207162_neurosketch,30,furniture,table,374,52,0,76502.29,9,38,table,0
1207162_neurosketch,30,furniture,table,374,53,0,76502.29,9,38,table,0
1207162_neurosketch,30,furniture,table,374,54,0,76502.29,9,38,table,0
1207162_neurosketch,30,furniture,chair,375,55,1,82502.7,9,26,chair,1
1207162_neurosketch,30,furniture,chair,375,56,1,82502.7,9,26,chair,0
1207162_neurosketch,30,furniture,chair,375,57,1,82502.7,9,26,chair,0
1207162_neurosketch,30,furniture,bench,376,58,0,87002.43,9,4,,1
1207162_neurosketch,30,furniture,bench,376,59,0,87002.43,9,4,,0
1207162_neurosketch,30,furniture,bed,377,60,1,90002.39,9,31,bed,1
1207162_neurosketch,30,furniture,bed,377,61,1,90002.39,9,31,bed,0
1207162_neurosketch,30,furniture,bed,377,62,1,90002.39,9,31,bed,0
1207162_neurosketch,30,furniture,table,378,63,0,94502.5,9,24,table,1
1207162_neurosketch,30,furniture,table,378,64,0,94502.5,9,24,table,0
1207162_neurosketch,30,furniture,table,378,65,0,94502.5,9,24,table,0
1207162_neurosketch,30,2,chair,379,66,1,99002.79,9,39,chair,1
1207162_neurosketch,30,2,chair,379,67,1,99002.79,9,39,chair,0
1207162_neurosketch,30,furniture,table,380,68,0,102002.71,9,7,bench,1
1207162_neurosketch,30,furniture,table,380,69,0,102002.71,9,7,bench,0
1207162_neurosketch,30,furniture,table,380,70,0,102002.71,9,7,bench,0
1207162_neurosketch,30,furniture,chair,381,71,1,106502.21,9,1,chair,1
1207162_neurosketch,30,furniture,chair,381,72,1,106502.21,9,1,chair,0
1207162_neurosketch,30,furniture,chair,381,73,1,106502.21,9,1,chair,0
1207162_neurosketch,30,furniture,bench,382,74,0,111002.27,9,17,bench,1
1207162_neurosketch,30,furniture,bench,382,75,0,111002.27,9,17,bench,0
1207162_neurosketch,30,furniture,bed,383,76,1,114004.43,9,35,bed,1
1207162_neurosketch,30,furniture,bed,383,77,1,114004.43,9,35,bed,0
1207162_neurosketch,30,furniture,bed,383,78,1,114004.43,9,35,bed,0
1207162_neurosketch,30,furniture,chair,384,79,1,118501.97,9,5,chair,1
1207162_neurosketch,30,furniture,chair,384,80,1,118501.97,9,5,chair,0
1207162_neurosketch,30,furniture,chair,384,81,1,118501.97,9,5,chair,0
1207162_neurosketch,30,furniture,bed,385,82,1,123003.07,9,25,bed,1
1207162_neurosketch,30,furniture,bed,385,83,1,123003.07,9,25,bed,0
1207162_neurosketch,30,furniture,table,386,84,0,126003.02,9,8,table,1
1207162_neurosketch,30,furniture,table,386,85,0,126003.02,9,8,table,0
1207162_neurosketch,30,furniture,table,386,86,0,126003.02,9,8,table,0
1207162_neurosketch,30,furniture,bench,387,87,0,130502.86,9,12,bench,1
1207162_neurosketch,30,furniture,bench,387,88,0,130502.86,9,12,bench,0
1207162_neurosketch,30,furniture,bench,388,89,0,133502.74,9,29,table,1
1207162_neurosketch,30,furniture,bench,388,90,0,133502.74,9,29,table,0
1207162_neurosketch,30,2,bed,389,91,1,136502.13,9,33,bed,1
1207162_neurosketch,30,2,bed,389,92,1,136502.13,9,33,bed,0
1207162_neurosketch,30,furniture,chair,390,93,1,139502.67,9,30,chair,1
1207162_neurosketch,30,furniture,chair,390,94,1,139502.67,9,30,chair,0
1207162_neurosketch,30,furniture,chair,390,95,1,139502.67,9,30,chair,0
1207162_neurosketch,30,furniture,table,391,96,0,144002.92,9,16,table,1
1207162_neurosketch,30,furniture,table,391,97,0,144002.92,9,16,table,0
1207162_neurosketch,30,furniture,bench,392,98,0,147003.15,9,20,bench,1
1207162_neurosketch,30,furniture,bench,392,99,0,147003.15,9,20,bench,0
1207162_neurosketch,30,furniture,bench,392,100,0,147003.15,9,20,bench,0
1207162_neurosketch,30,furniture,table,393,101,0,151503.36,9,5,table,1
1207162_neurosketch,30,furniture,table,393,102,0,151503.36,9,5,table,0
1207162_neurosketch,30,furniture,bed,394,103,1,154502.54,9,4,bed,1
1207162_neurosketch,30,furniture,bed,394,104,1,154502.54,9,4,bed,0
1207162_neurosketch,30,furniture,bed,394,105,1,154502.54,9,4,bed,0
1207162_neurosketch,30,furniture,bed,394,106,1,154502.54,9,4,bed,0
1207162_neurosketch,30,furniture,chair,395,107,1,160502.38,9,15,chair,1
1207162_neurosketch,30,furniture,chair,395,108,1,160502.38,9,15,chair,0
1207162_neurosketch,30,furniture,chair,395,109,1,160502.38,9,15,chair,0
1207162_neurosketch,30,furniture,table,396,110,0,165002.71,9,9,table,1
1207162_neurosketch,30,furniture,table,396,111,0,165002.71,9,9,table,0
1207162_neurosketch,30,furniture,table,396,112,0,165002.71,9,9,table,0
1207162_neurosketch,30,furniture,table,396,113,0,165002.71,9,9,table,0
1207162_neurosketch,30,furniture,bench,397,114,0,171002.38,9,7,,1
1207162_neurosketch,30,furniture,bench,397,115,0,171002.38,9,7,,0
1207162_neurosketch,30,furniture,bed,398,116,1,174003.37,9,17,bed,1
1207162_neurosketch,30,furniture,bed,398,117,1,174003.37,9,17,bed,0
1207162_neurosketch,30,2,chair,399,118,1,177002.94,9,0,chair,1
1207162_neurosketch,30,2,chair,399,119,1,177002.94,9,0,chair,0
1207162_neurosketch,30,furniture,bed,400,120,1,180002.75,9,5,bed,1
1207162_neurosketch,30,furniture,bed,400,121,1,180002.75,9,5,bed,0
1207162_neurosketch,30,furniture,table,401,122,0,183002.55,9,37,table,1
1207162_neurosketch,30,furniture,table,401,123,0,183002.55,9,37,table,0
1207162_neurosketch,30,furniture,table,401,124,0,183002.55,9,37,table,0
1207162_neurosketch,30,furniture,table,401,125,0,183002.55,9,37,table,0
1207162_neurosketch,30,furniture,bench,402,126,0,189003.21,9,3,bench,1
1207162_neurosketch,30,furniture,bench,402,127,0,189003.21,9,3,bench,0
1207162_neurosketch,30,furniture,chair,403,128,1,192002.19,9,7,chair,1
1207162_neurosketch,30,furniture,chair,403,129,1,192002.19,9,7,chair,0
1207162_neurosketch,30,furniture,bed,404,130,1,195002.62,9,32,bed,1
1207162_neurosketch,30,furniture,bed,404,131,1,195002.62,9,32,bed,0
1207162_neurosketch,30,furniture,bed,404,132,1,195002.62,9,32,bed,0
1207162_neurosketch,30,furniture,table,405,133,0,199503.3,9,18,table,1
1207162_neurosketch,30,furniture,table,405,134,0,199503.3,9,18,table,0
1207162_neurosketch,30,furniture,bench,406,135,0,202502.71,9,39,bench,1
1207162_neurosketch,30,furniture,bench,406,136,0,202502.71,9,39,bench,0
1207162_neurosketch,30,furniture,bench,406,137,0,202502.71,9,39,bench,0
1207162_neurosketch,30,furniture,bench,406,138,0,202502.71,9,39,bench,0
1207162_neurosketch,30,furniture,chair,407,139,1,208502.6,9,17,chair,1
1207162_neurosketch,30,furniture,chair,407,140,1,208502.6,9,17,chair,0
1207162_neurosketch,30,furniture,chair,407,141,1,208502.6,9,17,chair,0
1207162_neurosketch,30,furniture,bed,408,142,1,213003.11,9,22,bed,1
1207162_neurosketch,30,furniture,bed,408,143,1,213003.11,9,22,bed,0
1207162_neurosketch,30,furniture,bed,408,144,1,213003.11,9,22,bed,0
1207162_neurosketch,30,2,chair,409,145,1,217502.46,9,10,bed,1
1207162_neurosketch,30,2,chair,409,146,1,217502.46,9,10,bed,0
1207162_neurosketch,30,2,chair,409,147,1,217502.46,9,10,bed,0
1207162_neurosketch,30,2,chair,409,148,1,217502.46,9,10,bed,0
1207162_neurosketch,30,furniture,table,410,149,0,223503.52,9,11,table,1
1207162_neurosketch,30,furniture,table,410,150,0,223503.52,9,11,table,0
1207162_neurosketch,30,furniture,table,410,151,0,223503.52,9,11,table,0
1207162_neurosketch,30,furniture,table,410,152,0,223503.52,9,11,table,0
1207162_neurosketch,30,furniture,bench,411,153,0,229503.5,9,34,bench,1
1207162_neurosketch,30,furniture,bench,411,154,0,229503.5,9,34,bench,0
1207162_neurosketch,30,furniture,bench,411,155,0,229503.5,9,34,bench,0
1207162_neurosketch,30,furniture,chair,412,156,1,234003.47,9,6,chair,1
1207162_neurosketch,30,furniture,chair,412,157,1,234003.47,9,6,chair,0
1207162_neurosketch,30,furniture,chair,412,158,1,234003.47,9,6,chair,0
1207162_neurosketch,30,furniture,chair,412,159,1,234003.47,9,6,chair,0
1207162_neurosketch,30,furniture,bed,413,160,1,240003.04,9,38,bed,1
1207162_neurosketch,30,furniture,bed,413,161,1,240003.04,9,38,bed,0
1207162_neurosketch,30,furniture,bed,413,162,1,240003.04,9,38,bed,0
1207162_neurosketch,30,furniture,bench,414,163,0,244503.08,9,6,bench,1
1207162_neurosketch,30,furniture,bench,414,164,0,244503.08,9,6,bench,0
1207162_neurosketch,30,furniture,bench,414,165,0,244503.08,9,6,bench,0
1207162_neurosketch,30,furniture,bench,414,166,0,244503.08,9,6,bench,0
1207162_neurosketch,30,furniture,table,415,167,0,250503.43,9,17,table,1
1207162_neurosketch,30,furniture,table,415,168,0,250503.43,9,17,table,0
1207162_neurosketch,30,furniture,table,415,169,0,250503.43,9,17,table,0
1207162_neurosketch,30,furniture,table,416,170,0,255004.27,9,30,table,1
1207162_neurosketch,30,furniture,table,416,171,0,255004.27,9,30,table,0
1207162_neurosketch,30,furniture,chair,417,172,1,258002.5,9,13,chair,1
1207162_neurosketch,30,furniture,chair,417,173,1,258002.5,9,13,chair,0
1207162_neurosketch,30,furniture,chair,417,174,1,258002.5,9,13,chair,0
1207162_neurosketch,30,furniture,bench,418,175,0,262502.12,9,33,bench,1
1207162_neurosketch,30,furniture,bench,418,176,0,262502.12,9,33,bench,0
1207162_neurosketch,30,furniture,bench,418,177,0,262502.12,9,33,bench,0
1207162_neurosketch,30,2,bed,419,178,1,267002.21,9,20,bed,1
1207162_neurosketch,30,2,bed,419,179,1,267002.21,9,20,bed,0
1207162_neurosketch,30,furniture,chair,420,180,1,270002.96,9,14,chair,1
1207162_neurosketch,30,furniture,chair,420,181,1,270002.96,9,14,chair,0
1207162_neurosketch,30,furniture,chair,420,182,1,270002.96,9,14,chair,0
1207162_neurosketch,30,furniture,table,421,183,0,274502.5,9,10,table,1
1207162_neurosketch,30,furniture,table,421,184,0,274502.5,9,10,table,0
1207162_neurosketch,30,furniture,table,421,185,0,274502.5,9,10,table,0
1207162_neurosketch,30,furniture,bench,422,186,0,279003.36,9,2,bench,1
1207162_neurosketch,30,furniture,bench,422,187,0,279003.36,9,2,bench,0
1207162_neurosketch,30,furniture,bed,423,188,1,282003.36,9,6,bed,1
1207162_neurosketch,30,furniture,bed,423,189,1,282003.36,9,6,bed,0
1207162_neurosketch,30,furniture,bed,423,190,1,282003.36,9,6,bed,0
1207162_neurosketch,30,furniture,table,424,191,0,286502.31,9,4,table,1
1207162_neurosketch,30,furniture,table,424,192,0,286502.31,9,4,table,0
1207162_neurosketch,30,furniture,table,424,193,0,286502.31,9,4,table,0
1207162_neurosketch,30,furniture,bench,425,194,0,291001.03,9,18,bench,1
1207162_neurosketch,30,furniture,bench,425,195,0,291001.03,9,18,bench,0
1207162_neurosketch,30,furniture,bed,426,196,1,294002.47,9,21,bed,1
1207162_neurosketch,30,furniture,bed,426,197,1,294002.47,9,21,bed,0
1207162_neurosketch,30,furniture,bed,426,198,1,294002.47,9,21,bed,0
1207162_neurosketch,30,furniture,chair,427,199,1,298502.52,9,33,chair,1
1207162_neurosketch,30,furniture,chair,427,200,1,298502.52,9,33,chair,0
1207162_neurosketch,30,furniture,table,428,201,0,301502.81,9,31,table,1
1207162_neurosketch,30,furniture,table,428,202,0,301502.81,9,31,table,0
1207162_neurosketch,30,2,bed,429,203,1,304502.08,9,28,bed,1
1207162_neurosketch,30,2,bed,429,204,1,304502.08,9,28,bed,0
1207162_neurosketch,30,furniture,chair,430,205,1,307502.15,9,9,chair,1
1207162_neurosketch,30,furniture,chair,430,206,1,307502.15,9,9,chair,0
1207162_neurosketch,30,furniture,chair,430,207,1,307502.15,9,9,chair,0
1207162_neurosketch,30,furniture,bench,431,208,0,312002.16,9,36,bench,1
1207162_neurosketch,30,furniture,bench,431,209,0,312002.16,9,36,bench,0
1207162_neurosketch,30,furniture,table,432,210,0,315002.92,9,36,table,1
1207162_neurosketch,30,furniture,table,432,211,0,315002.92,9,36,table,0
1207162_neurosketch,30,furniture,table,432,212,0,315002.92,9,36,table,0
1207162_neurosketch,30,furniture,bench,433,213,0,319503.0,9,5,bench,1
1207162_neurosketch,30,furniture,bench,433,214,0,319503.0,9,5,bench,0
1207162_neurosketch,30,furniture,chair,434,215,1,322502.89,9,36,chair,1
1207162_neurosketch,30,furniture,chair,434,216,1,322502.89,9,36,chair,0
1207162_neurosketch,30,furniture,chair,434,217,1,322502.89,9,36,chair,0
1207162_neurosketch,30,furniture,chair,434,218,1,322502.89,9,36,chair,0
1207162_neurosketch,30,furniture,bed,435,219,1,328503.01,9,15,bed,1
1207162_neurosketch,30,furniture,bed,435,220,1,328503.01,9,15,bed,0
1207162_neurosketch,30,furniture,bed,435,221,1,328503.01,9,15,bed,0
1207162_neurosketch,30,furniture,bench,436,222,0,333003.0,9,23,bench,1
1207162_neurosketch,30,furniture,bench,436,223,0,333003.0,9,23,bench,0
1207162_neurosketch,30,furniture,bench,436,224,0,333003.0,9,23,bench,0
1207162_neurosketch,30,furniture,bench,436,225,0,333003.0,9,23,bench,0
1207162_neurosketch,30,furniture,table,437,226,0,339002.21,9,23,table,1
1207162_neurosketch,30,furniture,table,437,227,0,339002.21,9,23,table,0
1207162_neurosketch,30,furniture,bed,438,228,1,342003.22,9,2,bed,1
1207162_neurosketch,30,furniture,bed,438,229,1,342003.22,9,2,bed,0
1207162_neurosketch,30,2,chair,439,230,1,345003.22,9,16,chair,1
1207162_neurosketch,30,2,chair,439,231,1,345003.22,9,16,chair,0
1207162_neurosketch,30,2,chair,439,232,1,345003.22,9,16,chair,0
1207162_neurosketch,30,2,chair,439,233,1,345003.22,9,16,chair,0
1207162_neurosketch,30,2,chair,439,234,1,345003.22,9,16,chair,0
1207162_neurosketch,30,2,chair,439,235,1,345003.22,9,16,chair,0
1207162_neurosketch,30,2,chair,439,236,1,345003.22,9,16,chair,0
1207162_neurosketch,30,2,chair,439,237,1,345003.22,9,16,chair,0
1207162_neurosketch,30,2,chair,439,238,1,345003.22,9,16,chair,0
1207162_neurosketch,30,2,chair,439,239,1,345003.22,9,16,chair,0
1207162_neurosketch,30,furniture,bench,440,0,-1,0.0,10,19,table,0
1207162_neurosketch,30,furniture,bench,440,1,-1,0.0,10,19,table,0
1207162_neurosketch,30,furniture,bench,440,2,-1,0.0,10,19,table,0
1207162_neurosketch,30,furniture,bench,440,3,-1,0.0,10,19,table,0
1207162_neurosketch,30,furniture,bench,440,4,-1,0.0,10,19,table,0
1207162_neurosketch,30,furniture,bench,440,5,-1,0.0,10,19,table,0
1207162_neurosketch,30,furniture,bench,440,6,-1,0.0,10,19,table,0
1207162_neurosketch,30,furniture,bench,440,7,-1,0.0,10,19,table,0
1207162_neurosketch,30,furniture,bench,440,8,0,12001.37,10,19,table,1
1207162_neurosketch,30,furniture,bench,440,9,0,12001.37,10,19,table,0
1207162_neurosketch,30,furniture,bed,441,10,1,15001.92,10,9,bed,1
1207162_neurosketch,30,furniture,bed,441,11,1,15001.92,10,9,bed,0
1207162_neurosketch,30,furniture,bed,441,12,1,15001.92,10,9,bed,0
1207162_neurosketch,30,furniture,bed,441,13,1,15001.92,10,9,bed,0
1207162_neurosketch,30,furniture,chair,442,14,1,21001.42,10,23,chair,1
1207162_neurosketch,30,furniture,chair,442,15,1,21001.42,10,23,chair,0
1207162_neurosketch,30,furniture,table,443,16,0,24001.37,10,26,table,1
1207162_neurosketch,30,furniture,table,443,17,0,24001.37,10,26,table,0
1207162_neurosketch,30,furniture,chair,444,18,1,27002.44,10,24,chair,1
1207162_neurosketch,30,furniture,chair,444,19,1,27002.44,10,24,chair,0
1207162_neurosketch,30,furniture,chair,444,20,1,27002.44,10,24,chair,0
1207162_neurosketch,30,furniture,bed,445,21,1,31501.5,10,1,bed,1
1207162_neurosketch,30,furniture,bed,445,22,1,31501.5,10,1,bed,0
1207162_neurosketch,30,furniture,bench,446,23,0,34502.0,10,37,bench,1
1207162_neurosketch,30,furniture,bench,446,24,0,34502.0,10,37,bench,0
1207162_neurosketch,30,furniture,bench,446,25,0,34502.0,10,37,bench,0
1207162_neurosketch,30,furniture,bench,446,26,0,34502.0,10,37,bench,0
1207162_neurosketch,30,furniture,table,447,27,0,40502.17,10,2,table,1
1207162_neurosketch,30,furniture,table,447,28,0,40502.17,10,2,table,0
1207162_neurosketch,30,furniture,table,447,29,0,40502.17,10,2,table,0
1207162_neurosketch,30,furniture,bed,448,30,1,45001.38,10,27,bed,1
1207162_neurosketch,30,furniture,bed,448,31,1,45001.38,10,27,bed,0
1207162_neurosketch,30,furniture,bed,448,32,1,45001.38,10,27,bed,0
1207162_neurosketch,30,2,table,449,33,0,49502.37,10,20,table,1
1207162_neurosketch,30,2,table,449,34,0,49502.37,10,20,table,0
1207162_neurosketch,30,2,table,449,35,0,49502.37,10,20,table,0
1207162_neurosketch,30,2,table,449,36,0,49502.37,10,20,table,0
1207162_neurosketch,30,furniture,bench,450,37,0,55502.43,10,16,bench,1
1207162_neurosketch,30,furniture,bench,450,38,0,55502.43,10,16,bench,0
1207162_neurosketch,30,furniture,bench,450,39,0,55502.43,10,16,bench,0
1207162_neurosketch,30,furniture,bench,450,40,0,55502.43,10,16,bench,0
1207162_neurosketch,30,furniture,chair,451,41,1,61502.27,10,18,chair,1
1207162_neurosketch,30,furniture,chair,451,42,1,61502.27,10,18,chair,0
1207162_neurosketch,30,furniture,chair,451,43,1,61502.27,10,18,chair,0
1207162_neurosketch,30,furniture,chair,452,44,1,66002.37,10,32,chair,1
1207162_neurosketch,30,furniture,chair,452,45,1,66002.37,10,32,chair,0
1207162_neurosketch,30,furniture,chair,452,46,1,66002.37,10,32,chair,0
1207162_neurosketch,30,furniture,chair,452,47,1,66002.37,10,32,chair,0
1207162_neurosketch,30,furniture,bed,453,48,1,72002.12,10,23,bed,1
1207162_neurosketch,30,furniture,bed,453,49,1,72002.12,10,23,bed,0
1207162_neurosketch,30,furniture,bed,453,50,1,72002.12,10,23,bed,0
1207162_neurosketch,30,furniture,table,454,51,0,76502.66,10,15,table,1
1207162_neurosketch,30,furniture,table,454,52,0,76502.66,10,15,table,0
1207162_neurosketch,30,furniture,table,454,53,0,76502.66,10,15,table,0
1207162_neurosketch,30,furniture,table,454,54,0,76502.66,10,15,table,0
1207162_neurosketch,30,furniture,bench,455,55,0,82502.24,10,27,bench,1
1207162_neurosketch,30,furniture,bench,455,56,0,82502.24,10,27,bench,0
1207162_neurosketch,30,furniture,bench,455,57,0,82502.24,10,27,bench,0
1207162_neurosketch,30,furniture,table,456,58,0,87001.98,10,22,table,1
1207162_neurosketch,30,furniture,table,456,59,0,87001.98,10,22,table,0
1207162_neurosketch,30,furniture,bed,457,60,1,90003.04,10,19,bed,1
1207162_neurosketch,30,furniture,bed,457,61,1,90003.04,10,19,bed,0
1207162_neurosketch,30,furniture,bed,457,62,1,90003.04,10,19,bed,0
1207162_neurosketch,30,furniture,chair,458,63,1,94501.83,10,37,chair,1
1207162_neurosketch,30,furniture,chair,458,64,1,94501.83,10,37,chair,0
1207162_neurosketch,30,furniture,chair,458,65,1,94501.83,10,37,chair,0
1207162_neurosketch,30,2,bench,459,66,0,99002.27,10,22,bench,1
1207162_neurosketch,30,2,bench,459,67,0,99002.27,10,22,bench,0
1207162_neurosketch,30,furniture,bed,460,68,1,102001.76,10,14,bed,1
1207162_neurosketch,30,furniture,bed,460,69,1,102001.76,10,14,bed,0
1207162_neurosketch,30,furniture,bed,460,70,1,102001.76,10,14,bed,0
1207162_neurosketch,30,furniture,chair,461,71,1,106502.19,10,29,chair,1
1207162_neurosketch,30,furniture,chair,461,72,1,106502.19,10,29,chair,0
1207162_neurosketch,30,furniture,chair,461,73,1,106502.19,10,29,chair,0
1207162_neurosketch,30,furniture,table,462,74,0,111002.78,10,1,table,1
1207162_neurosketch,30,furniture,table,462,75,0,111002.78,10,1,table,0
1207162_neurosketch,30,furniture,bench,463,76,0,114002.71,10,35,bench,1
1207162_neurosketch,30,furniture,bench,463,77,0,114002.71,10,35,bench,0
1207162_neurosketch,30,furniture,bench,463,78,0,114002.71,10,35,bench,0
1207162_neurosketch,30,furniture,table,464,79,0,118502.78,10,34,table,1
1207162_neurosketch,30,furniture,table,464,80,0,118502.78,10,34,table,0
1207162_neurosketch,30,furniture,table,464,81,0,118502.78,10,34,table,0
1207162_neurosketch,30,furniture,bench,465,82,0,123002.34,10,11,bench,1
1207162_neurosketch,30,furniture,bench,465,83,0,123002.34,10,11,bench,0
1207162_neurosketch,30,furniture,bed,466,84,1,126002.03,10,29,bed,1
1207162_neurosketch,30,furniture,bed,466,85,1,126002.03,10,29,bed,0
1207162_neurosketch,30,furniture,bed,466,86,1,126002.03,10,29,bed,0
1207162_neurosketch,30,furniture,chair,467,87,1,130502.21,10,28,chair,1
1207162_neurosketch,30,furniture,chair,467,88,1,130502.21,10,28,chair,0
1207162_neurosketch,30,furniture,table,468,89,0,133502.66,10,29,table,1
1207162_neurosketch,30,furniture,table,468,90,0,133502.66,10,29,table,0
1207162_neurosketch,30,2,bench,469,91,0,136502.58,10,10,bench,1
1207162_neurosketch,30,2,bench,469,92,0,136502.58,10,10,bench,0
1207162_neurosketch,30,furniture,chair,470,93,1,139502.24,10,20,chair,1
1207162_neurosketch,30,furniture,chair,470,94,1,139502.24,10,20,chair,0
1207162_neurosketch,30,furniture,chair,470,95,1,139502.24,10,20,chair,0
1207162_neurosketch,30,furniture,bed,471,96,1,144002.44,10,30,bed,1
1207162_neurosketch,30,furniture,bed,471,97,1,144002.44,10,30,bed,0
1207162_neurosketch,30,furniture,bench,472,98,0,147002.52,10,1,bench,1
1207162_neurosketch,30,furniture,bench,472,99,0,147002.52,10,1,bench,0
1207162_neurosketch,30,furniture,bench,472,100,0,147002.52,10,1,bench,0
1207162_neurosketch,30,furniture,bed,473,101,1,151503.18,10,12,bed,1
1207162_neurosketch,30,furniture,bed,473,102,1,151503.18,10,12,bed,0
1207162_neurosketch,30,furniture,chair,474,103,1,154502.28,10,4,chair,1
1207162_neurosketch,30,furniture,chair,474,104,1,154502.28,10,4,chair,0
1207162_neurosketch,30,furniture,chair,474,105,1,154502.28,10,4,chair,0
1207162_neurosketch,30,furniture,chair,474,106,1,154502.28,10,4,chair,0
1207162_neurosketch,30,furniture,table,475,107,0,160503.27,10,6,table,1
1207162_neurosketch,30,furniture,table,475,108,0,160503.27,10,6,table,0
1207162_neurosketch,30,furniture,table,475,109,0,160503.27,10,6,table,0
1207162_neurosketch,30,furniture,table,476,110,0,165002.98,10,32,table,1
1207162_neurosketch,30,furniture,table,476,111,0,165002.98,10,32,table,0
1207162_neurosketch,30,furniture,table,476,112,0,165002.98,10,32,table,0
1207162_neurosketch,30,furniture,table,476,113,0,165002.98,10,32,table,0
1207162_neurosketch,30,furniture,bed,477,114,1,171001.95,10,8,bed,1
1207162_neurosketch,30,furniture,bed,477,115,1,171001.95,10,8,bed,0
1207162_neurosketch,30,furniture,chair,478,116,1,174003.09,10,22,chair,1
1207162_neurosketch,30,furniture,chair,478,117,1,174003.09,10,22,chair,0
1207162_neurosketch,30,2,bench,479,118,0,177002.51,10,28,bench,1
1207162_neurosketch,30,2,bench,479,119,0,177002.51,10,28,bench,0
1207162_neurosketch,30,furniture,chair,480,120,1,180004.83,10,34,chair,1
1207162_neurosketch,30,furniture,chair,480,121,1,180004.83,10,34,chair,0
1207162_neurosketch,30,furniture,bench,481,122,0,183002.51,10,38,bench,1
1207162_neurosketch,30,furniture,bench,481,123,0,183002.51,10,38,bench,0
1207162_neurosketch,30,furniture,bench,481,124,0,183002.51,10,38,bench,0
1207162_neurosketch,30,furniture,bench,481,125,0,183002.51,10,38,bench,0
1207162_neurosketch,30,furniture,bed,482,126,1,189002.27,10,0,bed,1
1207162_neurosketch,30,furniture,bed,482,127,1,189002.27,10,0,bed,0
1207162_neurosketch,30,furniture,table,483,128,0,192002.68,10,35,table,1
1207162_neurosketch,30,furniture,table,483,129,0,192002.68,10,35,table,0
1207162_neurosketch,30,furniture,bench,484,130,0,195003.21,10,31,bench,1
1207162_neurosketch,30,furniture,bench,484,131,0,195003.21,10,31,bench,0
1207162_neurosketch,30,furniture,bench,484,132,0,195003.21,10,31,bench,0
1207162_neurosketch,30,furniture,table,485,133,0,199502.72,10,0,table,1
1207162_neurosketch,30,furniture,table,485,134,0,199502.72,10,0,table,0
1207162_neurosketch,30,furniture,bed,486,135,1,202502.85,10,24,bed,1
1207162_neurosketch,30,furniture,bed,486,136,1,202502.85,10,24,bed,0
1207162_neurosketch,30,furniture,bed,486,137,1,202502.85,10,24,bed,0
1207162_neurosketch,30,furniture,bed,486,138,1,202502.85,10,24,bed,0
1207162_neurosketch,30,furniture,chair,487,139,1,208503.17,10,21,chair,1
1207162_neurosketch,30,furniture,chair,487,140,1,208503.17,10,21,chair,0
1207162_neurosketch,30,furniture,chair,487,141,1,208503.17,10,21,chair,0
1207162_neurosketch,30,furniture,bench,488,142,0,213002.23,10,15,bench,1
1207162_neurosketch,30,furniture,bench,488,143,0,213002.23,10,15,bench,0
1207162_neurosketch,30,furniture,bench,488,144,0,213002.23,10,15,bench,0
1207162_neurosketch,30,2,bed,489,145,1,217502.85,10,39,bed,1
1207162_neurosketch,30,2,bed,489,146,1,217502.85,10,39,bed,0
1207162_neurosketch,30,2,bed,489,147,1,217502.85,10,39,bed,0
1207162_neurosketch,30,2,bed,489,148,1,217502.85,10,39,bed,0
1207162_neurosketch,30,furniture,table,490,149,0,223502.84,10,27,table,1
1207162_neurosketch,30,furniture,table,490,150,0,223502.84,10,27,table,0
1207162_neurosketch,30,furniture,table,490,151,0,223502.84,10,27,table,0
1207162_neurosketch,30,furniture,table,490,152,0,223502.84,10,27,table,0
1207162_neurosketch,30,furniture,chair,491,153,1,229503.1,10,35,chair,1
1207162_neurosketch,30,furniture,chair,491,154,1,229503.1,10,35,chair,0
1207162_neurosketch,30,furniture,chair,491,155,1,229503.1,10,35,chair,0
1207162_neurosketch,30,furniture,bed,492,156,1,234002.81,10,10,bed,1
1207162_neurosketch,30,furniture,bed,492,157,1,234002.81,10,10,bed,0
1207162_neurosketch,30,furniture,bed,492,158,1,234002.81,10,10,bed,0
1207162_neurosketch,30,furniture,bed,492,159,1,234002.81,10,10,bed,0
1207162_neurosketch,30,furniture,bench,493,160,0,240002.49,10,21,bench,1
1207162_neurosketch,30,furniture,bench,493,161,0,240002.49,10,21,bench,0
1207162_neurosketch,30,furniture,bench,493,162,0,240002.49,10,21,bench,0
1207162_neurosketch,30,furniture,table,494,163,0,244502.83,10,13,table,1
1207162_neurosketch,30,furniture,table,494,164,0,244502.83,10,13,table,0
1207162_neurosketch,30,furniture,table,494,165,0,244502.83,10,13,table,0
1207162_neurosketch,30,furniture,table,494,166,0,244502.83,10,13,table,0
1207162_neurosketch,30,furniture,chair,495,167,1,250502.48,10,19,chair,1
1207162_neurosketch,30,furniture,chair,495,168,1,250502.48,10,19,chair,0
1207162_neurosketch,30,furniture,chair,495,169,1,250502.48,10,19,chair,0
1207162_neurosketch,30,furniture,table,496,170,0,255002.31,10,19,table,1
1207162_neurosketch,30,furniture,table,496,171,0,255002.31,10,19,table,0
1207162_neurosketch,30,furniture,chair,497,172,1,258002.76,10,12,chair,1
1207162_neurosketch,30,furniture,chair,497,173,1,258002.76,10,12,chair,0
1207162_neurosketch,30,furniture,chair,497,174,1,258002.76,10,12,chair,0
1207162_neurosketch,30,furniture,bench,498,175,0,262502.5,10,9,bench,1
1207162_neurosketch,30,furniture,bench,498,176,0,262502.5,10,9,bench,0
1207162_neurosketch,30,furniture,bench,498,177,0,262502.5,10,9,bench,0
1207162_neurosketch,30,2,bed,499,178,1,267002.51,10,26,bed,1
1207162_neurosketch,30,2,bed,499,179,1,267002.51,10,26,bed,0
1207162_neurosketch,30,furniture,bench,500,180,0,270002.98,10,26,bench,1
1207162_neurosketch,30,furniture,bench,500,181,0,270002.98,10,26,bench,0
1207162_neurosketch,30,furniture,bench,500,182,0,270002.98,10,26,bench,0
1207162_neurosketch,30,furniture,table,501,183,0,274502.66,10,14,table,1
1207162_neurosketch,30,furniture,table,501,184,0,274502.66,10,14,table,0
1207162_neurosketch,30,furniture,table,501,185,0,274502.66,10,14,table,0
1207162_neurosketch,30,furniture,chair,502,186,1,279002.73,10,3,chair,1
1207162_neurosketch,30,furniture,chair,502,187,1,279002.73,10,3,chair,0
1207162_neurosketch,30,furniture,bed,503,188,1,282002.73,10,3,bed,1
1207162_neurosketch,30,furniture,bed,503,189,1,282002.73,10,3,bed,0
1207162_neurosketch,30,furniture,bed,503,190,1,282002.73,10,3,bed,0
1207162_neurosketch,30,furniture,table,504,191,0,286502.48,10,33,table,1
1207162_neurosketch,30,furniture,table,504,192,0,286502.48,10,33,table,0
1207162_neurosketch,30,furniture,table,504,193,0,286502.48,10,33,table,0
1207162_neurosketch,30,furniture,chair,505,194,1,291002.04,10,38,chair,1
1207162_neurosketch,30,furniture,chair,505,195,1,291002.04,10,38,chair,0
1207162_neurosketch,30,furniture,bench,506,196,0,294002.07,10,24,bench,1
1207162_neurosketch,30,furniture,bench,506,197,0,294002.07,10,24,bench,0
1207162_neurosketch,30,furniture,bench,506,198,0,294002.07,10,24,bench,0
1207162_neurosketch,30,furniture,bed,507,199,1,298503.54,10,36,bed,1
1207162_neurosketch,30,furniture,bed,507,200,1,298503.54,10,36,bed,0
1207162_neurosketch,30,furniture,bed,508,201,1,301502.15,10,13,bed,1
1207162_neurosketch,30,furniture,bed,508,202,1,301502.15,10,13,bed,0
1207162_neurosketch,30,2,chair,509,203,1,304502.95,10,11,chair,1
1207162_neurosketch,30,2,chair,509,204,1,304502.95,10,11,chair,0
1207162_neurosketch,30,furniture,bench,510,205,0,307502.4,10,8,bench,1
1207162_neurosketch,30,furniture,bench,510,206,0,307502.4,10,8,bench,0
1207162_neurosketch,30,furniture,bench,510,207,0,307502.4,10,8,bench,0
1207162_neurosketch,30,furniture,table,511,208,0,312002.4,10,12,table,1
1207162_neurosketch,30,furniture,table,511,209,0,312002.4,10,12,table,0
1207162_neurosketch,30,furniture,table,512,210,0,315002.81,10,25,table,1
1207162_neurosketch,30,furniture,table,512,211,0,315002.81,10,25,table,0
1207162_neurosketch,30,furniture,table,512,212,0,315002.81,10,25,table,0
1207162_neurosketch,30,furniture,bench,513,213,0,319502.38,10,14,bench,1
1207162_neurosketch,30,furniture,bench,513,214,0,319502.38,10,14,bench,0
1207162_neurosketch,30,furniture,bed,514,215,1,322502.34,10,37,bed,1
1207162_neurosketch,30,furniture,bed,514,216,1,322502.34,10,37,bed,0
1207162_neurosketch,30,furniture,bed,514,217,1,322502.34,10,37,bed,0
1207162_neurosketch,30,furniture,bed,514,218,1,322502.34,10,37,bed,0
1207162_neurosketch,30,furniture,chair,515,219,1,328502.88,10,31,chair,1
1207162_neurosketch,30,furniture,chair,515,220,1,328502.88,10,31,chair,0
1207162_neurosketch,30,furniture,chair,515,221,1,328502.88,10,31,chair,0
1207162_neurosketch,30,furniture,bench,516,222,0,333003.08,10,30,bench,1
1207162_neurosketch,30,furniture,bench,516,223,0,333003.08,10,30,bench,0
1207162_neurosketch,30,furniture,bench,516,224,0,333003.08,10,30,bench,0
1207162_neurosketch,30,furniture,bench,516,225,0,333003.08,10,30,bench,0
1207162_neurosketch,30,furniture,table,517,226,0,339002.5,10,3,table,1
1207162_neurosketch,30,furniture,table,517,227,0,339002.5,10,3,table,0
1207162_neurosketch,30,furniture,bed,518,228,1,342002.78,10,34,bed,1
1207162_neurosketch,30,furniture,bed,518,229,1,342002.78,10,34,bed,0
1207162_neurosketch,30,2,chair,519,230,1,345002.98,10,25,chair,1
1207162_neurosketch,30,2,chair,519,231,1,345002.98,10,25,chair,0
1207162_neurosketch,30,2,chair,519,232,1,345002.98,10,25,chair,0
1207162_neurosketch,30,2,chair,519,233,1,345002.98,10,25,chair,0
1207162_neurosketch,30,2,chair,519,234,1,345002.98,10,25,chair,0
1207162_neurosketch,30,2,chair,519,235,1,345002.98,10,25,chair,0
1207162_neurosketch,30,2,chair,519,236,1,345002.98,10,25,chair,0
1207162_neurosketch,30,2,chair,519,237,1,345002.98,10,25,chair,0
1207162_neurosketch,30,2,chair,519,238,1,345002.98,10,25,chair,0
1207162_neurosketch,30,2,chair,519,239,1,345002.98,10,25,chair,0
